{
"type": "FeatureCollection",
"name": "block_boundary",
"crs": { "type": "name", "properties": { "name": "urn:ogc:def:crs:OGC:1.3:CRS84" } },
"features": [
{ "type": "Feature", "properties": { "area_km2": 585.19859525824495, "centroid_lat": 17.950867361978979, "centroid_lon": 73.874618181674236 }, "geometry": { "type": "Polygon", "coordinates": [ [ [ 73.806157488248687, 17.944999908207595 ], [ 73.80611871067282, 17.944858482240186 ], [ 73.806168428830532, 17.944624770421584 ], [ 73.806243342037021, 17.944272656110492 ], [ 73.806329458133433, 17.943867912742906 ], [ 73.80630075157022, 17.943473170946262 ], [ 73.806296189026867, 17.943410403218063 ], [ 73.806266586843307, 17.943332996635398 ], [ 73.806110553071747, 17.942924964231668 ], [ 73.806180087166325, 17.942851971575113 ], [ 73.805914459828372, 17.942006761611456 ], [ 73.805888022409562, 17.941922630189577 ], [ 73.805871797937215, 17.941910293611656 ], [ 73.805615159142008, 17.941715169600055 ], [ 73.80557873155891, 17.941654362626021 ], [ 73.80524548443627, 17.941098083390699 ], [ 73.805209880608302, 17.941038648746517 ], [ 73.805020363931121, 17.940901430397023 ], [ 73.804144069947881, 17.940266952895389 ], [ 73.804133071873849, 17.940188702264606 ], [ 73.804105251049521, 17.93999075690104 ], [ 73.804029537444123, 17.9394520079709 ], [ 73.803913529906652, 17.939397058788476 ], [ 73.803331492569427, 17.939121371658409 ], [ 73.803052510876483, 17.938828694621925 ], [ 73.802988762830651, 17.938761816968729 ], [ 73.801540257282781, 17.937720881311296 ], [ 73.801386125244647, 17.93761011694825 ], [ 73.801283034582639, 17.937444385634201 ], [ 73.801325085619396, 17.937393674044891 ], [ 73.801402730602689, 17.937300004224632 ], [ 73.801540774712393, 17.937133475229263 ], [ 73.80163103833047, 17.937024585607741 ], [ 73.801703433559183, 17.936937255412875 ], [ 73.802144573737351, 17.936705127918206 ], [ 73.802349045567382, 17.936597536254542 ], [ 73.802967779083914, 17.935329350645297 ], [ 73.803346171939509, 17.93455388561291 ], [ 73.803131288635313, 17.934159222182689 ], [ 73.800803150066287, 17.929883177354565 ], [ 73.799816690289873, 17.929199085726104 ], [ 73.799027627212283, 17.928432597197684 ], [ 73.798951150937199, 17.928425404941834 ], [ 73.798946487782558, 17.928424965628771 ], [ 73.797700266666993, 17.928307758739649 ], [ 73.795669825291554, 17.928116777830944 ], [ 73.795660977784337, 17.928141605899171 ], [ 73.795657768103808, 17.928150614395662 ], [ 73.795653452597179, 17.928140838382088 ], [ 73.795449851234665, 17.927679654029912 ], [ 73.795233825273499, 17.92719032489525 ], [ 73.795217217220511, 17.927152704386391 ], [ 73.795128816708342, 17.92713197361596 ], [ 73.794228779353816, 17.926920911072283 ], [ 73.794103299081655, 17.926891485390289 ], [ 73.793970628693998, 17.926860371666432 ], [ 73.79301324917995, 17.927238396673385 ], [ 73.792623902267792, 17.927392136703247 ], [ 73.791786331063207, 17.927365927335035 ], [ 73.790656675338909, 17.92602194009266 ], [ 73.790655089812432, 17.926021927272075 ], [ 73.790543357357393, 17.926020975129237 ], [ 73.790346388256623, 17.926019298195449 ], [ 73.790344906036395, 17.926019285374828 ], [ 73.789889742258339, 17.925769699841027 ], [ 73.78988849899001, 17.925769018639123 ], [ 73.789866960982764, 17.925771169937988 ], [ 73.789463222161444, 17.925811501871912 ], [ 73.7888104936996, 17.925292019398391 ], [ 73.788493978597444, 17.925040116572831 ], [ 73.788438816649105, 17.925090565030636 ], [ 73.787261880794759, 17.926166932412055 ], [ 73.787256708295388, 17.92616881532852 ], [ 73.786936691560257, 17.926285332176793 ], [ 73.786707762198276, 17.926368681283357 ], [ 73.786707293277715, 17.926368852224279 ], [ 73.78657547359461, 17.927379489711321 ], [ 73.786443075396448, 17.927553836410844 ], [ 73.786351086114735, 17.927674970283107 ], [ 73.786103114265401, 17.928001500643145 ], [ 73.785967149755578, 17.928154777620033 ], [ 73.785930779664653, 17.928195779092682 ], [ 73.785918195165848, 17.928195518410487 ], [ 73.785598197295329, 17.928188881697281 ], [ 73.785038169580901, 17.928177256978579 ], [ 73.783924721260959, 17.928935555241825 ], [ 73.782751644569089, 17.927782675060968 ], [ 73.782593569825181, 17.92762732340865 ], [ 73.782432442605938, 17.927468969061351 ], [ 73.782414884135406, 17.927454205839236 ], [ 73.781157829337502, 17.926397342091647 ], [ 73.780856255913491, 17.926143794674907 ], [ 73.780854570673995, 17.926142379282215 ], [ 73.779779392381812, 17.926875223827068 ], [ 73.779684621017623, 17.926927106806779 ], [ 73.779018527420973, 17.926956452995569 ], [ 73.777969235880306, 17.926776667235 ], [ 73.77795174837668, 17.926809194651476 ], [ 73.777913844861573, 17.926879693919517 ], [ 73.777885923425927, 17.926931629889395 ], [ 73.777632792551913, 17.927513523677032 ], [ 73.777537646590275, 17.927732240190458 ], [ 73.777523723601703, 17.927795843389706 ], [ 73.777501484010187, 17.927897433589965 ], [ 73.77744246828928, 17.928167027122939 ], [ 73.777432931774214, 17.928210586697173 ], [ 73.777427326286869, 17.928236195944073 ], [ 73.776959389363782, 17.928540320318056 ], [ 73.776853122258942, 17.928609382156633 ], [ 73.776853295633785, 17.92861418980932 ], [ 73.776853847199362, 17.928629406777134 ], [ 73.776867792645845, 17.929014914254186 ], [ 73.776818107725788, 17.929059395832141 ], [ 73.776742965448904, 17.929126670308747 ], [ 73.776706504628152, 17.929159310112848 ], [ 73.776681608718349, 17.929181597893113 ], [ 73.776666139729173, 17.929195447306558 ], [ 73.776618550578675, 17.929716486683819 ], [ 73.776608766128618, 17.929823609886903 ], [ 73.776527912363136, 17.929940414069609 ], [ 73.776385085622849, 17.930146740616042 ], [ 73.776139544614693, 17.930261587354995 ], [ 73.776037461862416, 17.930309332664219 ], [ 73.776025984986347, 17.930309005319636 ], [ 73.775974119855121, 17.930307524149459 ], [ 73.775570409779917, 17.930295997858686 ], [ 73.775564267099995, 17.930314518041801 ], [ 73.775400901279056, 17.930807019674635 ], [ 73.77538854405401, 17.930844276166834 ], [ 73.775491367018049, 17.932218050746112 ], [ 73.775567032114438, 17.932983245152471 ], [ 73.775567280947769, 17.932985763018248 ], [ 73.775645737109727, 17.933239398071116 ], [ 73.775647106142259, 17.933243820141293 ], [ 73.775674847016504, 17.933333504212968 ], [ 73.775385654173746, 17.933963386233895 ], [ 73.775372361802468, 17.933992336400067 ], [ 73.775423732860318, 17.934104608096028 ], [ 73.775776281185117, 17.934875134286422 ], [ 73.776064246030913, 17.935031135960749 ], [ 73.776465314160902, 17.935248421885529 ], [ 73.776555886799414, 17.935376338212745 ], [ 73.776554895059348, 17.935393463912224 ], [ 73.776533954431756, 17.935755039021867 ], [ 73.776580029022668, 17.935869041993271 ], [ 73.776676445202114, 17.936107601028493 ], [ 73.776668607401263, 17.936224217314141 ], [ 73.776666637395834, 17.936253530339755 ], [ 73.776663284883199, 17.936303392726995 ], [ 73.776604307789853, 17.936431351024627 ], [ 73.776584994909555, 17.936473253097244 ], [ 73.776533669665795, 17.936535131880191 ], [ 73.776363517072909, 17.936767168149778 ], [ 73.775932882692004, 17.93713881509909 ], [ 73.775870916005388, 17.937192293271231 ], [ 73.775868292924756, 17.937206831762456 ], [ 73.775864080724375, 17.937230178298346 ], [ 73.775745721397513, 17.937886227774342 ], [ 73.775676675986432, 17.938289251599389 ], [ 73.775600146710758, 17.938735967379841 ], [ 73.775563809857516, 17.938948069614597 ], [ 73.774610058638885, 17.93827780872909 ], [ 73.774442058409406, 17.938205948272905 ], [ 73.774439235004451, 17.93820700803581 ], [ 73.774100279088202, 17.938334287222307 ], [ 73.773542843911684, 17.938714303838672 ], [ 73.771499358100002, 17.940301587078459 ], [ 73.770878285370443, 17.940163568216217 ], [ 73.770874913993168, 17.940136094164913 ], [ 73.770868456902903, 17.940083494595957 ], [ 73.77005346036141, 17.938972471405908 ], [ 73.769564607065263, 17.938306092419584 ], [ 73.769329065204502, 17.937985022611869 ], [ 73.768935943571549, 17.937449167407443 ], [ 73.76891070899687, 17.937458230128012 ], [ 73.767524278831786, 17.937956203859965 ], [ 73.766895909985493, 17.938181875415236 ], [ 73.766861483848871, 17.93819423874718 ], [ 73.766663281361218, 17.938504488356632 ], [ 73.766547528945253, 17.938685672372802 ], [ 73.765549808786758, 17.938867137381518 ], [ 73.765544182638138, 17.938880808271261 ], [ 73.765163449671263, 17.938696859677862 ], [ 73.765031992907538, 17.93863334671396 ], [ 73.764720405064708, 17.93848280940346 ], [ 73.764387818203801, 17.938322131579337 ], [ 73.764091785588434, 17.937819121573654 ], [ 73.763844037419602, 17.937509925401979 ], [ 73.763675087670862, 17.937299072654067 ], [ 73.76342406693945, 17.937180511032974 ], [ 73.762969909274503, 17.936966009377006 ], [ 73.762802764241158, 17.936887065871765 ], [ 73.762783625634043, 17.936878027052252 ], [ 73.76265563277407, 17.93688621378184 ], [ 73.762304976301195, 17.93690864331656 ], [ 73.761618112756864, 17.936952576787689 ], [ 73.761510372414946, 17.936946100222965 ], [ 73.761038118188623, 17.936917710338076 ], [ 73.761014204137453, 17.936916272810535 ], [ 73.760987769413589, 17.936906768206196 ], [ 73.760891334369532, 17.936872098317998 ], [ 73.760190119340223, 17.935769194743798 ], [ 73.760169632361851, 17.935746236030568 ], [ 73.760166423579676, 17.93574263876922 ], [ 73.759518344797698, 17.93501636140385 ], [ 73.75951590766833, 17.935013629901196 ], [ 73.759490071222459, 17.935006825074982 ], [ 73.758604724916083, 17.934774250623484 ], [ 73.758505134090413, 17.934690072175659 ], [ 73.758426374297898, 17.934623499783381 ], [ 73.758267150608731, 17.934488917376513 ], [ 73.757849920888503, 17.934136256423287 ], [ 73.757770093897392, 17.934035685147631 ], [ 73.757759744406997, 17.934022644628445 ], [ 73.757602843761177, 17.933824972700322 ], [ 73.757364989636869, 17.933525309379725 ], [ 73.757361013693412, 17.933520297594196 ], [ 73.757348906200022, 17.933505044295917 ], [ 73.757085370140103, 17.933441844842516 ], [ 73.756871651052492, 17.93339059280931 ], [ 73.756427416178198, 17.933359494756839 ], [ 73.756425523427907, 17.933359362282825 ], [ 73.756226359742882, 17.933473826609671 ], [ 73.755939784590851, 17.933386050234247 ], [ 73.755927748962691, 17.93335910331756 ], [ 73.755931096085419, 17.932890061871465 ], [ 73.755799792035276, 17.932418896168951 ], [ 73.755780925617671, 17.932263261412889 ], [ 73.7557653398475, 17.932134679607078 ], [ 73.755722685142885, 17.932027538144585 ], [ 73.755634846976065, 17.931806898782039 ], [ 73.755596046043991, 17.931709434650216 ], [ 73.755592592920053, 17.931700758804865 ], [ 73.755237683822671, 17.931614674670119 ], [ 73.755181534625834, 17.931601056209313 ], [ 73.754909353179571, 17.930877038728713 ], [ 73.754885536146432, 17.930873225988329 ], [ 73.754392158036225, 17.930794254980299 ], [ 73.754375732341231, 17.930777210030875 ], [ 73.75363721926135, 17.930010881322406 ], [ 73.753636803341337, 17.930010449705453 ], [ 73.753459100408492, 17.929841017315798 ], [ 73.753412567676776, 17.929818455263725 ], [ 73.753154784427892, 17.929693465648075 ], [ 73.753035740584735, 17.929635745099283 ], [ 73.753038334020957, 17.92963120926537 ], [ 73.753067699049268, 17.929579823652286 ], [ 73.752887123304134, 17.929397719216855 ], [ 73.752721558407387, 17.929230752024001 ], [ 73.752421002774582, 17.929440465678358 ], [ 73.752100534186852, 17.929664067776827 ], [ 73.751739579427593, 17.929915912744246 ], [ 73.751688678188671, 17.929911460676887 ], [ 73.751413396656361, 17.929887382417874 ], [ 73.751355687085862, 17.929882334632513 ], [ 73.750791713970713, 17.929833008890196 ], [ 73.750643959971086, 17.92962430423367 ], [ 73.750641754607074, 17.929621188892501 ], [ 73.750619480879607, 17.929589726935092 ], [ 73.750305509806353, 17.929610357419222 ], [ 73.750130876416776, 17.929621831618597 ], [ 73.749212346343853, 17.929682186322367 ], [ 73.74905543581653, 17.929692495576528 ], [ 73.748573807670198, 17.929429566673505 ], [ 73.747470966657161, 17.9286126077711 ], [ 73.746167208447631, 17.927646811389543 ], [ 73.744659399717975, 17.926479316781315 ], [ 73.744265354616914, 17.92617420424726 ], [ 73.744157466052968, 17.926264875665179 ], [ 73.743963414680238, 17.926427959313635 ], [ 73.743251885194823, 17.927025918870918 ], [ 73.742611206734196, 17.927547160357459 ], [ 73.741884142682565, 17.928138650360122 ], [ 73.741566673569579, 17.928409035827954 ], [ 73.740455342578784, 17.929355479576348 ], [ 73.739185443668973, 17.930306546389094 ], [ 73.73917122603298, 17.930317192353023 ], [ 73.73852903840266, 17.931085217134019 ], [ 73.738491275923067, 17.931080253141623 ], [ 73.737848447793937, 17.930995767815784 ], [ 73.736541254426783, 17.930823974879502 ], [ 73.735244632433904, 17.930572777344956 ], [ 73.734548242255983, 17.930437867933271 ], [ 73.734546210266799, 17.930409888108215 ], [ 73.734140037011088, 17.930648609197497 ], [ 73.731739745758446, 17.932059217611506 ], [ 73.73147008139162, 17.931966234693412 ], [ 73.731440406444534, 17.931956001637936 ], [ 73.730539404299407, 17.931645325177186 ], [ 73.730536435367355, 17.931643653424729 ], [ 73.730445052448459, 17.93159212822825 ], [ 73.730296021942834, 17.931569525374659 ], [ 73.729961550416462, 17.931518800136885 ], [ 73.729719691602639, 17.931482120695573 ], [ 73.72940271835968, 17.931494461419064 ], [ 73.72932830910807, 17.93149735878389 ], [ 73.728977225935452, 17.931485652233111 ], [ 73.726481763568373, 17.93220016322271 ], [ 73.725873286117391, 17.93208109905515 ], [ 73.72533951526043, 17.93244222538814 ], [ 73.725108092175248, 17.932598791582205 ], [ 73.724777984664527, 17.932822119615395 ], [ 73.723447561762427, 17.932705847231585 ], [ 73.722877673241129, 17.932877698169072 ], [ 73.721551732034001, 17.933277536926951 ], [ 73.721441929160193, 17.933310648599054 ], [ 73.721437600178845, 17.933237746845812 ], [ 73.721435784683649, 17.933207174389544 ], [ 73.721350578580612, 17.93300830500932 ], [ 73.721260677881929, 17.932800327149394 ], [ 73.721209584403525, 17.932682126606355 ], [ 73.72100227569382, 17.932210991973545 ], [ 73.720773561927544, 17.931594131596821 ], [ 73.720093283034231, 17.929882220104354 ], [ 73.72003211315328, 17.92992729632693 ], [ 73.719725069887502, 17.930153557594636 ], [ 73.719602287256151, 17.930266858202579 ], [ 73.718938514906171, 17.930879350645881 ], [ 73.718468636723799, 17.930903811667882 ], [ 73.718061504965647, 17.930925006944129 ], [ 73.717793649805813, 17.930938951945663 ], [ 73.716077492117364, 17.930274438410994 ], [ 73.715965351827194, 17.930231016094208 ], [ 73.715963463568471, 17.930237047613183 ], [ 73.715832868289098, 17.930654091140493 ], [ 73.715584909914483, 17.931201441865287 ], [ 73.715295977583111, 17.931891291415589 ], [ 73.715067227884234, 17.932437434078235 ], [ 73.714365329236969, 17.933306817962972 ], [ 73.713974746243011, 17.933785322907934 ], [ 73.713771746751775, 17.934034015981737 ], [ 73.713749805400923, 17.93403791497547 ], [ 73.713668738734754, 17.934052320397637 ], [ 73.712897597945386, 17.934189350902436 ], [ 73.712727766051017, 17.934219530042405 ], [ 73.712693634561802, 17.935776556778531 ], [ 73.711663550798576, 17.936065741602246 ], [ 73.71123269992367, 17.936186697865004 ], [ 73.711157386966875, 17.936207842084016 ], [ 73.711370272417867, 17.937247347405734 ], [ 73.711350441209674, 17.937304150995438 ], [ 73.711120325173198, 17.937963358978777 ], [ 73.711180951573397, 17.938647009075311 ], [ 73.711270834305822, 17.939660499346179 ], [ 73.710582320556284, 17.9405159752983 ], [ 73.710090829806475, 17.9409825727944 ], [ 73.711291874646406, 17.942129776887249 ], [ 73.71175201419284, 17.942623427594377 ], [ 73.711957019622091, 17.943035946615808 ], [ 73.71220815443958, 17.943541270637251 ], [ 73.712345090926533, 17.943809192637179 ], [ 73.712369072351336, 17.943856111292856 ], [ 73.712327057247194, 17.943837647222274 ], [ 73.712142121977962, 17.943718624213407 ], [ 73.711838600108081, 17.943539634891223 ], [ 73.711701961861806, 17.943459056862398 ], [ 73.711377826351082, 17.943288958775018 ], [ 73.71135870391366, 17.943284220745316 ], [ 73.710964574370948, 17.943186560387659 ], [ 73.710432675603002, 17.943065179033127 ], [ 73.710402147256403, 17.943058212137903 ], [ 73.710115341237298, 17.942841335765934 ], [ 73.709357702126681, 17.942268410402601 ], [ 73.708189471845785, 17.941543885317117 ], [ 73.708161782175452, 17.941526713208017 ], [ 73.707453738153347, 17.941130726115336 ], [ 73.705529709409845, 17.940927199333967 ], [ 73.704963461760372, 17.94086730142044 ], [ 73.704807469311305, 17.940841317106827 ], [ 73.704183482446979, 17.940737380668775 ], [ 73.703790847700873, 17.940808329910887 ], [ 73.703103228673413, 17.940932584384964 ], [ 73.7015099659057, 17.941069677079156 ], [ 73.700633226358065, 17.940841035931964 ], [ 73.700289195858787, 17.940751316350976 ], [ 73.700200302171524, 17.940766127178449 ], [ 73.700125701578742, 17.940778556136753 ], [ 73.699988562970844, 17.940842961424096 ], [ 73.699251692909584, 17.941189016374842 ], [ 73.698462363930673, 17.941559703688547 ], [ 73.696104781281605, 17.942635151355702 ], [ 73.69602592986088, 17.942596515414465 ], [ 73.694710003970869, 17.941951701265872 ], [ 73.694698247718762, 17.94196831184227 ], [ 73.69415116742249, 17.942741191621842 ], [ 73.694065319024077, 17.942804417666601 ], [ 73.693901653165838, 17.942924951412284 ], [ 73.693233493444012, 17.943417004321091 ], [ 73.691887179344562, 17.944693590110735 ], [ 73.691048503212144, 17.945667939588049 ], [ 73.690427286752126, 17.946090923040313 ], [ 73.688739988340487, 17.947239702375061 ], [ 73.688415436909807, 17.94757170028139 ], [ 73.687224442421297, 17.948789917932924 ], [ 73.687193370593931, 17.948835302122113 ], [ 73.687133550880844, 17.948922672592929 ], [ 73.686937680419661, 17.949208753410367 ], [ 73.6868970397379, 17.949268109250934 ], [ 73.6868976505923, 17.949278254136765 ], [ 73.686240730591308, 17.950269266780289 ], [ 73.686230313727265, 17.950266671392804 ], [ 73.68620853137827, 17.951044774036745 ], [ 73.686181220796996, 17.952018907358084 ], [ 73.686171716621303, 17.952357528682182 ], [ 73.686163654241611, 17.952644649946606 ], [ 73.686081806939498, 17.952718911028033 ], [ 73.686080897844377, 17.952719734840642 ], [ 73.685036237119007, 17.95380032840384 ], [ 73.684409877804015, 17.954208723695373 ], [ 73.684400674563904, 17.95421080457378 ], [ 73.677575406189206, 17.955753955884258 ], [ 73.675392002382139, 17.956269537603411 ], [ 73.675389078365882, 17.956275738292316 ], [ 73.674036388024533, 17.959144665017448 ], [ 73.673960955591838, 17.959191130967984 ], [ 73.671958791384895, 17.959862606385141 ], [ 73.671447068778249, 17.960034224144078 ], [ 73.670832974161826, 17.960246597365071 ], [ 73.670679349671815, 17.960304859106444 ], [ 73.670655626063478, 17.960313857420001 ], [ 73.670587217557951, 17.960414723099998 ], [ 73.669938742618982, 17.96137086296779 ], [ 73.668090022340678, 17.963668421574713 ], [ 73.667217959422416, 17.964752136422732 ], [ 73.667027503107448, 17.964988810742682 ], [ 73.667013455253041, 17.965039709249805 ], [ 73.66698166387512, 17.965154883688399 ], [ 73.666937773986973, 17.965313888772251 ], [ 73.667054803807233, 17.965328725741639 ], [ 73.667082324594276, 17.965521113174649 ], [ 73.667090324990198, 17.965577037787096 ], [ 73.667548077712922, 17.966364623917858 ], [ 73.667564833089571, 17.96647454566904 ], [ 73.667587150834507, 17.966620964339903 ], [ 73.668067553678767, 17.967536945606952 ], [ 73.668344462060062, 17.968064936229862 ], [ 73.668809893581795, 17.969205645606444 ], [ 73.668867556439878, 17.969346970920874 ], [ 73.669394739950903, 17.970341075400754 ], [ 73.669545306575671, 17.970625004981649 ], [ 73.668694181590041, 17.971096172296214 ], [ 73.665588702957891, 17.971331817859838 ], [ 73.665485370649094, 17.971376430641016 ], [ 73.663966084145045, 17.972032387613176 ], [ 73.660525510555701, 17.971581676632852 ], [ 73.658538721014864, 17.972552170322675 ], [ 73.654513564262842, 17.970762455756773 ], [ 73.654304494855211, 17.970669495749139 ], [ 73.653774268750311, 17.970507513310316 ], [ 73.651275995554684, 17.969744295341073 ], [ 73.648403769875941, 17.969005548626331 ], [ 73.64460765208031, 17.969247572384528 ], [ 73.643871906709805, 17.9692944825807 ], [ 73.643865725402321, 17.969340721984249 ], [ 73.643863677243473, 17.969356039697271 ], [ 73.643636681954348, 17.971053732409139 ], [ 73.643601142805082, 17.971319495296711 ], [ 73.643975151882046, 17.974250355253517 ], [ 73.644558062381705, 17.979491443934883 ], [ 73.643404812406473, 17.98007320921776 ], [ 73.642361843208775, 17.980599343255676 ], [ 73.640104072370889, 17.980416023365681 ], [ 73.638139517031632, 17.980256513229293 ], [ 73.637666045588105, 17.98021775734458 ], [ 73.637143046429699, 17.980174947111763 ], [ 73.635877386669705, 17.980803407088789 ], [ 73.635826692043281, 17.980828579789897 ], [ 73.63396687577459, 17.98175206708299 ], [ 73.632550337674402, 17.982455445886487 ], [ 73.631931522411165, 17.98276271701841 ], [ 73.631090426217398, 17.983168154827755 ], [ 73.630140714722614, 17.98362594763768 ], [ 73.629903949356418, 17.983740076953247 ], [ 73.629286224647927, 17.984037842069796 ], [ 73.628697747288442, 17.984331454181049 ], [ 73.627588143757919, 17.984885074240712 ], [ 73.626743822612269, 17.985306335301878 ], [ 73.626692872864297, 17.985331755996945 ], [ 73.62683619816957, 17.986042240385991 ], [ 73.626913702117349, 17.986426454700712 ], [ 73.627021311305256, 17.986957377576729 ], [ 73.62737131290622, 17.988684342942253 ], [ 73.627953671840288, 17.989281659628393 ], [ 73.628019050328348, 17.989280419893216 ], [ 73.630150005997592, 17.989239979402928 ], [ 73.630287156283586, 17.989523922166153 ], [ 73.630680132389458, 17.990337511815195 ], [ 73.631590468928707, 17.992222281781658 ], [ 73.632256525694444, 17.992500788420475 ], [ 73.632407471408257, 17.992563905241514 ], [ 73.634223851438023, 17.99326152941363 ], [ 73.634805085681364, 17.993084156360208 ], [ 73.637865279341739, 17.992150298014156 ], [ 73.639143891011472, 17.994189794253337 ], [ 73.639173337786488, 17.994611160402084 ], [ 73.639217740612665, 17.994877626002697 ], [ 73.639589034980844, 17.997106039939286 ], [ 73.639697675434675, 17.997758154929109 ], [ 73.64054416601175, 17.998901383294324 ], [ 73.640921594974998, 17.999436834281308 ], [ 73.641477087095538, 18.000224909257476 ], [ 73.641991613344189, 18.000954880204617 ], [ 73.642160209156756, 18.00118819797332 ], [ 73.642423085853267, 18.001551994723794 ], [ 73.642676303863851, 18.001694954122605 ], [ 73.642732118887409, 18.001718281031135 ], [ 73.64435981677488, 18.002398567815963 ], [ 73.644651142218194, 18.00252032617205 ], [ 73.645157836055873, 18.002752889199918 ], [ 73.647544575324147, 18.004906404932864 ], [ 73.648473090171493, 18.00574420940168 ], [ 73.649542671959466, 18.006709314992836 ], [ 73.65032566332404, 18.005704953357938 ], [ 73.650536092781024, 18.005531008398698 ], [ 73.656841464778296, 18.010902322825082 ], [ 73.656994061595611, 18.011151423334876 ], [ 73.657060193770192, 18.0114727172461 ], [ 73.6571612497481, 18.011753846908949 ], [ 73.657251878980475, 18.011903293207912 ], [ 73.657395565408478, 18.012314854210132 ], [ 73.657541574879829, 18.012595190604873 ], [ 73.656678773592134, 18.014881474817088 ], [ 73.656351308026686, 18.015723449408441 ], [ 73.656162535154564, 18.015977131392855 ], [ 73.656063041346954, 18.016058354622096 ], [ 73.655423078843612, 18.016580803638838 ], [ 73.655002502000642, 18.016924153356396 ], [ 73.654628669891764, 18.01731414013684 ], [ 73.654406754575561, 18.017864854669977 ], [ 73.654166690595659, 18.018140826358582 ], [ 73.653783496244927, 18.018581342407732 ], [ 73.653605214796983, 18.018723807045877 ], [ 73.65297175340136, 18.019230013034438 ], [ 73.651825819305785, 18.020603720390689 ], [ 73.651701805084187, 18.02075238523366 ], [ 73.65149683738413, 18.020898009685048 ], [ 73.650440494068476, 18.02214953134764 ], [ 73.65276525676866, 18.023709452635934 ], [ 73.652941741586034, 18.023919904077516 ], [ 73.654011359306622, 18.024642550946982 ], [ 73.656505719440858, 18.026753733987995 ], [ 73.656948218770026, 18.027490830238261 ], [ 73.657200192613985, 18.027710530009095 ], [ 73.658179964433103, 18.028564819918646 ], [ 73.658298340827983, 18.028683583271917 ], [ 73.658481246803007, 18.02904698583917 ], [ 73.658710646882156, 18.028921844357285 ], [ 73.658889132247651, 18.028662127235716 ], [ 73.660348779599985, 18.027789930914068 ], [ 73.660652801831475, 18.027576541327885 ], [ 73.661170271859319, 18.026970981365057 ], [ 73.661493631225611, 18.026726810714926 ], [ 73.662643483772456, 18.026057742394766 ], [ 73.663068833364534, 18.02523413608915 ], [ 73.663201926858704, 18.025075103859542 ], [ 73.666137504426231, 18.024722556321041 ], [ 73.666292488067256, 18.024744174286567 ], [ 73.668563624039919, 18.025916397596198 ], [ 73.670786556414427, 18.027007230095229 ], [ 73.671280777144418, 18.027332147713032 ], [ 73.672045698897051, 18.027924980365658 ], [ 73.674399752963694, 18.029097491720211 ], [ 73.674626826406268, 18.029254450573362 ], [ 73.678574783739421, 18.032578155623941 ], [ 73.679344904042622, 18.033226532096219 ], [ 73.687653106796787, 18.036629880219831 ], [ 73.68918861058664, 18.037243911901712 ], [ 73.69379387509467, 18.039085549073164 ], [ 73.70229078514393, 18.044345112744889 ], [ 73.709412450849982, 18.042571785999169 ], [ 73.720228216278116, 18.042780061596524 ], [ 73.726534624931233, 18.040208324734309 ], [ 73.726546141333202, 18.040173091749462 ], [ 73.726924824344607, 18.040009757829498 ], [ 73.729389268783237, 18.038946802840854 ], [ 73.729934637788858, 18.038714199622582 ], [ 73.732949877955789, 18.037493912170895 ], [ 73.733344698302943, 18.037503721421739 ], [ 73.737208809582413, 18.037024809991046 ], [ 73.737575521644331, 18.036979358796199 ], [ 73.740162786443577, 18.037034419392505 ], [ 73.741494459800549, 18.037621173577147 ], [ 73.741884636755998, 18.037334710788699 ], [ 73.742334502270481, 18.037705612151441 ], [ 73.742649022214422, 18.037880131791866 ], [ 73.742865550333846, 18.037895253072286 ], [ 73.743146786798178, 18.037874785573713 ], [ 73.743568005038242, 18.037868393003372 ], [ 73.744155017245518, 18.037864273365795 ], [ 73.744866708427679, 18.037971289953759 ], [ 73.745122085089889, 18.03796263214269 ], [ 73.745469557035037, 18.037845807172374 ], [ 73.746194554063209, 18.037928699600858 ], [ 73.746638026267846, 18.038044213374249 ], [ 73.746656995093375, 18.038050552125888 ], [ 73.747128156968301, 18.038081335341886 ], [ 73.747398451952449, 18.037987772764321 ], [ 73.747689310271781, 18.037821061154766 ], [ 73.74781279718232, 18.037750281597233 ], [ 73.747875893949555, 18.037717245888444 ], [ 73.747876584754025, 18.037717930929304 ], [ 73.747963590182536, 18.037765453284582 ], [ 73.748040892009357, 18.03780767467758 ], [ 73.748157987406657, 18.037871632851022 ], [ 73.748347414252294, 18.037927573811835 ], [ 73.748478346399907, 18.03796624013345 ], [ 73.749110215082538, 18.038152846784413 ], [ 73.749260325363153, 18.038078549059165 ], [ 73.74926524543595, 18.038076113837775 ], [ 73.749274045332498, 18.038062754713263 ], [ 73.749489192741351, 18.037736136615624 ], [ 73.749592057926222, 18.037739855652589 ], [ 73.749929234279904, 18.037752043740703 ], [ 73.750143421389737, 18.037797901318601 ], [ 73.750194470850701, 18.037808831217326 ], [ 73.750204775425331, 18.037811036671968 ], [ 73.750244830405521, 18.037807777177427 ], [ 73.750329106752204, 18.03780091823036 ], [ 73.750802959979737, 18.037708855418735 ], [ 73.751338289413795, 18.037637355754093 ], [ 73.751420181631701, 18.037634482339392 ], [ 73.751661127757217, 18.037626026094987 ], [ 73.751692274144744, 18.037624923366483 ], [ 73.751797326727313, 18.037621202618801 ], [ 73.751858199265925, 18.037619046703441 ], [ 73.752109039435979, 18.037678500074694 ], [ 73.752138073884254, 18.037685382088945 ], [ 73.752295882726855, 18.037721350154484 ], [ 73.752394011095234, 18.037743715626746 ], [ 73.752894246944351, 18.037843235281382 ], [ 73.752897888714514, 18.037846950045214 ], [ 73.752903054027385, 18.037852216826877 ], [ 73.752977073410165, 18.03792768741576 ], [ 73.753114461749718, 18.037898499752739 ], [ 73.753426012761636, 18.037832311363967 ], [ 73.753480998640157, 18.037820629801327 ], [ 73.753534461874281, 18.037842685199053 ], [ 73.753698107071301, 18.037910192414326 ], [ 73.753934614620988, 18.038007757646938 ], [ 73.754050368833532, 18.038237362832398 ], [ 73.754518734252997, 18.038430179809374 ], [ 73.754724603861618, 18.038486674089572 ], [ 73.755069752763433, 18.0385813920823 ], [ 73.755476348227361, 18.038544255699446 ], [ 73.755759120810794, 18.038572517344228 ], [ 73.755985574415831, 18.038595150060821 ], [ 73.756189126370998, 18.038615495330518 ], [ 73.75628506644334, 18.038541829880277 ], [ 73.756329808832703, 18.038507476348389 ], [ 73.756389600698014, 18.038461430185627 ], [ 73.756175386638731, 18.038237208228864 ], [ 73.755799131773543, 18.038042956044698 ], [ 73.755486184779713, 18.037881393393405 ], [ 73.75542371683315, 18.037792936909852 ], [ 73.755300755437091, 18.037618824620235 ], [ 73.754932422814363, 18.037300202416766 ], [ 73.754623117590697, 18.037173577987893 ], [ 73.754368563785292, 18.036795350994634 ], [ 73.754468178865451, 18.036666719755317 ], [ 73.754378686001886, 18.036413124809226 ], [ 73.7541897738909, 18.036280517116793 ], [ 73.753984198031375, 18.035868552579043 ], [ 73.754040593366625, 18.035555789417309 ], [ 73.75394053182373, 18.035095570651194 ], [ 73.753945694441697, 18.034598560263152 ], [ 73.754238322442106, 18.034449638899112 ], [ 73.754519074714494, 18.033827357148251 ], [ 73.754519499617629, 18.033826414982666 ], [ 73.754367790335806, 18.033778252633354 ], [ 73.75397298436171, 18.033292769197725 ], [ 73.753740449162194, 18.032679259305922 ], [ 73.753648365557382, 18.032436314650543 ], [ 73.753655305941265, 18.03240288587023 ], [ 73.754108747648914, 18.030537656642032 ], [ 73.754654117552832, 18.029805325086507 ], [ 73.753944045134816, 18.029577229384785 ], [ 73.754354557253379, 18.029492266699204 ], [ 73.754531555907036, 18.029389396396752 ], [ 73.755673659586222, 18.028146809999747 ], [ 73.756625226102088, 18.028185271750978 ], [ 73.756631903279569, 18.028184321867318 ], [ 73.756844399760041, 18.028154080199066 ], [ 73.756948147090526, 18.028139314288104 ], [ 73.75762023784003, 18.028043659583528 ], [ 73.757742785112768, 18.028026147369477 ], [ 73.758476888362935, 18.027995296620265 ], [ 73.758590339295097, 18.027952681643587 ], [ 73.758876388034409, 18.02784523100248 ], [ 73.758885861667409, 18.027845348029715 ], [ 73.759374179567644, 18.027851354859621 ], [ 73.75965390955723, 18.027854797340257 ], [ 73.759877995203155, 18.02774074441869 ], [ 73.760455936222684, 18.027446585296254 ], [ 73.760748663037774, 18.027297590397911 ], [ 73.761139387067232, 18.027229506786767 ], [ 73.761361035583803, 18.027190885088185 ], [ 73.761368815892496, 18.027189528591951 ], [ 73.761782384977948, 18.026455232068717 ], [ 73.762192682399132, 18.026323063631295 ], [ 73.762245508727716, 18.026306048402759 ], [ 73.762437829945227, 18.025878132674823 ], [ 73.762588630131958, 18.025827230364786 ], [ 73.762819318395245, 18.025749357635213 ], [ 73.763224677777288, 18.025612521185714 ], [ 73.763330609810552, 18.025576761639069 ], [ 73.764094954844779, 18.025104572981341 ], [ 73.764476841248467, 18.024868647314754 ], [ 73.764703814079709, 18.024653971990105 ], [ 73.765985026372221, 18.023442125134341 ], [ 73.76606862538921, 18.023722899127499 ], [ 73.766200383986885, 18.024165410367001 ], [ 73.766472448652152, 18.025069178086504 ], [ 73.767260502921673, 18.025056897717771 ], [ 73.767613790559963, 18.025051372576648 ], [ 73.768250444568125, 18.025041419121617 ], [ 73.768940481860355, 18.025030631940215 ], [ 73.768997126028921, 18.025029746106551 ], [ 73.770068482887893, 18.025013003251576 ], [ 73.770376764930475, 18.025008186263538 ], [ 73.770451868579812, 18.025055605272136 ], [ 73.770883439903557, 18.025328100098843 ], [ 73.771119957334705, 18.025476135660689 ], [ 73.772115381399331, 18.026099209755635 ], [ 73.772502142061768, 18.026341314061614 ], [ 73.772736587977874, 18.026488077691926 ], [ 73.773024973235223, 18.026664413421194 ], [ 73.773925823565065, 18.027215277246373 ], [ 73.774151158767552, 18.027319089311241 ], [ 73.774236319056499, 18.027358322600342 ], [ 73.774287997338192, 18.02738213130592 ], [ 73.774364159202904, 18.027417220780784 ], [ 73.775332490976893, 18.027863373644095 ], [ 73.775563295122865, 18.027595399829231 ], [ 73.7760150956085, 18.027070788148858 ], [ 73.777397451913757, 18.024942062219626 ], [ 73.778572916327661, 18.024651951738335 ], [ 73.778722819995764, 18.024930247396195 ], [ 73.780235114013621, 18.025485955832064 ], [ 73.782401280048717, 18.026300513050181 ], [ 73.787482986728918, 18.022749920103156 ], [ 73.790707960158471, 18.022650416687618 ], [ 73.792647320448935, 18.020571450287882 ], [ 73.792651629667375, 18.020624377832171 ], [ 73.794225538232254, 18.023225196304491 ], [ 73.795235471885391, 18.024116744794675 ], [ 73.796593897071517, 18.023646112052859 ], [ 73.797335581204365, 18.024091341650966 ], [ 73.798569366941436, 18.023906782209444 ], [ 73.799496413941625, 18.024181275152753 ], [ 73.800023838201128, 18.02470291162145 ], [ 73.801325900391362, 18.026178971868848 ], [ 73.801374115667613, 18.026141931104487 ], [ 73.801654591258895, 18.026674363367611 ], [ 73.801873517880168, 18.027093946833958 ], [ 73.80208713455977, 18.027505574848213 ], [ 73.803008840177256, 18.027876390149011 ], [ 73.803038880738654, 18.027913938805359 ], [ 73.803305390222206, 18.028247062015421 ], [ 73.803496996380744, 18.028486556317336 ], [ 73.803934660977077, 18.029025019885157 ], [ 73.804298839789865, 18.029290087221472 ], [ 73.804456175220309, 18.029404602118905 ], [ 73.804816900010877, 18.029661500977749 ], [ 73.804901486276322, 18.029964346209592 ], [ 73.804905345438797, 18.02997816123921 ], [ 73.805118633334999, 18.030728437101875 ], [ 73.805121876253196, 18.030739842374633 ], [ 73.805526781087735, 18.030778439377002 ], [ 73.805821814776493, 18.030806561326152 ], [ 73.806050186284622, 18.030828328883633 ], [ 73.806208755101963, 18.030958131225606 ], [ 73.806521844029618, 18.031233149610667 ], [ 73.806584690166886, 18.031299108994219 ], [ 73.806863562265391, 18.031344007282531 ], [ 73.807773948211974, 18.031490571131222 ], [ 73.808285232440767, 18.031572880575268 ], [ 73.808627434868484, 18.031627969343237 ], [ 73.808731113028671, 18.031924965089445 ], [ 73.808900179558407, 18.032547654182356 ], [ 73.809202652196021, 18.032827497962366 ], [ 73.809730269593331, 18.033337907003968 ], [ 73.809914153833645, 18.033512635980905 ], [ 73.810045021302585, 18.033638350774073 ], [ 73.810280590112797, 18.033864640592153 ], [ 73.810292153227138, 18.033875924367504 ], [ 73.810397815765796, 18.033979039761032 ], [ 73.810407175312761, 18.03398817440268 ], [ 73.810972463561484, 18.035285320303053 ], [ 73.811230017739931, 18.035483915602637 ], [ 73.812153993400145, 18.036196360589859 ], [ 73.812955036410358, 18.037397807279316 ], [ 73.812970228718441, 18.03742368512787 ], [ 73.813205049232039, 18.037823635608575 ], [ 73.813360971612539, 18.037987049287114 ], [ 73.813198141187499, 18.036623178394333 ], [ 73.813489481003813, 18.035349863650541 ], [ 73.813550356237357, 18.035110841652102 ], [ 73.814108191164166, 18.034984570132011 ], [ 73.814101621784488, 18.034945462398742 ], [ 73.814158848959693, 18.034925638608215 ], [ 73.81490951983865, 18.034665596361204 ], [ 73.815260477247108, 18.03454401910091 ], [ 73.815383536559565, 18.034546133199086 ], [ 73.81586681131779, 18.034554435838952 ], [ 73.816271597574712, 18.034561389726605 ], [ 73.816632010649855, 18.034567583392928 ], [ 73.816658772360483, 18.034568042088125 ], [ 73.817031351319514, 18.034626573120946 ], [ 73.817528302029643, 18.034704641801497 ], [ 73.817645323765078, 18.034723024614895 ], [ 73.818039391324035, 18.034781596596783 ], [ 73.818190751161168, 18.034804093986409 ], [ 73.818431065771051, 18.034707582744279 ], [ 73.819039128200345, 18.034463379262863 ], [ 73.819381772599158, 18.034325767156393 ], [ 73.819644289071277, 18.034220337985186 ], [ 73.819746128380089, 18.034171861404381 ], [ 73.819784054353079, 18.034153808248035 ], [ 73.819802716853118, 18.034144923036468 ], [ 73.819978523442401, 18.034061236997438 ], [ 73.820312517963373, 18.033830251979712 ], [ 73.820550039711009, 18.033665982818022 ], [ 73.820568209035926, 18.033653416896943 ], [ 73.82106185125086, 18.033714332264612 ], [ 73.821111905378501, 18.03372050887706 ], [ 73.821494116074007, 18.033768225357665 ], [ 73.821643715213256, 18.033933471610474 ], [ 73.821755309327685, 18.034056738013255 ], [ 73.821966122365325, 18.034289597663918 ], [ 73.822247514238185, 18.034600414689695 ], [ 73.822280167998755, 18.034636483324977 ], [ 73.822549286189897, 18.034561599855152 ], [ 73.822639965727944, 18.034536369054955 ], [ 73.823401637375866, 18.034324430361337 ], [ 73.823426855780852, 18.034317412400625 ], [ 73.823427961606939, 18.034317104040845 ], [ 73.823408114229082, 18.034254320784719 ], [ 73.823344402115879, 18.034052783143842 ], [ 73.823165544847839, 18.033487008687921 ], [ 73.823103444312281, 18.033290566249043 ], [ 73.823163396077689, 18.032447735188068 ], [ 73.823174570221511, 18.032290610052367 ], [ 73.823194011560872, 18.032017223120533 ], [ 73.82343598895234, 18.03175828959159 ], [ 73.823650848900314, 18.031528371858588 ], [ 73.823774934987171, 18.031400405605115 ], [ 73.823855214729122, 18.031152186223103 ], [ 73.823968309928475, 18.030802466295004 ], [ 73.824047514387047, 18.030557519365853 ], [ 73.82405687842558, 18.030538283625244 ], [ 73.824085448444876, 18.030479583809441 ], [ 73.824093312296867, 18.030463429162925 ], [ 73.824224045916793, 18.030194821217023 ], [ 73.824606773143586, 18.030132166329153 ], [ 73.825051606295901, 18.030059342988526 ], [ 73.825254205138535, 18.030022582364978 ], [ 73.825385204659796, 18.029998811601462 ], [ 73.82573019455981, 18.02993621302122 ], [ 73.825881243579872, 18.029860634792282 ], [ 73.826145333002046, 18.029728493683411 ], [ 73.826156432585719, 18.029722938791735 ], [ 73.826302568719512, 18.02964981631013 ], [ 73.82643399494053, 18.029584052775739 ], [ 73.826458923189634, 18.029571578817361 ], [ 73.826508397005625, 18.02954682309419 ], [ 73.826607477588183, 18.029497244155174 ], [ 73.826760105846517, 18.029420869617788 ], [ 73.826771934862194, 18.029414949116237 ], [ 73.82725834474077, 18.029382702837594 ], [ 73.827522831218303, 18.02936901760059 ], [ 73.827664236823821, 18.029361699615915 ], [ 73.82812279892859, 18.029379948022775 ], [ 73.828264062600255, 18.029389005170344 ], [ 73.828665843992567, 18.029414764607729 ], [ 73.828730175943292, 18.029415665795053 ], [ 73.828903540013371, 18.029418096011032 ], [ 73.828897580589768, 18.029429357862117 ], [ 73.828996074572458, 18.029516126368467 ], [ 73.82918941358119, 18.029686443755601 ], [ 73.829361444551338, 18.029837993264465 ], [ 73.829406309111576, 18.029877513858857 ], [ 73.829423259422668, 18.02989244619371 ], [ 73.829535593748943, 18.029934359399753 ], [ 73.829660075992834, 18.029980804998225 ], [ 73.829789966094708, 18.03002926906618 ], [ 73.830167503754112, 18.030190297362129 ], [ 73.830372033076287, 18.030277532741813 ], [ 73.830378269181011, 18.030280512197645 ], [ 73.830671674224149, 18.030420709717017 ], [ 73.830772739185207, 18.03044843537408 ], [ 73.831094311802389, 18.030536654664818 ], [ 73.831295723970584, 18.030591908617776 ], [ 73.831516975431796, 18.030652606369863 ], [ 73.832466373414533, 18.030923466993297 ], [ 73.832682205339651, 18.03089507257339 ], [ 73.832890608197346, 18.030867659623517 ], [ 73.833007454761315, 18.030852288313131 ], [ 73.833272275412114, 18.03081745236593 ], [ 73.833481217259006, 18.030789965942812 ], [ 73.833719373217221, 18.03075863818049 ], [ 73.833980791049754, 18.030724248961164 ], [ 73.83425946012899, 18.030592511683157 ], [ 73.834484782755084, 18.030485991169591 ], [ 73.835057481206576, 18.031188104372127 ], [ 73.835153298209747, 18.03129130761436 ], [ 73.835716417925354, 18.031997490398869 ], [ 73.83611138379959, 18.031881541288207 ], [ 73.836604159140265, 18.031736878348276 ], [ 73.836763705324614, 18.031839561064469 ], [ 73.836830559744712, 18.031878495232334 ], [ 73.837274571836815, 18.032137074094415 ], [ 73.837687946886163, 18.031666654132959 ], [ 73.837984479863138, 18.031330968824882 ], [ 73.838498643192395, 18.030991696952043 ], [ 73.839249853060565, 18.030478849196747 ], [ 73.839326494625666, 18.030426526826393 ], [ 73.839911931187885, 18.030668515843654 ], [ 73.840267302917638, 18.030855526581512 ], [ 73.840440775683831, 18.030946813095259 ], [ 73.840546315153318, 18.031003097082557 ], [ 73.84096476478571, 18.031862642244736 ], [ 73.841730948671312, 18.03224643465213 ], [ 73.841782703309789, 18.03227247897156 ], [ 73.841799722791137, 18.032297921935918 ], [ 73.842024641175328, 18.032634138414561 ], [ 73.842344436026607, 18.03311658702869 ], [ 73.84251711468211, 18.033390167007362 ], [ 73.842679172555975, 18.033626842332691 ], [ 73.842737696000114, 18.033702553905673 ], [ 73.843195145092253, 18.034385431769095 ], [ 73.843302046407672, 18.034420590744922 ], [ 73.843573687068144, 18.034509932147198 ], [ 73.843586008360575, 18.034513928007073 ], [ 73.844196079422844, 18.03471180324906 ], [ 73.844460992600133, 18.035388668915246 ], [ 73.844470471623012, 18.035412889102041 ], [ 73.844612912986037, 18.035767070621407 ], [ 73.844671433735215, 18.035912586131257 ], [ 73.844727857816537, 18.03605288935255 ], [ 73.84473520423893, 18.036069344155102 ], [ 73.844792631738414, 18.036197997185464 ], [ 73.844897298045424, 18.036432475220934 ], [ 73.844915753932924, 18.036473822261964 ], [ 73.844903697643517, 18.036524876098163 ], [ 73.844865682737321, 18.036685847200605 ], [ 73.844818381047716, 18.036886123633838 ], [ 73.844781012928522, 18.037044322627551 ], [ 73.844743317822591, 18.037203890710636 ], [ 73.844708490139027, 18.037351319221518 ], [ 73.844685627116718, 18.037448087826242 ], [ 73.844633267013734, 18.037669693624331 ], [ 73.844591365995626, 18.037840954660631 ], [ 73.844543358230212, 18.038037158832861 ], [ 73.844482527912419, 18.038285742626947 ], [ 73.844478449561038, 18.03830427027389 ], [ 73.844387672106649, 18.038716801396458 ], [ 73.84444061701285, 18.038987067925095 ], [ 73.844556715280177, 18.039174647234091 ], [ 73.844693913176883, 18.039396314065112 ], [ 73.844884049691601, 18.039704592914092 ], [ 73.845101788740052, 18.039756752798635 ], [ 73.845172376558452, 18.039773663373975 ], [ 73.845405786717052, 18.039829576397075 ], [ 73.845697632284867, 18.03983165028643 ], [ 73.846041697818507, 18.039834093170892 ], [ 73.846133357418495, 18.03980621011965 ], [ 73.846226388745961, 18.039777909381886 ], [ 73.846336001176894, 18.039744564849411 ], [ 73.846462207287814, 18.039706171394421 ], [ 73.84684214704231, 18.039590590379696 ], [ 73.846779370973593, 18.039460113641915 ], [ 73.846924031175391, 18.039080465118509 ], [ 73.846926362303549, 18.039017494792759 ], [ 73.846946772925108, 18.038465571163286 ], [ 73.847081532794149, 18.03811227315612 ], [ 73.847113219069158, 18.038036505397276 ], [ 73.84719354103197, 18.037844430258311 ], [ 73.847257007006803, 18.037692651894229 ], [ 73.847583646122203, 18.037346630696309 ], [ 73.847648413755863, 18.037278016263333 ], [ 73.848489364422562, 18.036925626416277 ], [ 73.84858318626749, 18.036937573685034 ], [ 73.848987176617058, 18.036253625197006 ], [ 73.849081911150279, 18.036093235391345 ], [ 73.850447609995271, 18.035466353732428 ], [ 73.850447288398385, 18.034734327981344 ], [ 73.850445738804524, 18.03465863820675 ], [ 73.850441078344844, 18.034430731589616 ], [ 73.850438837048188, 18.033604016785262 ], [ 73.850650791844544, 18.033534226387214 ], [ 73.851745697140387, 18.033203966169896 ], [ 73.852018464288193, 18.033121689947823 ], [ 73.852354158421662, 18.033020079132026 ], [ 73.852763970752605, 18.032896032982734 ], [ 73.852877897791871, 18.032765687096898 ], [ 73.853396389204221, 18.032172416316673 ], [ 73.853736632406253, 18.031775904791861 ], [ 73.853759937399673, 18.03173832108315 ], [ 73.853886368089405, 18.031534423835161 ], [ 73.853982425841039, 18.031379503419345 ], [ 73.854155229362362, 18.031100789149129 ], [ 73.854296238810804, 18.030873334921097 ], [ 73.85436222276337, 18.030766898289055 ], [ 73.854328573669463, 18.030516695414004 ], [ 73.854303760404704, 18.030332192251816 ], [ 73.854479190599903, 18.030383729639201 ], [ 73.854523941074106, 18.030396876650599 ], [ 73.856020138180412, 18.030836399356744 ], [ 73.856137818380944, 18.030799493681627 ], [ 73.856357930778373, 18.030729750006685 ], [ 73.856538890104147, 18.030760420894762 ], [ 73.856664169153674, 18.030781654583365 ], [ 73.856888948299002, 18.030818948922867 ], [ 73.857298728290587, 18.030668567949824 ], [ 73.85761452024893, 18.030618790298121 ], [ 73.857720146854973, 18.031080310609958 ], [ 73.858160247682378, 18.03132494502978 ], [ 73.858239088323259, 18.031709766206088 ], [ 73.858686443046537, 18.031152913999424 ], [ 73.858746631967193, 18.031384941233824 ], [ 73.858774995373992, 18.031541581140729 ], [ 73.858823949065439, 18.031759878393551 ], [ 73.858909857650971, 18.032090916073784 ], [ 73.85903805712347, 18.032490378118979 ], [ 73.859322110704539, 18.03287109578481 ], [ 73.859624787259719, 18.033313456755316 ], [ 73.860086871658709, 18.034275602740227 ], [ 73.860321179234276, 18.034763468335157 ], [ 73.860560519172054, 18.035224199622334 ], [ 73.861047887553042, 18.035344091121107 ], [ 73.861909087144596, 18.035938252363035 ], [ 73.862029777599631, 18.036051134025431 ], [ 73.862113152037779, 18.036129109823278 ], [ 73.862165602870604, 18.036178165848469 ], [ 73.862544118795341, 18.036532169014009 ], [ 73.862482125159246, 18.037092492624669 ], [ 73.862470543180294, 18.037197161573651 ], [ 73.862457586778959, 18.037327790323143 ], [ 73.862865942940829, 18.037415317706721 ], [ 73.863086692243797, 18.037457043766906 ], [ 73.863494259684842, 18.038784313401269 ], [ 73.863623679967802, 18.038737767626937 ], [ 73.863716897246547, 18.039055517692997 ], [ 73.86379170984172, 18.039310227777399 ], [ 73.863863345095723, 18.039554158035045 ], [ 73.864060925949175, 18.040207712306188 ], [ 73.864329047010358, 18.041121593629054 ], [ 73.864544265386129, 18.041366234588583 ], [ 73.86493932827841, 18.041637258091551 ], [ 73.865017248146174, 18.041710260282187 ], [ 73.865266899845096, 18.042334283083449 ], [ 73.865356999969777, 18.042585617976005 ], [ 73.865586032637978, 18.043210064741245 ], [ 73.865358150711657, 18.043904256311503 ], [ 73.864740475410485, 18.045649379157535 ], [ 73.864428238085722, 18.046531498127926 ], [ 73.864346680041081, 18.046761899332267 ], [ 73.865691033118267, 18.046705869789896 ], [ 73.865746320830738, 18.046703583305234 ], [ 73.866550058786814, 18.04673300695308 ], [ 73.866815253136778, 18.046758446117956 ], [ 73.86789419177677, 18.046861939169247 ], [ 73.868506496050827, 18.046980023104179 ], [ 73.868541377633335, 18.046986751012835 ], [ 73.86864267256307, 18.047023834366005 ], [ 73.868973888594837, 18.047364505117873 ], [ 73.869108316087221, 18.047493289962702 ], [ 73.870179089939583, 18.047987535873265 ], [ 73.869734981727746, 18.048539220365974 ], [ 73.869724976292119, 18.048603171220702 ], [ 73.869509705814068, 18.049217541184188 ], [ 73.869423516954114, 18.049726798310175 ], [ 73.869383659603258, 18.050264411949204 ], [ 73.869376174840312, 18.050365369663734 ], [ 73.869371002340927, 18.050435150821809 ], [ 73.869385766152618, 18.050672583009725 ], [ 73.869437306093729, 18.051501349424974 ], [ 73.869508897330306, 18.051582680958504 ], [ 73.86955947697237, 18.05163917870075 ], [ 73.869959574023497, 18.052144492285503 ], [ 73.869967445062017, 18.052185767305303 ], [ 73.870061188753496, 18.052387361038306 ], [ 73.870274956350102, 18.052847055413928 ], [ 73.87035743516789, 18.053022239886044 ], [ 73.870489250359412, 18.053211452619433 ], [ 73.870570159820431, 18.053319232820005 ], [ 73.871055784571467, 18.053865653924088 ], [ 73.871124958441584, 18.053926442719604 ], [ 73.871206149973602, 18.054069228918873 ], [ 73.87127585744301, 18.054188853908201 ], [ 73.87140834367608, 18.054692848291779 ], [ 73.871467449228504, 18.054909442811852 ], [ 73.87157821868955, 18.055315697633979 ], [ 73.871586448155867, 18.055345955130807 ], [ 73.871329601849823, 18.056459742032189 ], [ 73.871271338018815, 18.057178893618474 ], [ 73.87123704842611, 18.05760213062986 ], [ 73.87123266105425, 18.057656556174422 ], [ 73.870944892939519, 18.058653723969385 ], [ 73.870938225643471, 18.05870532992391 ], [ 73.870893738375685, 18.059049641109976 ], [ 73.870857247012182, 18.059390958139744 ], [ 73.870826254236562, 18.059680851622193 ], [ 73.870714600833281, 18.060725134631248 ], [ 73.870568504225375, 18.061129791742712 ], [ 73.871183133339372, 18.062262277203132 ], [ 73.870700542199089, 18.063247381997627 ], [ 73.870608380440856, 18.063435505068249 ], [ 73.870587401185674, 18.063527225603586 ], [ 73.870431676434549, 18.063635932088768 ], [ 73.870139932376375, 18.063839588855309 ], [ 73.870451726831689, 18.064377394183701 ], [ 73.870520306915438, 18.064495680714259 ], [ 73.870727390147962, 18.064790662649791 ], [ 73.871041682818117, 18.065171361624856 ], [ 73.871211296421848, 18.065408476700799 ], [ 73.871288350313691, 18.065995114840792 ], [ 73.871394061361343, 18.066800389085117 ], [ 73.87139819810325, 18.066831503752592 ], [ 73.871328045069461, 18.066899342300122 ], [ 73.87099061988242, 18.067225182006155 ], [ 73.870515168552004, 18.067697612850836 ], [ 73.870172419050292, 18.068038177769175 ], [ 73.870136613101394, 18.068075475309108 ], [ 73.869489949165995, 18.0687490629225 ], [ 73.869145563832163, 18.069107776144513 ], [ 73.868867306181315, 18.069413880668748 ], [ 73.868723331394108, 18.069568490019702 ], [ 73.867995306145133, 18.070350266955664 ], [ 73.86801975020235, 18.070844908889654 ], [ 73.868270312792959, 18.071118321701444 ], [ 73.868358588439293, 18.07121464471652 ], [ 73.868416794778128, 18.07129826609992 ], [ 73.868453093003822, 18.071350412339299 ], [ 73.868610612588881, 18.071676242078883 ], [ 73.869281315441285, 18.072994819284869 ], [ 73.869314926805941, 18.073077376598185 ], [ 73.86938652882229, 18.073253246296421 ], [ 73.86945994274059, 18.073716692313365 ], [ 73.869513945862195, 18.074194525958418 ], [ 73.869593241050651, 18.074896847192459 ], [ 73.869652016023039, 18.075150625732661 ], [ 73.869411567564214, 18.0753491623291 ], [ 73.86926960590155, 18.075488190674474 ], [ 73.869526518682903, 18.075990094040847 ], [ 73.869735841415462, 18.076399006365513 ], [ 73.869874967995088, 18.076670786264991 ], [ 73.870668998756216, 18.077759599349552 ], [ 73.870808640070479, 18.077951064684495 ], [ 73.871727074922021, 18.078997459365983 ], [ 73.871903436670166, 18.079198375879216 ], [ 73.871904583818804, 18.079199018914164 ], [ 73.871894682587723, 18.079135889608636 ], [ 73.87169771977517, 18.07856934395884 ], [ 73.871255162953801, 18.077352527944441 ], [ 73.871084459693648, 18.076373693610787 ], [ 73.87097668162248, 18.075779078949608 ], [ 73.871157484641387, 18.075371353070828 ], [ 73.871250031776924, 18.075162722412337 ], [ 73.871383866381194, 18.074880186798229 ], [ 73.871499449015531, 18.074636330333838 ], [ 73.871619010288285, 18.074384350401864 ], [ 73.871702663204161, 18.074169939630078 ], [ 73.871727708234303, 18.074105953673051 ], [ 73.872291808910234, 18.07326412872888 ], [ 73.872980913751206, 18.072301081658626 ], [ 73.873337334713199, 18.071796866215919 ], [ 73.87405329019802, 18.07138153217868 ], [ 73.874100446360544, 18.071323801627042 ], [ 73.874389867375399, 18.070936578585545 ], [ 73.874553605098882, 18.070717657871377 ], [ 73.874885776039804, 18.070273530129324 ], [ 73.874779455036034, 18.069550168068488 ], [ 73.874755344253799, 18.069385523208894 ], [ 73.874685540664672, 18.069304036799174 ], [ 73.874696545925232, 18.069225162776185 ], [ 73.874591292120016, 18.068606530339142 ], [ 73.874548407446639, 18.068551412163814 ], [ 73.87413607444303, 18.067871473305921 ], [ 73.874050810847834, 18.067774511358447 ], [ 73.873652740395997, 18.067083197322869 ], [ 73.873662882375555, 18.0670116464069 ], [ 73.873571364709321, 18.066558955372923 ], [ 73.873490303433044, 18.066157961734742 ], [ 73.873425237558706, 18.065883448043564 ], [ 73.873315902707148, 18.065260479872805 ], [ 73.87343904915619, 18.065055099607211 ], [ 73.873675753436942, 18.064669037042062 ], [ 73.873914101634654, 18.06424855594932 ], [ 73.874053885781066, 18.064001639222013 ], [ 73.874161113184982, 18.063812391988396 ], [ 73.874147930408157, 18.063768438870525 ], [ 73.87401383259747, 18.063320988416212 ], [ 73.873852787124932, 18.062783586378647 ], [ 73.873599320280974, 18.061937388241248 ], [ 73.873523997442703, 18.061685852129504 ], [ 73.874273709819278, 18.060586064706929 ], [ 73.874522667120502, 18.060198964037092 ], [ 73.875866242256649, 18.058109713408196 ], [ 73.877617910348306, 18.057750945273909 ], [ 73.877766450373784, 18.056792869261656 ], [ 73.877772786191485, 18.056752008695145 ], [ 73.877819549790217, 18.056450371124914 ], [ 73.878321439437798, 18.056063337357585 ], [ 73.878484079419977, 18.055937916168205 ], [ 73.8785353669345, 18.055859056642099 ], [ 73.879777095575321, 18.054443177379643 ], [ 73.879804236374994, 18.054372990414119 ], [ 73.880913104185296, 18.053496097668809 ], [ 73.882739337835432, 18.054263926315336 ], [ 73.883768882609488, 18.053817718270572 ], [ 73.883863012576555, 18.053776921923081 ], [ 73.884466396579853, 18.053420523583259 ], [ 73.884768473958744, 18.053236009425756 ], [ 73.885354964244797, 18.052877766004507 ], [ 73.885332146138296, 18.052776334857327 ], [ 73.884857098151429, 18.051489503075047 ], [ 73.88476324217055, 18.051208823780033 ], [ 73.884640275384569, 18.050889869181187 ], [ 73.884501956390352, 18.050531088018246 ], [ 73.884417336887239, 18.050311596105551 ], [ 73.884921964599769, 18.050366331385106 ], [ 73.885416097294851, 18.05041992812702 ], [ 73.88552415743699, 18.0503536282921 ], [ 73.886859751940179, 18.049534162830785 ], [ 73.888168584732711, 18.048731087380336 ], [ 73.88816693093429, 18.048717218305928 ], [ 73.88811194415743, 18.04825614142392 ], [ 73.888103390399294, 18.048184421414422 ], [ 73.887965426239631, 18.047027527583005 ], [ 73.88793391962767, 18.046990848229637 ], [ 73.887857822441674, 18.046902257105337 ], [ 73.887650790413062, 18.046661234220906 ], [ 73.887363362759828, 18.046326613574386 ], [ 73.887149298719194, 18.046121774050714 ], [ 73.887116250598211, 18.04609014409565 ], [ 73.886934083936666, 18.045915789759793 ], [ 73.88616629386334, 18.04509373439388 ], [ 73.885131977238458, 18.04398626270936 ], [ 73.884787512852895, 18.043671885140498 ], [ 73.883196031444399, 18.042297398610994 ], [ 73.88266609280042, 18.042185623656188 ], [ 73.882487837403644, 18.042148247165528 ], [ 73.882811719589441, 18.041996972189352 ], [ 73.883070483798591, 18.041876108935892 ], [ 73.885550028917194, 18.040717801840952 ], [ 73.88734884418821, 18.039831241145965 ], [ 73.887354077773026, 18.039803054014911 ], [ 73.887509282399606, 18.038967219819288 ], [ 73.887701272138784, 18.03793310623627 ], [ 73.88791319639239, 18.036791405582647 ], [ 73.887925720704089, 18.036723926125756 ], [ 73.887929188201085, 18.036705241144993 ], [ 73.888550954430031, 18.036838646312084 ], [ 73.889501442069246, 18.037042562185363 ], [ 73.890459300385345, 18.037254845251542 ], [ 73.891439265342257, 18.037471997666977 ], [ 73.891510448743688, 18.037487772420064 ], [ 73.892368110769624, 18.036374599084724 ], [ 73.893878050303158, 18.03657817468147 ], [ 73.894560094385966, 18.036221087190011 ], [ 73.89468057373692, 18.036158007360893 ], [ 73.895641273424275, 18.037029979422019 ], [ 73.895735580359414, 18.037115574824334 ], [ 73.897372441062814, 18.036175796372138 ], [ 73.897497164055167, 18.036104179062747 ], [ 73.897714685711335, 18.035979274079846 ], [ 73.898597532006264, 18.037467401394974 ], [ 73.899095683763917, 18.038307073636286 ], [ 73.899418943417231, 18.038461349894359 ], [ 73.899608520281532, 18.038551824425795 ], [ 73.900252686900387, 18.038859236927848 ], [ 73.901619617335641, 18.03951150742018 ], [ 73.902606720305812, 18.039932366285182 ], [ 73.902765422073799, 18.040000024738102 ], [ 73.902872382678055, 18.040061046386221 ], [ 73.903379001955557, 18.040350054381971 ], [ 73.90446506333744, 18.040969557576592 ], [ 73.904478609931914, 18.04096170879308 ], [ 73.904511479288175, 18.040942291401677 ], [ 73.90460441808915, 18.040887386629571 ], [ 73.904750826412482, 18.040806101398427 ], [ 73.904872290316987, 18.040466891355788 ], [ 73.904837314411409, 18.040252093266989 ], [ 73.904713261562236, 18.039490327742687 ], [ 73.903987865682083, 18.037984444939926 ], [ 73.903788387586715, 18.037537952149652 ], [ 73.9027364334396, 18.037084698334958 ], [ 73.901581111050987, 18.036593071426775 ], [ 73.9017961201193, 18.032414054423455 ], [ 73.901815044927389, 18.032081167168894 ], [ 73.901836995261363, 18.031925060759143 ], [ 73.901776169435138, 18.030969691093379 ], [ 73.901887109576123, 18.030897550604095 ], [ 73.902067290960858, 18.030780385243162 ], [ 73.902467815610066, 18.030519936251171 ], [ 73.902466636122099, 18.030504987739743 ], [ 73.903200026109943, 18.030146851777875 ], [ 73.903837915301636, 18.030035647399846 ], [ 73.903864005970718, 18.030031723191346 ], [ 73.905223092316916, 18.029827401135492 ], [ 73.906559645322474, 18.028944140902762 ], [ 73.906614942018095, 18.028947919065875 ], [ 73.907303732448725, 18.028995531772807 ], [ 73.907917688724623, 18.029026677048424 ], [ 73.908476678884881, 18.029067884030908 ], [ 73.908872770348168, 18.028911850119055 ], [ 73.909583015242731, 18.028630179792586 ], [ 73.909914719957982, 18.028511817882141 ], [ 73.910563155371136, 18.028459987806656 ], [ 73.91140905755168, 18.028162180692178 ], [ 73.911897072719668, 18.028090625896215 ], [ 73.912152233786216, 18.027864301319934 ], [ 73.912435668428046, 18.027869971589094 ], [ 73.912494487417902, 18.027948648049442 ], [ 73.912658668010792, 18.028034523779187 ], [ 73.912985813776032, 18.028237048092016 ], [ 73.91372542729215, 18.028647919166335 ], [ 73.913878903560146, 18.028786766627316 ], [ 73.913895631987359, 18.028801939941602 ], [ 73.914269773116686, 18.029198789598105 ], [ 73.91468939055892, 18.029630921298104 ], [ 73.915018309598523, 18.030204317382527 ], [ 73.915743231168179, 18.031486621329304 ], [ 73.915958523205816, 18.031824757023948 ], [ 73.916362176687144, 18.032554087947172 ], [ 73.918115570442453, 18.033616680941233 ], [ 73.918425814405595, 18.033804688796831 ], [ 73.91849522992257, 18.032962152330558 ], [ 73.918496712142769, 18.032942682804997 ], [ 73.918613544333681, 18.031945159938026 ], [ 73.918670888289824, 18.031549065602913 ], [ 73.918781752972308, 18.030304638271005 ], [ 73.918827278692575, 18.029793658366742 ], [ 73.918930354083244, 18.028887387296653 ], [ 73.91902547040047, 18.028312549284831 ], [ 73.920089051442375, 18.028138741965964 ], [ 73.920682067090638, 18.028038223374242 ], [ 73.921688308667939, 18.027528847940971 ], [ 73.922433801657604, 18.027170508600157 ], [ 73.924448731823034, 18.02748633621146 ], [ 73.925337543829798, 18.027639246669796 ], [ 73.92569656721119, 18.027701014062103 ], [ 73.928157633086073, 18.027544030760037 ], [ 73.929017972989854, 18.027917447059206 ], [ 73.929753175777947, 18.028001696382962 ], [ 73.92991989321321, 18.028020799997773 ], [ 73.930617986596928, 18.028634480738791 ], [ 73.931568237979192, 18.029528039972014 ], [ 73.931636171275898, 18.029542716929065 ], [ 73.932411883591726, 18.029967704936976 ], [ 73.933229713419664, 18.030902641628764 ], [ 73.933665429570127, 18.030910062053238 ], [ 73.934326073986256, 18.031109285000241 ], [ 73.935604101751068, 18.031565550723464 ], [ 73.936109287317407, 18.031640119415862 ], [ 73.936182844966126, 18.031700264996608 ], [ 73.936520692361341, 18.031645827147976 ], [ 73.936998517040749, 18.031556766176305 ], [ 73.937521652743072, 18.031466874026815 ], [ 73.938386539918881, 18.031803428645588 ], [ 73.939682615736061, 18.032303262344143 ], [ 73.940432921000706, 18.033258910923838 ], [ 73.940446416391211, 18.033338311034392 ], [ 73.941063507787447, 18.034078228413392 ], [ 73.942032963353839, 18.035298936745843 ], [ 73.942178835382947, 18.03599821538992 ], [ 73.942317057359077, 18.036660824268477 ], [ 73.942406796361027, 18.036798101422526 ], [ 73.942334032823027, 18.035490862620151 ], [ 73.942284527566017, 18.034601444831754 ], [ 73.942235759825891, 18.034522744865487 ], [ 73.942594651154906, 18.032289627731522 ], [ 73.943055919883633, 18.031136820062727 ], [ 73.943293991400239, 18.030742645857512 ], [ 73.943672955584304, 18.030386925206152 ], [ 73.94361377726834, 18.030276237771901 ], [ 73.943612182758727, 18.030230459383141 ], [ 73.943788971206644, 18.030115835685034 ], [ 73.946311070418545, 18.029771883847676 ], [ 73.949194922992007, 18.029264568652135 ], [ 73.952194128231099, 18.02898424426775 ], [ 73.95222602381358, 18.028981264789966 ], [ 73.953501108697509, 18.028844951065562 ], [ 73.955349716686399, 18.02803283329229 ], [ 73.955497396125864, 18.027937234907903 ], [ 73.95745775902769, 18.027957079132463 ], [ 73.957639392089902, 18.027928005988798 ], [ 73.958146882733246, 18.027551880142028 ], [ 73.958516259198333, 18.026926046938407 ], [ 73.958842654870267, 18.026476279202388 ], [ 73.958999213257982, 18.026516317354599 ], [ 73.960034557555545, 18.025755184295441 ], [ 73.960556637737426, 18.025371413613136 ], [ 73.961171708822562, 18.025428444267501 ], [ 73.962577645904076, 18.025622866697475 ], [ 73.963377972957005, 18.025733545952637 ], [ 73.964391488193172, 18.025873717195381 ], [ 73.964839903826785, 18.02612984130209 ], [ 73.965173883076361, 18.026320596641064 ], [ 73.966441693403183, 18.027049495071587 ], [ 73.967181432683432, 18.026996872705787 ], [ 73.967287495870707, 18.026796909622355 ], [ 73.96781754321087, 18.026957594916819 ], [ 73.96910813481324, 18.027859074387454 ], [ 73.969662281257513, 18.028435047417634 ], [ 73.969925446313255, 18.028722968306187 ], [ 73.969991173347651, 18.028794880758674 ], [ 73.970273970185616, 18.029115797386378 ], [ 73.9704947554212, 18.029261744644721 ], [ 73.970889190391063, 18.029649506233756 ], [ 73.971034638415389, 18.029792516295821 ], [ 73.97123498518161, 18.029856602096011 ], [ 73.971370183428505, 18.029697607355946 ], [ 73.971429032961083, 18.029628397122487 ], [ 73.972263663081449, 18.028646935116743 ], [ 73.972656916766724, 18.028161751877722 ], [ 73.972889062097423, 18.027875510309151 ], [ 73.973193276568367, 18.027500413679618 ], [ 73.973266094903622, 18.02743035690888 ], [ 73.973904735086876, 18.026815961260567 ], [ 73.974133026644978, 18.026596351774916 ], [ 73.97435516923494, 18.026370239687093 ], [ 73.975654347833142, 18.025875318863786 ], [ 73.976211848586686, 18.025453170671877 ], [ 73.976582087434409, 18.025284022895875 ], [ 73.979764833757415, 18.025228618641606 ], [ 73.979955353852759, 18.025149985385539 ], [ 73.981019269966225, 18.025196258838282 ], [ 73.98124727496176, 18.025034630577935 ], [ 73.981305192941392, 18.024680482987577 ], [ 73.981904179691369, 18.023758758995928 ], [ 73.982194221442072, 18.023101345707271 ], [ 73.98228355171058, 18.02303892406437 ], [ 73.982434497424393, 18.022717201918404 ], [ 73.98280910567766, 18.022673545201556 ], [ 73.983669537209607, 18.022178346610353 ], [ 73.985782844576775, 18.021633958425465 ], [ 73.986931095427423, 18.020711460769764 ], [ 73.987660863408038, 18.020125169604473 ], [ 73.988144207336575, 18.020000368607832 ], [ 73.988748824726756, 18.019844252340761 ], [ 73.991410400861241, 18.01915720141562 ], [ 73.995627613827764, 18.018280285212089 ], [ 73.99574406243805, 18.018271173674769 ], [ 73.99632205825479, 18.018225962810693 ], [ 73.998303043780581, 18.018071145156153 ], [ 74.000166870128709, 18.017506516166364 ], [ 74.002187448002317, 18.016855415637629 ], [ 74.0025379832026, 18.016744579597564 ], [ 74.004311606119785, 18.016183813636861 ], [ 74.004923381286147, 18.016132090133809 ], [ 74.004992140134632, 18.016126277677841 ], [ 74.005066110110079, 18.016090078818511 ], [ 74.005992158183645, 18.015636903051004 ], [ 74.006004135421321, 18.015631041885154 ], [ 74.006595641001638, 18.015391638592881 ], [ 74.008362950558976, 18.014676378292808 ], [ 74.008424981924321, 18.014616527603085 ], [ 74.009059627299465, 18.014004193054355 ], [ 74.010199460037626, 18.012904399716291 ], [ 74.010519724707791, 18.012630021613873 ], [ 74.012968783700558, 18.011818267321139 ], [ 74.014325150846375, 18.012423847774023 ], [ 74.016368069821127, 18.007669555122121 ], [ 74.016393292717666, 18.007666240393739 ], [ 74.016168872898461, 18.007554874880267 ], [ 74.015701135401372, 18.007293966095475 ], [ 74.015610784646725, 18.007247525620599 ], [ 74.015287976845997, 18.007081634950243 ], [ 74.014894002711856, 18.006892201761154 ], [ 74.014797759907253, 18.00682919173185 ], [ 74.014660420076709, 18.006807823591007 ], [ 74.014068010791263, 18.006733628827149 ], [ 74.013862202268072, 18.006711801906949 ], [ 74.013620516829079, 18.00627591905198 ], [ 74.01361200529179, 18.006259328191874 ], [ 74.013593464064328, 18.006223193088164 ], [ 74.01357070165335, 18.006178830034173 ], [ 74.013553874411414, 18.006146032737629 ], [ 74.013534974756155, 18.006109197923418 ], [ 74.013528150254956, 18.00609856421449 ], [ 74.013510933144218, 18.006071730905344 ], [ 74.013331192832297, 18.006153572101066 ], [ 74.013055841231377, 18.006264373795553 ], [ 74.012875149603573, 18.006314507746211 ], [ 74.012879909776274, 18.006287454910151 ], [ 74.012824611284003, 18.006115513049362 ], [ 74.012766130958994, 18.005898256184011 ], [ 74.013014145927457, 18.005727805587803 ], [ 74.013023913309567, 18.005727369029849 ], [ 74.013071841124898, 18.005618090252895 ], [ 74.013085882691101, 18.005518978692972 ], [ 74.013118619096701, 18.005416260982653 ], [ 74.013123424185139, 18.005401182192358 ], [ 74.013120643899356, 18.005270264065548 ], [ 74.0131203941677, 18.005258510288421 ], [ 74.013104148135795, 18.005129868828455 ], [ 74.013091968777175, 18.005033436154768 ], [ 74.0130751442302, 18.004900234998843 ], [ 74.013051275993121, 18.004711304372087 ], [ 74.013044414660968, 18.004658916253391 ], [ 74.013006464433474, 18.004369153401441 ], [ 74.012962568257123, 18.004034067922575 ], [ 74.012945046617517, 18.003886074146457 ], [ 74.012902779985069, 18.003529132242157 ], [ 74.01287509660294, 18.003295397239565 ], [ 74.012855676823165, 18.003083569606552 ], [ 74.012830756658843, 18.002811799024006 ], [ 74.012813588955453, 18.002624608150022 ], [ 74.012684997817473, 18.002590653421255 ], [ 74.012687707136394, 18.002417809192437 ], [ 74.012701373206795, 18.002211480732488 ], [ 74.012694034869241, 18.002110346747145 ], [ 74.012671507816862, 18.001873441972673 ], [ 74.012624499876353, 18.001369280118627 ], [ 74.012642431147739, 18.001121486599434 ], [ 74.012672621727802, 18.00092407768415 ], [ 74.012704735600892, 18.00071407635518 ], [ 74.012718811303088, 18.000587528998231 ], [ 74.012737747789274, 18.000417264641204 ], [ 74.012739380926448, 18.000402591238014 ], [ 74.012785310888617, 18.00013674398927 ], [ 74.012805445727395, 18.000020193804477 ], [ 74.012816672871821, 17.999967786350588 ], [ 74.012834799975948, 17.999883163085531 ], [ 74.012825443123944, 17.999629088002624 ], [ 74.012811182368822, 17.999237801064993 ], [ 74.012251393606263, 17.99892999731372 ], [ 74.012022060002423, 17.998962943755792 ], [ 74.011763920122391, 17.998770208306606 ], [ 74.011747674090458, 17.99875865486948 ], [ 74.01153091330734, 17.998604523248421 ], [ 74.011116375838014, 17.998570765101658 ], [ 74.011130387759849, 17.998553272171343 ], [ 74.011242735560842, 17.998160820920454 ], [ 74.011314678038701, 17.99803896301162 ], [ 74.011404169105589, 17.997887376750942 ], [ 74.011513453651489, 17.997697057110038 ], [ 74.011548007348907, 17.997636883687417 ], [ 74.011764101582045, 17.997202367590209 ], [ 74.011972713747227, 17.997136599633382 ], [ 74.012038099421829, 17.997122596631847 ], [ 74.012118097092824, 17.997105464953254 ], [ 74.012340425634051, 17.997165396772665 ], [ 74.012477267797934, 17.997217207860267 ], [ 74.012506171990509, 17.997239170945054 ], [ 74.012533779914136, 17.997260149802205 ], [ 74.012582800979175, 17.997881296278983 ], [ 74.01262501011945, 17.998457491191814 ], [ 74.013029743375768, 17.998531581789674 ], [ 74.013109638638824, 17.998546210922033 ], [ 74.013235270726256, 17.998558815230442 ], [ 74.013366182212593, 17.998606419917316 ], [ 74.013797858639208, 17.998616121122147 ], [ 74.014200014628997, 17.998619523164937 ], [ 74.014189116267943, 17.998983825865967 ], [ 74.014275140736203, 17.999048120228984 ], [ 74.015256006703353, 17.999111813104111 ], [ 74.015274826408543, 17.998894979057166 ], [ 74.015276216102293, 17.99887897017198 ], [ 74.015300430190791, 17.998742639991423 ], [ 74.015318224019921, 17.998668548627869 ], [ 74.015365821255273, 17.998477767623456 ], [ 74.015425351710817, 17.99833126259923 ], [ 74.01541665422225, 17.998046368587524 ], [ 74.015394119983327, 17.997809453227031 ], [ 74.01522414974842, 17.997537514750391 ], [ 74.015112075933573, 17.997381787823915 ], [ 74.015126584623729, 17.997303008006245 ], [ 74.015234372576359, 17.997147819975403 ], [ 74.015292186351417, 17.997064582842437 ], [ 74.015324470006107, 17.996727009242878 ], [ 74.015300475106542, 17.996513983588311 ], [ 74.015293193362865, 17.996449351681338 ], [ 74.015164630072661, 17.995492268858669 ], [ 74.015132597946263, 17.995307651270799 ], [ 74.015082822296364, 17.995091905289119 ], [ 74.015221007441568, 17.993882554125701 ], [ 74.015050198180177, 17.99377463928613 ], [ 74.014352772244749, 17.993864250779758 ], [ 74.013759620950822, 17.993849481995355 ], [ 74.013777294405756, 17.993267933855311 ], [ 74.013256317355015, 17.993024229989182 ], [ 74.013072992765117, 17.992930030887361 ], [ 74.012842351214218, 17.99293342620479 ], [ 74.011943407109399, 17.99221308773064 ], [ 74.01206543695254, 17.991482163842775 ], [ 74.011146697572144, 17.991636957003994 ], [ 74.010663423712217, 17.991562299613033 ], [ 74.010357266185281, 17.99154153367564 ], [ 74.010073014076553, 17.991542333384256 ], [ 74.00948125337473, 17.991837521316967 ], [ 74.009010157076787, 17.992054000071018 ], [ 74.008933066354047, 17.992085726878518 ], [ 74.008779150809886, 17.992351930579979 ], [ 74.008653411822976, 17.99258303320347 ], [ 74.008617148631572, 17.992651596694476 ], [ 74.008003227389992, 17.993082193844501 ], [ 74.008394278406215, 17.991520185896373 ], [ 74.013783915887686, 17.98888196206871 ], [ 74.014931995160168, 17.988319919859588 ], [ 74.016688595002719, 17.988381004692705 ], [ 74.017139599580972, 17.988920017149937 ], [ 74.017175150408349, 17.988874623605884 ], [ 74.019624267791627, 17.985976127356604 ], [ 74.022016546071939, 17.983342199593505 ], [ 74.0233557185649, 17.980548697020662 ], [ 74.023425782665484, 17.980408008686084 ], [ 74.024500442629787, 17.977976888354558 ], [ 74.024388534104929, 17.977803483413634 ], [ 74.02415333899387, 17.977439072044668 ], [ 74.023174088197607, 17.975890713303645 ], [ 74.022739347617517, 17.975174817722582 ], [ 74.022336611316106, 17.974536154970519 ], [ 74.021785811096265, 17.973674223145434 ], [ 74.021686554443903, 17.973535014414111 ], [ 74.021004131272008, 17.97250039386369 ], [ 74.019574295410692, 17.970506426397275 ], [ 74.019098084105536, 17.969862099410506 ], [ 74.018399440054566, 17.968873684055087 ], [ 74.017697565661834, 17.967895899181364 ], [ 74.017270774273697, 17.96731191137464 ], [ 74.017242082083541, 17.967280372378944 ], [ 74.017113619404654, 17.967224724311471 ], [ 74.015072312007518, 17.964435327411689 ], [ 74.014365368421664, 17.963491146114535 ], [ 74.014319371085847, 17.963494036119119 ], [ 74.013772782168076, 17.96131337407822 ], [ 74.014350760916827, 17.957477060408653 ], [ 74.014445414601653, 17.954618601574058 ], [ 74.012701887941461, 17.948797938319728 ], [ 74.012446874198616, 17.948054019192131 ], [ 74.012328914622017, 17.947709909923134 ], [ 74.012279176701355, 17.947604492221615 ], [ 74.011696580612053, 17.946369677609724 ], [ 74.011445518558119, 17.945837547405549 ], [ 74.011434062343312, 17.945813266206464 ], [ 74.011278425627083, 17.945483390420872 ], [ 74.01123096942726, 17.94550392931826 ], [ 74.010810416838765, 17.944841268576674 ], [ 74.009560904295995, 17.942765995418704 ], [ 74.008747032445243, 17.941414251363923 ], [ 74.008533869414848, 17.94107505357945 ], [ 74.007809732074421, 17.939922772074581 ], [ 74.007598677389993, 17.939586929315094 ], [ 74.006758939448929, 17.938684099825668 ], [ 74.006724850180504, 17.938671539104924 ], [ 74.004909513993113, 17.938002648882954 ], [ 74.003196568680124, 17.938887777040236 ], [ 74.001783333685253, 17.939617991233259 ], [ 74.001617110323394, 17.939079987271935 ], [ 74.001621448287878, 17.939075506377158 ], [ 74.002560381795888, 17.938105383582734 ], [ 74.004310027779852, 17.936144384634332 ], [ 74.004300961981968, 17.936053992620643 ], [ 74.004165705344604, 17.934705409983611 ], [ 74.004352529770884, 17.934714718987987 ], [ 74.00441069209225, 17.934321423382301 ], [ 74.004671990448827, 17.932554478409614 ], [ 74.004491260193475, 17.932138306000745 ], [ 74.004330167110169, 17.931767355372493 ], [ 74.004223288252646, 17.931615907117706 ], [ 74.007091960196107, 17.932592104608251 ], [ 74.008066976334135, 17.931534364709719 ], [ 74.008621073371046, 17.931284815153109 ], [ 74.008960342799341, 17.931132015233878 ], [ 74.009742568799297, 17.931972713149683 ], [ 74.010667899118957, 17.932984099825191 ], [ 74.01178066921085, 17.933209513625783 ], [ 74.012658996081583, 17.933040027889053 ], [ 74.013718231074122, 17.932496624609481 ], [ 74.01381311203275, 17.932436134117026 ], [ 74.013910111218806, 17.932374294071014 ], [ 74.01475511328745, 17.931835563838288 ], [ 74.014884311686572, 17.931792976925159 ], [ 74.015211143041455, 17.931574277392833 ], [ 74.015466631094768, 17.931403314057743 ], [ 74.016025650001126, 17.931029232043649 ], [ 74.016067409085437, 17.93100128564468 ], [ 74.016076871938608, 17.930962697590214 ], [ 74.016585090217347, 17.930737078369088 ], [ 74.017142590970877, 17.930436653425854 ], [ 74.017165337212177, 17.930423156239748 ], [ 74.017570136045535, 17.930182961367464 ], [ 74.017846099399094, 17.930019209392913 ], [ 74.018290294747558, 17.929770383331231 ], [ 74.018537174245495, 17.929632085321479 ], [ 74.018896330577562, 17.929351213817402 ], [ 74.019567560741024, 17.928833275900057 ], [ 74.019663815223709, 17.92875900393971 ], [ 74.020582824997035, 17.927951683780893 ], [ 74.021365095912728, 17.927103135148688 ], [ 74.021785064596273, 17.926627569419715 ], [ 74.022056912767539, 17.926319726358976 ], [ 74.022036904591218, 17.925752625347915 ], [ 74.021694192818757, 17.924628746231079 ], [ 74.021559795869109, 17.92418800606875 ], [ 74.021554755422059, 17.924171475876765 ], [ 74.021516668650619, 17.924144391658135 ], [ 74.021096543660221, 17.923845145297125 ], [ 74.020954435572207, 17.923743924574609 ], [ 74.02059338289655, 17.923489761381145 ], [ 74.020402894242238, 17.9234083451488 ], [ 74.020243816080168, 17.923340352245422 ], [ 74.019006031043446, 17.922877727154081 ], [ 74.018630794867761, 17.922699987732436 ], [ 74.017997567034129, 17.922545371812358 ], [ 74.016675731127833, 17.922183089368968 ], [ 74.016468673048109, 17.921707350596524 ], [ 74.016432931777885, 17.921625229249564 ], [ 74.016370068572641, 17.921382559972425 ], [ 74.016277961611607, 17.92102699333233 ], [ 74.015747387858724, 17.920471511713725 ], [ 74.01543730469399, 17.920113580758219 ], [ 74.015157983437874, 17.919791158251122 ], [ 74.015059850577913, 17.919678829615908 ], [ 74.014850406572791, 17.919439081731834 ], [ 74.014824208105836, 17.918266483203347 ], [ 74.01490698336768, 17.91835125666611 ], [ 74.015104262387254, 17.91860380322133 ], [ 74.015459251434734, 17.919058240807804 ], [ 74.015637915564923, 17.919106937043274 ], [ 74.015906325883606, 17.919180094196975 ], [ 74.016174639184257, 17.919232005072629 ], [ 74.016399254836202, 17.91937352587372 ], [ 74.017518524239193, 17.920078732361471 ], [ 74.018510339771339, 17.920454344398738 ], [ 74.019078160370853, 17.920669383168853 ], [ 74.020092889230966, 17.920789708044687 ], [ 74.020774687175418, 17.92084793063934 ], [ 74.021652363665879, 17.920702616860709 ], [ 74.02212976164553, 17.920574614717729 ], [ 74.022269284382176, 17.920516101424084 ], [ 74.022682103374379, 17.920342970921535 ], [ 74.023111852016385, 17.920431748671078 ], [ 74.023434638257569, 17.920283302805753 ], [ 74.023469099428496, 17.919538709118864 ], [ 74.023609445920272, 17.916504035606152 ], [ 74.023616775274661, 17.916345496091537 ], [ 74.023611774353498, 17.914952395380276 ], [ 74.023914380840111, 17.914357914985551 ], [ 74.025571822844967, 17.912883220305563 ], [ 74.025014717350146, 17.912316429309129 ], [ 74.024648497564996, 17.911879515264346 ], [ 74.024463134697683, 17.911658370423645 ], [ 74.024606981924137, 17.911428580095674 ], [ 74.024634137995193, 17.911385200172457 ], [ 74.024696013951967, 17.911286356306665 ], [ 74.024847649571925, 17.910640116066926 ], [ 74.024919162655053, 17.910565238988095 ], [ 74.025040405574003, 17.910431322982987 ], [ 74.025234152417866, 17.910176726980559 ], [ 74.025445705667281, 17.909837513817497 ], [ 74.025747545890923, 17.909342488687493 ], [ 74.02601240337269, 17.908902135335808 ], [ 74.026255536895903, 17.908492890151784 ], [ 74.026256735248481, 17.908374975987172 ], [ 74.026222965780335, 17.908169795152773 ], [ 74.026166350357855, 17.908031350354147 ], [ 74.026120185037101, 17.907845809724517 ], [ 74.026119611013627, 17.907698743213874 ], [ 74.026162996946923, 17.907532155617648 ], [ 74.026280221701612, 17.907350665345685 ], [ 74.026322597030187, 17.907231292137897 ], [ 74.026335678297357, 17.906971277248584 ], [ 74.026301504587309, 17.906753366829502 ], [ 74.025822244400075, 17.905678018422336 ], [ 74.025332050817511, 17.905286921884084 ], [ 74.02298515542536, 17.903484628830608 ], [ 74.022762331014093, 17.903255290365014 ], [ 74.021133065566417, 17.901505112422431 ], [ 74.02068486103687, 17.901031888617016 ], [ 74.021452798433927, 17.901542145982287 ], [ 74.022487051278418, 17.90265059327351 ], [ 74.02307327386653, 17.90301179240997 ], [ 74.026793207339523, 17.904759009813372 ], [ 74.029068383934373, 17.905267310916489 ], [ 74.033204740440453, 17.902537720369271 ], [ 74.034813703962698, 17.90145465981584 ], [ 74.035983891672601, 17.900666925912617 ], [ 74.036205742310102, 17.900517579602777 ], [ 74.036217758175354, 17.900509491207739 ], [ 74.043102097068228, 17.898795443242239 ], [ 74.043161916781315, 17.896798700625901 ], [ 74.041713697796013, 17.890866156635216 ], [ 74.0416975694434, 17.89079893004433 ], [ 74.043051626122306, 17.888795609720702 ], [ 74.043036821886403, 17.888161322668026 ], [ 74.043185475099634, 17.88644832065437 ], [ 74.043155494725326, 17.886021571763347 ], [ 74.043071917267937, 17.884832008976268 ], [ 74.042894376930121, 17.881471752254495 ], [ 74.042891678391015, 17.881420681829091 ], [ 74.042976701237706, 17.881302191409393 ], [ 74.043738923552908, 17.880239904226706 ], [ 74.04508006874623, 17.879473265621414 ], [ 74.045557690406383, 17.879200243305668 ], [ 74.047724770028111, 17.878429740178202 ], [ 74.048069259566532, 17.878374454898783 ], [ 74.048450472233782, 17.878313277381697 ], [ 74.049002366601599, 17.877850329658063 ], [ 74.049485900972954, 17.877444726720917 ], [ 74.049540413439345, 17.877458953783922 ], [ 74.049943633932699, 17.877250239637398 ], [ 74.051141896690197, 17.876629997407353 ], [ 74.051635868586857, 17.876380902358537 ], [ 74.052497193044204, 17.87594656640821 ], [ 74.053674422647632, 17.873945162052678 ], [ 74.05437166442843, 17.872789099612394 ], [ 74.055075475588907, 17.87162212965789 ], [ 74.055118617180455, 17.871333629727321 ], [ 74.054720801850124, 17.8704644002935 ], [ 74.054390652118613, 17.869743019635678 ], [ 74.054154974612231, 17.869267096637053 ], [ 74.05410075319999, 17.869145911762676 ], [ 74.053819659567807, 17.86851766082658 ], [ 74.052790778648728, 17.867470895608527 ], [ 74.052812153162591, 17.86743015027599 ], [ 74.051508885433208, 17.866132926043029 ], [ 74.050832565415377, 17.865449723995052 ], [ 74.050071987017148, 17.864681402199224 ], [ 74.05001054584497, 17.864623640831045 ], [ 74.049759719149648, 17.864387832802787 ], [ 74.0489822479325, 17.862385720282806 ], [ 74.048541070025095, 17.861324548669298 ], [ 74.047886216149294, 17.859609040021724 ], [ 74.04719930140098, 17.857897428316395 ], [ 74.047225512444356, 17.857879275078965 ], [ 74.046618952896523, 17.856641676675665 ], [ 74.04623785162039, 17.855897618882857 ], [ 74.045842517436895, 17.855127938182871 ], [ 74.045295897078077, 17.853993631615253 ], [ 74.045240073071383, 17.853427418745643 ], [ 74.044603620285827, 17.852180611986547 ], [ 74.044387152353522, 17.851660240197159 ], [ 74.044342962428047, 17.851480132753039 ], [ 74.044056752890313, 17.850313657392547 ], [ 74.043726814262868, 17.848954641831558 ], [ 74.043557474645283, 17.848256806633152 ], [ 74.043772298660699, 17.84805616181162 ], [ 74.044351003248153, 17.847515650129797 ], [ 74.045459144321399, 17.847270778599217 ], [ 74.046675773134865, 17.846975553233555 ], [ 74.04766051263752, 17.846017613845614 ], [ 74.047688895807255, 17.84594981362336 ], [ 74.047943071421955, 17.84556552807695 ], [ 74.048194858416309, 17.845162551875841 ], [ 74.048510732121315, 17.844658563764494 ], [ 74.048765574285966, 17.844247710893569 ], [ 74.04900511005647, 17.843887002815588 ], [ 74.049259425808344, 17.843492261738195 ], [ 74.049459160821883, 17.843161892122083 ], [ 74.049684589449171, 17.8429859327473 ], [ 74.050119971426369, 17.842643723224771 ], [ 74.050439336882903, 17.842383232411255 ], [ 74.050679509558947, 17.842175786263795 ], [ 74.050941675688094, 17.841977089370193 ], [ 74.051056771435569, 17.841876982356343 ], [ 74.051432740636486, 17.841575616029122 ], [ 74.05151429778283, 17.841490651991634 ], [ 74.051923946620335, 17.841174429101169 ], [ 74.052243307585329, 17.840913942123358 ], [ 74.052624136671923, 17.84063384435769 ], [ 74.052925991268637, 17.840401701205149 ], [ 74.053032570987241, 17.840309407382783 ], [ 74.053128334989765, 17.840031789370013 ], [ 74.053242875578391, 17.839593235247964 ], [ 74.053314431780649, 17.839296380108571 ], [ 74.053410095171884, 17.838931394920817 ], [ 74.053503731963872, 17.83854263729804 ], [ 74.053587747799099, 17.838198433624353 ], [ 74.05365771039007, 17.83797887823329 ], [ 74.053662865821494, 17.837962696604343 ], [ 74.053748977426324, 17.837637180716218 ], [ 74.053773604739803, 17.837510814423048 ], [ 74.053864708282674, 17.837386386626754 ], [ 74.054092759092299, 17.837033192397104 ], [ 74.054263023974613, 17.836762985870521 ], [ 74.054522396343216, 17.836384162780547 ], [ 74.054634763008863, 17.836194400754014 ], [ 74.054816299951369, 17.835919244259177 ], [ 74.055016527241662, 17.835573067833096 ], [ 74.055186012386315, 17.835326606411041 ], [ 74.055428984212782, 17.834939387019659 ], [ 74.055657397043461, 17.834580833009237 ], [ 74.055862812104507, 17.834242922408666 ], [ 74.056055104575918, 17.833978644674708 ], [ 74.05617310367839, 17.833786410410788 ], [ 74.056402216296675, 17.833398746412012 ], [ 74.056553381199407, 17.833207197354948 ], [ 74.05683610257887, 17.832792196210313 ], [ 74.057123359552222, 17.832316465964155 ], [ 74.057394883431698, 17.831900765789186 ], [ 74.057696467635509, 17.831454616621421 ], [ 74.057732414619935, 17.83138974320309 ], [ 74.057804775712697, 17.83125915738125 ], [ 74.057797287356493, 17.831250735741353 ], [ 74.057735388043525, 17.831181130632988 ], [ 74.057620365059577, 17.830686661125895 ], [ 74.057496502653251, 17.830244389666422 ], [ 74.057404134282507, 17.829848583589136 ], [ 74.057372687857651, 17.829735395066884 ], [ 74.05710123943669, 17.829313663328072 ], [ 74.056710992412675, 17.828698798034665 ], [ 74.056369826640761, 17.828159167425238 ], [ 74.056036130360496, 17.827612558623393 ], [ 74.05568464743763, 17.82705159561495 ], [ 74.0553918801983, 17.826604437157041 ], [ 74.055077636935494, 17.826026961579533 ], [ 74.054796414844205, 17.82556608672758 ], [ 74.054500942777608, 17.825090901610839 ], [ 74.05415909159116, 17.82456878386639 ], [ 74.05384691625018, 17.824043915988717 ], [ 74.053650440324461, 17.823690941599843 ], [ 74.053469495371758, 17.823429476358296 ], [ 74.053254794425584, 17.823072319671127 ], [ 74.052771891569904, 17.822367248061848 ], [ 74.052510273413034, 17.821980677825312 ], [ 74.052435942314872, 17.821834451911503 ], [ 74.052019807640974, 17.821226034753295 ], [ 74.051949527944714, 17.821148556932702 ], [ 74.051915110791228, 17.821110815613576 ], [ 74.051803637949305, 17.820974028814234 ], [ 74.051556218563846, 17.820605442408553 ], [ 74.051415939445732, 17.820421962228835 ], [ 74.051303984208531, 17.820275528929351 ], [ 74.05075860532142, 17.819810559816347 ], [ 74.050434158993596, 17.819562597915105 ], [ 74.050278574379689, 17.819452833998042 ], [ 74.050252677746656, 17.819434563096198 ], [ 74.04972298164779, 17.819177016216855 ], [ 74.04946805593984, 17.819050342632906 ], [ 74.049319968665259, 17.8190191689683 ], [ 74.049101563066841, 17.818973191416376 ], [ 74.048464262271693, 17.818808875086777 ], [ 74.048396976660271, 17.818791526903791 ], [ 74.047928840311201, 17.818676372042496 ], [ 74.047824545906721, 17.818669721829696 ], [ 74.047423763441017, 17.818514395331103 ], [ 74.04735162333381, 17.818483118090722 ], [ 74.046773509837791, 17.818232456108174 ], [ 74.0466103236799, 17.818148946792444 ], [ 74.046518785352433, 17.818102102672579 ], [ 74.046389479155508, 17.818070548266675 ], [ 74.045983396629623, 17.817967456761252 ], [ 74.045497234686081, 17.817844720637279 ], [ 74.045287464592491, 17.817800019636401 ], [ 74.044990098877292, 17.817745758893899 ], [ 74.044768586006313, 17.817728902363164 ], [ 74.044519709553455, 17.817644420417583 ], [ 74.044269703918303, 17.817598654607597 ], [ 74.043587135219354, 17.817414127953651 ], [ 74.043086434042905, 17.817287530942824 ], [ 74.043054469290155, 17.817294401001192 ], [ 74.043029202376147, 17.817299833418634 ], [ 74.042708722110376, 17.817262628368812 ], [ 74.042549469675095, 17.817244140014139 ], [ 74.042509468593806, 17.817246697150914 ], [ 74.042298811863063, 17.817260160176115 ], [ 74.042139273763539, 17.817150613780232 ], [ 74.041921532918451, 17.817001104093674 ], [ 74.041882242404569, 17.816974124978803 ], [ 74.041479144980386, 17.8166591422703 ], [ 74.041002425228783, 17.816224338968915 ], [ 74.040888297865166, 17.815983283239472 ], [ 74.040783836374075, 17.816060056025467 ], [ 74.040746257150786, 17.816087673284184 ], [ 74.040598177062705, 17.816196964618062 ], [ 74.040387420618956, 17.816349589741172 ], [ 74.040103158628767, 17.816550222390909 ], [ 74.040050212824241, 17.816604137983273 ], [ 74.040022375830219, 17.816613554951019 ], [ 74.040000350936083, 17.816621004883128 ], [ 74.039819562290191, 17.816682160851688 ], [ 74.039602773659297, 17.816755733913681 ], [ 74.039424029579024, 17.816816396367301 ], [ 74.039045116598928, 17.816942919307568 ], [ 74.038835492032433, 17.817025156604888 ], [ 74.038800057986052, 17.817039139627084 ], [ 74.038690088025575, 17.817086461244919 ], [ 74.038637081135604, 17.817109269384435 ], [ 74.038633336957503, 17.817110880638399 ], [ 74.038607363967699, 17.817118859082054 ], [ 74.038483783632401, 17.817156821895786 ], [ 74.038318128904123, 17.817194363928273 ], [ 74.038037407174457, 17.81727883839007 ], [ 74.03786284744676, 17.817336265333456 ], [ 74.037756576748649, 17.817371226246781 ], [ 74.037518556436012, 17.817417489858357 ], [ 74.037456336424484, 17.817436080822485 ], [ 74.037268638835755, 17.817492163295981 ], [ 74.037189811669577, 17.817504326355433 ], [ 74.037153243051009, 17.817509969152653 ], [ 74.036907582566897, 17.817575528385841 ], [ 74.036875763341214, 17.817584019090273 ], [ 74.036728745960104, 17.817619410134661 ], [ 74.03671821411173, 17.817621945030169 ], [ 74.036539841035648, 17.817683766877614 ], [ 74.03650709385029, 17.8176951166026 ], [ 74.036352566553404, 17.817727706755285 ], [ 74.036295535210982, 17.817733360663404 ], [ 74.036043112209427, 17.817758387179634 ], [ 74.035788590743337, 17.817803881841634 ], [ 74.035658555114367, 17.817697983325282 ], [ 74.034903899308787, 17.817759562261855 ], [ 74.034862601958579, 17.817762931001855 ], [ 74.034824260963916, 17.817766060278185 ], [ 74.034420019086056, 17.817966699886032 ], [ 74.03439631344402, 17.817978466088132 ], [ 74.034184735940116, 17.818076391168812 ], [ 74.033585632409157, 17.818490431964115 ], [ 74.033573435982532, 17.818499290371179 ], [ 74.033365149905819, 17.81865056740228 ], [ 74.032751006780344, 17.819096614360873 ], [ 74.032723182362744, 17.819116822372276 ], [ 74.032708005326029, 17.819127843601308 ], [ 74.0326185501917, 17.819190969992782 ], [ 74.032519290844377, 17.819261013381571 ], [ 74.032486926341349, 17.819283850320364 ], [ 74.032400529072248, 17.819344818082318 ], [ 74.032339369072758, 17.819387975879987 ], [ 74.032156408300509, 17.819517084031919 ], [ 74.031703053729458, 17.819869208049315 ], [ 74.031581330211822, 17.81996375141992 ], [ 74.031406238681498, 17.820099745354167 ], [ 74.031340943736794, 17.820150461366051 ], [ 74.031283788426805, 17.820191136277913 ], [ 74.031237482070537, 17.82022409200647 ], [ 74.031074754951746, 17.820294166632241 ], [ 74.030156273387831, 17.820626049633589 ], [ 74.030127566824603, 17.820647944807583 ], [ 74.030047364337719, 17.820709114788421 ], [ 74.030011752424926, 17.820736274643142 ], [ 74.029934860229858, 17.820840449811833 ], [ 74.02987944495662, 17.820915527186049 ], [ 74.029631671634931, 17.821251218993094 ], [ 74.0295868052781, 17.82131200563272 ], [ 74.029229423118693, 17.821794009991219 ], [ 74.029070842623298, 17.822212027410188 ], [ 74.028680376410321, 17.822854182376084 ], [ 74.028481162419638, 17.823182365285913 ], [ 74.027767133821115, 17.824219632389156 ], [ 74.027672333710882, 17.824357347150169 ], [ 74.027581697291978, 17.824468584968443 ], [ 74.027246594249945, 17.824971356840098 ], [ 74.027218600050745, 17.825043098079401 ], [ 74.026964571759777, 17.825694108589573 ], [ 74.0269513332874, 17.825732515985436 ], [ 74.026935660380644, 17.825777981245889 ], [ 74.026647764705132, 17.826132389069993 ], [ 74.026133197133987, 17.826755880055412 ], [ 74.026086950964853, 17.826811974989539 ], [ 74.025781270443332, 17.827182750651613 ], [ 74.025658273114644, 17.827603287617375 ], [ 74.025395224839883, 17.827956492850731 ], [ 74.025353891557046, 17.827972565070841 ], [ 74.024832694419075, 17.828175223378697 ], [ 74.024706116405625, 17.828206190199118 ], [ 74.023985139338379, 17.828382572097805 ], [ 74.023804964241847, 17.828426649586483 ], [ 74.023506396580771, 17.828077440675585 ], [ 74.02325371306776, 17.827770031388599 ], [ 74.022713211134345, 17.826924824151028 ], [ 74.022555586446373, 17.826344743004935 ], [ 74.022194766434438, 17.825492023002507 ], [ 74.022060172753697, 17.825173939884031 ], [ 74.021799789780388, 17.824535338059476 ], [ 74.021674446052202, 17.824210813605433 ], [ 74.021468722868974, 17.823785542806981 ], [ 74.021140512600113, 17.823113537824348 ], [ 74.021106037954468, 17.823024464286078 ], [ 74.020988433212437, 17.822707468857828 ], [ 74.02081602944142, 17.82224276778226 ], [ 74.020518733794773, 17.821558447104238 ], [ 74.020187912123404, 17.820727386414802 ], [ 74.019892363699981, 17.820000594149406 ], [ 74.01988891866084, 17.820001311676023 ], [ 74.018121944175093, 17.820369680396084 ], [ 74.016027468191254, 17.820619095892717 ], [ 74.015509773584597, 17.82066678857791 ], [ 74.015358527833456, 17.82070040615347 ], [ 74.014760292075053, 17.820833371218292 ], [ 74.014463728555384, 17.820809605717145 ], [ 74.014108966781691, 17.820781176737921 ], [ 74.013239916812879, 17.82066463686132 ], [ 74.013157231382564, 17.820663337792322 ], [ 74.012298681821136, 17.820649839960399 ], [ 74.011338077355205, 17.820796226770856 ], [ 74.01095870713263, 17.820854039137064 ], [ 74.010904500093446, 17.820861282785739 ], [ 74.010720694006508, 17.820885242413162 ], [ 74.010672773377664, 17.820891488027964 ], [ 74.010260293050379, 17.821007104982883 ], [ 74.009686350432176, 17.821145935711076 ], [ 74.008851723905067, 17.821347821831516 ], [ 74.008831520794345, 17.821352709356656 ], [ 74.008815841599372, 17.821356473135754 ], [ 74.008106192287855, 17.82151250783653 ], [ 74.008089924696378, 17.82151626306014 ], [ 74.007319685815574, 17.82166192907345 ], [ 74.00725864259708, 17.821673329002412 ], [ 74.00627104555349, 17.821866056963543 ], [ 74.006055670870865, 17.821908056200016 ], [ 74.005947097790681, 17.821929221724751 ], [ 74.005842957896434, 17.821949522632558 ], [ 74.005051887982503, 17.822130838423131 ], [ 74.004879449177182, 17.822170260861391 ], [ 74.004763798270858, 17.822196815862856 ], [ 74.004237542719551, 17.822353428801801 ], [ 74.003977558598223, 17.822433611966602 ], [ 74.003671002219335, 17.822534140407207 ], [ 74.003057743036095, 17.822688408081515 ], [ 74.002713417889382, 17.82277502478912 ], [ 74.002694119382141, 17.822785708841881 ], [ 74.002594931001724, 17.822840622280271 ], [ 74.00256980602154, 17.822854532154047 ], [ 74.002494413114675, 17.822896271175992 ], [ 74.002391476064616, 17.822953259301126 ], [ 74.001706089350606, 17.823064251697801 ], [ 74.001172508936449, 17.823150660408785 ], [ 74.001082541762401, 17.823165229618532 ], [ 74.000998283382017, 17.823219081635504 ], [ 74.000877498603884, 17.823296277194945 ], [ 74.000819800711483, 17.823308417623114 ], [ 73.999963681991218, 17.82348856468349 ], [ 73.999608942675422, 17.823563209066446 ], [ 73.998900173712869, 17.823701706841575 ], [ 73.998844286824095, 17.823712252296602 ], [ 73.99851072259618, 17.823775184644731 ], [ 73.998356128824014, 17.823814544289725 ], [ 73.998235129348487, 17.823854889114134 ], [ 73.998202689386929, 17.823865669739529 ], [ 73.998169522688357, 17.823876693240472 ], [ 73.998059523083455, 17.823910669393573 ], [ 73.998027693078001, 17.823920453710308 ], [ 73.99798076329094, 17.823934856948778 ], [ 73.997918286361241, 17.823954155336658 ], [ 73.99785107441167, 17.823974810065558 ], [ 73.997800588194394, 17.823990580760167 ], [ 73.997717680880172, 17.824016129778489 ], [ 73.997514856560386, 17.824078641262403 ], [ 73.997367256172708, 17.824124027411578 ], [ 73.997263180058809, 17.824156098139635 ], [ 73.99716680340525, 17.8241857195795 ], [ 73.997036230583745, 17.824236124847666 ], [ 73.997011246639076, 17.824262395616216 ], [ 73.996663986696348, 17.824323388186116 ], [ 73.996511609966248, 17.824352030399247 ], [ 73.996461209987231, 17.824361582078545 ], [ 73.996394854132163, 17.824373762628301 ], [ 73.996320216708455, 17.82438781862081 ], [ 73.99626140131187, 17.824398397387849 ], [ 73.996183964737739, 17.824412420025787 ], [ 73.996090484252647, 17.824428604596168 ], [ 73.995799926868941, 17.824480430274484 ], [ 73.995637658789278, 17.824509859241576 ], [ 73.995577346799422, 17.82452079803836 ], [ 73.995489128645261, 17.82453638139701 ], [ 73.995438794243256, 17.824546025427487 ], [ 73.995240008748993, 17.824584108952106 ], [ 73.994958571062043, 17.824638372743902 ], [ 73.994480311598053, 17.824757209637699 ], [ 73.994223556920147, 17.824819189786592 ], [ 73.993921339404068, 17.824889757762346 ], [ 73.993815719984539, 17.824913667246971 ], [ 73.993609264674362, 17.824960404387859 ], [ 73.993500624220545, 17.824989033670668 ], [ 73.993341085222696, 17.825031075785986 ], [ 73.993316376162511, 17.825037732602976 ], [ 73.993145064742876, 17.825083893311859 ], [ 73.992997143656623, 17.8251237512447 ], [ 73.992816660437938, 17.825172382580018 ], [ 73.992451797108885, 17.825270695385619 ], [ 73.992253789555633, 17.825324049045211 ], [ 73.992219435284241, 17.825333305631585 ], [ 73.992200020894302, 17.825338536834131 ], [ 73.992179317421957, 17.825344388049881 ], [ 73.992013175806775, 17.825390653012633 ], [ 73.99151977344205, 17.825528049593121 ], [ 73.99074682703899, 17.825635052637757 ], [ 73.990636984639295, 17.825650259615607 ], [ 73.989342866251093, 17.825890311107855 ], [ 73.9880042075945, 17.826098783636592 ], [ 73.987991643756928, 17.826100740304938 ], [ 73.987499181029946, 17.826181693162066 ], [ 73.987115082974043, 17.826246657416352 ], [ 73.98658574709961, 17.826336186013346 ], [ 73.986421197299123, 17.82636401804178 ], [ 73.986417009353261, 17.826378094401765 ], [ 73.986344380562585, 17.826622177109289 ], [ 73.9862525430961, 17.826930816419924 ], [ 73.986161237432313, 17.827237671286799 ], [ 73.98610801494668, 17.82742351757588 ], [ 73.986038656921892, 17.827665708048951 ], [ 73.985878401966787, 17.828211273371711 ], [ 73.985732632345645, 17.828707521671877 ], [ 73.98568761237685, 17.82885286368176 ], [ 73.985652202585001, 17.828967175607481 ], [ 73.985482666236351, 17.829514507148208 ], [ 73.985463503374717, 17.829576372759647 ], [ 73.985382029771714, 17.829836319607054 ], [ 73.98537605328012, 17.82985538817038 ], [ 73.98517319302772, 17.830502626917248 ], [ 73.985120893111869, 17.830669489408134 ], [ 73.98499271160567, 17.83107845462515 ], [ 73.984991588711566, 17.831088170990355 ], [ 73.984956796960617, 17.831389014605225 ], [ 73.984943999561068, 17.831499662247722 ], [ 73.984909206013484, 17.831598037409091 ], [ 73.984534503437118, 17.832657447663479 ], [ 73.984388002587323, 17.833149816573744 ], [ 73.984308651703344, 17.833405331083593 ], [ 73.984184452428764, 17.833817241997174 ], [ 73.984117252157333, 17.834040105960376 ], [ 73.983988532560275, 17.83445273800514 ], [ 73.983981381072283, 17.834466398124434 ], [ 73.98397904006265, 17.834470867977949 ], [ 73.983784188291011, 17.834460361641391 ], [ 73.983240259284784, 17.834431034370319 ], [ 73.982179121660479, 17.834404726619638 ], [ 73.981378619436072, 17.834384880359202 ], [ 73.980507824938982, 17.834386202417114 ], [ 73.979622316037563, 17.834371261280701 ], [ 73.97901780015701, 17.834389658067828 ], [ 73.978582056158785, 17.834419216235506 ], [ 73.978453338358335, 17.834422623997309 ], [ 73.977901178089169, 17.83439037981222 ], [ 73.977842898088468, 17.834073475584894 ], [ 73.977758405247812, 17.833662612823751 ], [ 73.977700310300065, 17.83336669787144 ], [ 73.977690975905944, 17.833250975201434 ], [ 73.977633392099605, 17.83308374912318 ], [ 73.977573482554973, 17.832835137817348 ], [ 73.977552953355811, 17.832433819170245 ], [ 73.977402124422994, 17.832082396413139 ], [ 73.977471265953753, 17.831612706837035 ], [ 73.97758607513866, 17.831129729354412 ], [ 73.977580305259579, 17.830924959586998 ], [ 73.977371119969263, 17.830634461835292 ], [ 73.977368506770105, 17.83063177062963 ], [ 73.977365338412071, 17.830628300368204 ], [ 73.977362301208146, 17.830624725776502 ], [ 73.977359399649742, 17.830621056261389 ], [ 73.977356636431935, 17.830617290967638 ], [ 73.977354015147938, 17.830613440157268 ], [ 73.977351537594373, 17.830609503830267 ], [ 73.977349208262837, 17.830605489683062 ], [ 73.977347029848261, 17.830601401136416 ], [ 73.977345005045649, 17.830597241610906 ], [ 73.977343135651523, 17.830593021368554 ], [ 73.977341424360915, 17.830588741264492 ], [ 73.977339873868729, 17.830584407284896 ], [ 73.977338484174993, 17.830580025415902 ], [ 73.97733725887295, 17.83057559907818 ], [ 73.977336199759236, 17.830571137678596 ], [ 73.977335305935512, 17.830566642072231 ], [ 73.977334580096766, 17.830562120810779 ], [ 73.977334022242957, 17.830557578170083 ], [ 73.977333634170748, 17.830553020136279 ], [ 73.977333415880167, 17.830548450985212 ], [ 73.977333367371116, 17.830543878413327 ], [ 73.977333490440316, 17.830539308406838 ], [ 73.977333780596169, 17.830534741820934 ], [ 73.977334242330215, 17.830530189772706 ], [ 73.977334872049227, 17.830525653972508 ], [ 73.977335669753217, 17.830521142972021 ], [ 73.977336633645521, 17.830516659336713 ], [ 73.977420898314094, 17.830157652590579 ], [ 73.977310603163517, 17.829770919670064 ], [ 73.977249888728409, 17.829664711852075 ], [ 73.976919346433093, 17.829333290374468 ], [ 73.976788231927472, 17.829187120949676 ], [ 73.976916364026366, 17.828569994135897 ], [ 73.976726685652437, 17.827853263393955 ], [ 73.976830989938378, 17.82727256526406 ], [ 73.976834871558708, 17.827257998100503 ], [ 73.976837178432348, 17.827248451707522 ], [ 73.97683930564294, 17.827238870251598 ], [ 73.976841254987121, 17.827229254587902 ], [ 73.976843025566566, 17.827219610702663 ], [ 73.976844615584596, 17.827209936885534 ], [ 73.976846027736229, 17.827200239122806 ], [ 73.976847259326476, 17.827190520835181 ], [ 73.976848308558715, 17.82718078373302 ], [ 73.976849178127964, 17.827171030381852 ], [ 73.976849864440794, 17.827161264202413 ], [ 73.97685037109062, 17.827151487760286 ], [ 73.976850693585817, 17.827141706186499 ], [ 73.976850837316249, 17.827131918625909 ], [ 73.97685079689208, 17.827122132775155 ], [ 73.9768505750082, 17.827112348634238 ], [ 73.976850172562962, 17.82710256962384 ], [ 73.976849586861391, 17.827092799164738 ], [ 73.976848820598434, 17.82708303896732 ], [ 73.976847871977498, 17.827073293307457 ], [ 73.976846741896878, 17.827063564750713 ], [ 73.976845433051523, 17.827053856717793 ], [ 73.97684394274647, 17.8270441717743 ], [ 73.976842272778356, 17.827034511630579 ], [ 73.976840424045491, 17.827024881417728 ], [ 73.97683839564958, 17.827015282846133 ], [ 73.976836190285553, 17.827005719336512 ], [ 73.97683380615679, 17.826996192599243 ], [ 73.976831245958223, 17.826986707765418 ], [ 73.976635591991041, 17.826287553285255 ], [ 73.9766141141709, 17.826064515426655 ], [ 73.976766985872686, 17.825736744039624 ], [ 73.976785029433486, 17.825635087700508 ], [ 73.976779449997281, 17.825425086403929 ], [ 73.976746794440061, 17.825414728336995 ], [ 73.976701118701115, 17.825400241409458 ], [ 73.976452822559949, 17.825282776671077 ], [ 73.976062129971552, 17.825092222882549 ], [ 73.976063490020891, 17.825058175118592 ], [ 73.976135334582352, 17.824869216025007 ], [ 73.976251599936319, 17.824757852743339 ], [ 73.976539571070319, 17.824476730700958 ], [ 73.976338237953883, 17.824338619221429 ], [ 73.976244794299703, 17.824298663620684 ], [ 73.976125565403635, 17.824344357584199 ], [ 73.975764949309237, 17.824554774923858 ], [ 73.975680912812734, 17.824342882371734 ], [ 73.975643100925808, 17.824214301095804 ], [ 73.975614671941997, 17.824109717404834 ], [ 73.97560932337278, 17.824089200378296 ], [ 73.975605795688679, 17.82407691119905 ], [ 73.975602039832481, 17.824064681882778 ], [ 73.975598056702509, 17.824052516705446 ], [ 73.975593848993711, 17.82404041823267 ], [ 73.975589417604397, 17.824028391595597 ], [ 73.975584761636313, 17.824016439359866 ], [ 73.975579885580927, 17.824004564946321 ], [ 73.975574789438326, 17.823992772630923 ], [ 73.975569473208466, 17.823981065834452 ], [ 73.975563941382944, 17.823969447977763 ], [ 73.975558193961788, 17.823957921626427 ], [ 73.975552235436496, 17.823946491911681 ], [ 73.975546061315541, 17.823935163109542 ], [ 73.975539679683763, 17.823923936075172 ], [ 73.975533088744541, 17.823912815939838 ], [ 73.975514944572424, 17.823871702305613 ], [ 73.975505553584441, 17.823848843719542 ], [ 73.975496584804645, 17.823825834615644 ], [ 73.975488047216174, 17.823802681835502 ], [ 73.975479941717353, 17.823779393075785 ], [ 73.975472269206506, 17.823755972612513 ], [ 73.975453318347277, 17.823600583840989 ], [ 73.975200998651985, 17.823275595020988 ], [ 73.975197085590594, 17.822861011170168 ], [ 73.9751592943649, 17.822757419575971 ], [ 73.975079138590431, 17.822594663206409 ], [ 73.974879119709271, 17.822397295691101 ], [ 73.974750702844446, 17.822144134314247 ], [ 73.97462894608914, 17.821871974144283 ], [ 73.974542787771938, 17.821719499134907 ], [ 73.974448062221867, 17.821609290982366 ], [ 73.974369548567708, 17.821505123959966 ], [ 73.974473907650889, 17.8214117085734 ], [ 73.974589359131215, 17.821250491208954 ], [ 73.97457592392783, 17.821236912176506 ], [ 73.974677208976104, 17.8210804487736 ], [ 73.974513887172606, 17.820760077783426 ], [ 73.974367166235581, 17.820726833947202 ], [ 73.974362728558077, 17.820720284726022 ], [ 73.974360998402844, 17.820717730204741 ], [ 73.976213436808095, 17.818385644791849 ], [ 73.976556726197302, 17.817955712794305 ], [ 73.976648617562645, 17.816641061798979 ], [ 73.977077298107801, 17.815500421614228 ], [ 73.97866605941762, 17.813523055774816 ], [ 73.979926863783504, 17.811812070965871 ], [ 73.979682596586386, 17.811641637228238 ], [ 73.979670612162181, 17.811633275384523 ], [ 73.979670168394449, 17.811632965781655 ], [ 73.979510046389976, 17.811521243575275 ], [ 73.979391262159993, 17.81143836486201 ], [ 73.979290469388459, 17.811368037875368 ], [ 73.97871555658979, 17.811213568826812 ], [ 73.978168249019774, 17.811066514743029 ], [ 73.97798772537692, 17.811018011269333 ], [ 73.976864163823493, 17.810889820643752 ], [ 73.97676242961758, 17.810878213052252 ], [ 73.975409803056635, 17.810654134730495 ], [ 73.975251680701987, 17.810627939785245 ], [ 73.974884027205647, 17.810513605834462 ], [ 73.97476591491548, 17.810484975937342 ], [ 73.974535132329095, 17.810428633825833 ], [ 73.974422458439619, 17.810401203848418 ], [ 73.974207688323204, 17.810348738616621 ], [ 73.973877402946059, 17.81027672718724 ], [ 73.973860875741451, 17.810273123963665 ], [ 73.973585483716377, 17.810213111849968 ], [ 73.973292229590172, 17.810155136954201 ], [ 73.97308247117472, 17.810113479620266 ], [ 73.97280891440775, 17.810059427788868 ], [ 73.972686367135012, 17.810053365676403 ], [ 73.9723067894016, 17.810002789621457 ], [ 73.971981205806657, 17.809959397775284 ], [ 73.971640065187614, 17.809922030404014 ], [ 73.971521836116466, 17.809909175773313 ], [ 73.971498927280081, 17.809906685241991 ], [ 73.971245917678615, 17.809913125386494 ], [ 73.971244677105219, 17.809912964596684 ], [ 73.97078951781873, 17.809854232693699 ], [ 73.970125781401379, 17.809803486384489 ], [ 73.969887267015352, 17.809784655150199 ], [ 73.969767274551288, 17.809775231834923 ], [ 73.969383198953238, 17.809717261073136 ], [ 73.969327929207068, 17.809708919665603 ], [ 73.969184520358496, 17.809687324201818 ], [ 73.968647760806547, 17.809674649160094 ], [ 73.967891240996778, 17.809597570860575 ], [ 73.967793726177717, 17.809591899589151 ], [ 73.967624536578796, 17.809582064025296 ], [ 73.967327028929731, 17.809577198414392 ], [ 73.967033057049662, 17.809572660370424 ], [ 73.966589005431672, 17.80954955363406 ], [ 73.966172933639839, 17.809535786407015 ], [ 73.966107123960441, 17.80953360889805 ], [ 73.965888886346988, 17.809519839959233 ], [ 73.965690677571118, 17.809507170892445 ], [ 73.965517798591335, 17.809496234595464 ], [ 73.965443484561135, 17.809491524640787 ], [ 73.96511711134707, 17.809470845141636 ], [ 73.964657203565977, 17.809430465417069 ], [ 73.964534606885906, 17.809419700168785 ], [ 73.964264561633414, 17.809390011275063 ], [ 73.964228143931777, 17.809385948755001 ], [ 73.964021746113787, 17.809362925810685 ], [ 73.963842795420987, 17.809343146038128 ], [ 73.963809534399275, 17.809339618914535 ], [ 73.963465505696604, 17.809342368599875 ], [ 73.963065472425853, 17.809345263680697 ], [ 73.962808692595132, 17.809343776370341 ], [ 73.962689236425291, 17.809343083603597 ], [ 73.962341575833946, 17.809342112874877 ], [ 73.962201867145993, 17.809341490240076 ], [ 73.96219096968332, 17.809341538135048 ], [ 73.961919614687119, 17.809342752615041 ], [ 73.961574288817161, 17.809324602980457 ], [ 73.961156135628826, 17.809302626876008 ], [ 73.960698002020436, 17.809264635876772 ], [ 73.960666458577549, 17.809262040138453 ], [ 73.960268277632906, 17.809229265411069 ], [ 73.959963578970019, 17.80923577485677 ], [ 73.95980979817314, 17.809239060796816 ], [ 73.959857842769495, 17.81030999606412 ], [ 73.959586243431531, 17.810515694384208 ], [ 73.959503798749722, 17.810578133628749 ], [ 73.959471454009588, 17.81060263174238 ], [ 73.959263943178954, 17.810671523902549 ], [ 73.959070123571564, 17.810735871179638 ], [ 73.958972854890916, 17.810730114418337 ], [ 73.95896226734699, 17.810729488367311 ], [ 73.958882077436527, 17.81072474337951 ], [ 73.958924523732023, 17.81108497636999 ], [ 73.958800788886435, 17.811399254785378 ], [ 73.958753912099979, 17.81151832030632 ], [ 73.957729184990768, 17.811705774617515 ], [ 73.957590940556756, 17.811731063688185 ], [ 73.956876367579142, 17.811821400950642 ], [ 73.956283995124622, 17.81189628626958 ], [ 73.956162734239356, 17.811911615010576 ], [ 73.955970517226447, 17.811936660304312 ], [ 73.955929193825071, 17.811942045845971 ], [ 73.955789459085992, 17.811966755875481 ], [ 73.955622059829409, 17.811996361380558 ], [ 73.955406844148598, 17.812034419362941 ], [ 73.955274053386646, 17.812057902089379 ], [ 73.95513746634434, 17.812082055332187 ], [ 73.955107658446593, 17.812087327975863 ], [ 73.954995125592617, 17.812110895365464 ], [ 73.954661748214264, 17.812180710617291 ], [ 73.954394768013515, 17.812236619416868 ], [ 73.954374632276426, 17.812154161821081 ], [ 73.954356737835951, 17.812080887909833 ], [ 73.953723831599163, 17.812306270410801 ], [ 73.953559091355828, 17.812364934796516 ], [ 73.952647161205277, 17.812480972933947 ], [ 73.952580930216001, 17.812487425814297 ], [ 73.951724017385004, 17.812570928374086 ], [ 73.951516652081466, 17.812591131993621 ], [ 73.951129346141656, 17.812587029349647 ], [ 73.950821101828311, 17.812583763142079 ], [ 73.95066444642255, 17.812595045626814 ], [ 73.950480390603985, 17.812608302887547 ], [ 73.950479170691835, 17.812608390978532 ], [ 73.950353310432334, 17.81261744039902 ], [ 73.950233289222169, 17.812626065614118 ], [ 73.949953299619466, 17.812646193965303 ], [ 73.949898239180769, 17.812650152925602 ], [ 73.949686994951804, 17.812671927633442 ], [ 73.948480104774319, 17.812796331636946 ], [ 73.948283009909403, 17.812816646413562 ], [ 73.948022887447536, 17.812843329385526 ], [ 73.947948377584609, 17.812841815591604 ], [ 73.947837877618156, 17.812839572268711 ], [ 73.947812660111495, 17.812839076223202 ], [ 73.947795943362379, 17.812838747806907 ], [ 73.947674784885052, 17.812836364222814 ], [ 73.947482981995492, 17.812832591711295 ], [ 73.947353260776865, 17.812830023392969 ], [ 73.947151325789207, 17.812825996016578 ], [ 73.946886179049955, 17.812820685763683 ], [ 73.946623774867277, 17.812815429391495 ], [ 73.946468745412162, 17.812812323975294 ], [ 73.946392190085319, 17.812810785378812 ], [ 73.945783536564576, 17.812798540750343 ], [ 73.945769999851535, 17.812794930735731 ], [ 73.945441635072484, 17.812707382086245 ], [ 73.945221131907914, 17.812648590380668 ], [ 73.945117946922792, 17.812621084627281 ], [ 73.944888040193817, 17.812559803254203 ], [ 73.944269869022619, 17.812394995230036 ], [ 73.943935021102135, 17.812305898375559 ], [ 73.943793949669924, 17.812268189394548 ], [ 73.943655813033757, 17.812231365593181 ], [ 73.943586453212319, 17.812212838230387 ], [ 73.943541311971018, 17.812200779150952 ], [ 73.943203630764131, 17.812118029896887 ], [ 73.94297817967896, 17.8120627821719 ], [ 73.942837034584883, 17.812028193108699 ], [ 73.94271291436209, 17.811998485833623 ], [ 73.942570491863677, 17.811964396226905 ], [ 73.942520527567581, 17.811952335420141 ], [ 73.942372711584184, 17.811916647332531 ], [ 73.942183287433508, 17.811839522962927 ], [ 73.942049212080718, 17.811784935409229 ], [ 73.941996568110113, 17.811773398862215 ], [ 73.941560995690082, 17.811677951418574 ], [ 73.941310236368409, 17.811623002041827 ], [ 73.941257855604192, 17.811609668589998 ], [ 73.94113242743434, 17.81164471957289 ], [ 73.940645445328926, 17.811571111046867 ], [ 73.940444076279903, 17.811554277024328 ], [ 73.939383855835501, 17.811409681232103 ], [ 73.939031291340982, 17.811292100366934 ], [ 73.938619361680935, 17.811149639943707 ], [ 73.938269885594394, 17.811033444427451 ], [ 73.93772009508092, 17.810858256408864 ], [ 73.937687533846841, 17.810803170793132 ], [ 73.937449562043241, 17.810400574375191 ], [ 73.937083600074573, 17.809802742303582 ], [ 73.936660071367569, 17.809124747337361 ], [ 73.936532828600832, 17.808912685917448 ], [ 73.936116975099637, 17.808191103710335 ], [ 73.936063377118174, 17.808098097866097 ], [ 73.93606241771748, 17.808096432648476 ], [ 73.934717395395381, 17.808474887381642 ], [ 73.934328160772665, 17.808549071072662 ], [ 73.932836279172989, 17.808673092224986 ], [ 73.932785697734289, 17.808677295025678 ], [ 73.932749619595867, 17.80868029360504 ], [ 73.932677438166124, 17.808679944654557 ], [ 73.930824156242835, 17.809177939052063 ], [ 73.930751280415393, 17.809159090646371 ], [ 73.929862280660771, 17.808864009093483 ], [ 73.929825159578286, 17.80893646497821 ], [ 73.929808073621615, 17.809245754124785 ], [ 73.929781805984362, 17.809721289375037 ], [ 73.929804033897753, 17.810061147725072 ], [ 73.929807059423638, 17.81010738329908 ], [ 73.929808661119765, 17.810130312068296 ], [ 73.929803362856276, 17.810177150585218 ], [ 73.929787212045738, 17.81031989487732 ], [ 73.929779872809888, 17.810384759715181 ], [ 73.929768635783986, 17.810485580607633 ], [ 73.929783975415759, 17.81063157293578 ], [ 73.929786639818914, 17.810656920316561 ], [ 73.929788213667294, 17.810671877980717 ], [ 73.929808186809296, 17.810861827120704 ], [ 73.929828392615008, 17.811053976640828 ], [ 73.929839359247964, 17.811179406373061 ], [ 73.929847376711905, 17.811272559425422 ], [ 73.929853098980246, 17.811339375615596 ], [ 73.929859348559688, 17.811410728067504 ], [ 73.929865340322621, 17.811479530113488 ], [ 73.929871457849728, 17.811549747583268 ], [ 73.929896794832288, 17.811843073984264 ], [ 73.929897273634339, 17.811848599790633 ], [ 73.929901731973104, 17.811900091300572 ], [ 73.929902016739064, 17.811903382323084 ], [ 73.929909288601294, 17.811986340358946 ], [ 73.929892777566351, 17.812074080939432 ], [ 73.92988578777512, 17.812111604371324 ], [ 73.929886418392456, 17.812130279703602 ], [ 73.929888656095827, 17.812193376073122 ], [ 73.929893669593426, 17.812345028779433 ], [ 73.929897901556714, 17.812467542047461 ], [ 73.929905030586824, 17.812680591332253 ], [ 73.929928390377484, 17.81286981136958 ], [ 73.92988011042253, 17.813345157354107 ], [ 73.929881718406904, 17.813498179187636 ], [ 73.929882976946601, 17.813613559757851 ], [ 73.929883294950216, 17.813642714274337 ], [ 73.92988525866744, 17.813812991299848 ], [ 73.929887388572951, 17.814014380275012 ], [ 73.929888834860577, 17.814146753366114 ], [ 73.929890054772741, 17.814263287240792 ], [ 73.929891040224589, 17.814353517170197 ], [ 73.92993584010614, 17.814776048897425 ], [ 73.929942500215645, 17.814838919402273 ], [ 73.929948497368471, 17.814896406143202 ], [ 73.929953871090504, 17.814947204028041 ], [ 73.929967038595962, 17.815071707362442 ], [ 73.929977352153742, 17.815169409111725 ], [ 73.929968808277039, 17.815200974293973 ], [ 73.92999835117179, 17.815314817753126 ], [ 73.929976652366122, 17.815404778605487 ], [ 73.929967648552022, 17.815429150335994 ], [ 73.929971729598378, 17.815656871099762 ], [ 73.929977363831838, 17.815971447631572 ], [ 73.930009464230181, 17.816121501255918 ], [ 73.930047872598493, 17.816301050074248 ], [ 73.930051423638801, 17.816376058375972 ], [ 73.930064946877081, 17.81666175842652 ], [ 73.930070049307886, 17.816769561304778 ], [ 73.930087175688783, 17.816864504857229 ], [ 73.930121206566696, 17.817053161133575 ], [ 73.930137652922923, 17.817144332969921 ], [ 73.930145526656375, 17.817235271281941 ], [ 73.930116945857321, 17.817628329306178 ], [ 73.93005908986143, 17.817982556634885 ], [ 73.930036982322278, 17.81811792092423 ], [ 73.930008165266273, 17.818294357279829 ], [ 73.930010299663422, 17.818313351818489 ], [ 73.93006777387528, 17.818518266073106 ], [ 73.930089479867476, 17.818595655238578 ], [ 73.930096763407803, 17.819029351231418 ], [ 73.930097112852451, 17.819036102346921 ], [ 73.930121084395822, 17.819499099635017 ], [ 73.930141320744212, 17.819654535598684 ], [ 73.930142576588992, 17.819941713340661 ], [ 73.930049018848777, 17.820130216697539 ], [ 73.929976540076694, 17.820276251586158 ], [ 73.930020461405888, 17.820644984058887 ], [ 73.93003036982347, 17.820728160382561 ], [ 73.930090486878925, 17.82091809966397 ], [ 73.930237451259401, 17.821382432177217 ], [ 73.930280152676431, 17.82159355257496 ], [ 73.930457894236881, 17.822267891158795 ], [ 73.930497989641239, 17.822455894326261 ], [ 73.930602835611339, 17.822947492671879 ], [ 73.930627681215455, 17.823063990861264 ], [ 73.930634957569254, 17.823133318634795 ], [ 73.930675956678812, 17.823523898967494 ], [ 73.930724330956878, 17.823932902822285 ], [ 73.930758955621201, 17.824226060899072 ], [ 73.930773944910001, 17.824437007744251 ], [ 73.930798298237377, 17.824779747409693 ], [ 73.930816502596599, 17.824904709101155 ], [ 73.930878088397563, 17.82532745099472 ], [ 73.930937251442145, 17.825592411177034 ], [ 73.931014758983181, 17.825939522906623 ], [ 73.931041042790071, 17.825965295704727 ], [ 73.931131613631976, 17.826054098388951 ], [ 73.931184867558642, 17.826106314415011 ], [ 73.931239298278328, 17.826399095199886 ], [ 73.931312569364479, 17.826793213966635 ], [ 73.931467952755796, 17.827359196846945 ], [ 73.931551524823334, 17.827359776659776 ], [ 73.931624233564094, 17.827573822388466 ], [ 73.932119533170734, 17.827614688021452 ], [ 73.932158395188239, 17.827617894090984 ], [ 73.932439602008131, 17.82743639659904 ], [ 73.932454177173639, 17.827407685612087 ], [ 73.933025911732841, 17.826281437847921 ], [ 73.933224174407627, 17.826009333597593 ], [ 73.9341345953885, 17.825735165360825 ], [ 73.934181347309135, 17.825747923924389 ], [ 73.934963487070831, 17.826042992069521 ], [ 73.935091302962718, 17.826115265658927 ], [ 73.935200883952646, 17.826175532396164 ], [ 73.935390100592542, 17.826242705599487 ], [ 73.935512263386315, 17.826279587224658 ], [ 73.935683721231356, 17.826299440374477 ], [ 73.935830891326049, 17.826301325204962 ], [ 73.936002986974898, 17.826274094362709 ], [ 73.936273910779761, 17.82619515038121 ], [ 73.936563470135198, 17.826098783636589 ], [ 73.936903757354699, 17.825879452782829 ], [ 73.937078929733445, 17.825726520255493 ], [ 73.93744254440422, 17.825348735840024 ], [ 73.937654058127762, 17.825296314346087 ], [ 73.937784683949857, 17.825263941085524 ], [ 73.938543421700075, 17.825356811406643 ], [ 73.938604133440236, 17.825364241303898 ], [ 73.938718718944642, 17.825615562014267 ], [ 73.939112613128728, 17.82647946981615 ], [ 73.939331437342048, 17.826519956853119 ], [ 73.94051995876859, 17.826739839367391 ], [ 73.94077239344827, 17.826781204619056 ], [ 73.941631906003664, 17.826922047371024 ], [ 73.941820796555106, 17.826788450592382 ], [ 73.94181039406412, 17.826725784415615 ], [ 73.94178425668261, 17.826568351776309 ], [ 73.942159642876902, 17.826496712918189 ], [ 73.942227266254861, 17.826476753747357 ], [ 73.942757125847095, 17.826465756918047 ], [ 73.943205458835735, 17.826447413189211 ], [ 73.943623732398322, 17.826421142742817 ], [ 73.943767364927425, 17.826495858588071 ], [ 73.943973861560082, 17.826545778312784 ], [ 73.944028984880859, 17.826640631994096 ], [ 73.944033504305054, 17.826648405622038 ], [ 73.944103059060893, 17.826772575812949 ], [ 73.944206435387144, 17.826996050638854 ], [ 73.944264529436566, 17.827125238797215 ], [ 73.944333527236921, 17.82725279089939 ], [ 73.944346454892155, 17.827276687239173 ], [ 73.944389918080546, 17.827375130581608 ], [ 73.944473070634842, 17.82752944794122 ], [ 73.944543059276938, 17.827654483815181 ], [ 73.944592100104913, 17.827736552830626 ], [ 73.944591975239078, 17.827737129221504 ], [ 73.944550638362983, 17.82777870033981 ], [ 73.944570164143997, 17.827948996357655 ], [ 73.944563706155421, 17.828076112584572 ], [ 73.944553008118689, 17.828166834089728 ], [ 73.944532937958641, 17.828250622629845 ], [ 73.944440742962726, 17.828417542816634 ], [ 73.944339330353642, 17.828566172357235 ], [ 73.944238102797542, 17.828701177985916 ], [ 73.944194771661486, 17.828755143778309 ], [ 73.944127841782944, 17.828804266702818 ], [ 73.944051880242526, 17.828821477938423 ], [ 73.943923924213465, 17.828833484582926 ], [ 73.943814405207277, 17.828882069581475 ], [ 73.943737640573005, 17.828958327127644 ], [ 73.943631619606521, 17.829097811854393 ], [ 73.943575399442778, 17.829403745390003 ], [ 73.943564081568525, 17.829539886905838 ], [ 73.94351066864003, 17.829639153381713 ], [ 73.943295249939965, 17.829818140417814 ], [ 73.943256342108356, 17.829894875602758 ], [ 73.943259839249791, 17.829985776622262 ], [ 73.943547855299542, 17.830384653298172 ], [ 73.943833388405864, 17.830617680067952 ], [ 73.944092988946565, 17.830856446396243 ], [ 73.944254068555097, 17.831004597575816 ], [ 73.944277109443817, 17.831050318039857 ], [ 73.944271758179667, 17.831095677613266 ], [ 73.944228550112811, 17.831140559994221 ], [ 73.944152340637359, 17.831175938939481 ], [ 73.944033918428431, 17.831183527654328 ], [ 73.943835792297563, 17.831135594062541 ], [ 73.943759832553752, 17.831152805072893 ], [ 73.943692344821415, 17.831242808385003 ], [ 73.943643474673323, 17.831355759069499 ], [ 73.943406429931102, 17.831732088091531 ], [ 73.943363035912967, 17.831790595575111 ], [ 73.94328172400671, 17.831853166757849 ], [ 73.943005222562277, 17.831999581991017 ], [ 73.942924405627764, 17.83202581569812 ], [ 73.942862889895409, 17.832025036648499 ], [ 73.942726156427668, 17.831986963266072 ], [ 73.94263668242877, 17.831954030236947 ], [ 73.942552000941845, 17.831916613601699 ], [ 73.942439050371306, 17.831869755997882 ], [ 73.942297830717067, 17.831813452287072 ], [ 73.94222697340409, 17.831803469151559 ], [ 73.942146404404568, 17.831811534163702 ], [ 73.942079844631905, 17.831833404873855 ], [ 73.942022565354449, 17.831869022271025 ], [ 73.941984089612518, 17.831913962607903 ], [ 73.941954830585402, 17.831977192219728 ], [ 73.941939332850112, 17.832072396189531 ], [ 73.941998489606505, 17.832593304986524 ], [ 73.942011570873674, 17.832675242598068 ], [ 73.942032812436906, 17.832852682173829 ], [ 73.942045520004896, 17.83296187257934 ], [ 73.942028902968772, 17.833138832128469 ], [ 73.942018321713022, 17.833220470185502 ], [ 73.941993666551753, 17.833292842626104 ], [ 73.941955005756867, 17.833351410312783 ], [ 73.941787586737348, 17.833481033410106 ], [ 73.941658426965816, 17.833581611201975 ], [ 73.941620013207654, 17.833622010254501 ], [ 73.941581287734053, 17.833685120393991 ], [ 73.941542376309215, 17.833761855623301 ], [ 73.941522393285723, 17.833838830261552 ], [ 73.941516418590751, 17.833929611257634 ], [ 73.941515175322408, 17.834020452923021 ], [ 73.941532922439151, 17.834106990578405 ], [ 73.941652403761836, 17.834367445612553 ], [ 73.941688825955026, 17.834472394415382 ], [ 73.941683223162599, 17.834535922420251 ], [ 73.94164406020947, 17.834630826576262 ], [ 73.941586032635399, 17.834720950416642 ], [ 73.941528067045056, 17.834806529113632 ], [ 73.941455844292861, 17.834896471574361 ], [ 73.941364942870919, 17.834968006147275 ], [ 73.941259908254636, 17.835034817729557 ], [ 73.941131217403679, 17.835101330841468 ], [ 73.940817796997663, 17.835179130114369 ], [ 73.94054519064828, 17.835230615738617 ], [ 73.940418347631891, 17.83522900892423 ], [ 73.940142054596535, 17.835192295049836 ], [ 73.939830861114132, 17.835177277018161 ], [ 73.939668513084428, 17.835241641101717 ], [ 73.9395389436811, 17.83543926888807 ], [ 73.939385703670041, 17.835680878938227 ], [ 73.939348836810765, 17.835846470969866 ], [ 73.939358093949778, 17.836012648618219 ], [ 73.93939829715201, 17.836444911761586 ], [ 73.939459873969795, 17.836999225587942 ], [ 73.939489737563093, 17.837342798781318 ], [ 73.939488212223722, 17.837453487191617 ], [ 73.939405360605093, 17.837607426402361 ], [ 73.938881454148216, 17.837966108574008 ], [ 73.93844933125888, 17.838359169606363 ], [ 73.938086387629596, 17.838753108840962 ], [ 73.937980167237143, 17.838928892823283 ], [ 73.937980886787685, 17.838929412739663 ], [ 73.938005835698064, 17.838947470426138 ], [ 73.938021018124715, 17.839145871407638 ], [ 73.938038861361179, 17.839379127003113 ], [ 73.938044716580208, 17.839680444031149 ], [ 73.938046159274549, 17.839754794307975 ], [ 73.938049801943038, 17.840169729628954 ], [ 73.938040236681886, 17.840853180130161 ], [ 73.938002729323841, 17.84133094497377 ], [ 73.937990364912253, 17.841486881797024 ], [ 73.937983579038615, 17.841572413631276 ], [ 73.937960178823758, 17.841867098122844 ], [ 73.937963648117375, 17.841955844992061 ], [ 73.937977059964581, 17.842299594178858 ], [ 73.937981769831637, 17.842492453742022 ], [ 73.937955448295483, 17.842663221390936 ], [ 73.937939801439867, 17.842764706395386 ], [ 73.937918896744875, 17.843005268405811 ], [ 73.937910681651616, 17.843143418426784 ], [ 73.937903628080008, 17.84326199841329 ], [ 73.937884739204506, 17.843545312363048 ], [ 73.937867464601595, 17.843804167375634 ], [ 73.937846498821202, 17.844074346968313 ], [ 73.937842714218888, 17.844125116866248 ], [ 73.937827338654515, 17.844331251584293 ], [ 73.937820309337383, 17.844475082708765 ], [ 73.937809155854836, 17.844703128050661 ], [ 73.937803735420403, 17.844813854639348 ], [ 73.938649254918658, 17.844883261166547 ], [ 73.938712237599844, 17.844888431938053 ], [ 73.939051583384952, 17.844908009382291 ], [ 73.939861307714054, 17.844911241648521 ], [ 73.940065346556111, 17.844917793400594 ], [ 73.94013899583301, 17.844930009313636 ], [ 73.940630633008212, 17.845011559874834 ], [ 73.940640986091864, 17.845013277763453 ], [ 73.940649508408953, 17.845013085366777 ], [ 73.940705077294112, 17.845011831795468 ], [ 73.940705615384971, 17.845017619942805 ], [ 73.940716497576346, 17.845134617608537 ], [ 73.940726238008978, 17.845343825223182 ], [ 73.940730872417504, 17.845414449198177 ], [ 73.9407375783411, 17.845516646637378 ], [ 73.940740846412098, 17.845675255380264 ], [ 73.940731658443383, 17.845749464628081 ], [ 73.940706988909085, 17.845948672075725 ], [ 73.940704275098568, 17.845970592354824 ], [ 73.940672453177953, 17.846179220090292 ], [ 73.940664367442082, 17.846239814377739 ], [ 73.940643051318688, 17.846385754321414 ], [ 73.940632726082825, 17.846456442014652 ], [ 73.940627197850588, 17.846494282283832 ], [ 73.940618236257308, 17.846559887285348 ], [ 73.940757714976499, 17.846672942834754 ], [ 73.940808234431472, 17.846885551033719 ], [ 73.940828737579523, 17.847000955299791 ], [ 73.940840213557266, 17.847066800393783 ], [ 73.940742864926548, 17.847065922219951 ], [ 73.94073894018706, 17.847065887161385 ], [ 73.94074346230623, 17.847208325706216 ], [ 73.940744489978897, 17.847240722340242 ], [ 73.94076710955774, 17.847954208674182 ], [ 73.940782224610743, 17.848044837963556 ], [ 73.940850777744998, 17.84845588557727 ], [ 73.940876453392463, 17.848598897622665 ], [ 73.940901002552522, 17.848735641827865 ], [ 73.940876218932175, 17.848833608998948 ], [ 73.940841340942924, 17.848971475740367 ], [ 73.940817840116793, 17.84906435934942 ], [ 73.940817727827394, 17.849064801424184 ], [ 73.940756496860999, 17.849396778739845 ], [ 73.940677687661108, 17.849749985205214 ], [ 73.940674625304297, 17.849756734301142 ], [ 73.940506363665079, 17.850127512633474 ], [ 73.940424310648694, 17.850308301228274 ], [ 73.940390210600512, 17.850383430310021 ], [ 73.940359208841741, 17.850451731624275 ], [ 73.940347299876052, 17.850532279223223 ], [ 73.94031503957757, 17.850750456149498 ], [ 73.940283882410228, 17.850961154385413 ], [ 73.940259118552788, 17.851128589407445 ], [ 73.940258358578063, 17.851262765614358 ], [ 73.940258109744747, 17.851307080277408 ], [ 73.940192950445621, 17.851507116901846 ], [ 73.940146067370932, 17.851651034573173 ], [ 73.940145143902811, 17.85169141071345 ], [ 73.940143573647688, 17.85175726518754 ], [ 73.940138737118218, 17.851960200824422 ], [ 73.940121732908196, 17.852043701981739 ], [ 73.940085905399727, 17.852219621617937 ], [ 73.939737271932913, 17.85371616491814 ], [ 73.939654299041678, 17.85407215370051 ], [ 73.939588086917013, 17.85420484075145 ], [ 73.939422162694171, 17.854537248826698 ], [ 73.939408940391488, 17.854562520700711 ], [ 73.939367287308386, 17.854642124173171 ], [ 73.9393510942771, 17.854706456421344 ], [ 73.939258256985738, 17.855075235595692 ], [ 73.939164920231079, 17.855641534709815 ], [ 73.938983712071987, 17.855689345416412 ], [ 73.938928831296309, 17.855873787948017 ], [ 73.938852619125925, 17.856129889742554 ], [ 73.938787552353261, 17.856348516395819 ], [ 73.93872047155773, 17.856798499583238 ], [ 73.938713527580603, 17.85684527367092 ], [ 73.938687287791154, 17.85686326712154 ], [ 73.93861137565807, 17.856915449315061 ], [ 73.938370738553004, 17.857080841176092 ], [ 73.938291924861574, 17.857231364634078 ], [ 73.938193526100292, 17.857399834333993 ], [ 73.938010877043453, 17.857712501368333 ], [ 73.9379477668015, 17.857820879630271 ], [ 73.937939879593273, 17.857834319922166 ], [ 73.937950127574055, 17.857956694164734 ], [ 73.937950613562634, 17.857962489586232 ], [ 73.937953291440479, 17.857994462730073 ], [ 73.937965087218473, 17.85813532695877 ], [ 73.937868644987873, 17.858306753359734 ], [ 73.937871017438553, 17.858478424134493 ], [ 73.937845380418651, 17.858585621986702 ], [ 73.937738135048463, 17.858587251676028 ], [ 73.937680876432239, 17.8585881212427 ], [ 73.937613371631912, 17.858748367685511 ], [ 73.937610755737822, 17.858764139574919 ], [ 73.937601275816604, 17.858821029861044 ], [ 73.937589256358123, 17.858839133410626 ], [ 73.93721201244783, 17.859407320410188 ], [ 73.937125143563222, 17.85953815491342 ], [ 73.937046647875363, 17.860120832332839 ], [ 73.936979745844567, 17.860507477933783 ], [ 73.936824636439397, 17.860908304910929 ], [ 73.936788524164996, 17.861001619201737 ], [ 73.936799828564531, 17.861059366356304 ], [ 73.936827531709596, 17.861200531688706 ], [ 73.93683451341596, 17.861236103877822 ], [ 73.936837910844375, 17.861253418854631 ], [ 73.936853795753521, 17.861334369405512 ], [ 73.936877284003259, 17.861595039385374 ], [ 73.936906463080319, 17.861974579172387 ], [ 73.936940316990132, 17.862413154223731 ], [ 73.936912922865545, 17.862823859119459 ], [ 73.936895956384774, 17.863100135968494 ], [ 73.936899777817985, 17.863201424632592 ], [ 73.936898106951546, 17.863522436598014 ], [ 73.936903586674774, 17.863635182113875 ], [ 73.936946587230807, 17.863627141629156 ], [ 73.937605035266088, 17.864844255178561 ], [ 73.938064866690354, 17.865706111246336 ], [ 73.938287742305604, 17.866102281314959 ], [ 73.937550635987449, 17.866406275381454 ], [ 73.936467946881166, 17.866840096861928 ], [ 73.936237709572126, 17.866924475092983 ], [ 73.936121677780136, 17.867018846414243 ], [ 73.936036509406364, 17.867088114318314 ], [ 73.935797147010717, 17.867282792072945 ], [ 73.934739546951974, 17.868122993220876 ], [ 73.93463606731946, 17.869080769942396 ], [ 73.934652070806251, 17.869296767852653 ], [ 73.934720543990437, 17.871484898620128 ], [ 73.934754384425531, 17.872495238385937 ], [ 73.934745158727537, 17.872582800382148 ], [ 73.934388767409942, 17.873369890301344 ], [ 73.933988913802253, 17.874288794693804 ], [ 73.932934350947505, 17.876621384697842 ], [ 73.932501999886085, 17.877597246317009 ], [ 73.932365555675915, 17.877896030388147 ], [ 73.932180714729782, 17.877791891184227 ], [ 73.931412491668496, 17.877392826700007 ], [ 73.931120019974898, 17.877490399342321 ], [ 73.92998681141367, 17.877849311426345 ], [ 73.929961038748161, 17.877877774035777 ], [ 73.929747227134129, 17.877902929739687 ], [ 73.92969852227607, 17.877940411082143 ], [ 73.928876675182167, 17.878203277830941 ], [ 73.927986259682655, 17.878482220397263 ], [ 73.926889164294153, 17.878611295936651 ], [ 73.926574159259999, 17.878636476329774 ], [ 73.924397671582312, 17.878869067143562 ], [ 73.92342338307968, 17.878711755877774 ], [ 73.922751731606354, 17.878519473349744 ], [ 73.921079868047912, 17.878221518760981 ], [ 73.919479432232677, 17.877936405697358 ], [ 73.919445748104479, 17.877879265048257 ], [ 73.919284735869553, 17.877882435159552 ], [ 73.917624468663149, 17.877915192973045 ], [ 73.917375551786122, 17.877920113997011 ], [ 73.917223030427309, 17.877917986055984 ], [ 73.917200732445323, 17.877923571366811 ], [ 73.915597238764832, 17.877955334879889 ], [ 73.915597130967015, 17.877955784577257 ], [ 73.915570291102938, 17.877955152778075 ], [ 73.915425011063618, 17.877949122900507 ], [ 73.914405275892449, 17.877532677840211 ], [ 73.913268145286665, 17.877107649895503 ], [ 73.913200574011, 17.87709288077107 ], [ 73.911333924257931, 17.875648874247837 ], [ 73.911241823585115, 17.875638006989931 ], [ 73.908139844789318, 17.874590248366719 ], [ 73.908126311669548, 17.874621581578989 ], [ 73.906109078223736, 17.87389145020936 ], [ 73.906026352369238, 17.873896331161788 ], [ 73.905260538589545, 17.873941529339195 ], [ 73.904253659208351, 17.874508896039906 ], [ 73.902990391661959, 17.874489856200992 ], [ 73.901024225643411, 17.872755018225913 ], [ 73.899589655660549, 17.872217186697686 ], [ 73.897693127042828, 17.871023346370272 ], [ 73.897333641029064, 17.871270450865445 ], [ 73.894928094632021, 17.872923957122858 ], [ 73.894700913391603, 17.873129040202176 ], [ 73.89370689159712, 17.873652410764684 ], [ 73.891385704191734, 17.875184138716786 ], [ 73.891349212828274, 17.875174857365206 ], [ 73.891228395710783, 17.875220881955126 ], [ 73.891080550082989, 17.875277202706556 ], [ 73.890932433164011, 17.87530351039733 ], [ 73.889922843565657, 17.875483197010883 ], [ 73.889400140851265, 17.875687435011358 ], [ 73.889234697227096, 17.875798785228557 ], [ 73.888323872902632, 17.87605508658805 ], [ 73.886997895762889, 17.876257461003412 ], [ 73.886864749268099, 17.876357499077681 ], [ 73.886770941796229, 17.876414634231711 ], [ 73.885989024816752, 17.87688220239006 ], [ 73.885361791440985, 17.877271069427437 ], [ 73.885241901384873, 17.877937963394476 ], [ 73.881219900414379, 17.880454978073946 ], [ 73.878844833854913, 17.882911961784469 ], [ 73.876406793597411, 17.885513565179856 ], [ 73.874649463424547, 17.88674741298421 ], [ 73.873094099680358, 17.888656826655026 ], [ 73.87015118018202, 17.888947210824686 ], [ 73.86715677374319, 17.889490861312463 ], [ 73.867053567198525, 17.889524507771757 ], [ 73.864350446677079, 17.889585287325652 ], [ 73.864222038795418, 17.889588173407155 ], [ 73.863852273359853, 17.89015840440284 ], [ 73.862704330631303, 17.891929106878784 ], [ 73.862386530039984, 17.892401706973089 ], [ 73.861551416626, 17.893693641809964 ], [ 73.861560754613407, 17.893732450839035 ], [ 73.861545780595904, 17.893835602731681 ], [ 73.861533421574251, 17.89392072981925 ], [ 73.861542958089288, 17.894561810362596 ], [ 73.86155009071264, 17.895041326067254 ], [ 73.861758357924742, 17.896056746395463 ], [ 73.86198760618862, 17.897174466276521 ], [ 73.862450674242837, 17.901151943874972 ], [ 73.862437076444408, 17.901144101698794 ], [ 73.862420291423305, 17.901140650765068 ], [ 73.859751933008411, 17.90059198563937 ], [ 73.859684241358494, 17.900578765709227 ], [ 73.857675302955997, 17.900222610248541 ], [ 73.856569364551831, 17.900026534197576 ], [ 73.856325354272897, 17.899996238105775 ], [ 73.852297914003429, 17.89925186609582 ], [ 73.850593100240346, 17.898872892366885 ], [ 73.850516108332315, 17.898911184796411 ], [ 73.847412016698954, 17.900455153972249 ], [ 73.846823311167427, 17.900747997836927 ], [ 73.846385969066276, 17.900984092678339 ], [ 73.846344805565025, 17.901006314761091 ], [ 73.846358553382132, 17.901065296101024 ], [ 73.847094551179239, 17.904222980591516 ], [ 73.847213514174001, 17.904548177920937 ], [ 73.847624809623468, 17.905672511772128 ], [ 73.8476417680194, 17.905708475956427 ], [ 73.847944519134757, 17.906350539662167 ], [ 73.848850848289544, 17.907468738328674 ], [ 73.848990290177824, 17.907640781286059 ], [ 73.849751049137438, 17.908579412061652 ], [ 73.851173542169619, 17.910354049862363 ], [ 73.851623710416376, 17.910958524939637 ], [ 73.852328244720681, 17.911939870883828 ], [ 73.852355247179787, 17.911977480946437 ], [ 73.852379160332646, 17.912007398890818 ], [ 73.854516278444734, 17.914671092880408 ], [ 73.854542868577127, 17.914698228123292 ], [ 73.855849690041737, 17.9159073312148 ], [ 73.855850504813702, 17.915934698761749 ], [ 73.855851791201189, 17.915977927134644 ], [ 73.855501532682041, 17.916037805260284 ], [ 73.854016094697869, 17.916291752634088 ], [ 73.853965920195989, 17.916307274952487 ], [ 73.851901232347004, 17.916946011193023 ], [ 73.851702293240805, 17.916999950189787 ], [ 73.84799354469142, 17.916780856301997 ], [ 73.847574954023514, 17.916756124083129 ], [ 73.847570799315307, 17.916760746576578 ], [ 73.847305227672933, 17.917056185027505 ], [ 73.846132549833044, 17.918360829791055 ], [ 73.846069787239102, 17.918430663157537 ], [ 73.846043975946031, 17.91845585926804 ], [ 73.844457240337206, 17.917364780123542 ], [ 73.843955934594575, 17.917006677070894 ], [ 73.843220353615735, 17.916481225686667 ], [ 73.841572535262543, 17.915990950177829 ], [ 73.840705755336458, 17.915733055110056 ], [ 73.840400649736708, 17.915642274876493 ], [ 73.837866242707108, 17.914888196076049 ], [ 73.837836359350874, 17.914879304862076 ], [ 73.8372763648741, 17.915770447259852 ], [ 73.837152071276464, 17.915707958618878 ], [ 73.836259834891877, 17.915259387194205 ], [ 73.836109965359753, 17.915184041094683 ], [ 73.83607592729534, 17.915166928826739 ], [ 73.836047528854252, 17.91515265093722 ], [ 73.836025530011241, 17.91515942062637 ], [ 73.835121044199454, 17.915430951619516 ], [ 73.835020267597613, 17.915467719005523 ], [ 73.83417780506629, 17.915775085164608 ], [ 73.833674769168425, 17.915958618223392 ], [ 73.833270588375996, 17.916096089249113 ], [ 73.832576740430369, 17.916332085016535 ], [ 73.832034401442172, 17.916531920185971 ], [ 73.829083254274167, 17.914546553293913 ], [ 73.829082502384253, 17.914546046420224 ], [ 73.829079314263325, 17.914543902677959 ], [ 73.829021679253017, 17.914505130683743 ], [ 73.82694062140456, 17.916357649823965 ], [ 73.826932690178921, 17.91642708908417 ], [ 73.826931128906963, 17.916440758287234 ], [ 73.826828660777451, 17.917337911970414 ], [ 73.826690689431288, 17.918546153421374 ], [ 73.825311933573644, 17.920065679703026 ], [ 73.825269048001985, 17.920112956801802 ], [ 73.825244080226952, 17.92011703388685 ], [ 73.82375334038602, 17.920360516039608 ], [ 73.82339430263157, 17.920418072938009 ], [ 73.823080606442787, 17.920468362022273 ], [ 73.822986568103914, 17.920483436949414 ], [ 73.82293894930902, 17.920500076891368 ], [ 73.822666661861547, 17.920595224883602 ], [ 73.821886683446451, 17.920868933949748 ], [ 73.821467823283953, 17.921015938248829 ], [ 73.819753506243543, 17.921617625593321 ], [ 73.818487357800009, 17.922044991423579 ], [ 73.818656994759948, 17.922327353186777 ], [ 73.818923461124399, 17.922770892064754 ], [ 73.818978896160559, 17.922863165263575 ], [ 73.819079971003049, 17.922998863369635 ], [ 73.819202061033323, 17.923162774830057 ], [ 73.819204267295675, 17.923165735580479 ], [ 73.819232987333606, 17.923204295418596 ], [ 73.819886735383307, 17.923426950669349 ], [ 73.820582247907197, 17.923663828997938 ], [ 73.821033105161774, 17.923817382383351 ], [ 73.82106562776832, 17.923828291135433 ], [ 73.821117634833385, 17.92384573676118 ], [ 73.822548980762718, 17.924325859604632 ], [ 73.822568960192939, 17.924332561420876 ], [ 73.823900900349543, 17.924458851420873 ], [ 73.826406134590314, 17.924696371968206 ], [ 73.827192530569818, 17.924770926832625 ], [ 73.827440621895065, 17.924794445950756 ], [ 73.828038045576477, 17.924851082593253 ], [ 73.828479297145705, 17.924892913901147 ], [ 73.829828811942519, 17.925761244219263 ], [ 73.832265248707245, 17.92551930711047 ], [ 73.833172957674321, 17.925429172922936 ], [ 73.834840821034788, 17.925742130392816 ], [ 73.835739033012644, 17.925910668407106 ], [ 73.837694765099172, 17.926204826635981 ], [ 73.837932467408166, 17.9262405772511 ], [ 73.837999504186257, 17.926250660208712 ], [ 73.838976535245436, 17.926773499706862 ], [ 73.8392394415864, 17.926914191405235 ], [ 73.839507683021807, 17.927057735130159 ], [ 73.839523672135556, 17.927066412057677 ], [ 73.839940017015238, 17.927487155352733 ], [ 73.840423969103213, 17.927976228967601 ], [ 73.841424195561331, 17.928770328622949 ], [ 73.841463684602914, 17.928801679615873 ], [ 73.841351547007704, 17.928776390105945 ], [ 73.840658240746151, 17.928607338583703 ], [ 73.839962035621156, 17.92844594239989 ], [ 73.839295205405975, 17.92829433831384 ], [ 73.838179945184109, 17.928041419250796 ], [ 73.837975307165735, 17.928041257713126 ], [ 73.837772023806835, 17.927902734422318 ], [ 73.837744974635342, 17.92788430287548 ], [ 73.837577732583952, 17.928073025926963 ], [ 73.837385292788838, 17.928089541224995 ], [ 73.83663383408738, 17.928180617642887 ], [ 73.83654441398734, 17.928188131274315 ], [ 73.836217111915246, 17.928215630256695 ], [ 73.835904606892555, 17.928340486728302 ], [ 73.835638627415022, 17.928454455158057 ], [ 73.835194688086446, 17.928644681008102 ], [ 73.834491598273118, 17.928936654376042 ], [ 73.833805435414732, 17.929232018675819 ], [ 73.833061803734296, 17.929554086396337 ], [ 73.832971708999509, 17.929728424117421 ], [ 73.832878020105298, 17.929909723951802 ], [ 73.832642167427423, 17.930366143608254 ], [ 73.832373211831367, 17.930831667027537 ], [ 73.832155849176999, 17.931044019753511 ], [ 73.832114844677548, 17.931084081261815 ], [ 73.83141793886665, 17.931764958853748 ], [ 73.831217311826038, 17.931968077378357 ], [ 73.831049614328819, 17.932137862423495 ], [ 73.831060774099598, 17.932250140423559 ], [ 73.831102685897477, 17.932671771373879 ], [ 73.830973517142766, 17.933230801785218 ], [ 73.830928567242609, 17.933425353974496 ], [ 73.831011022704217, 17.934011228831658 ], [ 73.831585983113598, 17.934554477041196 ], [ 73.832558713039205, 17.935381253369002 ], [ 73.8326662746164, 17.935472678156355 ], [ 73.832656094907591, 17.935538121222915 ], [ 73.832441302333265, 17.936237512358975 ], [ 73.832296326822842, 17.936709614000858 ], [ 73.831602969357306, 17.937735602654147 ], [ 73.831620731745417, 17.937824167423418 ], [ 73.83162712325867, 17.937856027893293 ], [ 73.831672620232865, 17.938082861043036 ], [ 73.831674766308069, 17.939006641770803 ], [ 73.83167641112334, 17.939704709892276 ], [ 73.83182103269759, 17.941066130349416 ], [ 73.831850357301704, 17.941342093914635 ], [ 73.831850925036974, 17.94134743536674 ], [ 73.832446932973482, 17.942569362225818 ], [ 73.832807784426464, 17.943309145822521 ], [ 73.832804536118402, 17.943348762714933 ], [ 73.832790620316331, 17.943495707328509 ], [ 73.83275916131511, 17.943827989158034 ], [ 73.83322680808233, 17.944575365889719 ], [ 73.833238073854289, 17.944589555945416 ], [ 73.833937335946203, 17.945470347326751 ], [ 73.834487266596824, 17.946224669362831 ], [ 73.83511449278609, 17.947085001061545 ], [ 73.835129642873341, 17.94723069826853 ], [ 73.834407751321137, 17.946806061315247 ], [ 73.834032316617808, 17.946816156775117 ], [ 73.833744270025321, 17.946823902068292 ], [ 73.83165727610951, 17.944824905253881 ], [ 73.831639891912118, 17.944810281926966 ], [ 73.831454526349873, 17.943788498856762 ], [ 73.831175115262226, 17.942247842926928 ], [ 73.831139703673699, 17.942203909915737 ], [ 73.82970655482562, 17.940425823960929 ], [ 73.828519653959845, 17.940148871005178 ], [ 73.82704156419473, 17.939803967784087 ], [ 73.826555326792686, 17.938693343667786 ], [ 73.826306400932523, 17.938493171133203 ], [ 73.824565747982888, 17.9370934603865 ], [ 73.824556501623661, 17.937086024906375 ], [ 73.822773133782263, 17.937467940673613 ], [ 73.821860661049286, 17.937663354821279 ], [ 73.821855385243637, 17.937633630942404 ], [ 73.820318182739555, 17.936176787259328 ], [ 73.82030643726722, 17.936165656202377 ], [ 73.820268059441645, 17.936157089971541 ], [ 73.819980763840732, 17.936092959033409 ], [ 73.819242018995482, 17.935928055317536 ], [ 73.818936159709224, 17.935859779201184 ], [ 73.817969004728255, 17.93529759911732 ], [ 73.817927622936367, 17.935273544666664 ], [ 73.817861150300303, 17.935284596296185 ], [ 73.815539677230689, 17.935670510629929 ], [ 73.815287433892152, 17.935712443650377 ], [ 73.81515268210795, 17.935734845984697 ], [ 73.815151843979791, 17.935734985294197 ], [ 73.814690218619916, 17.935718286102873 ], [ 73.814427804555734, 17.935716475079374 ], [ 73.812531181614915, 17.93570337571246 ], [ 73.812456860398214, 17.935726725865326 ], [ 73.812418761948692, 17.935738695370745 ], [ 73.811089666756587, 17.937254276925021 ], [ 73.811050819112111, 17.937298580374591 ], [ 73.81113363120491, 17.937900479901188 ], [ 73.811215214402367, 17.938493383085437 ], [ 73.811401388448388, 17.939846071607803 ], [ 73.81089923110288, 17.940264138573948 ], [ 73.808856136956649, 17.941965316366424 ], [ 73.809334650643876, 17.943960616784899 ], [ 73.809434802018288, 17.9443567009532 ], [ 73.809537503709791, 17.944762844772548 ], [ 73.809829536127168, 17.945917557744501 ], [ 73.809659590146779, 17.946725865073947 ], [ 73.809648121355536, 17.946780421425395 ], [ 73.809356934252818, 17.947263805620768 ], [ 73.809198086957778, 17.947527499392436 ], [ 73.808962242364743, 17.947919013716866 ], [ 73.808732809946221, 17.948299878020151 ], [ 73.808650516181402, 17.948436492412931 ], [ 73.808037272269516, 17.948558857996812 ], [ 73.807978082275454, 17.94857066767911 ], [ 73.807943371372886, 17.948520315645816 ], [ 73.807442878605599, 17.946901100309088 ], [ 73.807293617232943, 17.946418197976008 ], [ 73.807278182379719, 17.946368264942585 ], [ 73.807186927021576, 17.946343606934107 ], [ 73.807138012856043, 17.946330390417955 ], [ 73.806907474611407, 17.946111219158073 ], [ 73.806303144682118, 17.945536684893455 ], [ 73.806284237840345, 17.945633303036942 ], [ 73.806265756800002, 17.945727746142254 ], [ 73.80603390162517, 17.945465547823389 ], [ 73.806109281057289, 17.945232891399868 ], [ 73.806146293443632, 17.945118656877959 ], [ 73.806179308326946, 17.945079489054375 ], [ 73.806157488248687, 17.944999908207595 ] ], [ [ 73.875659822879115, 17.975747658658971 ], [ 73.87557073066418, 17.975412220611275 ], [ 73.875525743034729, 17.975281504955895 ], [ 73.875571199584726, 17.974981577788562 ], [ 73.875490446430575, 17.974727001164293 ], [ 73.87546994687581, 17.974493449314728 ], [ 73.875511361007042, 17.974141880692528 ], [ 73.875392910052, 17.973924911717823 ], [ 73.8751679287857, 17.973663844678892 ], [ 73.875141227262219, 17.973560298378871 ], [ 73.875106701412562, 17.973331037028068 ], [ 73.875065749015405, 17.972857206279425 ], [ 73.874946233556756, 17.97272993741684 ], [ 73.87492433981663, 17.972612999140516 ], [ 73.874939092848564, 17.972545916372553 ], [ 73.874982085319715, 17.972452309606197 ], [ 73.87505305671877, 17.972354608110408 ], [ 73.875277687642068, 17.972254564422876 ], [ 73.875380734286637, 17.972202171794283 ], [ 73.875554313952364, 17.972092450992619 ], [ 73.875486960068997, 17.971486591093569 ], [ 73.875296318701061, 17.97118245681828 ], [ 73.875262455808112, 17.971128436071318 ], [ 73.875187324311, 17.971034348331045 ], [ 73.87510156843905, 17.970979284207633 ], [ 73.874908035394242, 17.970797848735131 ], [ 73.874840779427231, 17.970466376381484 ], [ 73.874869962995859, 17.970361502035288 ], [ 73.874980686642829, 17.970238183403207 ], [ 73.874979323898543, 17.970145976782632 ], [ 73.874963182969523, 17.96964284794792 ], [ 73.874640656341484, 17.96956041901419 ], [ 73.874539163782373, 17.969438584937894 ], [ 73.874485283729939, 17.969016380250835 ], [ 73.874607318064662, 17.968639139226994 ], [ 73.874654739230209, 17.96835647795303 ], [ 73.874315097001059, 17.967848810876955 ], [ 73.874280156129757, 17.967692492074502 ], [ 73.87423917768146, 17.967422757112303 ], [ 73.874086791968239, 17.967250625279132 ], [ 73.874023757184744, 17.966980578601255 ], [ 73.873944382046233, 17.966851969907193 ], [ 73.873856680423401, 17.966808242964049 ], [ 73.873718034442419, 17.966721302605649 ], [ 73.873528294084721, 17.966605319112311 ], [ 73.873331561240889, 17.966460905965754 ], [ 73.873275059006133, 17.96626178514768 ], [ 73.873240632869496, 17.966059428919454 ], [ 73.873095907090715, 17.965866160214304 ], [ 73.872937711074229, 17.965566454615661 ], [ 73.872801315373067, 17.965288305400914 ], [ 73.872273762654487, 17.964540764131865 ], [ 73.87221279938602, 17.964086578350514 ], [ 73.872130369077254, 17.96358251022847 ], [ 73.871824628368614, 17.962707020837556 ], [ 73.871591219108353, 17.962372991076101 ], [ 73.87166904465299, 17.962247762118153 ], [ 73.871877498714653, 17.961830458942945 ], [ 73.872503702621131, 17.960555946918834 ], [ 73.87233257355949, 17.960039128360695 ], [ 73.871810185255484, 17.958948876381392 ], [ 73.871826806783176, 17.958462074310045 ], [ 73.872330578401275, 17.958191104960527 ], [ 73.872376952131191, 17.958166211889953 ], [ 73.872629694933011, 17.958030714222051 ], [ 73.873822824716939, 17.957514875290936 ], [ 73.875965489925875, 17.957084238410026 ], [ 73.877556405395723, 17.95629836789945 ], [ 73.879183569683931, 17.955226428403236 ], [ 73.879851627896144, 17.95490453388291 ], [ 73.881026023314817, 17.954499708877758 ], [ 73.883797869447093, 17.95355054105746 ], [ 73.884699099764291, 17.953121499413445 ], [ 73.885356611755043, 17.952799442109846 ], [ 73.886889269682101, 17.952177555934085 ], [ 73.887400534147957, 17.951970105661861 ], [ 73.889111238164347, 17.951573260870884 ], [ 73.890602790980608, 17.951067537628663 ], [ 73.891245648754108, 17.950996675395739 ], [ 73.891751783839695, 17.950923770673779 ], [ 73.892090302276415, 17.950808139159573 ], [ 73.892281743144935, 17.950680257062167 ], [ 73.893294327726451, 17.949227098986302 ], [ 73.893732357038772, 17.94817269231681 ], [ 73.893885026619643, 17.947843120895996 ], [ 73.894021619051827, 17.947211651710251 ], [ 73.894068805757101, 17.946900637967474 ], [ 73.894077737705985, 17.945719323949007 ], [ 73.894092566196363, 17.945458127223493 ], [ 73.89409638134137, 17.945226933888669 ], [ 73.894101031021279, 17.944945484626963 ], [ 73.894125218160298, 17.944754814802035 ], [ 73.894192963709131, 17.944474304868219 ], [ 73.894449325823246, 17.94423680060045 ], [ 73.895308888684298, 17.943776974298491 ], [ 73.896482000410458, 17.943437404154892 ], [ 73.896748040973449, 17.943250311866496 ], [ 73.898482621311757, 17.942029263995313 ], [ 73.899107005231443, 17.941797203003539 ], [ 73.899317973677611, 17.94176010692324 ], [ 73.89964593780806, 17.94164430960312 ], [ 73.89982635724634, 17.941546438955633 ], [ 73.900269992944345, 17.940793914782979 ], [ 73.900781782026328, 17.939735764952651 ], [ 73.901105030001546, 17.939268012111231 ], [ 73.901886388228931, 17.938445093009786 ], [ 73.902675848361881, 17.937768070795826 ], [ 73.903300635625129, 17.93687246838314 ], [ 73.904180703430868, 17.935166310236287 ], [ 73.904937386734048, 17.933925826136178 ], [ 73.905530515570064, 17.933376254852305 ], [ 73.90551942676619, 17.933368924340552 ], [ 73.906050695815111, 17.932751769717072 ], [ 73.906952953805018, 17.932071761707935 ], [ 73.908106907161113, 17.931207277629191 ], [ 73.909225262977429, 17.931243575084981 ], [ 73.910424547119419, 17.931399952599932 ], [ 73.91201553175955, 17.931681026831928 ], [ 73.912973740418622, 17.931378270212683 ], [ 73.91368593825058, 17.93091338838784 ], [ 73.914511469335423, 17.929855877773363 ], [ 73.915209603143325, 17.92898467781739 ], [ 73.91563142055972, 17.92853530069921 ], [ 73.916308628113057, 17.928307631390066 ], [ 73.916838378110853, 17.928226353268958 ], [ 73.918093794381647, 17.928755161239479 ], [ 73.918749805287533, 17.929190883256553 ], [ 73.919787340576093, 17.929741282049598 ], [ 73.920548747221019, 17.930069633355856 ], [ 73.921668266355624, 17.930041766291321 ], [ 73.922222956280635, 17.929703344993253 ], [ 73.922759026824778, 17.929235875040735 ], [ 73.923095437813828, 17.928621792310572 ], [ 73.923253974291811, 17.928430998918646 ], [ 73.923263368873023, 17.928434410859797 ], [ 73.923501446677847, 17.928649778400995 ], [ 73.923505606775933, 17.9286535399076 ], [ 73.923432016787842, 17.928806116326626 ], [ 73.923687444654064, 17.928986355577813 ], [ 73.923730701229928, 17.929351618085875 ], [ 73.923786259335316, 17.929717063598527 ], [ 73.924338847202549, 17.930536873761202 ], [ 73.924714218125487, 17.930907090230885 ], [ 73.924906809735873, 17.931168721242848 ], [ 73.924875887028847, 17.93155639664181 ], [ 73.924807873782072, 17.931955281999347 ], [ 73.924837307082342, 17.932414427925728 ], [ 73.924927286832769, 17.932933285252016 ], [ 73.925117873403465, 17.933318383372605 ], [ 73.925102319074327, 17.933518099382653 ], [ 73.925124049321056, 17.93369484764138 ], [ 73.925560363749469, 17.934101250108167 ], [ 73.925948435952208, 17.934448123335521 ], [ 73.926185649577704, 17.934992693222675 ], [ 73.926403524271805, 17.935213531169708 ], [ 73.926620920163799, 17.935463763190441 ], [ 73.926826591244733, 17.935678536739367 ], [ 73.927055334655407, 17.935987744656789 ], [ 73.927082489828123, 17.936587988900332 ], [ 73.927407159836449, 17.937051523419935 ], [ 73.927939989259031, 17.937576963347844 ], [ 73.928058222821775, 17.937872760214287 ], [ 73.928260557559739, 17.938293305190527 ], [ 73.92855138713297, 17.938568145801909 ], [ 73.928830109212811, 17.938831044894229 ], [ 73.929073071157788, 17.939022843249361 ], [ 73.92885288869175, 17.939701724633832 ], [ 73.928932701309805, 17.940091039343852 ], [ 73.929227826626757, 17.940101308678479 ], [ 73.929265804702027, 17.940115923848179 ], [ 73.929386784414589, 17.940162480261954 ], [ 73.929481568355158, 17.940387355046191 ], [ 73.929354552862208, 17.940632452792222 ], [ 73.929308716324798, 17.9407088136279 ], [ 73.929293883342865, 17.940725983252442 ], [ 73.929297397552233, 17.940728402725032 ], [ 73.929320592052861, 17.940893625874764 ], [ 73.9294843082168, 17.941334470593883 ], [ 73.929552149885367, 17.941571005332484 ], [ 73.92923377437225, 17.941718246269996 ], [ 73.929216337174253, 17.94170562081267 ], [ 73.928219917776289, 17.941966417983654 ], [ 73.927169886023819, 17.942147924923496 ], [ 73.926280657198788, 17.942297272038314 ], [ 73.925535620553291, 17.942392763842822 ], [ 73.925505996810173, 17.942396566934136 ], [ 73.925485704766203, 17.942399171838005 ], [ 73.92545513509711, 17.942403097140893 ], [ 73.925396602669807, 17.942416790832443 ], [ 73.925328194164308, 17.942432811672447 ], [ 73.924556057143292, 17.942614555719963 ], [ 73.924435825727372, 17.942638999736985 ], [ 73.923767496223974, 17.942774903179799 ], [ 73.923709599803914, 17.942790038595533 ], [ 73.923249631835716, 17.942909605770431 ], [ 73.922189558715004, 17.943133152396811 ], [ 73.921883396696529, 17.943204962138665 ], [ 73.92187204109301, 17.943215043275455 ], [ 73.921798354985199, 17.94328045442186 ], [ 73.921889995720605, 17.94340619676677 ], [ 73.922068946413404, 17.943723784414193 ], [ 73.922219884940688, 17.943976117021805 ], [ 73.922237156848652, 17.944106049923949 ], [ 73.922249016407036, 17.944569355370113 ], [ 73.922264482701294, 17.944810411828541 ], [ 73.922327035089481, 17.945135532087352 ], [ 73.922466938711807, 17.945471062637338 ], [ 73.922607445103722, 17.945769550297168 ], [ 73.922830933370008, 17.946328619669618 ], [ 73.922921801554239, 17.94670046958996 ], [ 73.923094676940792, 17.946795660760422 ], [ 73.923287076311695, 17.946881875957313 ], [ 73.923353988223951, 17.94693844400161 ], [ 73.923398522204167, 17.947179928806971 ], [ 73.923454996591119, 17.947282654759999 ], [ 73.923627721959022, 17.947387105242544 ], [ 73.923963485262774, 17.94759585732178 ], [ 73.924116234793672, 17.947737059759007 ], [ 73.924162871729976, 17.947848901416702 ], [ 73.924036934215337, 17.947847034113686 ], [ 73.924004107079924, 17.947834539847687 ], [ 73.924007586255016, 17.947830191637806 ], [ 73.923605416790508, 17.947852000199628 ], [ 73.923565678915594, 17.94789817086205 ], [ 73.923491298410099, 17.947944201357981 ], [ 73.923507209370385, 17.948128272800567 ], [ 73.923667644886876, 17.948219367963645 ], [ 73.923750045551259, 17.948301710279853 ], [ 73.923772481873797, 17.948305060306858 ], [ 73.923735871034395, 17.948445781039222 ], [ 73.923676775363433, 17.948726476959774 ], [ 73.923299537741329, 17.948803107772868 ], [ 73.922773955028134, 17.948946519230606 ], [ 73.921815078022533, 17.949280635035677 ], [ 73.921761144969523, 17.94929972495547 ], [ 73.921452952758457, 17.949408814689022 ], [ 73.921119050763977, 17.94953112917926 ], [ 73.920912279246835, 17.949614556217099 ], [ 73.920585745234291, 17.949761624669335 ], [ 73.920651904358365, 17.950498360638473 ], [ 73.920996043553814, 17.951623541104656 ], [ 73.920174672567029, 17.951800432794535 ], [ 73.920097324027807, 17.951812467015404 ], [ 73.920022797096905, 17.951824062835033 ], [ 73.919530669441528, 17.951880113131502 ], [ 73.918982738440704, 17.951982188582289 ], [ 73.919091713966168, 17.952433335817165 ], [ 73.919145685646754, 17.95265677384068 ], [ 73.919210973404958, 17.952927049210402 ], [ 73.91926217018964, 17.953138988298978 ], [ 73.919264576776257, 17.953158200006566 ], [ 73.919295894742035, 17.953408075073753 ], [ 73.919297342826255, 17.953424114573494 ], [ 73.919358183025523, 17.953881039307824 ], [ 73.919135225663567, 17.953987399278489 ], [ 73.918795693927194, 17.953862797617816 ], [ 73.918420301444698, 17.953902972745531 ], [ 73.918129780891931, 17.953887171714726 ], [ 73.917991379252726, 17.953879372038244 ], [ 73.917833276661028, 17.9538701067708 ], [ 73.917513941747217, 17.953851393355972 ], [ 73.916788385966953, 17.953805283213164 ], [ 73.91658012683969, 17.953792686819408 ], [ 73.916517400178364, 17.953788377211765 ], [ 73.915340176863126, 17.953706462172697 ], [ 73.914832090636764, 17.953690812383723 ], [ 73.914832084348561, 17.953685845607176 ], [ 73.914830010138559, 17.953687042008944 ], [ 73.914706242055331, 17.953670545336607 ], [ 73.914721696671492, 17.953811619010878 ], [ 73.914696739676273, 17.953950193805724 ], [ 73.914609627348199, 17.954561130998258 ], [ 73.914636599264625, 17.954858958973695 ], [ 73.914703029679885, 17.954964149309141 ], [ 73.915501163945194, 17.955605535368864 ], [ 73.915518134019223, 17.955679600366402 ], [ 73.915654527923763, 17.956233047877937 ], [ 73.915643614291398, 17.956626923729406 ], [ 73.915606886671, 17.956791375745201 ], [ 73.915587486654118, 17.957148219882342 ], [ 73.91574387885349, 17.95758907108991 ], [ 73.915763917572548, 17.957754363090871 ], [ 73.91569247635465, 17.957818439176055 ], [ 73.91553024690252, 17.957879004736593 ], [ 73.915447382707455, 17.957947255263768 ], [ 73.91542768534822, 17.958031538009905 ], [ 73.915338632659157, 17.958305265238135 ], [ 73.915289793952127, 17.958709019325667 ], [ 73.915372338346941, 17.959361437651864 ], [ 73.915410196946283, 17.959637036835634 ], [ 73.915422936853616, 17.959896088225729 ], [ 73.915454427295899, 17.960042162839351 ], [ 73.915274536067017, 17.960177034295658 ], [ 73.915080465829647, 17.960141817789093 ], [ 73.914893418621219, 17.960195689786641 ], [ 73.914881430603756, 17.960413930086709 ], [ 73.914713009962696, 17.96141051170455 ], [ 73.914586989803055, 17.961877853919479 ], [ 73.91451732185952, 17.962523997698899 ], [ 73.914520041059873, 17.962879981716647 ], [ 73.914188119850607, 17.962996448754264 ], [ 73.913670065019517, 17.963110181228217 ], [ 73.913487500404301, 17.963410864297515 ], [ 73.913345216246469, 17.963837531029373 ], [ 73.913034370412092, 17.964221275816112 ], [ 73.912724440859265, 17.964548410378804 ], [ 73.912676790623337, 17.96487939479675 ], [ 73.912692329681121, 17.965490409575601 ], [ 73.912577388443907, 17.965796141337215 ], [ 73.912357400912271, 17.96631876313856 ], [ 73.912297777930263, 17.966868008187035 ], [ 73.912480781821614, 17.967590698282933 ], [ 73.912450971228907, 17.968391173285607 ], [ 73.912367020072338, 17.969401203273321 ], [ 73.912434189801104, 17.969960399576262 ], [ 73.912556158558772, 17.970269604805399 ], [ 73.912774054812431, 17.970402225414475 ], [ 73.91298557212923, 17.970405311839166 ], [ 73.913314367201295, 17.970482921046674 ], [ 73.913429695612407, 17.970678762699428 ], [ 73.913601129202931, 17.971069582320037 ], [ 73.913663767829377, 17.971325760398585 ], [ 73.913405346776656, 17.971337421588075 ], [ 73.91340639511057, 17.971352170039392 ], [ 73.911705904938998, 17.971688682196344 ], [ 73.910947585803697, 17.9718849916244 ], [ 73.909780861099208, 17.972187037187471 ], [ 73.90954415502182, 17.972324402153387 ], [ 73.909259957710361, 17.972489326615875 ], [ 73.909187517565826, 17.972535095218259 ], [ 73.909170059706597, 17.972546124866039 ], [ 73.909106243388834, 17.972586444426412 ], [ 73.909105177088563, 17.97272390905588 ], [ 73.909063876145083, 17.972741519046931 ], [ 73.908978446361544, 17.972777944695544 ], [ 73.907193607978044, 17.973541395646237 ], [ 73.906949037150369, 17.973646012616019 ], [ 73.906625113642079, 17.973784577839819 ], [ 73.90641265938244, 17.973771723964003 ], [ 73.906022277611086, 17.972678400264602 ], [ 73.905890379774561, 17.972691561833106 ], [ 73.905454720217961, 17.972735035248206 ], [ 73.905427722250394, 17.972737729425532 ], [ 73.905414421794319, 17.972739057288369 ], [ 73.905384943578241, 17.972648302027569 ], [ 73.905177174032843, 17.972647034832196 ], [ 73.905121846794486, 17.972646698166674 ], [ 73.905003824335822, 17.972597163894307 ], [ 73.904665792786005, 17.972662507774047 ], [ 73.904505419253255, 17.97269350919488 ], [ 73.904025921910787, 17.972448817338343 ], [ 73.90393590173619, 17.972402876962654 ], [ 73.903791956593352, 17.972364088592869 ], [ 73.903735655581244, 17.972348916402765 ], [ 73.903386025882753, 17.97229635376009 ], [ 73.902893492188909, 17.97230780639169 ], [ 73.902818682288668, 17.97230603504909 ], [ 73.902499058117314, 17.972298466895847 ], [ 73.901721763868295, 17.972038056259986 ], [ 73.901554884736285, 17.972066636183264 ], [ 73.900620796740895, 17.972226615992998 ], [ 73.90065771480414, 17.972627891892635 ], [ 73.901399839111491, 17.972423756234289 ], [ 73.901382557322037, 17.97279686032708 ], [ 73.900706648732594, 17.972949566999979 ], [ 73.900673479339034, 17.972963347191449 ], [ 73.901125160348769, 17.974317173341944 ], [ 73.900421159643741, 17.974497056041418 ], [ 73.900476158997009, 17.97455582234894 ], [ 73.901723448209452, 17.975888519036644 ], [ 73.89836716893312, 17.976794198714767 ], [ 73.898335889594918, 17.975827388011677 ], [ 73.898342435618403, 17.975772039136519 ], [ 73.898311176941476, 17.975775083598528 ], [ 73.898181598554984, 17.975787706622775 ], [ 73.898180308574226, 17.975774271855897 ], [ 73.898185458615771, 17.975730626586802 ], [ 73.897068225693545, 17.975473239844714 ], [ 73.89704691765499, 17.975513509177727 ], [ 73.896723664289894, 17.976124463249946 ], [ 73.896080198356927, 17.976632311611624 ], [ 73.894736660950031, 17.976774987867856 ], [ 73.894700501064889, 17.97694612266352 ], [ 73.894453235291337, 17.976957241754157 ], [ 73.894441370343074, 17.976997926016303 ], [ 73.89442019076364, 17.977070563644197 ], [ 73.893881931923474, 17.97891820500751 ], [ 73.89386766937173, 17.978974344117606 ], [ 73.892231080857883, 17.978918576693545 ], [ 73.890481912777645, 17.978585444000625 ], [ 73.890025167964708, 17.978498440228481 ], [ 73.889570518022978, 17.978578788671577 ], [ 73.889130772928482, 17.978656520746242 ], [ 73.889100620975967, 17.978650860001935 ], [ 73.888233424231615, 17.978488032139609 ], [ 73.88719606141963, 17.978293220218717 ], [ 73.887204884672329, 17.97824342521276 ], [ 73.887371364952372, 17.977304230000694 ], [ 73.886498022833123, 17.977373930729929 ], [ 73.886746689978537, 17.976143075188318 ], [ 73.886854353065317, 17.975610032325406 ], [ 73.886885918966101, 17.97559946769886 ], [ 73.886945794374739, 17.975579432161471 ], [ 73.886901811061776, 17.975534464129197 ], [ 73.886707095834055, 17.975256610875139 ], [ 73.886846446992521, 17.97482965214968 ], [ 73.88726915104607, 17.974738590353649 ], [ 73.88757284808743, 17.97418185980812 ], [ 73.885713189922228, 17.974063013597785 ], [ 73.885802192305633, 17.974959235966995 ], [ 73.885671820706776, 17.975968117592636 ], [ 73.884911661821789, 17.976097042636976 ], [ 73.884835744298783, 17.975549188304939 ], [ 73.88440617711646, 17.97561562566429 ], [ 73.883801793288242, 17.975462668374263 ], [ 73.883463762636737, 17.975488990240802 ], [ 73.882604341709467, 17.97555634190244 ], [ 73.882606084441107, 17.975413699694766 ], [ 73.882504349336855, 17.975415053171513 ], [ 73.882503701651558, 17.975388726167139 ], [ 73.881174214793987, 17.975322069124143 ], [ 73.880212490128912, 17.975273887370975 ], [ 73.880026546051624, 17.975264573666017 ], [ 73.879977446833138, 17.975262115360529 ], [ 73.879953989126136, 17.975266286020652 ], [ 73.880029251777245, 17.974622658265712 ], [ 73.879835210285975, 17.974113430130654 ], [ 73.87982849987084, 17.974095823694309 ], [ 73.879411828902704, 17.972773309993801 ], [ 73.879236678083529, 17.97221744738949 ], [ 73.879232108353705, 17.972208900849228 ], [ 73.878873995863984, 17.97223270418473 ], [ 73.877758541606042, 17.97280037993141 ], [ 73.877466758920292, 17.972896416653938 ], [ 73.877468119867927, 17.973028878921138 ], [ 73.87736461687922, 17.973043809235264 ], [ 73.877344479345481, 17.972936672048359 ], [ 73.877170766729108, 17.972999940272238 ], [ 73.877185088569689, 17.973073958673652 ], [ 73.87760725093915, 17.975256292158416 ], [ 73.87765551472441, 17.975501786742349 ], [ 73.875780604962316, 17.976011232180443 ], [ 73.875642547377865, 17.976025548736832 ], [ 73.875659822879115, 17.975747658658971 ] ], [ [ 73.804405709664294, 18.010528707280709 ], [ 73.804481441235993, 18.009870743997176 ], [ 73.804575062756598, 18.009109862792133 ], [ 73.804584002790278, 18.009037176845347 ], [ 73.807341174044083, 18.007365242290575 ], [ 73.809921308914909, 18.006349129834327 ], [ 73.809922052719969, 18.006432113978015 ], [ 73.8099794541683, 18.006385803986646 ], [ 73.813564132800579, 18.003492730027343 ], [ 73.814731397392535, 18.003291516860653 ], [ 73.814884446062436, 18.003309529609471 ], [ 73.81575926411368, 18.002928911224256 ], [ 73.81633706140272, 18.004517702938756 ], [ 73.816360795790843, 18.004527602022115 ], [ 73.816800502257806, 18.004710983999907 ], [ 73.81686875355814, 18.004643517026043 ], [ 73.816975709670828, 18.004537787304312 ], [ 73.817218783006936, 18.004297493256079 ], [ 73.817207473217508, 18.004245105868751 ], [ 73.817336589869925, 18.004229850986707 ], [ 73.817493078189017, 18.004503353666678 ], [ 73.81751613524743, 18.004549846124121 ], [ 73.817504923374372, 18.004652300352497 ], [ 73.817490933012152, 18.004781974186088 ], [ 73.817431851714218, 18.005341430016983 ], [ 73.817643018688059, 18.005526101174187 ], [ 73.818154169067867, 18.006019947194815 ], [ 73.818300547746773, 18.006152962117458 ], [ 73.818454307882391, 18.00629717277868 ], [ 73.818450234920888, 18.006343933873172 ], [ 73.819065173953689, 18.006300701112391 ], [ 73.819228592775232, 18.006312115655764 ], [ 73.819273354029207, 18.006047758707442 ], [ 73.819252172653151, 18.006048243960798 ], [ 73.819121976225745, 18.006051222972143 ], [ 73.818841820434699, 18.006056853790454 ], [ 73.81883238812425, 18.006071931670348 ], [ 73.818564804255601, 18.006005670662159 ], [ 73.818569372188804, 18.005932833074937 ], [ 73.818572197390381, 18.00588779674365 ], [ 73.818576879409648, 18.005813106941044 ], [ 73.818597702357934, 18.005809012183157 ], [ 73.819051582443436, 18.005719745924729 ], [ 73.819078695395362, 18.00567196375097 ], [ 73.819128114414099, 18.005584870817188 ], [ 73.819253179664557, 18.005364448886905 ], [ 73.818924665765152, 18.005134806819658 ], [ 73.819468274072833, 18.004830045363022 ], [ 73.819697527726589, 18.004360683599057 ], [ 73.819891206298465, 18.004472386881048 ], [ 73.820077542939543, 18.004586765842475 ], [ 73.820222028868173, 18.004761380670306 ], [ 73.8206219848838, 18.005120168836353 ], [ 73.820638719599245, 18.005135180159108 ], [ 73.820980094678561, 18.005435566103969 ], [ 73.821076882760522, 18.005739157802886 ], [ 73.821213962977936, 18.005847646258573 ], [ 73.821438867887409, 18.006010827334585 ], [ 73.821678256334224, 18.00628284500943 ], [ 73.821791138632818, 18.006398850271175 ], [ 73.821800899726682, 18.006408437422991 ], [ 73.821713862857138, 18.006423638294528 ], [ 73.821716806636331, 18.006463118863671 ], [ 73.821827203296522, 18.006636075313306 ], [ 73.821816845721287, 18.006837961280379 ], [ 73.821794448026338, 18.007274265630642 ], [ 73.821785757724271, 18.007443442660062 ], [ 73.82199012265481, 18.00739343888603 ], [ 73.821999883748646, 18.007661353732129 ], [ 73.821844542578134, 18.007736614285744 ], [ 73.821367096089475, 18.007920284244953 ], [ 73.821199529746281, 18.00798304613431 ], [ 73.82106946626952, 18.008147886864723 ], [ 73.821036710999323, 18.008189400302896 ], [ 73.820943128106293, 18.008310361861206 ], [ 73.820922898046092, 18.008317643130965 ], [ 73.820873425128454, 18.008335451186522 ], [ 73.820857297674181, 18.008335948393878 ], [ 73.82061385692711, 18.008343455199938 ], [ 73.820494787032828, 18.008344940841848 ], [ 73.82047437730958, 18.008344641834004 ], [ 73.820197604573892, 18.008340582161583 ], [ 73.820201196038411, 18.008389972273772 ], [ 73.820237219379621, 18.008551413335439 ], [ 73.820199689563694, 18.008598100361478 ], [ 73.820192862367534, 18.008606594735124 ], [ 73.820112746118909, 18.008777995098765 ], [ 73.820093894972658, 18.008818456737991 ], [ 73.820000597743885, 18.009018691396896 ], [ 73.819977687110864, 18.009067830153526 ], [ 73.819923391138474, 18.009024354584007 ], [ 73.819907142411594, 18.008940366143445 ], [ 73.819887057878503, 18.008836567167219 ], [ 73.81980681137415, 18.008912465385148 ], [ 73.819755187889712, 18.008958640586727 ], [ 73.819668054002122, 18.008896136190685 ], [ 73.819609275436449, 18.008983102759814 ], [ 73.819304348601463, 18.008856387060238 ], [ 73.819244598956985, 18.008831280722926 ], [ 73.819211409800488, 18.008890990708636 ], [ 73.819664269399823, 18.009218084338926 ], [ 73.819574596873224, 18.009319404756209 ], [ 73.819689998047906, 18.009403130745074 ], [ 73.819695925132137, 18.009471138379396 ], [ 73.819703719813845, 18.009567156851588 ], [ 73.819551882072957, 18.009730957269831 ], [ 73.819486243971767, 18.009805389121944 ], [ 73.819460899802664, 18.010063805613562 ], [ 73.819423399631134, 18.010292111115945 ], [ 73.819399252017988, 18.010434737939153 ], [ 73.81939342734168, 18.010468351146422 ], [ 73.818703652357499, 18.011138635399131 ], [ 73.818571275718924, 18.011153809379568 ], [ 73.818504351230231, 18.011161210133078 ], [ 73.818394478287843, 18.011523200829593 ], [ 73.818373400218022, 18.011588239833824 ], [ 73.818302913909264, 18.011805735721236 ], [ 73.818297718053643, 18.011821589660087 ], [ 73.818282392794899, 18.011839399070151 ], [ 73.818032788706702, 18.012129457185416 ], [ 73.81806541821274, 18.012179486098713 ], [ 73.817894951209496, 18.012361467624604 ], [ 73.817881772025942, 18.012345917006797 ], [ 73.817771270262853, 18.01221552686366 ], [ 73.817761151639488, 18.012204548390233 ], [ 73.817599109935287, 18.01202873724128 ], [ 73.817554980196959, 18.011980956777908 ], [ 73.817524621631932, 18.011967598236247 ], [ 73.81732451561416, 18.011878348765702 ], [ 73.817307879713411, 18.011871059100123 ], [ 73.816811518298138, 18.012348190269204 ], [ 73.816819854663976, 18.012508463310297 ], [ 73.816828477592381, 18.012561020807695 ], [ 73.816840514118894, 18.012634387876655 ], [ 73.816828614136313, 18.012659097282842 ], [ 73.816677327062706, 18.012973202193695 ], [ 73.816646584018699, 18.013037025868904 ], [ 73.816504063603929, 18.013290993635206 ], [ 73.816495844019087, 18.013305641191266 ], [ 73.816462567726006, 18.013377201140049 ], [ 73.81640932188418, 18.013456048097225 ], [ 73.816401167876364, 18.013468121683921 ], [ 73.816321348970092, 18.013586315159944 ], [ 73.816263023155344, 18.013669434289614 ], [ 73.815952365967149, 18.013687635628507 ], [ 73.815876989229963, 18.013691260348104 ], [ 73.815752819599808, 18.013697229218057 ], [ 73.815653613253119, 18.013689579974894 ], [ 73.815597074187437, 18.013685222281069 ], [ 73.815536913114556, 18.01367784299061 ], [ 73.815043808092156, 18.013695315625899 ], [ 73.81514967544669, 18.014068465707609 ], [ 73.815014850000665, 18.014209251918523 ], [ 73.814935377844108, 18.01440517915831 ], [ 73.814832695915555, 18.014636758607843 ], [ 73.814999956831556, 18.01466349578811 ], [ 73.815016370848454, 18.01474836226059 ], [ 73.815025256983233, 18.014790457615007 ], [ 73.814441298149632, 18.014787621415621 ], [ 73.814460212177949, 18.014743544991855 ], [ 73.814449667753124, 18.014736339163992 ], [ 73.814159068148612, 18.014537734984749 ], [ 73.813851917084975, 18.01484108205787 ], [ 73.813751224924786, 18.014931615713458 ], [ 73.813727996288208, 18.014940020937114 ], [ 73.813443837604225, 18.015103278167423 ], [ 73.813327579436802, 18.015104461338851 ], [ 73.813067961828125, 18.015344570651891 ], [ 73.812804791382476, 18.015776648359406 ], [ 73.812774484919728, 18.016027129314164 ], [ 73.812756332662801, 18.01612650576806 ], [ 73.812713384209061, 18.016464637643036 ], [ 73.81261645059999, 18.016440713843672 ], [ 73.812582900320763, 18.016432431706367 ], [ 73.812299301287268, 18.016388109664575 ], [ 73.812214388035045, 18.01641490979495 ], [ 73.812176852829182, 18.0165812598181 ], [ 73.812318447979209, 18.01691007333422 ], [ 73.812110171783971, 18.017152227006399 ], [ 73.81230779575661, 18.017301034861916 ], [ 73.812325490771045, 18.0173078647084 ], [ 73.812225256751645, 18.017453669694529 ], [ 73.812118494675076, 18.017626861384802 ], [ 73.812093273575158, 18.017768615194289 ], [ 73.81193788389561, 18.017849905084187 ], [ 73.811908515274041, 18.017993474019605 ], [ 73.811832957077172, 18.018362810125275 ], [ 73.811552854286745, 18.018662497804076 ], [ 73.811437516892482, 18.018975905189098 ], [ 73.810903669678694, 18.01935797019404 ], [ 73.810860570307995, 18.020131818240227 ], [ 73.810683536620004, 18.020434710616229 ], [ 73.810663891363049, 18.020433184072278 ], [ 73.809956150073191, 18.020381765075715 ], [ 73.809596394564835, 18.02053639874423 ], [ 73.809549693848169, 18.02085192474577 ], [ 73.810067233046311, 18.020837154805481 ], [ 73.810554955363486, 18.020802405718438 ], [ 73.810947122985624, 18.020716424805979 ], [ 73.810938928553611, 18.020781212684476 ], [ 73.810599130915918, 18.022456394176789 ], [ 73.810588841612642, 18.022507868947475 ], [ 73.810541892062645, 18.022742736813008 ], [ 73.810560170083733, 18.023221742628259 ], [ 73.810581189763056, 18.023964226786681 ], [ 73.81055020417395, 18.023951450886063 ], [ 73.809980407280818, 18.024551959924018 ], [ 73.809665701385669, 18.024909633171209 ], [ 73.809622955052845, 18.024957611725437 ], [ 73.809143133418559, 18.02505538231884 ], [ 73.80891548685085, 18.025088914147453 ], [ 73.808785117048615, 18.025218132159356 ], [ 73.808347149720035, 18.025651061225037 ], [ 73.80812200136711, 18.025756135900686 ], [ 73.807886370573158, 18.025866098378842 ], [ 73.807560937895161, 18.026017820312532 ], [ 73.807287029886979, 18.026139412004191 ], [ 73.80728532039295, 18.0261194514006 ], [ 73.807009365124188, 18.025889177779689 ], [ 73.806737493596728, 18.025824120991647 ], [ 73.805633883625774, 18.025560023107211 ], [ 73.805161757858528, 18.025410809639069 ], [ 73.804757551913298, 18.025281133049219 ], [ 73.804521429740845, 18.025197961311573 ], [ 73.804007759586682, 18.02449025634845 ], [ 73.803790234337256, 18.024208150978126 ], [ 73.803738749193386, 18.024145671639811 ], [ 73.801633489832838, 18.021637048224996 ], [ 73.801083260941553, 18.020939133999438 ], [ 73.801073262692441, 18.020926450992295 ], [ 73.800478373158484, 18.019609601007183 ], [ 73.799070216339899, 18.017385839411094 ], [ 73.799926547062583, 18.016844799662497 ], [ 73.803531939048668, 18.013484288995155 ], [ 73.804003524928433, 18.012893561388662 ], [ 73.804094653624119, 18.01279380124512 ], [ 73.804600494062299, 18.01223999371043 ], [ 73.804540444380493, 18.011705697316962 ], [ 73.804371381444, 18.010712728009008 ], [ 73.804405709664294, 18.010528707280709 ] ], [ [ 73.741517190770494, 17.963510179810374 ], [ 73.741513365743984, 17.963226345611687 ], [ 73.741534583052712, 17.963223558145938 ], [ 73.742158499848472, 17.963141563735253 ], [ 73.742735492247007, 17.962894223284195 ], [ 73.743585623695921, 17.963637944102807 ], [ 73.746433108873404, 17.962881912095991 ], [ 73.747194226260817, 17.962766574669995 ], [ 73.747271169659868, 17.962910303795166 ], [ 73.74843888790106, 17.965091094817279 ], [ 73.749436969182298, 17.965624890633361 ], [ 73.750799506855799, 17.967210138726472 ], [ 73.751459956337527, 17.967516374234382 ], [ 73.752577182073225, 17.968173788794864 ], [ 73.753263351219871, 17.968255096414122 ], [ 73.75422824603956, 17.968524104634234 ], [ 73.754536861357138, 17.968696458251252 ], [ 73.75457571798475, 17.968718159989997 ], [ 73.752357223287717, 17.970253925721209 ], [ 73.751824553765275, 17.971957027234836 ], [ 73.751524095150515, 17.973352087085491 ], [ 73.752580913674933, 17.976643330750001 ], [ 73.754187223573823, 17.978286254711911 ], [ 73.753948072282228, 17.978077334666455 ], [ 73.752990243610569, 17.978118568084817 ], [ 73.751433408425939, 17.976809023611921 ], [ 73.750773907565161, 17.975235704595459 ], [ 73.74818822380081, 17.974114805833665 ], [ 73.746671281001312, 17.972271724148214 ], [ 73.746538555816429, 17.972194515624782 ], [ 73.74285782122918, 17.97005286520525 ], [ 73.741693424059577, 17.969018026869605 ], [ 73.740717788083984, 17.967797656827678 ], [ 73.740444937392866, 17.96751376371898 ], [ 73.740403138782682, 17.96752225921604 ], [ 73.741046193287232, 17.966514372708016 ], [ 73.741538477249449, 17.965098330871978 ], [ 73.741517190770494, 17.963510179810374 ] ], [ [ 73.942320060427065, 18.024596730944481 ], [ 73.941193024190142, 18.024192253734 ], [ 73.941126143718961, 18.024211888239762 ], [ 73.940109178952085, 18.024510474259912 ], [ 73.940035049974838, 18.024548056094847 ], [ 73.940024628619241, 18.024550675162732 ], [ 73.939156461694381, 18.024768934956217 ], [ 73.938979239360165, 18.024068648127301 ], [ 73.938822113237194, 18.023578871867464 ], [ 73.93880183466797, 18.023539988826585 ], [ 73.938525968332428, 18.023011020413403 ], [ 73.938441223963451, 18.022856963819688 ], [ 73.938123473677791, 18.022296480425027 ], [ 73.937763498082177, 18.021940881095695 ], [ 73.937757170349329, 18.021911675405352 ], [ 73.93775190981502, 18.021887403814908 ], [ 73.937658766198183, 18.021457520274659 ], [ 73.937648022347361, 18.021444844138824 ], [ 73.937452026122045, 18.021213619609025 ], [ 73.937361115716996, 18.021106368166055 ], [ 73.937336243163386, 18.021104254760711 ], [ 73.936967675182103, 18.021072949193854 ], [ 73.936936042806011, 18.020923203998791 ], [ 73.937288149159713, 18.020939513285139 ], [ 73.937392322291615, 18.020912277322825 ], [ 73.937441993736954, 18.020933812039889 ], [ 73.93774446367965, 18.021064950029903 ], [ 73.9379110867918, 18.021137190223637 ], [ 73.938153835836104, 18.021242430753688 ], [ 73.938602740153243, 18.020746273943331 ], [ 73.938539111583324, 18.020592276874382 ], [ 73.938442091736036, 18.020357458250153 ], [ 73.938418881065701, 18.020296633082612 ], [ 73.93800274190022, 18.019206097298969 ], [ 73.937954283180574, 18.019149922302301 ], [ 73.938487938154879, 18.01904999997576 ], [ 73.939989150555405, 18.018763372847715 ], [ 73.940382821058989, 18.018393390907555 ], [ 73.940415819772639, 18.018362378724152 ], [ 73.941270749123476, 18.018570951206648 ], [ 73.941291782277546, 18.018576082737869 ], [ 73.942436217983229, 18.017931710910641 ], [ 73.942592327213291, 18.017861585409239 ], [ 73.942647476585194, 18.017760634674058 ], [ 73.942735127004127, 18.017600193849649 ], [ 73.942828097246121, 18.017403234794823 ], [ 73.942855351233518, 18.017327155713033 ], [ 73.943147847181606, 18.016510675891126 ], [ 73.943152485183433, 18.016497726887582 ], [ 73.942796960740054, 18.015663794702828 ], [ 73.942787736838724, 18.015603675252539 ], [ 73.942768285617873, 18.015587457733663 ], [ 73.942268995694775, 18.015171188777312 ], [ 73.942245369104484, 18.015120660108153 ], [ 73.941949378709921, 18.014894746855941 ], [ 73.941152594612475, 18.014274375359268 ], [ 73.941286657388844, 18.014223750753604 ], [ 73.941502080580534, 18.01414237376245 ], [ 73.941771742252385, 18.014046790049214 ], [ 73.941962373738832, 18.013974665692757 ], [ 73.942157007219848, 18.013893907940481 ], [ 73.942270081757925, 18.013847037792665 ], [ 73.942518777649397, 18.013748361418511 ], [ 73.942757742989713, 18.013653641171071 ], [ 73.942940610337146, 18.013587336882107 ], [ 73.943183743860359, 18.01354525320021 ], [ 73.943228680285827, 18.013522183287506 ], [ 73.943461538878836, 18.013495183669114 ], [ 73.943799170678346, 18.013455497938718 ], [ 73.943865176190485, 18.013447677828374 ], [ 73.943991693118491, 18.013433225060766 ], [ 73.944047764161894, 18.013426759843149 ], [ 73.94429754431988, 18.01337588127161 ], [ 73.944459879773191, 18.013345807917268 ], [ 73.94455684931485, 18.013327975593814 ], [ 73.944699543104491, 18.013302091640728 ], [ 73.944709917747701, 18.013300225029887 ], [ 73.944960831579607, 18.013252315914382 ], [ 73.945081513051505, 18.013225120623481 ], [ 73.945251293741904, 18.013186862341957 ], [ 73.945414705376891, 18.01315219973716 ], [ 73.945576703063665, 18.013117762656766 ], [ 73.945764327888867, 18.013079225854963 ], [ 73.945777473834724, 18.013076526313672 ], [ 73.946002255674998, 18.013031917242017 ], [ 73.946158231056089, 18.013000965623373 ], [ 73.946255955182593, 18.012981573339331 ], [ 73.946416236188853, 18.01291390621131 ], [ 73.946532011960997, 18.012864200426772 ], [ 73.946594526619904, 18.012842986789138 ], [ 73.946753982074426, 18.012788877991387 ], [ 73.946905121824344, 18.012737591740883 ], [ 73.947143678431232, 18.01265664376983 ], [ 73.947082796909456, 18.012354687135119 ], [ 73.947450559101938, 18.01241703567824 ], [ 73.947659096706943, 18.012451195251881 ], [ 73.947964821245876, 18.012501273622533 ], [ 73.948446221220124, 18.0125801303688 ], [ 73.948777333047346, 18.012587090250008 ], [ 73.94898882970287, 18.012754989292141 ], [ 73.948876516936167, 18.012851445932494 ], [ 73.948802950304312, 18.012923143605779 ], [ 73.948598007757056, 18.013529717209735 ], [ 73.948576105033794, 18.013594543611259 ], [ 73.948585025304581, 18.013681324191008 ], [ 73.948599372297977, 18.013820836123081 ], [ 73.948615214986319, 18.013975267960749 ], [ 73.94862644213076, 18.014084708994737 ], [ 73.948671024619969, 18.014518237793627 ], [ 73.948686781070052, 18.01467120905976 ], [ 73.948694186781253, 18.014743242577751 ], [ 73.948706308647701, 18.014860441674724 ], [ 73.948707628272857, 18.014873285722615 ], [ 73.948845887079941, 18.016219224840007 ], [ 73.948848404159335, 18.016243725301607 ], [ 73.948851140427706, 18.016270348620107 ], [ 73.948878481551688, 18.016340275710171 ], [ 73.94887699843315, 18.016363526358958 ], [ 73.948872047817645, 18.016439730580139 ], [ 73.948901164910936, 18.016501565116556 ], [ 73.94933250536765, 18.017284474939103 ], [ 73.949613097739899, 18.017793751011546 ], [ 73.949669424803176, 18.01787059958188 ], [ 73.949675103952387, 18.017949322368651 ], [ 73.949714088140794, 18.018484712072883 ], [ 73.949718797109512, 18.018536258053576 ], [ 73.949752720189565, 18.018907458718324 ], [ 73.949843540763112, 18.01989348460873 ], [ 73.949881640110945, 18.020307126691925 ], [ 73.949860440768546, 18.0203374517159 ], [ 73.949491931177761, 18.02086462142622 ], [ 73.949377333995272, 18.021028306268736 ], [ 73.948791105118943, 18.021865680426789 ], [ 73.9487015520683, 18.021965551609853 ], [ 73.948670024795078, 18.022000712212002 ], [ 73.947411330571796, 18.021545074343074 ], [ 73.946950597238981, 18.021378283091938 ], [ 73.946803227718306, 18.02131862773868 ], [ 73.946717100842122, 18.021283763423536 ], [ 73.946305155012396, 18.021553431413501 ], [ 73.945784381879264, 18.021894360765671 ], [ 73.945771935720984, 18.021904438263729 ], [ 73.945633714643179, 18.022016348255963 ], [ 73.94558457410217, 18.022056132003989 ], [ 73.945438311305921, 18.022147494836549 ], [ 73.94522764020212, 18.022279090650009 ], [ 73.94519750262269, 18.022297916403325 ], [ 73.944954051095849, 18.022484114254148 ], [ 73.944724917816302, 18.022659368255745 ], [ 73.94466343801659, 18.022706390675939 ], [ 73.944564923372624, 18.022751789176592 ], [ 73.94454326499114, 18.022761631710097 ], [ 73.944731877064825, 18.023307571972094 ], [ 73.944844114373041, 18.023632440037662 ], [ 73.944848251114934, 18.023644414689937 ], [ 73.945099190099654, 18.024431952587278 ], [ 73.94511308613879, 18.024480343864688 ], [ 73.945190431983079, 18.024749695166172 ], [ 73.945482506621289, 18.025766817113897 ], [ 73.943445725834863, 18.02589998797249 ], [ 73.942921369322079, 18.025058775308981 ], [ 73.942900414321429, 18.025025156343467 ], [ 73.942803548086047, 18.024862990616619 ], [ 73.942733030336228, 18.024744931987371 ], [ 73.942714384904193, 18.024738241668558 ], [ 73.942320060427065, 18.024596730944481 ] ], [ [ 73.98560487304762, 17.843551749581579 ], [ 73.985035483091309, 17.844134736748273 ], [ 73.985311402427456, 17.844402182941749 ], [ 73.983998080753423, 17.845077289411826 ], [ 73.983855381573903, 17.844895513851103 ], [ 73.983692966170551, 17.844688621314713 ], [ 73.98315731513965, 17.844538975691975 ], [ 73.983144094633644, 17.844535281665738 ], [ 73.983134506016285, 17.844005237700923 ], [ 73.984483373127802, 17.843603225088707 ], [ 73.984687247578151, 17.843545684333048 ], [ 73.985444635160505, 17.843331916043002 ], [ 73.985454026148489, 17.843307090648658 ], [ 73.98560487304762, 17.843551749581579 ] ] ] } }
]
}
