{
"type": "FeatureCollection",
"name": "block_boundary",
"crs": { "type": "name", "properties": { "name": "urn:ogc:def:crs:OGC:1.3:CRS84" } },
"features": [
{ "type": "Feature", "properties": { "area_km2": 1293.0942664522472, "centroid_lat": 19.817629718331109, "centroid_lon": 74.082625887492043 }, "geometry": { "type": "Polygon", "coordinates": [ [ [ 73.97816403322615, 19.675427185038242 ], [ 73.978023093846275, 19.675305666868134 ], [ 73.977876340569878, 19.675242768125063 ], [ 73.97749444428473, 19.675170799109342 ], [ 73.97603406839869, 19.674848171840328 ], [ 73.976005897231374, 19.674841947927025 ], [ 73.975621759649599, 19.674777885083984 ], [ 73.974768713167578, 19.67491665940058 ], [ 73.974576173659443, 19.675004667906901 ], [ 73.973900377359442, 19.675163195596969 ], [ 73.972979057119204, 19.674962056384132 ], [ 73.972738384979863, 19.674917615233543 ], [ 73.972582347615003, 19.674877800979996 ], [ 73.971920500354699, 19.674740001072919 ], [ 73.971682919318255, 19.674690535386702 ], [ 73.971517303217539, 19.674436125082977 ], [ 73.971621374839813, 19.674004445361795 ], [ 73.971629036570889, 19.673965858245825 ], [ 73.971633135583502, 19.673942166134335 ], [ 73.971636789930102, 19.673918404657591 ], [ 73.971639997813966, 19.673894584811919 ], [ 73.971642758336841, 19.673870713364348 ], [ 73.971645068803753, 19.673846793698271 ], [ 73.971646932807957, 19.673822837656029 ], [ 73.971648346756226, 19.673798848620997 ], [ 73.971649309750205, 19.673774837589622 ], [ 73.971649823586574, 19.673750809637141 ], [ 73.971649885570343, 19.67372677237638 ], [ 73.971649499294728, 19.673702733420303 ], [ 73.971648662064908, 19.673678698689972 ], [ 73.971647373880771, 19.673654676644219 ], [ 73.971643223664174, 19.673533571609781 ], [ 73.971631405428298, 19.673188741797848 ], [ 73.971319055814092, 19.67271022141799 ], [ 73.970486977807454, 19.671443187405714 ], [ 73.970269977174183, 19.671227663405677 ], [ 73.970111033759366, 19.671069801767537 ], [ 73.969416420449065, 19.670856080705697 ], [ 73.969335572073504, 19.670831204732384 ], [ 73.969268333174483, 19.670844771984488 ], [ 73.968462769841778, 19.671007299776377 ], [ 73.96819487066449, 19.671049246635018 ], [ 73.968023451447024, 19.671073386650075 ], [ 73.967785165233053, 19.671139858376364 ], [ 73.967558098977037, 19.671166767820541 ], [ 73.967394301964745, 19.671260730908351 ], [ 73.966926242870784, 19.671557056605625 ], [ 73.966076308152907, 19.671620169113009 ], [ 73.965980537862194, 19.671759002838485 ], [ 73.965974587421712, 19.671767136037317 ], [ 73.96526381521609, 19.672738550833326 ], [ 73.965006658092989, 19.673097179600472 ], [ 73.964803891265348, 19.673319906277882 ], [ 73.964586240251805, 19.673281326609995 ], [ 73.964101576698141, 19.673217022067597 ], [ 73.963402399047879, 19.67319978474767 ], [ 73.963154669743687, 19.673494130890148 ], [ 73.963109856387419, 19.673547374632829 ], [ 73.963043805061204, 19.673625855936493 ], [ 73.962963819966603, 19.673653994867728 ], [ 73.961408430171289, 19.674201187233709 ], [ 73.961264534435827, 19.674276323634384 ], [ 73.961037549028148, 19.674156349157244 ], [ 73.960823229865966, 19.674043071378684 ], [ 73.960631992016715, 19.673941991884075 ], [ 73.960528616588761, 19.673884552730989 ], [ 73.959964892306942, 19.673571330716282 ], [ 73.959887073050524, 19.673469979397456 ], [ 73.959857678377801, 19.673431695822906 ], [ 73.959737879051517, 19.673275671912126 ], [ 73.959533715343625, 19.673028398588166 ], [ 73.959417948554631, 19.672888541600987 ], [ 73.959359171785593, 19.672805658817396 ], [ 73.959225448572397, 19.672729097262884 ], [ 73.959098913678105, 19.672594977633068 ], [ 73.958766838856903, 19.672476268183686 ], [ 73.958541117378843, 19.672401678225452 ], [ 73.958394400035061, 19.672349390796263 ], [ 73.958331311352666, 19.672326907213385 ], [ 73.958358400050074, 19.672255162739141 ], [ 73.958515395917317, 19.671839366268628 ], [ 73.958781655669227, 19.671126757234575 ], [ 73.958500860277709, 19.670537537180682 ], [ 73.958306505274436, 19.670443869731589 ], [ 73.958012442664469, 19.670316497578995 ], [ 73.957972661670439, 19.670299265868351 ], [ 73.957993559178888, 19.669954098352196 ], [ 73.957997447985761, 19.669889870297279 ], [ 73.957839121713548, 19.669577969381319 ], [ 73.957742220443862, 19.669468395940434 ], [ 73.957813893427101, 19.669215957598755 ], [ 73.957814092853084, 19.669215256347691 ], [ 73.957799968641893, 19.669199969242882 ], [ 73.957660220428096, 19.669048723090075 ], [ 73.957520693199868, 19.668928274378406 ], [ 73.957365446352441, 19.668863196627047 ], [ 73.957196823590451, 19.66880561438813 ], [ 73.956875789064114, 19.668695983743799 ], [ 73.956873668141739, 19.668695259651081 ], [ 73.956871186096578, 19.668696313645864 ], [ 73.956187430723134, 19.668986706703954 ], [ 73.955963925388872, 19.669065396640622 ], [ 73.955376310412078, 19.669653492832911 ], [ 73.955352508650321, 19.669676923350117 ], [ 73.954783625343808, 19.670236902303408 ], [ 73.953919448735448, 19.670791178836581 ], [ 73.953542095230688, 19.671015537903745 ], [ 73.953248939919163, 19.671213881330083 ], [ 73.95267282427632, 19.67154052203983 ], [ 73.952559596126335, 19.671604718981325 ], [ 73.951789538705228, 19.671859458600188 ], [ 73.951553592602565, 19.671923932018572 ], [ 73.951038953166176, 19.672113226738592 ], [ 73.950747395059267, 19.672193190733772 ], [ 73.950318273441312, 19.672412723767135 ], [ 73.950298964154257, 19.672424633800532 ], [ 73.950284456362439, 19.672433185677654 ], [ 73.950269787772172, 19.672441499015342 ], [ 73.950254961976711, 19.672449571275973 ], [ 73.950239986162629, 19.672457400767826 ], [ 73.950224861228165, 19.672464983261527 ], [ 73.950209596156554, 19.672472316219419 ], [ 73.950194190947727, 19.67247940133333 ], [ 73.950178652788267, 19.672486231836256 ], [ 73.95016298616973, 19.672492807728236 ], [ 73.950147195583639, 19.67249912562572 ], [ 73.950131287318285, 19.672505186374632 ], [ 73.950115264966882, 19.672510986591497 ], [ 73.950099132122716, 19.672516524584552 ], [ 73.950082894175608, 19.67252179866211 ], [ 73.950066559210498, 19.672526806286474 ], [ 73.95005012902395, 19.672531546611864 ], [ 73.95003360810756, 19.672536018792329 ], [ 73.949425035435183, 19.672695376196728 ], [ 73.94902432303806, 19.672212957355551 ], [ 73.948315003408283, 19.672073393178827 ], [ 73.947763224024783, 19.67195211438877 ], [ 73.947183961583477, 19.671827940038632 ], [ 73.946960908101829, 19.671824425381555 ], [ 73.9466998253409, 19.671864646418975 ], [ 73.946693654813217, 19.671866235838706 ], [ 73.94627157958034, 19.671975009970424 ], [ 73.946068607038512, 19.672036006754677 ], [ 73.945901120645374, 19.672129822994851 ], [ 73.945596695070293, 19.672427536025172 ], [ 73.945160840579291, 19.672325652768102 ], [ 73.945013866317353, 19.672041789224949 ], [ 73.94384464160143, 19.671276291038783 ], [ 73.94241672543987, 19.671679874362987 ], [ 73.941098667847655, 19.671024114386899 ], [ 73.939646206119264, 19.670865908270525 ], [ 73.93863368082657, 19.670398936709738 ], [ 73.938629060791058, 19.67040359335455 ], [ 73.938407422155962, 19.670626973420724 ], [ 73.938321875591441, 19.670713190991631 ], [ 73.937466559965017, 19.671575220349045 ], [ 73.936483208359491, 19.671593657312055 ], [ 73.935175585597619, 19.67162582217756 ], [ 73.935133357592761, 19.671587008636909 ], [ 73.933143695239622, 19.670940780625187 ], [ 73.93230190734306, 19.67067571120209 ], [ 73.931785961756262, 19.670502183079577 ], [ 73.931501449136121, 19.670406491386295 ], [ 73.930325479869026, 19.670732876590364 ], [ 73.929976984742751, 19.673291823961858 ], [ 73.929975541150128, 19.673304183937208 ], [ 73.929974081387783, 19.673313298276497 ], [ 73.929972292842052, 19.673322357633175 ], [ 73.929970178207853, 19.673331355240233 ], [ 73.929967736586917, 19.673340275025982 ], [ 73.929964975165731, 19.673349109377536 ], [ 73.929961893944323, 19.673357845606752 ], [ 73.929958499210855, 19.673366474409015 ], [ 73.929954793660301, 19.673374984787849 ], [ 73.929950783580892, 19.673383365746922 ], [ 73.92994647166752, 19.673391607981603 ], [ 73.929941863310106, 19.673399702187165 ], [ 73.929936966593502, 19.673407635675591 ], [ 73.929931784212613, 19.673415401679794 ], [ 73.929926325150646, 19.673422990049271 ], [ 73.929920594797423, 19.673430390633591 ], [ 73.929783353781602, 19.673601337353084 ], [ 73.929010453192618, 19.674018136688829 ], [ 73.928837846402331, 19.674323694221073 ], [ 73.928820785598461, 19.674391880028953 ], [ 73.928443556061197, 19.674591961772133 ], [ 73.927734335246086, 19.674942197055753 ], [ 73.927160336034035, 19.675225651982192 ], [ 73.926288620763799, 19.673612566367378 ], [ 73.925854260171107, 19.672815238419567 ], [ 73.925514870368531, 19.672192214583333 ], [ 73.925513830119471, 19.672193547696899 ], [ 73.924709199237995, 19.673222884007846 ], [ 73.924249250134423, 19.673811279610806 ], [ 73.922946045287134, 19.674025886591846 ], [ 73.922759486762189, 19.674056607061544 ], [ 73.922476839044549, 19.675625623662572 ], [ 73.922404453697268, 19.675503622653029 ], [ 73.921462352729591, 19.675915397680438 ], [ 73.92061796600693, 19.676277346961754 ], [ 73.920558891895553, 19.676303303102003 ], [ 73.920314492646042, 19.676410690391744 ], [ 73.918269466223663, 19.677314835634053 ], [ 73.915903527445792, 19.678737819971925 ], [ 73.914805866118684, 19.679414057613744 ], [ 73.913843350037823, 19.680683539895426 ], [ 73.91254722391497, 19.681192981402898 ], [ 73.91204888440943, 19.681336460623591 ], [ 73.910981208846465, 19.68196873699209 ], [ 73.910546142177978, 19.682235123301073 ], [ 73.90967358967788, 19.682555935769411 ], [ 73.908639281137823, 19.68269140799968 ], [ 73.908583847898271, 19.682698667748287 ], [ 73.908541898371141, 19.682704162251952 ], [ 73.908536184187611, 19.682704910810404 ], [ 73.908155235625102, 19.683381831202677 ], [ 73.907676935736902, 19.684226239931256 ], [ 73.907556174314919, 19.684594668861035 ], [ 73.907536841671686, 19.68465365202205 ], [ 73.907601230216301, 19.685810064375389 ], [ 73.907585907652518, 19.685859408214455 ], [ 73.907454335006108, 19.686057093831494 ], [ 73.90666586212167, 19.68724182459286 ], [ 73.906622223761815, 19.687306800995106 ], [ 73.906725479713813, 19.687517956781342 ], [ 73.907233913588229, 19.688557612321571 ], [ 73.906732302418405, 19.688940487629136 ], [ 73.906773333867321, 19.689314056597595 ], [ 73.90678168280958, 19.689736706834861 ], [ 73.906512672416284, 19.69022534020111 ], [ 73.90637416836914, 19.690476926716237 ], [ 73.906313617427415, 19.690668752097334 ], [ 73.906261621142164, 19.690932412346989 ], [ 73.905974830394442, 19.691190345359544 ], [ 73.905854597181843, 19.691384436584052 ], [ 73.905743199798437, 19.691543783695639 ], [ 73.905744058587814, 19.691603588088373 ], [ 73.905755615413938, 19.69192143762816 ], [ 73.904848978137039, 19.69201179736201 ], [ 73.904529904632966, 19.69204359105948 ], [ 73.904322024594762, 19.692741543633247 ], [ 73.904240105427334, 19.692874161213624 ], [ 73.904064792013131, 19.693176535652224 ], [ 73.903942999325224, 19.69341915572809 ], [ 73.903944683666381, 19.693631534050041 ], [ 73.903957729899247, 19.694082543355417 ], [ 73.903958748588806, 19.694097756195386 ], [ 73.903959602886644, 19.694107139151619 ], [ 73.903960626966068, 19.694116505191953 ], [ 73.903961819928753, 19.694125852624822 ], [ 73.903963183571335, 19.694135180604473 ], [ 73.903964716995574, 19.694144484056284 ], [ 73.903966418404679, 19.694153759597228 ], [ 73.903968286900479, 19.694163006381494 ], [ 73.903970324279527, 19.694172220180288 ], [ 73.903972528745243, 19.694181399302025 ], [ 73.903974899399287, 19.694190540363692 ], [ 73.903977435343336, 19.694199639136418 ], [ 73.903980136577388, 19.694208695620276 ], [ 73.903983001304837, 19.694217703894793 ], [ 73.90398603042398, 19.694226665651602 ], [ 73.903989220341543, 19.694235574124527 ], [ 73.903992571057557, 19.694244427622039 ], [ 73.903996082572007, 19.694253223606854 ], [ 73.903999754884879, 19.694261961233241 ], [ 73.904003584402943, 19.694270634580775 ], [ 73.904007570227861, 19.69427924364954 ], [ 73.904011710563012, 19.69428778505641 ], [ 73.904016007205001, 19.69429625541834 ], [ 73.90402045656063, 19.69430465304384 ], [ 73.904025057731474, 19.694312975395601 ], [ 73.904029808921024, 19.69432121739904 ], [ 73.904034709230899, 19.694329380745646 ], [ 73.904039756864478, 19.694337460360913 ], [ 73.904044950025138, 19.694345453707502 ], [ 73.90405028781457, 19.694353359093867 ], [ 73.90405576933442, 19.694361173982816 ], [ 73.904061390093162, 19.694368898374258 ], [ 73.904067150090739, 19.694376524656338 ], [ 73.904073048428927, 19.694384053674867 ], [ 73.904079082412693, 19.694391484584056 ], [ 73.904085251143727, 19.69439881230932 ], [ 73.904091550130502, 19.694406036004935 ], [ 73.9041853180765, 19.694493599078132 ], [ 73.904646328090436, 19.694954585124883 ], [ 73.904855599618983, 19.695466164986808 ], [ 73.904984591405608, 19.6956969900051 ], [ 73.905019029220327, 19.695758616304364 ], [ 73.905095907940662, 19.695896189224889 ], [ 73.905279087003493, 19.696087231706198 ], [ 73.905287914747802, 19.69609643862816 ], [ 73.905510584648866, 19.69627668816505 ], [ 73.905909868724635, 19.696599905738445 ], [ 73.906079515566049, 19.696737703752294 ], [ 73.906272927338279, 19.696894805978932 ], [ 73.906357526180173, 19.696944466096536 ], [ 73.907061046286529, 19.697314518358759 ], [ 73.907063203141533, 19.697315651665857 ], [ 73.907277583389131, 19.697191747321959 ], [ 73.90734433090968, 19.6971402553812 ], [ 73.907384125378485, 19.697107287099875 ], [ 73.90761883090768, 19.696720316727884 ], [ 73.907885718581952, 19.69626674290754 ], [ 73.908297537749235, 19.695978378378403 ], [ 73.908348259325123, 19.695934814191055 ], [ 73.908824500274704, 19.695612192381525 ], [ 73.908844509349308, 19.695576159594236 ], [ 73.910144652738111, 19.695018097763054 ], [ 73.910200301573354, 19.69498464780494 ], [ 73.910403609186773, 19.69482201324783 ], [ 73.911167009193321, 19.694586537792169 ], [ 73.912217756004708, 19.694243453297545 ], [ 73.912370487569333, 19.694525481088135 ], [ 73.912441643122975, 19.694656869984698 ], [ 73.912758874182444, 19.695278077703556 ], [ 73.912737058595766, 19.696019029761903 ], [ 73.91245621918678, 19.696451204118222 ], [ 73.912466968427495, 19.696452635983359 ], [ 73.912645525658178, 19.696476433867485 ], [ 73.912385090582603, 19.69690825938391 ], [ 73.912074816076739, 19.697369558170127 ], [ 73.912132566969703, 19.697709905038892 ], [ 73.910568913572092, 19.698452484894016 ], [ 73.91063181360829, 19.699321188395164 ], [ 73.910692485822594, 19.700159007651028 ], [ 73.910894109993151, 19.700974998401691 ], [ 73.911174597262502, 19.701541742860758 ], [ 73.910588937019753, 19.701778402250806 ], [ 73.91059521983685, 19.701831054729009 ], [ 73.909172589362456, 19.702747026797905 ], [ 73.908524171017334, 19.703038447407231 ], [ 73.907020481063242, 19.703703587236983 ], [ 73.906913028182217, 19.703674658611163 ], [ 73.905545127566484, 19.70330635731985 ], [ 73.905544630798119, 19.703306222850369 ], [ 73.905357653658271, 19.703389702148925 ], [ 73.904815109854212, 19.703631923631352 ], [ 73.904707704583885, 19.703679873307991 ], [ 73.904501145967458, 19.704188515170909 ], [ 73.904489389715351, 19.704252739619093 ], [ 73.904233253078374, 19.705652040689181 ], [ 73.904196246980263, 19.705854208631653 ], [ 73.904158151225673, 19.706062325855758 ], [ 73.904003907796451, 19.706904946375342 ], [ 73.903971750804232, 19.706949910593405 ], [ 73.903619649840394, 19.707442248841556 ], [ 73.903066222946677, 19.708241496610597 ], [ 73.903054519695146, 19.708259335674907 ], [ 73.902711389307782, 19.708782292364965 ], [ 73.901543581235046, 19.710562044149754 ], [ 73.900019327945799, 19.710992503932818 ], [ 73.898753136383149, 19.711330096202904 ], [ 73.898687587215178, 19.711325998049777 ], [ 73.89817894762659, 19.712031036984733 ], [ 73.897843881415483, 19.712520025955797 ], [ 73.897456713816268, 19.713029545418294 ], [ 73.897026291437768, 19.713308479625638 ], [ 73.896912421890661, 19.713409957944464 ], [ 73.896834663719673, 19.713487995182813 ], [ 73.896612485197082, 19.71382384265323 ], [ 73.896548164924411, 19.713926551931419 ], [ 73.896458163614412, 19.714030960080986 ], [ 73.8963813801155, 19.714120032069562 ], [ 73.896260539641787, 19.714188668578803 ], [ 73.896123058775771, 19.71428485080455 ], [ 73.896012883999447, 19.714442805984962 ], [ 73.895479019717669, 19.715384363884123 ], [ 73.895152777657614, 19.716088743074895 ], [ 73.894880648313659, 19.717809017262983 ], [ 73.89492587040337, 19.718605723657191 ], [ 73.895771167119392, 19.720266418109027 ], [ 73.895843015274153, 19.720481262159741 ], [ 73.896442604793677, 19.722144269346394 ], [ 73.896525494141599, 19.722356537653887 ], [ 73.896615884422104, 19.722535573732891 ], [ 73.89822422541188, 19.725918453027955 ], [ 73.897958898111227, 19.728691752753363 ], [ 73.897627818623377, 19.728946283973229 ], [ 73.897513990398778, 19.729033792621429 ], [ 73.897460003446838, 19.729075294715653 ], [ 73.897395540342018, 19.729124849289448 ], [ 73.897273516787081, 19.729260999141921 ], [ 73.897259648595735, 19.72954873120014 ], [ 73.897391240106757, 19.729816832609092 ], [ 73.897398652106162, 19.729831933815881 ], [ 73.897530699961365, 19.730268602361914 ], [ 73.89753505140061, 19.731179165587729 ], [ 73.897600796401278, 19.731988094815399 ], [ 73.897660182228108, 19.73219951462568 ], [ 73.897969891693663, 19.733502538307345 ], [ 73.898010304203353, 19.733732044311314 ], [ 73.898058717108967, 19.734075719687247 ], [ 73.898066077904389, 19.734127971727393 ], [ 73.898096475096963, 19.734343761919551 ], [ 73.898098316643313, 19.734356835055905 ], [ 73.898147409573582, 19.734705348191955 ], [ 73.898285447395068, 19.735457956100554 ], [ 73.89845566825997, 19.736694874006613 ], [ 73.898573714973125, 19.737519460892429 ], [ 73.898674949715755, 19.737956820363792 ], [ 73.898725204167704, 19.738173931182047 ], [ 73.898769409364505, 19.738389435189962 ], [ 73.898790989592584, 19.7384946449877 ], [ 73.898849965787633, 19.738892053805586 ], [ 73.898921999893616, 19.739398391166535 ], [ 73.89912366269175, 19.739986000577474 ], [ 73.899140706427644, 19.740035659993456 ], [ 73.899168502997469, 19.74035374639918 ], [ 73.899179630428904, 19.740481067027403 ], [ 73.899516917275363, 19.741152520969937 ], [ 73.899629717827267, 19.741377078151942 ], [ 73.899692473234708, 19.742648668614457 ], [ 73.899561933650887, 19.743378058642634 ], [ 73.898929269060886, 19.746064940847436 ], [ 73.89887371365046, 19.746511807287458 ], [ 73.898679913806021, 19.746878305353171 ], [ 73.898549635631952, 19.747124673146487 ], [ 73.898481769708866, 19.747253015641682 ], [ 73.896894104343716, 19.746791267275132 ], [ 73.896839298128199, 19.746775326409672 ], [ 73.895659239729952, 19.74688121806393 ], [ 73.895041034422803, 19.746936693990644 ], [ 73.894604348990129, 19.746975901003019 ], [ 73.894077886826295, 19.747023170585003 ], [ 73.893707131447272, 19.747059020141823 ], [ 73.891722608355906, 19.747250916296593 ], [ 73.891486850899483, 19.747273714016213 ], [ 73.890720040888141, 19.747266166351459 ], [ 73.890626978119627, 19.747345648054619 ], [ 73.889483535052378, 19.748322248339743 ], [ 73.889091595602338, 19.748669818719353 ], [ 73.888766009312434, 19.750777176005503 ], [ 73.888686469782243, 19.75123273163592 ], [ 73.888464323598996, 19.751959090345004 ], [ 73.888450804852255, 19.75195686762429 ], [ 73.888327322433312, 19.751741363332286 ], [ 73.888263539353204, 19.751647125398186 ], [ 73.88662241794043, 19.749222222166903 ], [ 73.886603753643769, 19.749016310357547 ], [ 73.88635952956578, 19.746322063712896 ], [ 73.886169970667794, 19.744086974839263 ], [ 73.885011478124568, 19.743809707586074 ], [ 73.884648568631235, 19.743648905869762 ], [ 73.884013623218777, 19.743367563353001 ], [ 73.884276245692078, 19.740634150623965 ], [ 73.884153861014383, 19.740647872606566 ], [ 73.880558417870091, 19.741050975717044 ], [ 73.880521159345378, 19.738518480582023 ], [ 73.880519560344183, 19.738518923641635 ], [ 73.878826080625046, 19.738988907733816 ], [ 73.877877041968418, 19.739584831037323 ], [ 73.877005336579657, 19.740176150770697 ], [ 73.876837766643163, 19.74028982224344 ], [ 73.876165471077812, 19.741416365163026 ], [ 73.875981781771856, 19.741475422066468 ], [ 73.875421200695214, 19.741103518024786 ], [ 73.87336825831855, 19.741569972083642 ], [ 73.873359524897367, 19.741567261354671 ], [ 73.873350892985798, 19.741564267377292 ], [ 73.873342371566991, 19.741560990997016 ], [ 73.873333973217441, 19.741557438132457 ], [ 73.873325706021845, 19.741553613856674 ], [ 73.873317580760116, 19.741549520706215 ], [ 73.873309608211969, 19.741545164599668 ], [ 73.873301795563933, 19.741540552301156 ], [ 73.873294155392458, 19.741535686347245 ], [ 73.873286695782326, 19.741530575193075 ], [ 73.873279425716746, 19.741525224757218 ], [ 73.873272353280498, 19.741519640112784 ], [ 73.873265489253413, 19.741513829714904 ], [ 73.873258839025368, 19.741507798636679 ], [ 73.873252411579514, 19.741501557024282 ], [ 73.873246217695637, 19.741495110796325 ], [ 73.873240260966995, 19.741488468407951 ], [ 73.873234551275047, 19.741481636623305 ], [ 73.873229094009687, 19.741474624743034 ], [ 73.87322389725577, 19.741467442067822 ], [ 73.873218966403172, 19.741460095361795 ], [ 73.873214306841803, 19.741452595616629 ], [ 73.873209925758147, 19.741444949596502 ], [ 73.873205827643829, 19.741437168293093 ], [ 73.87320201699039, 19.741429262698148 ], [ 73.873198499187737, 19.741421240421275 ], [ 73.873195278727437, 19.741413109917676 ], [ 73.873192359202775, 19.741404886406617 ], [ 73.873189743308657, 19.741396571579187 ], [ 73.873187436435003, 19.741388183191212 ], [ 73.873185437683503, 19.741379728006823 ], [ 73.873183754240671, 19.741371216172233 ], [ 73.873182385208167, 19.741362660370239 ], [ 73.873181330586036, 19.741354067364973 ], [ 73.873180596662436, 19.741345449839226 ], [ 73.873180180742452, 19.741336818784688 ], [ 73.873180083724407, 19.741328184347633 ], [ 73.873180307404908, 19.741319555828717 ], [ 73.873180849089024, 19.741310944219705 ], [ 73.873181708776741, 19.741302361357885 ], [ 73.873182887366411, 19.741293817389465 ], [ 73.873184380366425, 19.741285320769645 ], [ 73.873186187776781, 19.741276883335743 ], [ 73.873188307800831, 19.741268516079472 ], [ 73.873190736845373, 19.74126022661045 ], [ 73.873194034560754, 19.741250458328086 ], [ 73.873196073736466, 19.741244664830798 ], [ 73.873198005114332, 19.741238838358043 ], [ 73.873199826897746, 19.741232977218797 ], [ 73.873201539984976, 19.741227087331669 ], [ 73.873203142579428, 19.741221167851151 ], [ 73.873204635579455, 19.74121521962277 ], [ 73.873206018984959, 19.74120924941068 ], [ 73.873207290101092, 19.741203252987209 ], [ 73.873208450724462, 19.741197234580056 ], [ 73.873209498160051, 19.741191198416754 ], [ 73.873210434204594, 19.741185143651794 ], [ 73.87321125795971, 19.74117907282173 ], [ 73.873211969425412, 19.741172987617613 ], [ 73.873212567703405, 19.74116688888493 ], [ 73.873213051895348, 19.741160780851327 ], [ 73.873213424696175, 19.741154664362263 ], [ 73.873213683410967, 19.741148539417814 ], [ 73.873213828938063, 19.741142409399959 ], [ 73.873213858582474, 19.741136279381877 ], [ 73.87321377863239, 19.741130144290455 ], [ 73.873213583697989, 19.741124010889859 ], [ 73.873213274677525, 19.741117880871059 ], [ 73.873212851571026, 19.741111754234151 ], [ 73.873212317073452, 19.741105634361148 ], [ 73.873211669388112, 19.741099522943099 ], [ 73.873210909413402, 19.741093421671053 ], [ 73.873210036250924, 19.741087331390542 ], [ 73.873209051697373, 19.741081254638129 ], [ 73.873207953057786, 19.741075193950355 ], [ 73.873206744823719, 19.741069149327217 ], [ 73.873205423401984, 19.741063125841901 ], [ 73.873203990589047, 19.741057122648812 ], [ 73.873202450876661, 19.741051140593505 ], [ 73.873200798874876, 19.741045185594619 ], [ 73.873199038176892, 19.74103925596112 ], [ 73.873197166986174, 19.741033353384047 ], [ 73.873195189794231, 19.741027482936538 ], [ 73.873193103906132, 19.741021643773053 ], [ 73.873190909321877, 19.741015837584648 ], [ 73.873188609634781, 19.741010067753411 ], [ 73.873186203946446, 19.741004335124888 ], [ 73.873183693155241, 19.740998641390075 ], [ 73.873181079057758, 19.740992988240063 ], [ 73.873178359857363, 19.740987377365855 ], [ 73.873175540045708, 19.740981809613054 ], [ 73.873172617826086, 19.740976288363623 ], [ 73.87316959319854, 19.740970813617654 ], [ 73.873166469756285, 19.740965389602753 ], [ 73.873161143644964, 19.740956620707809 ], [ 73.873148784623297, 19.740913653031001 ], [ 73.873137217915669, 19.74087049763699 ], [ 73.873126448013736, 19.740827170590457 ], [ 73.873116479409063, 19.740783686265111 ], [ 73.873107312101567, 19.740740054807134 ], [ 73.873098950582886, 19.740696290590286 ], [ 73.873091400242942, 19.740652409679367 ], [ 73.873084659285041, 19.740608421375004 ], [ 73.873078730404146, 19.74056434089653 ], [ 73.873073616295244, 19.740520182617793 ], [ 73.873069318754929, 19.740475958376027 ], [ 73.873065839579837, 19.740431680008509 ], [ 73.873063177871643, 19.740387365271204 ], [ 73.873061336325321, 19.740343025155859 ], [ 73.873060313144222, 19.740298674036381 ], [ 73.873060112819928, 19.740254324595632 ], [ 73.873060729962518, 19.740209991207564 ], [ 73.873062169063601, 19.74016568740052 ], [ 73.87306442742819, 19.740121425011953 ], [ 73.873067503259762, 19.740077219261288 ], [ 73.87307139835481, 19.74003308283147 ], [ 73.873076734347592, 19.73998372442189 ], [ 73.873080139860861, 19.739952540579853 ], [ 73.873082967757355, 19.739921298390421 ], [ 73.873085215342201, 19.739890004617767 ], [ 73.873087151211635, 19.739852326268128 ], [ 73.873087314705003, 19.739844843357979 ], [ 73.873087198822347, 19.739837352837753 ], [ 73.87308680805522, 19.739829868235859 ], [ 73.873086138810308, 19.739822396316526 ], [ 73.873085195579264, 19.739814947226048 ], [ 73.873083976565439, 19.739807529419721 ], [ 73.873082488057008, 19.739800153043891 ], [ 73.873080725562403, 19.739792825708218 ], [ 73.873078693573234, 19.739785555868082 ], [ 73.873076396581055, 19.739778355360823 ], [ 73.873073834585867, 19.739771228414082 ], [ 73.873071012977562, 19.739764189401829 ], [ 73.873067933552775, 19.739757240860655 ], [ 73.873064601701373, 19.739750394627983 ], [ 73.873061019220003, 19.739743659159039 ], [ 73.873057192396899, 19.739737042063602 ], [ 73.873053125723615, 19.739730551796992 ], [ 73.873048211939022, 19.739723330994622 ], [ 73.873045295109279, 19.739719515130183 ], [ 73.87304210698835, 19.73971589458241 ], [ 73.873038661949252, 19.739712489644063 ], [ 73.873034977059916, 19.739709316380139 ], [ 73.873031071185068, 19.739706389164564 ], [ 73.873026962290979, 19.739703723216913 ], [ 73.873022671038839, 19.739701332911093 ], [ 73.87301821809001, 19.739699226702466 ], [ 73.873013625902274, 19.739697417273877 ], [ 73.873008915136936, 19.739695911389653 ], [ 73.873004110048456, 19.739694718350513 ], [ 73.872999233993113, 19.739693843229663 ], [ 73.872994309428734, 19.739693291100295 ], [ 73.872989363304768, 19.739693062807902 ], [ 73.872984415384153, 19.739693160889072 ], [ 73.872979495311355, 19.739693583652773 ], [ 73.872974621950931, 19.739694331098967 ], [ 73.872969819557426, 19.739695398154545 ], [ 73.872965115978616, 19.739696779746261 ], [ 73.872960529180773, 19.739698468264439 ], [ 73.872956085215051, 19.739700456944774 ], [ 73.872951802047766, 19.739702737332006 ], [ 73.872947703933434, 19.739705295052214 ], [ 73.872943808838414, 19.739708119113462 ], [ 73.872940137423825, 19.739711195141794 ], [ 73.87293670496112, 19.73971450960877 ], [ 73.872933529416571, 19.739718045603784 ], [ 73.872930626959885, 19.739721787061889 ], [ 73.87292801106581, 19.739725712844805 ], [ 73.872925696107316, 19.739729805196518 ], [ 73.872923690169259, 19.739734046360855 ], [ 73.872922006726441, 19.739738412663151 ], [ 73.872920028636159, 19.739745464359437 ], [ 73.872917765779974, 19.739755366327199 ], [ 73.872915320565795, 19.739765229400053 ], [ 73.872912692095269, 19.739775045122816 ], [ 73.872909882165047, 19.739784815186511 ], [ 73.872906890775155, 19.739794535363551 ], [ 73.872903717925567, 19.739804200580735 ], [ 73.872900367209553, 19.739813809992569 ], [ 73.872896837728803, 19.739823360216985 ], [ 73.872893133076573, 19.739832847871828 ], [ 73.872889250557918, 19.739842272111595 ], [ 73.872885192867784, 19.739851627017664 ], [ 73.872880962701089, 19.739860910898923 ], [ 73.872876560057875, 19.739870122064396 ], [ 73.872871986734793, 19.739879254595383 ], [ 73.872867243630083, 19.739888311028462 ], [ 73.872862333438746, 19.739897282908387 ], [ 73.872857256160756, 19.739906171926258 ], [ 73.872852012694437, 19.73991497216339 ], [ 73.872842133022942, 19.73993063299919 ], [ 73.872840327409222, 19.739939109398481 ], [ 73.872838364590322, 19.739947551130729 ], [ 73.872836243667948, 19.739955958195971 ], [ 73.872833969133623, 19.739964326366593 ], [ 73.872831539190813, 19.739972653105973 ], [ 73.872828953839402, 19.739980936723121 ], [ 73.87282621577441, 19.739989174681444 ], [ 73.872823324097524, 19.739997362753336 ], [ 73.872820282401989, 19.74000550093875 ], [ 73.872817087992843, 19.740013585010146 ], [ 73.87281374536164, 19.740021611585359 ], [ 73.87281025271183, 19.740029583201011 ], [ 73.872806612738287, 19.740037491401861 ], [ 73.872802825441056, 19.740045336187894 ], [ 73.872798891718432, 19.740053116713604 ], [ 73.872794816061969, 19.740060827905864 ], [ 73.872790594878481, 19.740068468919105 ], [ 73.87278623355779, 19.740076037216834 ], [ 73.872781730303259, 19.740083531107942 ], [ 73.87277708870819, 19.740090946364866 ], [ 73.87277230967085, 19.740098282987624 ], [ 73.872767394089635, 19.740105537594076 ], [ 73.872762342862785, 19.740112707647658 ], [ 73.872757159583571, 19.740119790611868 ], [ 73.872751844252051, 19.740126788177704 ], [ 73.872746397766477, 19.740133692735508 ], [ 73.872740824618461, 19.740140505130757 ], [ 73.872735123909678, 19.740147221981395 ], [ 73.872729298335059, 19.74015384328742 ], [ 73.872723349691256, 19.740160367357817 ], [ 73.872717279774861, 19.740166788273957 ], [ 73.872711090382566, 19.740173106881269 ], [ 73.872704783310937, 19.740179320643257 ], [ 73.872698358560044, 19.74018542871443 ], [ 73.872691823316345, 19.740191427712688 ], [ 73.872685174884936, 19.740197316792464 ], [ 73.872678416859031, 19.740203094262792 ], [ 73.872671550137014, 19.740208756741549 ], [ 73.872664579210408, 19.740214305074272 ], [ 73.872657504079228, 19.740219735033381 ], [ 73.872650328336761, 19.740225046618825 ], [ 73.872643052881259, 19.740230238139638 ], [ 73.872635681306051, 19.740235307904769 ], [ 73.87262821361108, 19.740240253377621 ], [ 73.872620654287971, 19.740245073712703 ], [ 73.872613005133317, 19.740249768064473 ], [ 73.872605267943783, 19.740254332205367 ], [ 73.872597445414286, 19.740258770362988 ], [ 73.872589539341476, 19.740263075773143 ], [ 73.872581553318582, 19.740267249281402 ], [ 73.872573488243958, 19.740271290042234 ], [ 73.872565348609172, 19.740275196364582 ], [ 73.872557135312547, 19.740278967402954 ], [ 73.872548851048975, 19.740282598929756 ], [ 73.872540499411798, 19.740286094327036 ], [ 73.872532080400958, 19.740289451058278 ], [ 73.872523599406364, 19.740292666586914 ], [ 73.872515057326297, 19.740295742603987 ], [ 73.87250645865241, 19.740298674881892 ], [ 73.87248943288283, 19.74030401267601 ], [ 73.872110121949049, 19.740505860302843 ], [ 73.871727397417217, 19.740702000400812 ], [ 73.871567660790021, 19.740767745645272 ], [ 73.871339064703051, 19.740817071682663 ], [ 73.870974543632087, 19.740895727986338 ], [ 73.870110075071267, 19.741079935626857 ], [ 73.870014167338255, 19.741090907940148 ], [ 73.867987380309387, 19.741322761190368 ], [ 73.866736079220885, 19.742294912874478 ], [ 73.866734228691413, 19.742296349402086 ], [ 73.866606048981836, 19.742688232640411 ], [ 73.866207842884378, 19.743905632703072 ], [ 73.865736746586435, 19.745376928210895 ], [ 73.865496585588488, 19.746126958639781 ], [ 73.865239174242149, 19.746879651372208 ], [ 73.865061938433243, 19.747494422389881 ], [ 73.864703575313541, 19.748602758625751 ], [ 73.864702791982651, 19.748606398417969 ], [ 73.863534745856356, 19.748367769067329 ], [ 73.863460195569246, 19.748312488944347 ], [ 73.863375045161803, 19.748249348355525 ], [ 73.863341698800113, 19.748230673346377 ], [ 73.861155049379931, 19.747006012239012 ], [ 73.861008006846006, 19.746953719602271 ], [ 73.860877610992645, 19.746907347909243 ], [ 73.86078243897984, 19.746875790867865 ], [ 73.859929050239728, 19.746592828159649 ], [ 73.85971619083989, 19.746675616911176 ], [ 73.857849595884048, 19.747401643794134 ], [ 73.857693563909095, 19.747360334160728 ], [ 73.857292131961472, 19.747309861973708 ], [ 73.855922685345121, 19.747116648619386 ], [ 73.855602020026367, 19.747098861240261 ], [ 73.854865315255083, 19.74698172219346 ], [ 73.855044553408788, 19.746752686725468 ], [ 73.855661908011399, 19.745963806247453 ], [ 73.856641293554972, 19.744724601199255 ], [ 73.857914936642885, 19.743113061880333 ], [ 73.857550901560529, 19.743234451601595 ], [ 73.855183220949314, 19.744024169089684 ], [ 73.854732682596676, 19.74411924941937 ], [ 73.853649723097462, 19.744430169666714 ], [ 73.853290168811753, 19.744535531901629 ], [ 73.852215003095949, 19.744750562297547 ], [ 73.851825956221134, 19.744828373699526 ], [ 73.851748018387099, 19.744909093582788 ], [ 73.849308476146405, 19.745511892349743 ], [ 73.849230397276841, 19.745316841243685 ], [ 73.848371883648028, 19.743763344280246 ], [ 73.846994273142386, 19.743545597631631 ], [ 73.844815740899094, 19.743183732912403 ], [ 73.844070691677175, 19.742993434109412 ], [ 73.843897450676309, 19.743016909690429 ], [ 73.842376961328085, 19.741764573725494 ], [ 73.83968007780966, 19.740856277661528 ], [ 73.839402934968106, 19.740814302599922 ], [ 73.838552923893431, 19.740809878831634 ], [ 73.838179099869436, 19.741008599084445 ], [ 73.838178278809252, 19.741009035372997 ], [ 73.836953006406134, 19.741660412832427 ], [ 73.836861477061845, 19.741750693727337 ], [ 73.835426370784745, 19.742352828855495 ], [ 73.833562435740475, 19.742596873402359 ], [ 73.832323354434777, 19.742353504420617 ], [ 73.832064719583002, 19.74230636789251 ], [ 73.831951313566606, 19.742254320606214 ], [ 73.827378968720481, 19.743626799256752 ], [ 73.825884794620208, 19.744090345018666 ], [ 73.827903589338007, 19.744962475892727 ], [ 73.829315370858737, 19.746388455135193 ], [ 73.831289774428441, 19.748335871585635 ], [ 73.832027093647355, 19.748795719919148 ], [ 73.832463020901898, 19.750027981620072 ], [ 73.832545587754609, 19.751791332758053 ], [ 73.832687348194639, 19.752546193587467 ], [ 73.832540552697452, 19.75277982426001 ], [ 73.832635656438256, 19.754425818642417 ], [ 73.832708571791571, 19.754547187077513 ], [ 73.833860591973163, 19.756583620750199 ], [ 73.834116148298435, 19.757035337587897 ], [ 73.834063038102215, 19.757328191955889 ], [ 73.833640014248417, 19.760020403825148 ], [ 73.834492708590801, 19.760129648921136 ], [ 73.834365734420331, 19.760606949860616 ], [ 73.834096977351948, 19.761329480975451 ], [ 73.833810183909321, 19.762100496393238 ], [ 73.833561550899901, 19.762768917358663 ], [ 73.833438065785998, 19.763100887317268 ], [ 73.833437454931612, 19.763102529935995 ], [ 73.833463221308918, 19.763179383846122 ], [ 73.83337124999349, 19.764270620325188 ], [ 73.833287216191934, 19.765267650728646 ], [ 73.833267638308627, 19.765499943958879 ], [ 73.833261131811014, 19.765523590378955 ], [ 73.833120457434148, 19.766034823416213 ], [ 73.832547799406825, 19.768060573630347 ], [ 73.832414994271886, 19.76853035573998 ], [ 73.831993941321784, 19.768839357602591 ], [ 73.831324832979035, 19.76933041031787 ], [ 73.830875283671503, 19.769660335194409 ], [ 73.830369277045023, 19.769433243668715 ], [ 73.83011926961322, 19.769321041078157 ], [ 73.829280686905605, 19.770282181197512 ], [ 73.828986380852228, 19.770188698140167 ], [ 73.828881442355708, 19.770783182768241 ], [ 73.828743821352475, 19.771562806406163 ], [ 73.829522790061233, 19.771837828340061 ], [ 73.829918402722456, 19.771860947162722 ], [ 73.830827823878423, 19.771914098124693 ], [ 73.830898323661927, 19.771918219238245 ], [ 73.831436384872688, 19.771604117379958 ], [ 73.831443920839618, 19.771622749920692 ], [ 73.832274478896792, 19.773676243589847 ], [ 73.832929253720891, 19.775319272400623 ], [ 73.833201488167731, 19.775599262661228 ], [ 73.833253211365147, 19.775634568160825 ], [ 73.83344567810974, 19.775765942759911 ], [ 73.834591337320802, 19.776547939385591 ], [ 73.834803745766379, 19.778321123401337 ], [ 73.834894747799609, 19.7791261660836 ], [ 73.835414751974866, 19.779615887853772 ], [ 73.835983723316261, 19.780094733164212 ], [ 73.836352278721122, 19.780404903649284 ], [ 73.836209303758807, 19.781958653169475 ], [ 73.836106516727369, 19.782059021076375 ], [ 73.835259182632257, 19.782886417385669 ], [ 73.834524765870057, 19.783556571104384 ], [ 73.834076014266486, 19.784001666413538 ], [ 73.83398808896311, 19.78403493712316 ], [ 73.833810253977887, 19.784078130710164 ], [ 73.833552864191105, 19.784140645965927 ], [ 73.833542114052108, 19.78415731596408 ], [ 73.833421620328096, 19.784210219380512 ], [ 73.832890067411569, 19.784342542932119 ], [ 73.8320724298231, 19.784411984393227 ], [ 73.831393240586223, 19.78425387613952 ], [ 73.830102989445336, 19.78390490997716 ], [ 73.829579795352515, 19.78412597592656 ], [ 73.828489613398446, 19.784637631951309 ], [ 73.828295322175521, 19.784763386411285 ], [ 73.828223871974444, 19.784803282331296 ], [ 73.827545451695457, 19.785182107110064 ], [ 73.826925254823308, 19.785573575594153 ], [ 73.825925376013188, 19.785917855236541 ], [ 73.825831131960101, 19.785978212610491 ], [ 73.825428852002801, 19.786294624178367 ], [ 73.825400432002169, 19.786316977615364 ], [ 73.825024282239866, 19.786622226606674 ], [ 73.824841311586184, 19.786770710712272 ], [ 73.824146593173012, 19.787334493955015 ], [ 73.82403406840389, 19.787351012314701 ], [ 73.823656019603078, 19.787406513889238 ], [ 73.823404832683352, 19.787449618653387 ], [ 73.822578158043115, 19.787586343388561 ], [ 73.822330942575263, 19.78778538488293 ], [ 73.821975938256415, 19.78813669662155 ], [ 73.821759672445026, 19.788380764928256 ], [ 73.821744393000372, 19.788398008420394 ], [ 73.821445036618471, 19.788479341044919 ], [ 73.821409263008903, 19.788489060789907 ], [ 73.821147381645702, 19.78856021464723 ], [ 73.819678207659791, 19.789279032580374 ], [ 73.819409021196677, 19.789410741640108 ], [ 73.819295846945636, 19.789492511593785 ], [ 73.819111335681214, 19.789402403112483 ], [ 73.818290569260625, 19.789783815286281 ], [ 73.817909880311191, 19.789960725950966 ], [ 73.817204126094765, 19.790261860843181 ], [ 73.816848029424534, 19.790413804579138 ], [ 73.816524096933094, 19.790548680726335 ], [ 73.815499157821478, 19.790975445725397 ], [ 73.815346966144361, 19.791012681761295 ], [ 73.814429211317488, 19.791418490002211 ], [ 73.813568003641137, 19.791790200625606 ], [ 73.813149338413055, 19.791945877219138 ], [ 73.812457704814548, 19.792233382101326 ], [ 73.811912942171773, 19.792459840157619 ], [ 73.811527901783109, 19.79262584923806 ], [ 73.811426066965879, 19.792698511702035 ], [ 73.811344188222662, 19.792722340885209 ], [ 73.810625105702371, 19.793020733652263 ], [ 73.8101048302359, 19.793262794626916 ], [ 73.809976442117161, 19.79332252880851 ], [ 73.809914520346311, 19.793363047218602 ], [ 73.809047429603169, 19.793858271679703 ], [ 73.808929496976006, 19.793975842856053 ], [ 73.808813677186436, 19.794091310145816 ], [ 73.809436015642234, 19.794769037353976 ], [ 73.809774778420731, 19.79549123184891 ], [ 73.809838758231862, 19.796393926408228 ], [ 73.809703419847793, 19.797362898983721 ], [ 73.809378625872, 19.797547647409406 ], [ 73.807492368591213, 19.798477518361 ], [ 73.806750458082917, 19.798830072636495 ], [ 73.806486756732923, 19.799547558635673 ], [ 73.807333552737205, 19.801901926017337 ], [ 73.807641772796018, 19.802758840692047 ], [ 73.807653529048125, 19.802805968642417 ], [ 73.807711712030766, 19.803305775924773 ], [ 73.807686325640859, 19.803691985034412 ], [ 73.807522345372263, 19.804242105942816 ], [ 73.807321188325631, 19.804681327719212 ], [ 73.807180884054659, 19.804955661112746 ], [ 73.806394743196691, 19.805623912409192 ], [ 73.806075244789497, 19.805836162589358 ], [ 73.80589646567492, 19.806194770606165 ], [ 73.805708385403875, 19.807164559945161 ], [ 73.805711378590374, 19.80719163917421 ], [ 73.805716784651779, 19.807233490265791 ], [ 73.805722956077773, 19.80727523739057 ], [ 73.805729890173467, 19.807316870406623 ], [ 73.805737586938804, 19.807358372410683 ], [ 73.805746042780569, 19.807399734105978 ], [ 73.805755255003803, 19.807440942815063 ], [ 73.805765220913571, 19.807481983325111 ], [ 73.805775936916618, 19.807522844649021 ], [ 73.805787402114575, 19.807563516644951 ], [ 73.805799610219296, 19.807603984100027 ], [ 73.805812559434116, 19.807644234336898 ], [ 73.805826244369143, 19.807684257213687 ], [ 73.805840661431176, 19.807724039208001 ], [ 73.805855807026816, 19.80776356764245 ], [ 73.805871675766326, 19.807802833220393 ], [ 73.805888262259728, 19.807841819883894 ], [ 73.805905562913779, 19.807880519181484 ], [ 73.805920080587114, 19.807911474217939 ], [ 73.805935121079912, 19.80794208273057 ], [ 73.805950719426477, 19.807972432616715 ], [ 73.805966873830258, 19.808002510353948 ], [ 73.805983578901277, 19.808032311716548 ], [ 73.806000829249669, 19.808061824872411 ], [ 73.80601861858726, 19.80809104137002 ], [ 73.806036944219045, 19.80811995275786 ], [ 73.806055798958525, 19.808148548894216 ], [ 73.806075177415849, 19.808176822172719 ], [ 73.806095072404432, 19.808204764141898 ], [ 73.806115476737801, 19.808232364659965 ], [ 73.806136388619294, 19.808259618656145 ], [ 73.806139078175278, 19.808262996775426 ], [ 73.806157799065787, 19.808286515143504 ], [ 73.806179700890709, 19.808313045670523 ], [ 73.806202088704239, 19.808339204321236 ], [ 73.806224955319792, 19.808364980953971 ], [ 73.80624829444919, 19.808390368807512 ], [ 73.806272096210947, 19.808415360275617 ], [ 73.806296357011817, 19.808439946906852 ], [ 73.80632106786868, 19.808464121940105 ], [ 73.806346220696639, 19.808487877769061 ], [ 73.806371808309194, 19.808511207632669 ], [ 73.80639782262152, 19.808534103924615 ], [ 73.806402284553528, 19.808537893632082 ], [ 73.807219642765929, 19.808843995036174 ], [ 73.808137160437539, 19.809049175386765 ], [ 73.808576989075362, 19.809067424914918 ], [ 73.809093532041842, 19.809076528126656 ], [ 73.810299316393198, 19.80912645506287 ], [ 73.81060801525409, 19.808957787418073 ], [ 73.811362432107757, 19.809227787070565 ], [ 73.811708305051738, 19.809489822348976 ], [ 73.811929202576735, 19.809652438110628 ], [ 73.811957935191089, 19.809688959845626 ], [ 73.81197741336139, 19.809711553402195 ], [ 73.811996472916775, 19.80973447065027 ], [ 73.812015107569039, 19.809757707363865 ], [ 73.81203331102995, 19.809781253401088 ], [ 73.81205107880794, 19.809805102845605 ], [ 73.812068403716523, 19.809829248090924 ], [ 73.812085282162386, 19.809853682375671 ], [ 73.812101709653973, 19.80987839724817 ], [ 73.812117679004814, 19.809903385947027 ], [ 73.812133185723241, 19.809928641710886 ], [ 73.812148226216038, 19.809954154397758 ], [ 73.812162795991625, 19.809979918936616 ], [ 73.812176888761797, 19.810005925185425 ], [ 73.812178627001899, 19.810009276222697 ], [ 73.812265062000208, 19.810132934096064 ], [ 73.812551797052365, 19.8109014913923 ], [ 73.812551565287023, 19.810912251837415 ], [ 73.812556898584901, 19.810930016881162 ], [ 73.812562059406176, 19.810948949919368 ], [ 73.812566869884535, 19.8109679708509 ], [ 73.812571331816542, 19.810987070379007 ], [ 73.812575443405592, 19.81100624427793 ], [ 73.812579201058412, 19.811025485786441 ], [ 73.812582606571681, 19.811044792369135 ], [ 73.812585659047016, 19.811064153039013 ], [ 73.812588356687797, 19.811083566950874 ], [ 73.812590696799106, 19.811103024808094 ], [ 73.812592680279266, 19.81112252238492 ], [ 73.812594308026576, 19.811142052075006 ], [ 73.812595576447748, 19.81116160965259 ], [ 73.812596487339434, 19.811181188356446 ], [ 73.81259703980335, 19.811200783115712 ], [ 73.812597233839455, 19.811220384633767 ], [ 73.812597069447762, 19.811239992065413 ], [ 73.812596544831607, 19.811259596114041 ], [ 73.812595662686007, 19.81127919339912 ], [ 73.812594423010921, 19.811298773778798 ], [ 73.812592825806334, 19.811318333872549 ], [ 73.812590870173992, 19.811337866919143 ], [ 73.812588558808756, 19.811357370383213 ], [ 73.812585889914061, 19.811376831587559 ], [ 73.812582867083108, 19.811396251377282 ], [ 73.812579490315954, 19.81141561876554 ], [ 73.812575759612599, 19.811434931216866 ], [ 73.812571676769593, 19.811454181125008 ], [ 73.8125672435837, 19.811473364264245 ], [ 73.812562460054778, 19.811492473028274 ], [ 73.812557328877887, 19.811511502346249 ], [ 73.812551851849591, 19.811530446302157 ], [ 73.812546028969933, 19.81154929982517 ], [ 73.812539863832129, 19.811568055308982 ], [ 73.812524806271341, 19.811609626350958 ], [ 73.81251932744641, 19.811623685352373 ], [ 73.812511809445809, 19.811641996280791 ], [ 73.812499389338726, 19.811670397400452 ], [ 73.812490832885615, 19.811688820727792 ], [ 73.812481941360943, 19.811707101223483 ], [ 73.812472716561274, 19.811725233816599 ], [ 73.812463165673179, 19.811743212591267 ], [ 73.812453286001698, 19.811761033321766 ], [ 73.812443085631614, 19.811778688401802 ], [ 73.812432564563025, 19.811796173605785 ], [ 73.812421726389147, 19.811813486398318 ], [ 73.81241057560149, 19.811830616637668 ], [ 73.81239911579344, 19.811847560943381 ], [ 73.812387347863179, 19.811864315934908 ], [ 73.812375277200729, 19.811880874851145 ], [ 73.812362909195883, 19.811897231776147 ], [ 73.812350243848698, 19.811913384174577 ], [ 73.812337287447363, 19.811929323595002 ], [ 73.812324042686797, 19.811945050037522 ], [ 73.812310515855273, 19.81196055505076 ], [ 73.812296709647683, 19.811975834409044 ], [ 73.812282627657282, 19.811990884731859 ], [ 73.812268274375654, 19.81200570179357 ], [ 73.812253654294395, 19.812020277142789 ], [ 73.812238773701736, 19.812034610779602 ], [ 73.812223632597593, 19.812048696788043 ], [ 73.812208241761866, 19.812062530097357 ], [ 73.812192601194425, 19.812076108172132 ], [ 73.812176718081915, 19.812089424251319 ], [ 73.812160595119181, 19.812102478334971 ], [ 73.811833706272125, 19.812363882627281 ], [ 73.811803198586759, 19.812388535414389 ], [ 73.811521177893198, 19.812616433642908 ], [ 73.811214802973993, 19.813302666850632 ], [ 73.811225912439099, 19.814202031955336 ], [ 73.811437759437595, 19.81468588119176 ], [ 73.811615333911405, 19.815177381580558 ], [ 73.811888794558627, 19.815521783957582 ], [ 73.811908774887158, 19.815559901630813 ], [ 73.811924381318576, 19.815588125419701 ], [ 73.811940503382985, 19.815616077918548 ], [ 73.811957136588831, 19.815643754056818 ], [ 73.811974276444431, 19.815671145383359 ], [ 73.811991916661654, 19.815698241756849 ], [ 73.812010053647228, 19.815725036416442 ], [ 73.812028680214638, 19.815751520065945 ], [ 73.812047791872317, 19.815777685944489 ], [ 73.812067382332032, 19.815803523910784 ], [ 73.81208744620389, 19.81582902973933 ], [ 73.812107976301419, 19.815854191598593 ], [ 73.812128967234671, 19.815879005263128 ], [ 73.812150411817115, 19.815903460591599 ], [ 73.81217230555724, 19.815927550823179 ], [ 73.812194638573516, 19.815951270042206 ], [ 73.812217406374387, 19.815974609797607 ], [ 73.81224060177334, 19.815997561638284 ], [ 73.812264216685534, 19.816020122183989 ], [ 73.812288244822724, 19.816042279603089 ], [ 73.812312678998481, 19.816064033050715 ], [ 73.812333690592965, 19.816082088240947 ], [ 73.812337510229554, 19.816085372385515 ], [ 73.812362733126108, 19.816106290001599 ], [ 73.812388338704963, 19.816126781673475 ], [ 73.812414317982984, 19.816146840640357 ], [ 73.8124406673669, 19.816166460986544 ], [ 73.812467373381978, 19.816185635106145 ], [ 73.812494432434946, 19.816204361309016 ], [ 73.812563177808684, 19.816249403742233 ], [ 73.812599515560251, 19.816271922841246 ], [ 73.812636269231803, 19.816293828379237 ], [ 73.812673419958699, 19.816315116130827 ], [ 73.812710960554426, 19.816335777645055 ], [ 73.81274888293413, 19.816355808696613 ], [ 73.812757087247618, 19.816359965000025 ], [ 73.812787169131553, 19.816375201679591 ], [ 73.812825811061799, 19.816393952368628 ], [ 73.812864797945124, 19.816412052312781 ], [ 73.8129041154085, 19.81642949559641 ], [ 73.812943750875462, 19.816446281374635 ], [ 73.812983695362888, 19.81646240204153 ], [ 73.81302393359941, 19.816477851681512 ], [ 73.81306445570354, 19.816492627759423 ], [ 73.813105249098911, 19.816506722669281 ], [ 73.813146299412466, 19.816520136411366 ], [ 73.813187596762702, 19.816532859689488 ], [ 73.813229127674916, 19.816544893348954 ], [ 73.813270876877752, 19.816556229783799 ], [ 73.813312835388032, 19.816566869839349 ], [ 73.813354988832742, 19.816576806754782 ], [ 73.813397323737149, 19.816586038839954 ], [ 73.813439828423114, 19.816594562714528 ], [ 73.813482489415975, 19.816602376688355 ], [ 73.813525293240943, 19.816609478226233 ], [ 73.813568228219935, 19.816615863947767 ], [ 73.813611279979938, 19.816621533852999 ], [ 73.813654435046161, 19.816626485406687 ], [ 73.813697680842267, 19.816630716073533 ], [ 73.81374100479178, 19.816634225008467 ], [ 73.813784394318333, 19.816637013901808 ], [ 73.81382783415053, 19.816639077682833 ], [ 73.813871312610289, 19.816640417196712 ], [ 73.814529584575766, 19.816665469062109 ], [ 73.814881869694204, 19.816687317922884 ], [ 73.815233642772952, 19.816715038666008 ], [ 73.815584796912432, 19.816748618611552 ], [ 73.815708932406608, 19.816763072674096 ], [ 73.81579358784235, 19.816774699814154 ], [ 73.815878004326251, 19.816787735765711 ], [ 73.815962155807114, 19.81680217883817 ], [ 73.816046017132166, 19.816818020580012 ], [ 73.816129562250211, 19.816835262680986 ], [ 73.816212766008434, 19.816853894999273 ], [ 73.816295603254062, 19.816873911618512 ], [ 73.81637804883421, 19.816895309157772 ], [ 73.816460076697751, 19.816918079165273 ], [ 73.816541662590154, 19.816942214879465 ], [ 73.816622781358632, 19.816967710383967 ], [ 73.816703408748623, 19.816994556381808 ], [ 73.816783521404005, 19.817022744421102 ], [ 73.816863090578607, 19.817052266049973 ], [ 73.816942097407832, 19.817083115351906 ], [ 73.817020515840554, 19.817115277959122 ], [ 73.817098320723957, 19.817148746264763 ], [ 73.817175489600118, 19.817183511816864 ], [ 73.817251997316248, 19.817219561937794 ], [ 73.817327822312748, 19.817256885640216 ], [ 73.817402941233439, 19.817295472781815 ], [ 73.817477330722099, 19.817335310684946 ], [ 73.817550970117537, 19.817376388362185 ], [ 73.81762383426684, 19.817418690600473 ], [ 73.817695903407142, 19.81746220641239 ], [ 73.817767150588978, 19.817506923965265 ], [ 73.817833919669098, 19.817527419682204 ], [ 73.817876671391758, 19.817541557601192 ], [ 73.817919152721558, 19.817556408795394 ], [ 73.817961346590465, 19.817571967348812 ], [ 73.818003244913612, 19.817588227345404 ], [ 73.818044832419687, 19.817605185404553 ], [ 73.81808609743058, 19.817622835610219 ], [ 73.818127024674951, 19.817641172891452 ], [ 73.818167606067888, 19.817660192177392 ], [ 73.81820782633811, 19.817679888397073 ], [ 73.818247673807491, 19.817700251408887 ], [ 73.81828713589961, 19.817721280367458 ], [ 73.818326201834694, 19.81774296513121 ], [ 73.818364858137983, 19.817765300629105 ], [ 73.818403094029733, 19.817788280945159 ], [ 73.818440898730145, 19.817811896782821 ], [ 73.818478258764515, 19.817836143071148 ], [ 73.81851516514962, 19.817861011358687 ], [ 73.818551604410814, 19.81788649403914 ], [ 73.818587564869958, 19.817912584351355 ], [ 73.819130601849082, 19.818326453103133 ], [ 73.819440975169641, 19.818574823191366 ], [ 73.820152657368681, 19.819088429678466 ], [ 73.820349101853324, 19.819240000239546 ], [ 73.820350798770875, 19.819247461674458 ], [ 73.820352634029007, 19.819254892685233 ], [ 73.820354606729367, 19.819262289046378 ], [ 73.820356715973659, 19.819269650757811 ], [ 73.820358960863544, 19.819276975284318 ], [ 73.820361341399035, 19.819284259245443 ], [ 73.82036385758019, 19.819291500950964 ], [ 73.820366505813624, 19.819298698710682 ], [ 73.820369288794382, 19.819305850834418 ], [ 73.820372203827489, 19.819312953941747 ], [ 73.820375250912917, 19.819320006342465 ], [ 73.82037828093037, 19.819326682671182 ], [ 73.82037842825406, 19.819327006346349 ], [ 73.820381734054337, 19.819333951418148 ], [ 73.820385168313649, 19.819340838177371 ], [ 73.820388731032082, 19.819347666624083 ], [ 73.820392420412915, 19.819354433377868 ], [ 73.820396233761329, 19.819361135903389 ], [ 73.820400171975507, 19.819367774200696 ], [ 73.820404232360616, 19.819374345734431 ], [ 73.820408416713207, 19.81938084627912 ], [ 73.820412718745104, 19.819387274989669 ], [ 73.820417141151239, 19.81939363186607 ], [ 73.820421681236681, 19.819399912682773 ], [ 73.820426337204808, 19.819406116594777 ], [ 73.82043110815728, 19.819412241911795 ], [ 73.820435993195815, 19.819418285253462 ], [ 73.820440989625382, 19.819424245774666 ], [ 73.820446097446123, 19.819430122630319 ], [ 73.820451313064638, 19.819435911594898 ], [ 73.820456635582701, 19.819441614358638 ], [ 73.820462065000285, 19.819447225005817 ], [ 73.820467598622457, 19.819452745226645 ], [ 73.8204732337542, 19.819458171640704 ], [ 73.820478970395598, 19.819463504248027 ], [ 73.820484805851706, 19.819468739668185 ], [ 73.820490737427519, 19.819473876211013 ], [ 73.820496766021407, 19.819478913876505 ], [ 73.820502887141728, 19.819483849284218 ], [ 73.820509099890259, 19.819488681589103 ], [ 73.820515401571967, 19.819493410791143 ], [ 73.820521791288584, 19.819498034355053 ], [ 73.820528267243446, 19.819502550590634 ], [ 73.820534827639989, 19.819506957807675 ], [ 73.820541468884869, 19.819511255161053 ], [ 73.820548190978144, 19.819515441805756 ], [ 73.820554990326542, 19.8195195160515 ], [ 73.820563556661099, 19.819524426949961 ], [ 73.820669199436821, 19.819584694673331 ], [ 73.820773690572324, 19.81964670835702 ], [ 73.820876996830009, 19.819710447716542 ], [ 73.820979085870476, 19.81977589838306 ], [ 73.821079927151018, 19.819843034156335 ], [ 73.821179491925548, 19.819911838977262 ], [ 73.821277747854666, 19.819982291716126 ], [ 73.821374665294059, 19.820054367017743 ], [ 73.821470214599259, 19.820128047132801 ], [ 73.821564368820816, 19.820203308396216 ], [ 73.821657098314319, 19.820280127988067 ], [ 73.821811178250172, 19.820414045828926 ], [ 73.821850222625685, 19.820448401639098 ], [ 73.821889903008397, 19.820482101645219 ], [ 73.821930210415204, 19.820515133171231 ], [ 73.821971127778085, 19.820547488611652 ], [ 73.822012647910526, 19.820579156980653 ], [ 73.822054756439442, 19.820610129827628 ], [ 73.822097438991875, 19.820640395321647 ], [ 73.822140684787968, 19.820669945857208 ], [ 73.822184478556366, 19.820698772983732 ], [ 73.82222880861903, 19.820726867405536 ], [ 73.822273658806225, 19.820754218136781 ], [ 73.822319020134785, 19.82078082095234 ], [ 73.822364876435117, 19.820806664866325 ], [ 73.822411212435767, 19.820831743118294 ], [ 73.82245801376375, 19.820856048102822 ], [ 73.822505267842672, 19.820879571369225 ], [ 73.822552960299404, 19.820902307847327 ], [ 73.822601076760961, 19.820924249086467 ], [ 73.822649600159352, 19.820945388326191 ], [ 73.822698518816452, 19.820965719651195 ], [ 73.8227478156643, 19.82098523630096 ], [ 73.822797477228178, 19.821003932360185 ], [ 73.82284748733835, 19.821021803603628 ], [ 73.82289783162183, 19.82103884411589 ], [ 73.822948493908882, 19.821055047136507 ], [ 73.822999458928209, 19.821070407595148 ], [ 73.823050711408456, 19.821084923801848 ], [ 73.823114188163046, 19.821101627959383 ], [ 73.823352549835477, 19.821159621778868 ], [ 73.823591999367721, 19.821213665603928 ], [ 73.823832463097929, 19.821263740846465 ], [ 73.824073867364234, 19.821309833988753 ], [ 73.82431614030142, 19.821351928977442 ], [ 73.824590882844532, 19.821394676367479 ], [ 73.824687834419876, 19.821409653965802 ], [ 73.82478447158492, 19.821426232170239 ], [ 73.824880768288423, 19.8214444050646 ], [ 73.824976693089368, 19.821464166732763 ], [ 73.825072216343429, 19.821485511258398 ], [ 73.825167310202787, 19.821508434415421 ], [ 73.825261945023044, 19.821532925216982 ], [ 73.825356092058072, 19.821558978591742 ], [ 73.8254497225618, 19.821586586933119 ], [ 73.825542807788167, 19.821615740944321 ], [ 73.82563531899109, 19.821646432173495 ], [ 73.82572723101768, 19.821678649633604 ], [ 73.825818512426977, 19.821712388253161 ], [ 73.825909137167784, 19.821747631974461 ], [ 73.826044394703501, 19.82180356522467 ], [ 73.826083640301619, 19.821820778051848 ], [ 73.826122554421417, 19.821838641597587 ], [ 73.8261611217915, 19.821857147410846 ], [ 73.826199333428733, 19.821876290420839 ], [ 73.826237177655031, 19.821896063866543 ], [ 73.826274641893932, 19.82191646267724 ], [ 73.826311715365719, 19.821937480936995 ], [ 73.82634838818889, 19.821959112729996 ], [ 73.826384646888698, 19.821981349605032 ], [ 73.82642048158371, 19.822004185646211 ], [ 73.826455880595773, 19.822027615782776 ], [ 73.826490834043497, 19.822051629873354 ], [ 73.826525331147039, 19.822076222002032 ], [ 73.826559361126613, 19.822101385407862 ], [ 73.826592912304164, 19.822127110794522 ], [ 73.82662597659484, 19.822153391401073 ], [ 73.826658544117151, 19.822180218776317 ], [ 73.826690604091326, 19.822207583624035 ], [ 73.826722144839238, 19.822235480873328 ], [ 73.82675315917443, 19.822263900382922 ], [ 73.826783638113724, 19.82229283116633 ], [ 73.826813569978981, 19.822322268152771 ], [ 73.826842946685431, 19.822352200355823 ], [ 73.826871761046448, 19.822382617634105 ], [ 73.826900001384047, 19.822413513226614 ], [ 73.826927661409968, 19.822444876146999 ], [ 73.826954731242736, 19.822476697098946 ], [ 73.826981202797526, 19.822508966786202 ], [ 73.827007068887823, 19.822541675067502 ], [ 73.827032321428774, 19.822574811801509 ], [ 73.827056951437214, 19.822608367691949 ], [ 73.827080952624996, 19.822642331752476 ], [ 73.827104318703846, 19.822676692996641 ], [ 73.827127040690655, 19.822711442973368 ], [ 73.827149111398839, 19.822746568160987 ], [ 73.827176636677478, 19.82279246227796 ], [ 73.827196190306253, 19.822826658697881 ], [ 73.82721510433457, 19.822861179623473 ], [ 73.827233375169143, 19.822896014913528 ], [ 73.827250995623444, 19.822931155271903 ], [ 73.827267959409284, 19.822966584641787 ], [ 73.827284262035022, 19.823002299642578 ], [ 73.827299899009191, 19.823038284217521 ], [ 73.827314866738462, 19.82307452991558 ], [ 73.827329158036292, 19.823111024905387 ], [ 73.827342769309467, 19.823147757355557 ], [ 73.827355697863069, 19.823184716279862 ], [ 73.827367939205445, 19.823221892382222 ], [ 73.827379487946729, 19.823259269605845 ], [ 73.8273903422903, 19.823296842880122 ], [ 73.827400498642916, 19.823334596148321 ], [ 73.827409953411262, 19.82337252011439 ], [ 73.827418703900463, 19.823410602101994 ], [ 73.827426747415501, 19.823448831124868 ], [ 73.827434082159797, 19.823487195351809 ], [ 73.827440705438406, 19.823525683796618 ], [ 73.827446614556351, 19.82356428293792 ], [ 73.827451810411915, 19.823602981789499 ], [ 73.827456286716995, 19.823641770210383 ], [ 73.82746004526814, 19.823680633834062 ], [ 73.827464318553936, 19.8237387906584 ], [ 73.827465012951663, 19.823748841211508 ], [ 73.827465890605694, 19.823758878242668 ], [ 73.827466955109315, 19.823768895836324 ], [ 73.827468202869255, 19.823778893147427 ], [ 73.827469636580432, 19.82378886595054 ], [ 73.827471255344591, 19.823798811710414 ], [ 73.82747305736504, 19.823808726201666 ], [ 73.827475044438444, 19.823818608579217 ], [ 73.827477211174909, 19.823828453772609 ], [ 73.827479561167692, 19.823838259246589 ], [ 73.827482092620173, 19.823848023310994 ], [ 73.827484803735686, 19.823857740050265 ], [ 73.827487695412614, 19.823867411154616 ], [ 73.827490765854222, 19.823877029018252 ], [ 73.827494014162284, 19.823886592796164 ], [ 73.827497439438488, 19.823896100798173 ], [ 73.827501041682794, 19.823905547108744 ], [ 73.827504816403589, 19.823914933418049 ], [ 73.827508767194217, 19.823924249585126 ], [ 73.827512888664742, 19.823933499835366 ], [ 73.827517181713461, 19.823942678253243 ], [ 73.827521645442118, 19.823951783993703 ], [ 73.827526277155755, 19.823960808605896 ], [ 73.827531075057678, 19.82396975716037 ], [ 73.82753603914793, 19.823978622896512 ], [ 73.827541167629875, 19.823987403279066 ], [ 73.827546458706905, 19.823996094927704 ], [ 73.827551910582358, 19.824004696152347 ], [ 73.827557522357964, 19.824013205262755 ], [ 73.827563291338691, 19.82402161803364 ], [ 73.827569215728005, 19.824029932774803 ], [ 73.827575293729197, 19.824038146951001 ], [ 73.827581525342353, 19.824046257181976 ], [ 73.827587906075777, 19.824054261777572 ], [ 73.827594435031287, 19.82406215904766 ], [ 73.827601111310486, 19.824069944766819 ], [ 73.827607931320117, 19.824077618935089 ], [ 73.827614893263544, 19.824085175636938 ], [ 73.827621996242499, 19.82409261740758 ], [ 73.827629235765372, 19.824099936641378 ], [ 73.827636611832176, 19.824107135028459 ], [ 73.82764412174798, 19.824114208343456 ], [ 73.827651762817766, 19.824121156586404 ], [ 73.827659531448347, 19.824127974686807 ], [ 73.827667429436346, 19.824134662644727 ], [ 73.827675447798555, 19.824141218769949 ], [ 73.827683590128288, 19.82414764137242 ], [ 73.827691851035624, 19.82415392538163 ], [ 73.827700228723998, 19.824160069952534 ], [ 73.827708719600054, 19.824166075085117 ], [ 73.827717323663819, 19.824171938244184 ], [ 73.827726036423769, 19.824177656894513 ], [ 73.8277348551849, 19.824183231036127 ], [ 73.827743777252323, 19.824188655598547 ], [ 73.827760444594105, 19.82419824386502 ], [ 73.827823962671218, 19.824247131676778 ], [ 73.827886553686966, 19.824297068215873 ], [ 73.82794819877671, 19.824348041650193 ], [ 73.82800887907581, 19.82440003423217 ], [ 73.828068576618023, 19.824453031594423 ], [ 73.828127271640369, 19.824507015989358 ], [ 73.828184947973185, 19.824561972204531 ], [ 73.82824158944679, 19.824617881647328 ], [ 73.828297175399968, 19.82467472995036 ], [ 73.828351690561291, 19.824732499366107 ], [ 73.828405117862786, 19.824791169611633 ], [ 73.828457442033169, 19.824850724629577 ], [ 73.828508646902677, 19.824911148362535 ], [ 73.828558717199968, 19.824972417992452 ], [ 73.828607634958772, 19.825034518307046 ], [ 73.828655387602652, 19.825097429023533 ], [ 73.828701960758565, 19.825161132394371 ], [ 73.828747339155129, 19.825225605601656 ], [ 73.82879151021595, 19.825290831743033 ], [ 73.828834458669718, 19.82535679222589 ], [ 73.828876174634857, 19.825423464232387 ], [ 73.828916641941774, 19.825490828325002 ], [ 73.828955848912358, 19.825558864221055 ], [ 73.828993786563444, 19.825627549947946 ], [ 73.829030441420272, 19.825696866913173 ], [ 73.82906579910987, 19.825766793989143 ], [ 73.829099852445665, 19.82583730835821 ], [ 73.829132590647887, 19.825908386357607 ], [ 73.829164003835047, 19.825980011085196 ], [ 73.829194083024035, 19.826052156343071 ], [ 73.829222817435024, 19.826124805229167 ], [ 73.829250197186553, 19.826197930700602 ], [ 73.829276215990447, 19.826271511630036 ], [ 73.829300865761837, 19.826345528580237 ], [ 73.829324140212535, 19.826419957043711 ], [ 73.829346030359375, 19.826494773357947 ], [ 73.829366529015843, 19.82656995639579 ], [ 73.829402684409416, 19.826718444629009 ], [ 73.829406354027327, 19.82673553185419 ], [ 73.829409707438288, 19.826752680767317 ], [ 73.829412738354065, 19.826769887988092 ], [ 73.829415453961161, 19.826787144220809 ], [ 73.829417847971399, 19.826804446085134 ], [ 73.829419923079712, 19.826821790200828 ], [ 73.829421675692828, 19.826839168962312 ], [ 73.829423105810761, 19.826856578144227 ], [ 73.829424215230148, 19.826874012676203 ], [ 73.829425001256013, 19.826891465797651 ], [ 73.829425464786709, 19.826908931593145 ], [ 73.829425605822181, 19.826926409217627 ], [ 73.829425422565876, 19.826943889375418 ], [ 73.8294249177127, 19.826961366151007 ], [ 73.829424088567691, 19.826978837854288 ], [ 73.829422939622447, 19.826996296034611 ], [ 73.829421466385369, 19.827013737311717 ], [ 73.829419671551435, 19.827031154080089 ], [ 73.829417556018925, 19.827048543804487 ], [ 73.829415119787868, 19.827065898034345 ], [ 73.829412364654914, 19.827083215079472 ], [ 73.829409288823371, 19.827100487334349 ], [ 73.829405896784877, 19.827117709728611 ], [ 73.82940218674274, 19.827134878036929 ], [ 73.829398162290275, 19.827151984653806 ], [ 73.829393820732491, 19.827169027889102 ], [ 73.829389166560986, 19.827186000137267 ], [ 73.829384201572438, 19.827202896327911 ], [ 73.829378926665086, 19.827219713080883 ], [ 73.829373341838959, 19.827236442790586 ], [ 73.829367450687329, 19.827253082076826 ], [ 73.82936125321018, 19.827269625869249 ], [ 73.829354753899125, 19.827286068252437 ], [ 73.829347950957469, 19.827302404156043 ], [ 73.829340851571772, 19.827318629354782 ], [ 73.829333452148802, 19.827334738778362 ], [ 73.829325758976665, 19.827350728201449 ], [ 73.829317773852125, 19.827366590863626 ], [ 73.829309497673421, 19.827382323384629 ], [ 73.829300934932121, 19.82739791900406 ], [ 73.829292087424903, 19.827413376031824 ], [ 73.829282956050037, 19.827428686862362 ], [ 73.829273545299117, 19.827443849805658 ], [ 73.829263858765415, 19.827458857256136 ], [ 73.82925389824554, 19.82747370836881 ], [ 73.829243667332761, 19.827488394693095 ], [ 73.829233168722041, 19.827502912848839 ], [ 73.829222406006608, 19.827517258610726 ], [ 73.829211380983139, 19.827531428598579 ], [ 73.829200098143161, 19.827545418587132 ], [ 73.829188562876595, 19.827559224351102 ], [ 73.829176775183441, 19.827572838285047 ], [ 73.829164741351903, 19.827586260388994 ], [ 73.829152463178616, 19.827599484747534 ], [ 73.82913994515512, 19.827612507135466 ], [ 73.829127192671336, 19.827625325017593 ], [ 73.82911420662559, 19.827637931633546 ], [ 73.829100993306085, 19.827650327828376 ], [ 73.829077953315661, 19.827670954911891 ], [ 73.829027501234364, 19.827715576636201 ], [ 73.828977871111533, 19.827761014675939 ], [ 73.828929076421957, 19.827807253819397 ], [ 73.828881132436905, 19.827854279699828 ], [ 73.828834052631194, 19.827902079640669 ], [ 73.828787854072758, 19.827950637585058 ], [ 73.82874254843972, 19.827999940011402 ], [ 73.828698151003437, 19.82804997001783 ], [ 73.828654673441974, 19.828100714082698 ], [ 73.828612131925084, 19.828152156149244 ], [ 73.828570536334169, 19.828204281850791 ], [ 73.828529900143963, 19.828257072595438 ], [ 73.82849023772755, 19.828310514016525 ], [ 73.828451559864661, 19.82836458921221 ], [ 73.828413877335151, 19.82841928381599 ], [ 73.828377202715359, 19.828474578390892 ], [ 73.828341546785097, 19.828530456880177 ], [ 73.828306921222477, 19.828586902382145 ], [ 73.828273335010621, 19.828643897150055 ], [ 73.828240800725979, 19.828701425972312 ], [ 73.828198702976849, 19.828779632416619 ], [ 73.828195372023728, 19.828786288911758 ], [ 73.828192289005699, 19.828793046813143 ], [ 73.828189454820986, 19.828799901050449 ], [ 73.828186874859497, 19.828806840637981 ], [ 73.828184552714461, 19.828813857970179 ], [ 73.82818248838592, 19.828820944596586 ], [ 73.828180688162121, 19.828828092066573 ], [ 73.82817915024637, 19.828835291084541 ], [ 73.828177880028562, 19.828842533199932 ], [ 73.828176876610357, 19.828849809117187 ], [ 73.828176142686772, 19.828857110385723 ], [ 73.828175679156104, 19.828864429400056 ], [ 73.828175486018282, 19.828871755174518 ], [ 73.828175524645857, 19.828875449751159 ], [ 73.82817556417173, 19.828879078413458 ], [ 73.82817591002312, 19.828886393201525 ], [ 73.828176528962345, 19.828893689398061 ], [ 73.828177415599527, 19.828900955172326 ], [ 73.828178572629611, 19.828908184608917 ], [ 73.828179995561015, 19.828915369257359 ], [ 73.828181682597133, 19.828922498976944 ], [ 73.828183636432883, 19.82892956531721 ], [ 73.828184282321558, 19.828931612882613 ], [ 73.828036639713048, 19.829138852899735 ], [ 73.827358071212032, 19.830091315716828 ], [ 73.827320818077197, 19.830122950072326 ], [ 73.827395380042418, 19.83338394299124 ], [ 73.827450120680894, 19.833695012643897 ], [ 73.827878460764538, 19.836129519341529 ], [ 73.829487600356586, 19.838645348086324 ], [ 73.829823637646484, 19.839073461928795 ], [ 73.830211609237935, 19.839552096169683 ], [ 73.832423295603391, 19.841412388268576 ], [ 73.837313274852505, 19.843038008143175 ], [ 73.837945088737911, 19.843443807831651 ], [ 73.838376051902202, 19.843711644065291 ], [ 73.838560346672651, 19.84382618040965 ], [ 73.839182670755406, 19.844198367612467 ], [ 73.839251952423368, 19.844239782248582 ], [ 73.83929740897338, 19.844268291613776 ], [ 73.839342325635911, 19.844297543704275 ], [ 73.839386688037891, 19.844327530069979 ], [ 73.839430485399546, 19.844358242260732 ], [ 73.83947369975462, 19.844389670136465 ], [ 73.839516321221581, 19.844421804402121 ], [ 73.839558335427427, 19.844454635762496 ], [ 73.839599729795708, 19.844488153232561 ], [ 73.839640492648371, 19.844522348362187 ], [ 73.839680609612302, 19.844557207631421 ], [ 73.839720070806138, 19.844592722590093 ], [ 73.839758862755033, 19.844628883098135 ], [ 73.839796973780963, 19.844665675635571 ], [ 73.839834392205816, 19.844703092597232 ], [ 73.839871107249792, 19.844741119618199 ], [ 73.839882122391813, 19.844753022705927 ], [ 73.839889758970017, 19.844761636326194 ], [ 73.839897232953206, 19.844770374156504 ], [ 73.839904543442984, 19.844779235351872 ], [ 73.839911687744433, 19.8447882139975 ], [ 73.839918663162607, 19.844797309248406 ], [ 73.839925467900883, 19.844806517724681 ], [ 73.839932101060953, 19.844815838581344 ], [ 73.839938559049514, 19.844825267593521 ], [ 73.83994484006999, 19.844834801381328 ], [ 73.839950942325743, 19.844844437409805 ], [ 73.839956864020081, 19.844854170609167 ], [ 73.839962604254751, 19.844864005204212 ], [ 73.839968160334763, 19.844873929365349 ], [ 73.839973529565228, 19.844883945627497 ], [ 73.839978714641035, 19.844894048075837 ], [ 73.839983706579076, 19.844904235865364 ], [ 73.839988511667556, 19.844914504771271 ], [ 73.839993122719875, 19.844924851413626 ], [ 73.839997542431092, 19.844935272412542 ], [ 73.840001765411245, 19.844945766078055 ], [ 73.840005792558642, 19.844956327340405 ], [ 73.840009624771653, 19.844966955354508 ], [ 73.840013256660356, 19.844977644205674 ], [ 73.840016690919711, 19.84498839135895 ], [ 73.84001992395639, 19.844999195124345 ], [ 73.840022954872154, 19.845010051277061 ], [ 73.840025782768691, 19.845020955592197 ], [ 73.840181976440377, 19.84564682569264 ], [ 73.840187683437364, 19.845667376082151 ], [ 73.840191408750854, 19.84568205987928 ], [ 73.840194863671428, 19.845696803667504 ], [ 73.840198042809234, 19.845711603222032 ], [ 73.840200946164245, 19.845726452628078 ], [ 73.84020357373646, 19.845741351040679 ], [ 73.840205922830904, 19.845756290010193 ], [ 73.84020799524427, 19.845771267001634 ], [ 73.840209788281584, 19.845786276100345 ], [ 73.840211301942816, 19.845801314771336 ], [ 73.840212535329698, 19.845816377099929 ], [ 73.840213489340556, 19.845831457171343 ], [ 73.840214162178711, 19.845846551605682 ], [ 73.840214554742488, 19.845861658713059 ], [ 73.840214667930212, 19.845876770043816 ], [ 73.840214499046922, 19.845891882218098 ], [ 73.840214049889269, 19.84590699016611 ], [ 73.840213321355606, 19.845922088818078 ], [ 73.840212310750886, 19.845937175639147 ], [ 73.840211020770155, 19.845952246404465 ], [ 73.840209451413344, 19.845967292664447 ], [ 73.840207601782183, 19.845982312729106 ], [ 73.840205474571576, 19.845997302373704 ], [ 73.840203068883255, 19.846012254838502 ], [ 73.840200387412125, 19.846027166743699 ], [ 73.840197428361577, 19.846042034709402 ], [ 73.840194192629937, 19.846056853665896 ], [ 73.840190684708745, 19.846071617698424 ], [ 73.840186902801392, 19.846086322582192 ], [ 73.840182846907894, 19.846100964092457 ], [ 73.840178522418114, 19.84611554138419 ], [ 73.840173925738824, 19.84613004262798 ], [ 73.840169062259875, 19.846144470358752 ], [ 73.84016393198128, 19.846158816126852 ], [ 73.840158535801336, 19.846173077397477 ], [ 73.840152876415061, 19.846187249100833 ], [ 73.840120490352462, 19.846263192577641 ], [ 73.840098345084073, 19.84631196966841 ], [ 73.840075298805459, 19.846360380876046 ], [ 73.840051358703107, 19.846408410146626 ], [ 73.84002653196363, 19.846456044806072 ], [ 73.840000823976837, 19.846503269645453 ], [ 73.839974246420795, 19.846550068610945 ], [ 73.839946804685496, 19.846596430718385 ], [ 73.839918510449024, 19.846642338224026 ], [ 73.83988936820289, 19.846687780143832 ], [ 73.839859387828596, 19.846732739578979 ], [ 73.839828579207605, 19.846777207235291 ], [ 73.83979695311973, 19.846821165369125 ], [ 73.839764519446391, 19.846864602151442 ], [ 73.839731282679182, 19.846907505753279 ], [ 73.839697258089473, 19.846949860120862 ], [ 73.839662455558738, 19.846991655115133 ], [ 73.839626883171803, 19.847032876372243 ], [ 73.839590554403429, 19.847073511218291 ], [ 73.83955347913502, 19.847113547824335 ], [ 73.839515669943012, 19.847152976051369 ], [ 73.839477134912272, 19.847191779845595 ], [ 73.839437889314127, 19.847229949913032 ], [ 73.839397943030065, 19.847267473579723 ], [ 73.839357310433158, 19.847304340706714 ], [ 73.839316002303121, 19.847340538620077 ], [ 73.839165073657284, 19.847467196608729 ], [ 73.839061238291933, 19.84755062661738 ], [ 73.838955877587182, 19.847632348929537 ], [ 73.83884902208581, 19.847712339889085 ], [ 73.838740705923797, 19.847790574995052 ], [ 73.838630961440487, 19.84786702890138 ], [ 73.838519821873533, 19.847941679641927 ], [ 73.838407323155565, 19.848014502715593 ], [ 73.83829349493098, 19.848085478691033 ], [ 73.838178376725637, 19.848154584756973 ], [ 73.838062000878892, 19.848221799792139 ], [ 73.837944404221673, 19.848287104365014 ], [ 73.837910349987567, 19.848305271651668 ], [ 73.837145087773436, 19.848852873980285 ], [ 73.836610153598158, 19.849345252191227 ], [ 73.836285294943636, 19.849890058397527 ], [ 73.835979768034065, 19.850884058071998 ], [ 73.835461020601898, 19.852025154063099 ], [ 73.834886829150363, 19.853340395973696 ], [ 73.834957716107752, 19.853603717140512 ], [ 73.835035703349135, 19.85364216280038 ], [ 73.835201014022658, 19.853723656381717 ], [ 73.835256516432494, 19.85375101663973 ], [ 73.835337991832148, 19.853791184213943 ], [ 73.835363473443479, 19.853800851805726 ], [ 73.835858917678877, 19.853988841652029 ], [ 73.836143793218412, 19.854096938205316 ], [ 73.836641044864152, 19.854111504623635 ], [ 73.836958488824322, 19.854144544364701 ], [ 73.837558552654329, 19.854206993207928 ], [ 73.837601675381222, 19.854211481419259 ], [ 73.837704893603984, 19.854222222032803 ], [ 73.838047714970926, 19.854257899588085 ], [ 73.838496952563062, 19.854332041216232 ], [ 73.838991753604674, 19.854413700047242 ], [ 73.83942639716669, 19.854485431052058 ], [ 73.83960462471569, 19.854528439053375 ], [ 73.839686945430032, 19.854548303064806 ], [ 73.840248992557221, 19.854702279063726 ], [ 73.840386864190393, 19.854736368912949 ], [ 73.840782311561597, 19.85483414768844 ], [ 73.840930720433079, 19.854870843229612 ], [ 73.841084697960952, 19.85491906932479 ], [ 73.841195598576064, 19.854981779786922 ], [ 73.841212993553214, 19.854991616289173 ], [ 73.841365962273073, 19.855078112762172 ], [ 73.841822647797201, 19.855241400042214 ], [ 73.842479368372167, 19.855434439915335 ], [ 73.84371384042214, 19.855797305878301 ], [ 73.843805694956572, 19.85582542619834 ], [ 73.845101560568011, 19.856222132393931 ], [ 73.845238853686126, 19.856264162365534 ], [ 73.845254331658481, 19.856268898921705 ], [ 73.845550769414018, 19.856373770598516 ], [ 73.845954743593921, 19.856539809251778 ], [ 73.846135979600788, 19.856614299604896 ], [ 73.846350349966926, 19.856702410653604 ], [ 73.846684364250848, 19.856839696838559 ], [ 73.847016564836167, 19.856976241078527 ], [ 73.847109304211145, 19.857014359788124 ], [ 73.847420362047956, 19.857142214043691 ], [ 73.847554264025888, 19.857197252749451 ], [ 73.84770986840276, 19.857261211922744 ], [ 73.847788352412508, 19.857293472007459 ], [ 73.847976218884526, 19.857372806677471 ], [ 73.848282030560057, 19.857443662715738 ], [ 73.848282772568481, 19.857443762414174 ], [ 73.848405465368288, 19.857477755355564 ], [ 73.848471086401489, 19.857495935108485 ], [ 73.848525995923239, 19.857512272973615 ], [ 73.848639383973335, 19.857546008205375 ], [ 73.848811228992261, 19.857597135723221 ], [ 73.84904582043545, 19.857666932155571 ], [ 73.849336764993041, 19.857753495606989 ], [ 73.849367624817987, 19.857762677139601 ], [ 73.849443024911366, 19.857798266029114 ], [ 73.849572571856783, 19.857830597821106 ], [ 73.850503158219183, 19.858062851370246 ], [ 73.850644129040077, 19.858098033796175 ], [ 73.850868561435703, 19.858156913922855 ], [ 73.85088662925105, 19.858161187418272 ], [ 73.851030939109847, 19.858195308630439 ], [ 73.851315458018206, 19.858265695383118 ], [ 73.851378599701221, 19.858295212726194 ], [ 73.85139351981978, 19.858302188200128 ], [ 73.851423994267492, 19.858376780803187 ], [ 73.851458912680883, 19.858388498680668 ], [ 73.851551729310998, 19.858419644962083 ], [ 73.851741947572378, 19.858478306141183 ], [ 73.851756996150016, 19.858482946313039 ], [ 73.851809825173547, 19.858546680225597 ], [ 73.852352706744185, 19.858699337686833 ], [ 73.8535746293296, 19.859022821607841 ], [ 73.854059813906147, 19.860988632802385 ], [ 73.854150237424321, 19.861355035407104 ], [ 73.854171896704131, 19.861442801645886 ], [ 73.855212509620841, 19.861272175347697 ], [ 73.855300061225051, 19.861256709787792 ], [ 73.855484161959367, 19.861240962880725 ], [ 73.855553307981765, 19.86123505039745 ], [ 73.855568424831333, 19.86123380335178 ], [ 73.856477430067343, 19.861158762614796 ], [ 73.85692882541278, 19.861121495697734 ], [ 73.857240842650327, 19.861095735228751 ], [ 73.857249662309755, 19.861095006095038 ], [ 73.857391325731754, 19.861072615859044 ], [ 73.857515535786092, 19.861052981627758 ], [ 73.85763836692648, 19.861033566218723 ], [ 73.858441745556419, 19.860978834691704 ], [ 73.858941878997598, 19.860947325612923 ], [ 73.859016980850285, 19.860940128895859 ], [ 73.859193574363786, 19.860923208414111 ], [ 73.859440138553069, 19.860899410577705 ], [ 73.859524940414204, 19.860826009602455 ], [ 73.859537895917256, 19.860814797990635 ], [ 73.860044062443876, 19.860715435362991 ], [ 73.860636183370161, 19.860599195245943 ], [ 73.86074623956884, 19.860577589838488 ], [ 73.861461570724529, 19.860402630032585 ], [ 73.861701611348238, 19.860343918027027 ], [ 73.862690719358127, 19.860170029280841 ], [ 73.863432670290649, 19.859830061374005 ], [ 73.863489079998899, 19.859798425333562 ], [ 73.863573680637415, 19.859750977175366 ], [ 73.863575552726473, 19.859750792989391 ], [ 73.863674477002178, 19.859741081825916 ], [ 73.863677086608078, 19.859740825824304 ], [ 73.864516317001005, 19.859658428766441 ], [ 73.865385866433101, 19.859548669877604 ], [ 73.865563779571744, 19.859526212676936 ], [ 73.866118609633929, 19.85949115561165 ], [ 73.866154064341572, 19.859488914960263 ], [ 73.866670019809845, 19.859456308916535 ], [ 73.866707163350227, 19.85945393139227 ], [ 73.867302656552056, 19.859415820027987 ], [ 73.867681498565247, 19.859418872621177 ], [ 73.868062537857639, 19.859421942957056 ], [ 73.868371829606588, 19.859427153403047 ], [ 73.868566171135157, 19.859448899219188 ], [ 73.868631097770631, 19.859456163595212 ], [ 73.869237362671058, 19.859475608768523 ], [ 73.869611185796771, 19.85949736809625 ], [ 73.870293513747228, 19.859520113408852 ], [ 73.870294901644343, 19.85952016410231 ], [ 73.870205936091864, 19.860084655905492 ], [ 73.870180968316845, 19.860243077396792 ], [ 73.870138981958775, 19.860536761592122 ], [ 73.870067764421393, 19.860979786875099 ], [ 73.86993179182673, 19.861555036412756 ], [ 73.869912832882648, 19.861879710857913 ], [ 73.86988339419247, 19.862383881129567 ], [ 73.869871452887381, 19.862588388244266 ], [ 73.869875270727348, 19.862709604056477 ], [ 73.869880300394627, 19.862869285166482 ], [ 73.869826660192388, 19.863526444745858 ], [ 73.869816950302479, 19.863679862020764 ], [ 73.869801079766333, 19.863930618053647 ], [ 73.869798102749485, 19.863977662804725 ], [ 73.86977465043239, 19.864348218620936 ], [ 73.869424179910808, 19.86575500941008 ], [ 73.869375583748862, 19.86586916824448 ], [ 73.869361288857746, 19.865902747934857 ], [ 73.869319296211501, 19.866001393408862 ], [ 73.869312399845043, 19.86603772307846 ], [ 73.869180208259394, 19.86673405633028 ], [ 73.869073990561887, 19.867347551605182 ], [ 73.86906639171292, 19.867778410652246 ], [ 73.869079213366959, 19.867947067372786 ], [ 73.869134346569211, 19.868672328934284 ], [ 73.869136479169683, 19.868700359108153 ], [ 73.869156237614391, 19.869095547872799 ], [ 73.8691746764339, 19.869385041327643 ], [ 73.869163846344833, 19.869482432585343 ], [ 73.868952027194112, 19.870426382410454 ], [ 73.868923991672389, 19.87052530639928 ], [ 73.86876758509996, 19.871227820984664 ], [ 73.868672980822424, 19.871652746409112 ], [ 73.868591698560607, 19.872017831791702 ], [ 73.868623644448718, 19.872654948094048 ], [ 73.868645901108195, 19.873098793632195 ], [ 73.868694766764719, 19.873402073949954 ], [ 73.86890501386371, 19.874369307952001 ], [ 73.868808971383402, 19.874516008624653 ], [ 73.868673703966238, 19.874722624788422 ], [ 73.868156164768124, 19.875030475791704 ], [ 73.868009794174057, 19.875071980376667 ], [ 73.868004442909921, 19.875073495962482 ], [ 73.867623478177677, 19.875201860283376 ], [ 73.866485795108019, 19.8757510796415 ], [ 73.866359306027817, 19.875787766963533 ], [ 73.866273346238287, 19.875855082648076 ], [ 73.866186678576298, 19.875872827754542 ], [ 73.866172701688797, 19.875875689950089 ], [ 73.866099132361967, 19.875890755336691 ], [ 73.866247658912727, 19.876770369354059 ], [ 73.866249313609487, 19.876772755911471 ], [ 73.866254324412125, 19.87677971536618 ], [ 73.866259463673856, 19.876786593719839 ], [ 73.866264729598072, 19.876793387593334 ], [ 73.866270121286391, 19.876800097831417 ], [ 73.866275637840559, 19.876806720210148 ], [ 73.866281276565601, 19.876813253039892 ], [ 73.866292907053591, 19.87682603822546 ], [ 73.866298473015092, 19.8768320506584 ], [ 73.866303927585491, 19.87683815179496 ], [ 73.86630926806987, 19.876844339100764 ], [ 73.866314491773224, 19.876850610886187 ], [ 73.866319598695611, 19.876856967151227 ], [ 73.866324587040395, 19.876863402827109 ], [ 73.866329454112616, 19.876869917913769 ], [ 73.866334199912245, 19.876876509876823 ], [ 73.866338821744378, 19.87688317618187 ], [ 73.866343321405637, 19.876889915984126 ], [ 73.866347690811182, 19.876896725904345 ], [ 73.866351935350906, 19.876903605097741 ], [ 73.866356176297359, 19.87691076814308 ], [ 73.86636100025045, 19.876918921291736 ], [ 73.866365975120473, 19.876926996718495 ], [ 73.866371100009189, 19.87693499104423 ], [ 73.86637637222158, 19.876942900889727 ], [ 73.866381792655986, 19.876950726255039 ], [ 73.866387355922555, 19.876958464605767 ], [ 73.866393062919556, 19.876966113407519 ], [ 73.866398910952043, 19.876973667591528 ], [ 73.866404900020072, 19.876981128002587 ], [ 73.866411025631976, 19.876988491261528 ], [ 73.866417286889501, 19.876995755678788 ], [ 73.866423682894336, 19.877002920409559 ], [ 73.866430210951492, 19.877009977005901 ], [ 73.866436869264376, 19.87701693138137 ], [ 73.866443655138056, 19.877023777622433 ], [ 73.86645056767415, 19.877030512349915 ], [ 73.866457604177782, 19.877037136408607 ], [ 73.866464761055653, 19.87704364388496 ], [ 73.866472039206073, 19.877050038158131 ], [ 73.866479431442556, 19.877056313314633 ], [ 73.866486942256643, 19.877062469354414 ], [ 73.866494563563521, 19.877068502898315 ], [ 73.866502297159812, 19.877074412256743 ], [ 73.866510137655609, 19.877080196584956 ], [ 73.866518085050927, 19.877085854193346 ], [ 73.866526134854183, 19.877091383392312 ], [ 73.866534286167038, 19.877096779957913 ], [ 73.86654253539632, 19.877102045579754 ], [ 73.866550879846983, 19.877107177723417 ], [ 73.866559318620759, 19.877112173854567 ], [ 73.866567847226065, 19.877117033128396 ], [ 73.866576464764591, 19.877121753855356 ], [ 73.866585169439702, 19.87712633603542 ], [ 73.866593953166571, 19.877130774599841 ], [ 73.866602820436697, 19.877135072927796 ], [ 73.866611763165395, 19.877139227640129 ], [ 73.866620781352495, 19.877143235357643 ], [ 73.866629871404854, 19.877147097770003 ], [ 73.866639030627496, 19.877150810653152 ], [ 73.866648256325462, 19.877154377386315 ], [ 73.866657545803818, 19.877157793745553 ], [ 73.86666689636759, 19.877161058886056 ], [ 73.866676305321903, 19.877164171962995 ], [ 73.866685768175088, 19.877167132131643 ], [ 73.866695284028907, 19.877169939391987 ], [ 73.866711606417624, 19.877174363593621 ], [ 73.866734048130056, 19.877179922357396 ], [ 73.866756585962193, 19.87718511278954 ], [ 73.86677921362589, 19.877189939958864 ], [ 73.866801923934617, 19.877194399641407 ], [ 73.866824710600085, 19.877198489302838 ], [ 73.866847566435865, 19.877202208943189 ], [ 73.866870481560454, 19.877205559407223 ], [ 73.866893453278905, 19.877208535626231 ], [ 73.866916474404675, 19.87721113928982 ], [ 73.86693953415805, 19.877213368708414 ], [ 73.866962628047361, 19.877215224726836 ], [ 73.866985747987826, 19.877216704810692 ], [ 73.867008888589552, 19.877217809804762 ], [ 73.867041932218953, 19.87721873570197 ], [ 73.867691153657915, 19.877807128756363 ], [ 73.867835915369355, 19.87794156661343 ], [ 73.867972362274472, 19.878845897040172 ], [ 73.868056640417791, 19.879346460190938 ], [ 73.86810748775784, 19.880125221128871 ], [ 73.868197395643037, 19.881502171347854 ], [ 73.868198252635835, 19.88150817093176 ], [ 73.868301840066167, 19.882811908408694 ], [ 73.868315545662469, 19.883047490064282 ], [ 73.868332684619773, 19.883180246616732 ], [ 73.868362340702248, 19.8834099777361 ], [ 73.868381587107223, 19.883559069165891 ], [ 73.868382794442951, 19.88357096934044 ], [ 73.868411701330487, 19.883856202410936 ], [ 73.868463285289053, 19.884312832413837 ], [ 73.86850268988897, 19.884661636350991 ], [ 73.868559308006382, 19.885229795251476 ], [ 73.868581703904724, 19.885454545270484 ], [ 73.868602636447491, 19.885715557618138 ], [ 73.868603966852419, 19.885732153603286 ], [ 73.868619073820554, 19.88586355461544 ], [ 73.868733547035546, 19.886859328300954 ], [ 73.868746186331563, 19.886969285379653 ], [ 73.868832361716798, 19.887718889791714 ], [ 73.868837642912325, 19.887759783684515 ], [ 73.868867943985194, 19.887994387376256 ], [ 73.868887505698837, 19.88814584398245 ], [ 73.868925505333635, 19.888440054281325 ], [ 73.869097700695519, 19.888454491678527 ], [ 73.869148758241323, 19.888460246025446 ], [ 73.869674882638606, 19.888519550758755 ], [ 73.870155358246421, 19.888573726232003 ], [ 73.870878865867823, 19.888655333636926 ], [ 73.871206359281075, 19.888692285752064 ], [ 73.871463046585291, 19.888721253420009 ], [ 73.872203721910097, 19.888803203711323 ], [ 73.872474801123474, 19.888833205314356 ], [ 73.872492758446015, 19.888856579123821 ], [ 73.872709328786286, 19.889138471048856 ], [ 73.872746973586587, 19.889187290703994 ], [ 73.872795620952473, 19.889250380411664 ], [ 73.872931394121139, 19.889426453831923 ], [ 73.872968769426876, 19.889476168813495 ], [ 73.873878603807881, 19.890686301815908 ], [ 73.873922863801937, 19.890759296166173 ], [ 73.874365350554683, 19.891070735646206 ], [ 73.874537960039888, 19.891192226172336 ], [ 73.874756377316402, 19.891342219197004 ], [ 73.875165110770681, 19.891410445639512 ], [ 73.875214978048717, 19.891440160388257 ], [ 73.875935363126189, 19.892046092712182 ], [ 73.876435786723192, 19.892460370418931 ], [ 73.876509889649299, 19.892488605029499 ], [ 73.876621271761366, 19.89242035624418 ], [ 73.876886610740101, 19.892257776275923 ], [ 73.877405424647634, 19.891939902377949 ], [ 73.877926866127325, 19.89160021886206 ], [ 73.878124699407422, 19.891471351703238 ], [ 73.879014004589251, 19.890910903023165 ], [ 73.879443827791448, 19.89063799959467 ], [ 73.880492977398262, 19.889961873386223 ], [ 73.880595879414074, 19.889895454884662 ], [ 73.881388183613211, 19.889384080399303 ], [ 73.881990050361978, 19.889090252828879 ], [ 73.882269806402689, 19.888928372260597 ], [ 73.882533711670249, 19.888795278407976 ], [ 73.883278504872308, 19.888419689363534 ], [ 73.884637704406202, 19.887699903398225 ], [ 73.885273545439034, 19.887363240034844 ], [ 73.885926270307621, 19.88702038735817 ], [ 73.886392861554427, 19.886767303410601 ], [ 73.886681528882733, 19.886634423997073 ], [ 73.886874802314452, 19.886576218418263 ], [ 73.887239067365542, 19.886425035698846 ], [ 73.887654895713922, 19.886252464648368 ], [ 73.887961729672242, 19.886071201782435 ], [ 73.888434602837819, 19.885824190076779 ], [ 73.888782403566367, 19.885624540697055 ], [ 73.88906957609808, 19.885459701641441 ], [ 73.889198409781173, 19.885392864788521 ], [ 73.889886510305644, 19.885167089995011 ], [ 73.889987179109653, 19.885141766792579 ], [ 73.89009198196058, 19.88511540369316 ], [ 73.891704675287883, 19.884639687872564 ], [ 73.891811950302497, 19.884614139880359 ], [ 73.892078926011678, 19.884533794150808 ], [ 73.893237787762473, 19.88418509637189 ], [ 73.893326213427457, 19.884198473983755 ], [ 73.893585598372496, 19.884179758336106 ], [ 73.894697962425909, 19.884055670706424 ], [ 73.895169030876033, 19.883984458245887 ], [ 73.895166259573386, 19.884082452138447 ], [ 73.895129219339324, 19.885392985588233 ], [ 73.895158349009023, 19.885444890590509 ], [ 73.895067169109353, 19.887085126869511 ], [ 73.895035445105094, 19.887679345784324 ], [ 73.895021540082823, 19.888156912589828 ], [ 73.894972125555654, 19.888285784135267 ], [ 73.894712157604005, 19.888900935289275 ], [ 73.894513807792649, 19.8893702833936 ], [ 73.894295095868728, 19.88988781937805 ], [ 73.894211494156835, 19.890085644684238 ], [ 73.894117341731871, 19.890308437338362 ], [ 73.894011176136686, 19.890559658920509 ], [ 73.893937067820659, 19.890735019626916 ], [ 73.893876563591363, 19.890878193629021 ], [ 73.893772422798776, 19.891204416357795 ], [ 73.893617510124642, 19.891689680599285 ], [ 73.89355709842178, 19.891878924693387 ], [ 73.89345689135186, 19.8921928226316 ], [ 73.893335567584543, 19.892572869579279 ], [ 73.893297762884117, 19.892691297708748 ], [ 73.893439036437258, 19.893587382349356 ], [ 73.893446451131624, 19.893634414917784 ], [ 73.893444070596118, 19.893660772375544 ], [ 73.893398614944417, 19.893842035001803 ], [ 73.89333830834444, 19.894082520668043 ], [ 73.893267834612089, 19.894363550982522 ], [ 73.893210865253423, 19.89459072670002 ], [ 73.893096512412683, 19.895046740374621 ], [ 73.893060693887378, 19.895189566684742 ], [ 73.892928904746967, 19.895724635630337 ], [ 73.892922939035188, 19.89574885565451 ], [ 73.892876935411152, 19.895924468246474 ], [ 73.892726401125742, 19.896499116223637 ], [ 73.892744277599888, 19.896681339394867 ], [ 73.892749772594499, 19.896758224169123 ], [ 73.892755642186572, 19.896840313053854 ], [ 73.892778137797919, 19.897131645386825 ], [ 73.892789389196821, 19.897319838095434 ], [ 73.892819913051866, 19.897830397168889 ], [ 73.89282582935634, 19.897892254413932 ], [ 73.892855465675865, 19.898202098613236 ], [ 73.892814883384588, 19.898287769900239 ], [ 73.892751486580053, 19.898456333326653 ], [ 73.892656092683396, 19.898709979732992 ], [ 73.892576211793397, 19.898922374899541 ], [ 73.892492499588712, 19.899144954929969 ], [ 73.892475868179517, 19.899189179821931 ], [ 73.892279583594984, 19.899654114399532 ], [ 73.892445520394276, 19.89973279604644 ], [ 73.892445273357566, 19.899733187976388 ], [ 73.893259692282356, 19.899806421422401 ], [ 73.893539342321887, 19.899884047148788 ], [ 73.893824741579223, 19.899963269273634 ], [ 73.894131156024343, 19.900048324684064 ], [ 73.894543868116983, 19.900162885370435 ], [ 73.894626189729635, 19.900146611029335 ], [ 73.894853088899055, 19.900101754588263 ], [ 73.894877917435181, 19.900102666836865 ], [ 73.89500135134513, 19.90010720358433 ], [ 73.895109171637074, 19.900122219364437 ], [ 73.895640817080107, 19.900196255070867 ], [ 73.895656717260636, 19.900198468961772 ], [ 73.895771350375753, 19.900223346302493 ], [ 73.895834775926375, 19.900229500597192 ], [ 73.89599762341939, 19.900245303601718 ], [ 73.896149851927433, 19.900270513736537 ], [ 73.896296145266405, 19.900289005333267 ], [ 73.896515065599459, 19.900316675995054 ], [ 73.896624654674241, 19.900267278636051 ], [ 73.896770010172034, 19.900201757278161 ], [ 73.896963647421401, 19.900208253666694 ], [ 73.897139779200842, 19.900201725180562 ], [ 73.897183332220777, 19.900202709225894 ], [ 73.897293382131309, 19.900187901243299 ], [ 73.897629697000625, 19.900184078247861 ], [ 73.897745440433383, 19.900182762245439 ], [ 73.897995245744241, 19.900215566010061 ], [ 73.898254292024404, 19.90027834470672 ], [ 73.898382099831451, 19.900325262101013 ], [ 73.898400028407877, 19.900331843796458 ], [ 73.89872310210994, 19.90039805519838 ], [ 73.898833696399535, 19.900411060629139 ], [ 73.898909446835845, 19.900437623903489 ], [ 73.899457989589365, 19.900460664043429 ], [ 73.89946445296782, 19.90048924776627 ], [ 73.899593342346478, 19.900541940122714 ], [ 73.900055909140804, 19.900584957587927 ], [ 73.9007024580918, 19.900781315004554 ], [ 73.901074104599587, 19.900894183285512 ], [ 73.901139739107506, 19.900901395081423 ], [ 73.901264119841713, 19.900896878628814 ], [ 73.901295752217848, 19.900902296344718 ], [ 73.901870234723489, 19.901000647199261 ], [ 73.902039234777916, 19.901027321026408 ], [ 73.902182707406865, 19.901049966619784 ], [ 73.902264498115159, 19.901054113102774 ], [ 73.902290552851682, 19.901055433321314 ], [ 73.902365257649038, 19.901059219974893 ], [ 73.902366403000997, 19.901059251227704 ], [ 73.902381040150232, 19.901059649067044 ], [ 73.902458777659987, 19.901061761585559 ], [ 73.902480687569764, 19.901062357077567 ], [ 73.902503991664872, 19.901062990579703 ], [ 73.902557413576488, 19.901064706103494 ], [ 73.90273503566101, 19.901070409311956 ], [ 73.902788716287432, 19.901064945144988 ], [ 73.903330430048157, 19.901009805954239 ], [ 73.904129372797229, 19.900882260762028 ], [ 73.904506254686495, 19.900841930275121 ], [ 73.904827639555791, 19.900807540348382 ], [ 73.90504225156873, 19.900789331777037 ], [ 73.905693614591385, 19.900746012819738 ], [ 73.906513302135281, 19.900691507021538 ], [ 73.906889164436691, 19.900652521203419 ], [ 73.906959247401886, 19.900662883635633 ], [ 73.907077947190288, 19.900670668129436 ], [ 73.907450373435708, 19.900695091807354 ], [ 73.907768091382025, 19.900734460251112 ], [ 73.907974132568853, 19.900751679718809 ], [ 73.908109101745353, 19.900757442910201 ], [ 73.908202766385074, 19.900775075419546 ], [ 73.908418477935953, 19.900852387298091 ], [ 73.908802029816172, 19.900989852318158 ], [ 73.909214216394389, 19.901051443946926 ], [ 73.909275519226014, 19.901092526980847 ], [ 73.909896876721518, 19.901163407394765 ], [ 73.910702470596959, 19.901229506952564 ], [ 73.910760520628926, 19.901234269194237 ], [ 73.910920375833754, 19.901256717950258 ], [ 73.911324353606901, 19.901230103288601 ], [ 73.911551904953214, 19.901220796729323 ], [ 73.911995134612695, 19.901202670138421 ], [ 73.912096158251245, 19.901181505271445 ], [ 73.912279241194355, 19.901185603604841 ], [ 73.912320321152279, 19.901188109737365 ], [ 73.912570266600326, 19.901203356009461 ], [ 73.913351482893901, 19.901227007578029 ], [ 73.913629254556156, 19.901232611954399 ], [ 73.914657627028788, 19.901253361237654 ], [ 73.914688290122697, 19.901254986379858 ], [ 73.915487379297161, 19.901297348188688 ], [ 73.915713618204833, 19.901405023929421 ], [ 73.915904203877204, 19.901495730233453 ], [ 73.915952249371855, 19.901518596217944 ], [ 73.915993599722725, 19.90152748718349 ], [ 73.91607593301346, 19.901505721801598 ], [ 73.916304862375398, 19.901459080963487 ], [ 73.916502282430443, 19.901418858741014 ], [ 73.916632328839185, 19.901402017757043 ], [ 73.917221158338251, 19.900977192404969 ], [ 73.917315756327554, 19.900907984354948 ], [ 73.917570615560194, 19.900754369996505 ], [ 73.91857442360137, 19.900116342118828 ], [ 73.918730830173814, 19.900021179363247 ], [ 73.919468050578018, 19.899572630073688 ], [ 73.920220303390209, 19.899112087592449 ], [ 73.920269383744056, 19.899080630863882 ], [ 73.920342945884371, 19.89903348334763 ], [ 73.921248421639632, 19.898453137889188 ], [ 73.921286371867112, 19.898428815227334 ], [ 73.921336152906889, 19.898396908146577 ], [ 73.921529507186975, 19.898280030057517 ], [ 73.921503131751905, 19.898408523392384 ], [ 73.921420335828785, 19.898620238993988 ], [ 73.921403589435258, 19.898663060170524 ], [ 73.92133742761628, 19.898883049083814 ], [ 73.921171162931927, 19.899312039255538 ], [ 73.921084479100273, 19.899585948947585 ], [ 73.92103362637036, 19.899746636072287 ], [ 73.920990611441269, 19.899866363859623 ], [ 73.920799852394055, 19.90039730512872 ], [ 73.920777068423519, 19.900460719791827 ], [ 73.920617108115835, 19.90091484814608 ], [ 73.920548017789002, 19.901054633419239 ], [ 73.920461964574685, 19.901347207259615 ], [ 73.920408715139573, 19.901528244849839 ], [ 73.920299882446287, 19.901897836928271 ], [ 73.920292205443857, 19.901923904979451 ], [ 73.920236226926932, 19.902125212999085 ], [ 73.919967309060098, 19.903130215356548 ], [ 73.91992809759796, 19.90325557698597 ], [ 73.919593895566166, 19.903874400813827 ], [ 73.919540195176808, 19.903975347132352 ], [ 73.919501900894545, 19.904047333595972 ], [ 73.919434641334306, 19.904173767208061 ], [ 73.919382246197031, 19.904275059643105 ], [ 73.919210786555354, 19.904579510921661 ], [ 73.919170107246075, 19.904673240943417 ], [ 73.919065720315089, 19.904950757298099 ], [ 73.918968326768606, 19.905163688042457 ], [ 73.91877479013057, 19.905586815399094 ], [ 73.918729452158189, 19.905660730298749 ], [ 73.91864717995287, 19.905945013049777 ], [ 73.918597409692836, 19.906116989122907 ], [ 73.918478443104831, 19.906547142181942 ], [ 73.91843894508014, 19.906655454587405 ], [ 73.918422752947109, 19.90671088490086 ], [ 73.918354033624539, 19.906946128617257 ], [ 73.918339483611859, 19.906995937764034 ], [ 73.918094954106664, 19.90788177288416 ], [ 73.91809189893641, 19.907892841800891 ], [ 73.918054748209514, 19.90798351735776 ], [ 73.917739652445505, 19.9085196883679 ], [ 73.917725361147646, 19.908542316841135 ], [ 73.917466253782052, 19.908952615407951 ], [ 73.917378659957009, 19.909230479844194 ], [ 73.917348822414851, 19.909338595304153 ], [ 73.917309128557378, 19.90948241888762 ], [ 73.917275542345536, 19.909674961078942 ], [ 73.917006810429967, 19.90991674958914 ], [ 73.916953223228347, 19.909964964843574 ], [ 73.916808468703465, 19.910098859334617 ], [ 73.916787552330376, 19.910124304393523 ], [ 73.916565242653746, 19.910312146337127 ], [ 73.916469260360614, 19.910390389394607 ], [ 73.916201339623726, 19.910608796926486 ], [ 73.915923072091445, 19.911211955631511 ], [ 73.915754079223575, 19.911595061708233 ], [ 73.915677750272181, 19.911742557304603 ], [ 73.915562288012111, 19.911965673366918 ], [ 73.915313681053831, 19.912459807380642 ], [ 73.915096936440392, 19.912901231357161 ], [ 73.915063287346484, 19.912963260078094 ], [ 73.915062406997492, 19.912964883410833 ], [ 73.91486701803332, 19.913481631934317 ], [ 73.914676290427138, 19.913986055203608 ], [ 73.914626323436096, 19.914114773961529 ], [ 73.914422102236017, 19.914640861660718 ], [ 73.914344337776811, 19.914839054676765 ], [ 73.914303367413368, 19.914943477110459 ], [ 73.914306292327907, 19.914993365664785 ], [ 73.914183665105099, 19.915245972048869 ], [ 73.914001463409278, 19.915642803104941 ], [ 73.913994060393037, 19.915658288692715 ], [ 73.913954183279245, 19.915741734320914 ], [ 73.913761350022043, 19.916031552132111 ], [ 73.913402950071458, 19.916651633403927 ], [ 73.913142373062058, 19.916765949806951 ], [ 73.913088436415777, 19.916826658614383 ], [ 73.913048150568528, 19.917118362926647 ], [ 73.913027472249013, 19.917268096584483 ], [ 73.912959455408966, 19.917626538894122 ], [ 73.912956005878257, 19.917700135673122 ], [ 73.912939951187496, 19.917772850676013 ], [ 73.91278568530042, 19.918471540860569 ], [ 73.912761899708315, 19.918552920860151 ], [ 73.912728114070461, 19.918697013929918 ], [ 73.912685214125744, 19.918879978409642 ], [ 73.912543512974523, 19.919482963682235 ], [ 73.912497592893828, 19.919635858861504 ], [ 73.912437647416624, 19.91994006689924 ], [ 73.912402907767941, 19.920147312950721 ], [ 73.912220307220139, 19.921059777800711 ], [ 73.912184511152702, 19.921211309176712 ], [ 73.912274545700356, 19.922053410354618 ], [ 73.912311499696216, 19.92238400610767 ], [ 73.912298838840599, 19.922601522116814 ], [ 73.912264662435632, 19.922780011011522 ], [ 73.91217293007206, 19.923259080758847 ], [ 73.912056717718684, 19.92390934484246 ], [ 73.911922944199858, 19.924493367802629 ], [ 73.911741236577427, 19.925153659954614 ], [ 73.911738025998602, 19.925165848368103 ], [ 73.911735853872258, 19.925173299751481 ], [ 73.911733534422183, 19.925180710596603 ], [ 73.911731069445054, 19.925188080058877 ], [ 73.911728458042518, 19.925195401381991 ], [ 73.911725702011225, 19.925202675410485 ], [ 73.911722799554539, 19.925209898766209 ], [ 73.91171975785899, 19.925217069760087 ], [ 73.911716570636372, 19.925224185858514 ], [ 73.911713245073173, 19.925231245372395 ], [ 73.911709776677895, 19.925238244923609 ], [ 73.911706169942008, 19.925245183667599 ], [ 73.911702424865595, 19.925252058226221 ], [ 73.911698543245265, 19.925258868599467 ], [ 73.9116945259793, 19.925265611409202 ], [ 73.911690373067742, 19.925272284121835 ], [ 73.911686087205524, 19.925278885892784 ], [ 73.911681671087564, 19.925285411654819 ], [ 73.911677122018958, 19.92529186478615 ], [ 73.911672443592977, 19.925298240219547 ], [ 73.911138891924935, 19.926186513182909 ], [ 73.910831728284876, 19.926721887731901 ], [ 73.911001361651543, 19.926838012596843 ], [ 73.912044488054434, 19.927552088022416 ], [ 73.912178505016712, 19.927668925903074 ], [ 73.912701074780429, 19.928077072818805 ], [ 73.912885934591159, 19.928251205385543 ], [ 73.913390391623778, 19.928599831399044 ], [ 73.913829824104596, 19.928641100672877 ], [ 73.914034233052533, 19.928641808382515 ], [ 73.915648638568754, 19.928831323281901 ], [ 73.915712019203625, 19.928838764358218 ], [ 73.915714970169333, 19.928839213643489 ], [ 73.917252185249836, 19.929073752203593 ], [ 73.917744365007479, 19.929148844364406 ], [ 73.918051986788328, 19.929195779374773 ], [ 73.918307041853694, 19.92923469228479 ], [ 73.918758335689475, 19.929426646285801 ], [ 73.919552702420489, 19.929764518170295 ], [ 73.921974378068484, 19.9309039547955 ], [ 73.922028405444621, 19.930938957203757 ], [ 73.922117246131265, 19.930996515614257 ], [ 73.922282397803016, 19.931103515795755 ], [ 73.922363390807348, 19.93115598682536 ], [ 73.922500986657724, 19.931246051974458 ], [ 73.923348534551877, 19.931800811894501 ], [ 73.923672853318934, 19.932005651602807 ], [ 73.92444677080077, 19.932494451601901 ], [ 73.925114254989495, 19.932916021195304 ], [ 73.925202448889124, 19.93297172014308 ], [ 73.925281340734031, 19.933021542203953 ], [ 73.925702856316477, 19.933418054175473 ], [ 73.925859599757146, 19.933608764219233 ], [ 73.926074644758074, 19.933870407346895 ], [ 73.926241608331708, 19.934073548629605 ], [ 73.926264248571812, 19.934093334259721 ], [ 73.926532150444061, 19.934327443619498 ], [ 73.926725928728942, 19.934496781879073 ], [ 73.926941718433241, 19.934581844895629 ], [ 73.927190067575012, 19.934679741580911 ], [ 73.927462030730624, 19.934786943634457 ], [ 73.927549334399842, 19.934821357418009 ], [ 73.927495049207209, 19.935087675310843 ], [ 73.92750618472347, 19.935091344610246 ], [ 73.927508239170521, 19.935092022733919 ], [ 73.927629707566624, 19.935132066649601 ], [ 73.927770037888735, 19.935178325981799 ], [ 73.928052406230307, 19.935271405344807 ], [ 73.928615486420057, 19.935457015834995 ], [ 73.92879532195343, 19.935516295349942 ], [ 73.929228157206779, 19.935601315593249 ], [ 73.929365816837532, 19.935628354312986 ], [ 73.929394173956112, 19.935633923690762 ], [ 73.929925916417204, 19.935704565678538 ], [ 73.93015331864315, 19.935734773730296 ], [ 73.930161558889253, 19.935736037078847 ], [ 73.930456350032884, 19.935781223739422 ], [ 73.930474156438436, 19.935797740158165 ], [ 73.9312153339215, 19.936485260946828 ], [ 73.931218861605643, 19.9364788082726 ], [ 73.931222270712112, 19.936472302395867 ], [ 73.931225562139318, 19.93646574585004 ], [ 73.931228731395635, 19.93645913863508 ], [ 73.931231777582767, 19.936452484973426 ], [ 73.93123470159901, 19.936445785709566 ], [ 73.931237503444407, 19.936439043376897 ], [ 73.93124017862732, 19.936432257130967 ], [ 73.931242729842722, 19.936425432883098 ], [ 73.931245152599047, 19.93641857232226 ], [ 73.931247451387861, 19.936411674603988 ], [ 73.931249621717569, 19.936404745639624 ], [ 73.931251663588213, 19.936397784584699 ], [ 73.931253576101469, 19.936390794817083 ], [ 73.931255359257307, 19.936383778025785 ], [ 73.931257013055713, 19.936376737588738 ], [ 73.931258535700138, 19.936369674350342 ], [ 73.931259928088863, 19.936362590844144 ], [ 73.931261188425168, 19.936355489603482 ], [ 73.931262316709194, 19.936348370628416 ], [ 73.931263313839139, 19.936341239830288 ], [ 73.931264177120113, 19.936334096364639 ], [ 73.931264909247076, 19.936326942764865 ], [ 73.93126550842338, 19.936319782408933 ], [ 73.931265972852373, 19.936312617830268 ], [ 73.93126630612737, 19.936305449873355 ], [ 73.931266504655028, 19.936298280227167 ], [ 73.93126657023204, 19.936291113114095 ], [ 73.931266501960067, 19.936283949378609 ], [ 73.931266299839152, 19.936276790709687 ], [ 73.931265966564169, 19.936269639640777 ], [ 73.931265497643579, 19.936262500394299 ], [ 73.931264896670655, 19.936255372970216 ], [ 73.93126416364538, 19.936248259902005 ], [ 73.931263043446236, 19.936239272928756 ], [ 73.931261698668251, 19.936230078212482 ], [ 73.931260182312059, 19.936220911363598 ], [ 73.931258492581009, 19.936211774071015 ], [ 73.931256635763319, 19.936202672246182 ], [ 73.931254607367407, 19.93619360588902 ], [ 73.931252410088234, 19.936184578377539 ], [ 73.931250043027447, 19.936175593089626 ], [ 73.931247508880034, 19.936166653403216 ], [ 73.931244805849332, 19.936157759318363 ], [ 73.931241938426965, 19.936148916746408 ], [ 73.931238903019604, 19.936140127376316 ], [ 73.931235704118876, 19.936131391208121 ], [ 73.93123234172478, 19.936122714153207 ], [ 73.931228816735597, 19.93611409705607 ], [ 73.931225129151343, 19.9361055441391 ], [ 73.931221280768682, 19.936097057091292 ], [ 73.931217274282517, 19.936088639290613 ], [ 73.931213108794552, 19.936080291581519 ], [ 73.931208786999719, 19.936072018186422 ], [ 73.931204309796314, 19.936063819949887 ], [ 73.93119967808272, 19.936055701938741 ], [ 73.931194646618806, 19.936047259645864 ], [ 73.931183023317359, 19.936027772362838 ], [ 73.931171768325157, 19.93600808831296 ], [ 73.931160888828742, 19.935988213407441 ], [ 73.931150385726454, 19.935968152713162 ], [ 73.931140264408143, 19.935947912985892 ], [ 73.931130523975526, 19.935927500981425 ], [ 73.931121170716779, 19.935906921766637 ], [ 73.931112207326876, 19.935886182941765 ], [ 73.93110363560244, 19.935865290418175 ], [ 73.931091564939976, 19.935833801309411 ], [ 73.931085790569327, 19.93581761762108 ], [ 73.931080320727574, 19.935801335970954 ], [ 73.931075156312986, 19.935784957203463 ], [ 73.931070302715497, 19.935768489763479 ], [ 73.931065758138502, 19.935751935339887 ], [ 73.931061522581899, 19.935735302377505 ], [ 73.931057601435711, 19.93571859340976 ], [ 73.931053993801527, 19.935701814348068 ], [ 73.931050242436882, 19.93568247987416 ], [ 73.931060628758189, 19.935680265635522 ], [ 73.931331751989063, 19.935622505410461 ], [ 73.931373462564324, 19.935613618050869 ], [ 73.931621118206706, 19.935560854620803 ], [ 73.932021684178395, 19.935475514295618 ], [ 73.932191994874799, 19.935439230118295 ], [ 73.932357605585636, 19.935492816117986 ], [ 73.932905536586446, 19.93567010986315 ], [ 73.93333579636986, 19.935635107658541 ], [ 73.93363664844675, 19.93556020605611 ], [ 73.934024461934698, 19.935463656026787 ], [ 73.934350592603622, 19.935397798789765 ], [ 73.934652822696123, 19.935009997616181 ], [ 73.934729289089745, 19.934911880723973 ], [ 73.934852867628436, 19.93475331521871 ], [ 73.935336843970916, 19.934132318590006 ], [ 73.935504353720233, 19.933917384868469 ], [ 73.935589530178859, 19.933811881348021 ], [ 73.935688092433523, 19.933689794404611 ], [ 73.935815254351894, 19.933532283292887 ], [ 73.935853068933767, 19.933485443309703 ], [ 73.936286408141967, 19.933143124653867 ], [ 73.936769760155343, 19.932761301229895 ], [ 73.936884634018924, 19.932670556276985 ], [ 73.936933402657374, 19.932632031839031 ], [ 73.936937118089403, 19.932679487716211 ], [ 73.936948979444409, 19.93283103075332 ], [ 73.937032776090746, 19.933901591984618 ], [ 73.937039597897027, 19.933988758110846 ], [ 73.937054360810379, 19.934177372279418 ], [ 73.937063785036031, 19.934297772395528 ], [ 73.936953250035273, 19.934896355642476 ], [ 73.936914801242807, 19.935104564221174 ], [ 73.936923303796959, 19.935346066405526 ], [ 73.936893672867299, 19.935697440762745 ], [ 73.936849742554983, 19.936060967287744 ], [ 73.93683913255316, 19.936240193413752 ], [ 73.936807150732406, 19.936308479027662 ], [ 73.936740792182391, 19.936450156740698 ], [ 73.936487647833616, 19.937060773233256 ], [ 73.936403349029021, 19.937262886063863 ], [ 73.936401818299814, 19.937264412876736 ], [ 73.93581721986574, 19.937847893305516 ], [ 73.935590906397877, 19.938235821782971 ], [ 73.935517773652279, 19.938361179224323 ], [ 73.935453668975313, 19.938471302333571 ], [ 73.935298497586402, 19.938737864035414 ], [ 73.935013845727354, 19.939226856853754 ], [ 73.935012548560081, 19.939228881037931 ], [ 73.934729996063865, 19.939669964252015 ], [ 73.934620852553493, 19.939840341384247 ], [ 73.934348532766691, 19.940193496844547 ], [ 73.934343613592176, 19.940198382892866 ], [ 73.934246002653396, 19.940295327768702 ], [ 73.934110656184529, 19.940429752223309 ], [ 73.934107731269933, 19.940432658007513 ], [ 73.933974913558558, 19.940564568392269 ], [ 73.933896357683565, 19.940665025988519 ], [ 73.933822565574573, 19.940759391604846 ], [ 73.933725427149625, 19.940883610404395 ], [ 73.933680384722962, 19.94094121079214 ], [ 73.933538239803994, 19.941109066697461 ], [ 73.933341072175551, 19.941341895599777 ], [ 73.933313591812677, 19.941374348821501 ], [ 73.933284807994355, 19.941408339787312 ], [ 73.932592795306803, 19.942203928290482 ], [ 73.932283134350257, 19.942559940298995 ], [ 73.9322630992245, 19.942582975145356 ], [ 73.932224707025881, 19.942630294610243 ], [ 73.932020681658528, 19.942881757352087 ], [ 73.932015651991293, 19.942889265322311 ], [ 73.931848032647451, 19.943139412006854 ], [ 73.931691034983558, 19.943373708936214 ], [ 73.931644672033457, 19.943442898397823 ], [ 73.931654852640563, 19.943644156085618 ], [ 73.931700789789247, 19.944223243817166 ], [ 73.931707969125014, 19.944313758356731 ], [ 73.931745925640698, 19.944491412063577 ], [ 73.931785515293583, 19.944940956174168 ], [ 73.931800271918775, 19.944953013862534 ], [ 73.932037349898636, 19.945146747407609 ], [ 73.932051404041275, 19.94543184664645 ], [ 73.932053566286157, 19.945544864604162 ], [ 73.932060271311457, 19.945891365020422 ], [ 73.932119949090691, 19.946822885113974 ], [ 73.932160902386201, 19.947399584983454 ], [ 73.932173505749645, 19.947634436286332 ], [ 73.932181551959616, 19.947802131391988 ], [ 73.932185374291166, 19.9478817956245 ], [ 73.932183800442772, 19.948175072333022 ], [ 73.932183475252685, 19.948235879691794 ], [ 73.93218316263895, 19.948293983203339 ], [ 73.932258655258778, 19.948898713932675 ], [ 73.93234247076974, 19.949646115601183 ], [ 73.932343484967689, 19.949655158386879 ], [ 73.932763233563975, 19.949693425349487 ], [ 73.933781070594975, 19.949786196391837 ], [ 73.933825097027068, 19.94979020817982 ], [ 73.933993018204788, 19.949795762703204 ], [ 73.935013998440965, 19.94991651738523 ], [ 73.935176812696284, 19.949935771586407 ], [ 73.935814410833814, 19.949916544406289 ], [ 73.936357624781067, 19.949907014411824 ], [ 73.936387340152351, 19.949906493411749 ], [ 73.9363891529526, 19.950057465142685 ], [ 73.936409753118696, 19.951773618269836 ], [ 73.936476852778853, 19.951797193875663 ], [ 73.936859848601927, 19.952199465617923 ], [ 73.93696208137284, 19.952296642088875 ], [ 73.937057545338092, 19.952449356053595 ], [ 73.937076863608269, 19.952532723988199 ], [ 73.937068176001134, 19.953388172662891 ], [ 73.937067210312236, 19.953483211252347 ], [ 73.937848473318184, 19.953611345603967 ], [ 73.938583812650194, 19.953731943688126 ], [ 73.939168447016883, 19.95378741997493 ], [ 73.940976339763836, 19.954029705040572 ], [ 73.940913186402724, 19.954411274386732 ], [ 73.940880770695699, 19.954607113192914 ], [ 73.940775990302654, 19.955311791779941 ], [ 73.940768669931401, 19.955364240411448 ], [ 73.940674428573274, 19.956039321095329 ], [ 73.940563071614008, 19.956967970388973 ], [ 73.940498831291407, 19.95737849278586 ], [ 73.940495521897901, 19.957403537599824 ], [ 73.940447715355106, 19.957765387897624 ], [ 73.940337733716561, 19.958499806875423 ], [ 73.940218965656229, 19.959340359967651 ], [ 73.940190718132129, 19.959493914850388 ], [ 73.9401298572716, 19.959887476024772 ], [ 73.940127327615784, 19.959903835404674 ], [ 73.940110618951493, 19.95990944361079 ], [ 73.940017418740766, 19.960507942421057 ], [ 73.939985264443521, 19.96050823372245 ], [ 73.939892900564303, 19.961099457041968 ], [ 73.939848442940885, 19.961240907330264 ], [ 73.939840002370445, 19.961308222951551 ], [ 73.939746700650119, 19.962052379293876 ], [ 73.939668618187312, 19.962241541687259 ], [ 73.939585964198002, 19.962922294765026 ], [ 73.939581865185346, 19.962982757861489 ], [ 73.939523291435577, 19.963846475012247 ], [ 73.939495867666594, 19.964035300898292 ], [ 73.939479103306766, 19.964261881699969 ], [ 73.939447606576266, 19.964687507057523 ], [ 73.939416843769365, 19.965323203102294 ], [ 73.939408646642377, 19.965492505580148 ], [ 73.939408298994366, 19.965499702607435 ], [ 73.93937040086918, 19.965909784018024 ], [ 73.939344694679008, 19.966187880094736 ], [ 73.93934382960137, 19.966417481314583 ], [ 73.939341844324588, 19.96694125700202 ], [ 73.939357231567115, 19.967223804181771 ], [ 73.939370098136934, 19.967460117038929 ], [ 73.939367484039437, 19.967934307045468 ], [ 73.939367416665803, 19.968501008281855 ], [ 73.939367413970842, 19.968524097599055 ], [ 73.939406702688132, 19.968635477945782 ], [ 73.939393463317487, 19.968922967194747 ], [ 73.939399927594252, 19.969062760692715 ], [ 73.93944381838071, 19.970012446750609 ], [ 73.939474471593158, 19.970788231598476 ], [ 73.939510025115482, 19.97107044429854 ], [ 73.939524168191312, 19.971399670139935 ], [ 73.93954372002348, 19.971714856410188 ], [ 73.939587605420044, 19.972029183407255 ], [ 73.939629437267868, 19.972049806036701 ], [ 73.939571809444075, 19.97289119283386 ], [ 73.939591642448931, 19.972893270620474 ], [ 73.939512405650959, 19.973749649034456 ], [ 73.939465216250795, 19.974087279145433 ], [ 73.939397356615885, 19.974624684679235 ], [ 73.939383085080962, 19.974737675815568 ], [ 73.939380788987123, 19.974755858134429 ], [ 73.939365341557505, 19.974864189623322 ], [ 73.939345287567107, 19.975004831414626 ], [ 73.939330390804727, 19.975109302713417 ], [ 73.939329623643474, 19.975114684113493 ], [ 73.939362327709702, 19.975228682960545 ], [ 73.939395836666435, 19.975345486397984 ], [ 73.942298756880106, 19.974843784340759 ], [ 73.944012056129324, 19.974376215676585 ], [ 73.944354745443931, 19.974181621397925 ], [ 73.945107320751291, 19.97375428160376 ], [ 73.945377696583847, 19.973775950071456 ], [ 73.946553150217923, 19.973870152359758 ], [ 73.947921892555087, 19.974202195621906 ], [ 73.948252935212025, 19.97428249661775 ], [ 73.948271456676551, 19.97428846904068 ], [ 73.950619445318424, 19.97504525610227 ], [ 73.951289176193654, 19.975200232646483 ], [ 73.954204977350187, 19.973867971583772 ], [ 73.957482548936241, 19.972540387589817 ], [ 73.960566983634564, 19.971332086119013 ], [ 73.960837407077804, 19.971226153376328 ], [ 73.963118615859756, 19.97081490208717 ], [ 73.966430052135394, 19.970660896395486 ], [ 73.968818727273117, 19.971082073621112 ], [ 73.969188960730918, 19.971147345225617 ], [ 73.969541809991398, 19.971390843051104 ], [ 73.970775280419787, 19.97224200263323 ], [ 73.973386606593934, 19.973935456581135 ], [ 73.974408646842164, 19.974729709230512 ], [ 73.974718844092905, 19.974733538864911 ], [ 73.974844177939644, 19.974527115021875 ], [ 73.975136708023712, 19.973711743349455 ], [ 73.975290320835612, 19.973200172324564 ], [ 73.975443443167379, 19.972719904095097 ], [ 73.975478764924361, 19.972576317924421 ], [ 73.975505829367222, 19.972321480601909 ], [ 73.975513881865425, 19.972227651408261 ], [ 73.975566872585759, 19.972140442233208 ], [ 73.975564846884751, 19.972134965326862 ], [ 73.975559026700026, 19.972120083033964 ], [ 73.975555430743938, 19.972111366587413 ], [ 73.975552928935883, 19.972105301210163 ], [ 73.975546556287256, 19.972090620699728 ], [ 73.97553990695755, 19.972076048257033 ], [ 73.975532988133224, 19.972061588947852 ], [ 73.97552579711936, 19.972047246149341 ], [ 73.97551833930585, 19.972033024083036 ], [ 73.975510615591048, 19.972018926126118 ], [ 73.975502628669858, 19.972004959032908 ], [ 73.975494382135565, 19.971991126180637 ], [ 73.975485876886452, 19.971977429257908 ], [ 73.975477117414115, 19.971963875863338 ], [ 73.975468102820244, 19.971950469374214 ], [ 73.975458837596406, 19.971937212323361 ], [ 73.97544932623417, 19.97192410977658 ], [ 73.975444413347887, 19.971917592696567 ], [ 73.975439571428495, 19.971911166799675 ], [ 73.975429574077694, 19.971898385925567 ], [ 73.975419337775037, 19.9718857713757 ], [ 73.975408866113781, 19.97187332568307 ], [ 73.975398162687171, 19.971861053913351 ], [ 73.975387230190151, 19.971848961132434 ], [ 73.975376073114333, 19.97183704902886 ], [ 73.975364692358028, 19.971825322668472 ], [ 73.975353094209353, 19.971813782895591 ], [ 73.975341279566749, 19.971802437308867 ], [ 73.975329254718346, 19.971791285908367 ], [ 73.9753170205625, 19.971780333759828 ], [ 73.975304584285695, 19.97176958424054 ], [ 73.975291946786285, 19.971759039883359 ], [ 73.975279111657514, 19.971748704065465 ], [ 73.975266085187585, 19.97173858016416 ], [ 73.975252870071415, 19.971728672400857 ], [ 73.975239469004009, 19.971718980775641 ], [ 73.975225887375231, 19.971709511198615 ], [ 73.975212130574974, 19.971700265358329 ], [ 73.975198200399845, 19.971691244943472 ], [ 73.97518410403643, 19.971682455019824 ], [ 73.975169842382982, 19.971673898120279 ], [ 73.975167205827603, 19.971672375861708 ], [ 73.97515542172772, 19.971665574244863 ], [ 73.97514084656224, 19.971657487615101 ], [ 73.975126121378096, 19.97164964160822 ], [ 73.975109276169874, 19.971641051779478 ], [ 73.975101076347997, 19.971637905102391 ], [ 73.975092936713168, 19.971634624182723 ], [ 73.975084861757097, 19.971631212397742 ], [ 73.975076852378024, 19.971627667214481 ], [ 73.97506891127091, 19.971623992010127 ], [ 73.975061041130687, 19.971620189317537 ], [ 73.975053242855722, 19.971616256603866 ], [ 73.975045522734177, 19.971612197246227 ], [ 73.975037877172781, 19.971608012933199 ], [ 73.975030314256415, 19.971603703664776 ], [ 73.975022833985051, 19.971599271973837 ], [ 73.975015437256985, 19.971594718704697 ], [ 73.975008127665561, 19.971590043012959 ], [ 73.975000907905596, 19.971585249964452 ], [ 73.974993779773797, 19.971580340403424 ], [ 73.974986745066829, 19.971575312641296 ], [ 73.974979805581242, 19.971570171743789 ], [ 73.97497296491035, 19.971564917710921 ], [ 73.974966223054167, 19.971559553075512 ], [ 73.974959583605909, 19.971554076993293 ], [ 73.974953048362195, 19.971548495374289 ], [ 73.974946620018002, 19.971542804841366 ], [ 73.974940298573372, 19.971537012148758 ], [ 73.974934087621506, 19.97153111560797 ], [ 73.974927988060699, 19.971525117751796 ], [ 73.974922002585984, 19.971519021113131 ], [ 73.974916132993911, 19.971512827380568 ], [ 73.974910380182834, 19.971506538242654 ], [ 73.974904745949374, 19.971500155387936 ], [ 73.974899232988491, 19.971493681349326 ], [ 73.974893843096766, 19.971487116126841 ], [ 73.974888575375957, 19.971480465630449 ], [ 73.974883434317562, 19.971473728171567 ], [ 73.974878420819991, 19.97146690797172 ], [ 73.974873535781441, 19.971460005875095 ], [ 73.974868781897001, 19.971453024414654 ], [ 73.974864159166501, 19.971445965278875 ], [ 73.974859669386717, 19.971438832689277 ], [ 73.974855312557622, 19.971431625801561 ], [ 73.974851094967335, 19.971424348837143 ], [ 73.974847012124386, 19.971417002640329 ], [ 73.974843069418583, 19.971409590588308 ], [ 73.974839264155051, 19.971402115213898 ], [ 73.974835600825315, 19.97139457736143 ], [ 73.97483207942939, 19.971386980408074 ], [ 73.974828077434822, 19.971377871324435 ], [ 73.974823027106282, 19.971367912036563 ], [ 73.974820526196524, 19.971362978828548 ], [ 73.974813256130943, 19.971347963064389 ], [ 73.974806269034659, 19.971332830786199 ], [ 73.974805725553921, 19.971331594739972 ], [ 73.974713685966535, 19.971234748293416 ], [ 73.974700768192747, 19.971083819623583 ], [ 73.974715958704195, 19.970832727721021 ], [ 73.974770862836067, 19.970467254965445 ], [ 73.974808620824064, 19.97023079886236 ], [ 73.974841396755536, 19.96982017567057 ], [ 73.974976080267751, 19.969706980065851 ], [ 73.975343619678057, 19.969521302624287 ], [ 73.975489374027845, 19.969429786001673 ], [ 73.975547001851666, 19.969387427261651 ], [ 73.975606299643545, 19.969233806023173 ], [ 73.975670659442059, 19.968995887420384 ], [ 73.975703255710471, 19.968849110598761 ], [ 73.975739271865166, 19.968727508368552 ], [ 73.975789210110108, 19.968671433655185 ], [ 73.975792935423598, 19.968665239810768 ], [ 73.975798229195576, 19.96865678237581 ], [ 73.975803680172717, 19.968648411059885 ], [ 73.975810946645041, 19.96863773815911 ], [ 73.975818076573475, 19.968627322771642 ], [ 73.975825010669141, 19.968616794246184 ], [ 73.975831748932094, 19.968606154271292 ], [ 73.975838286870712, 19.968595408757118 ], [ 73.975844623586738, 19.968584559392252 ], [ 73.975850758181807, 19.968573607865299 ], [ 73.975854641598801, 19.968566371295822 ], [ 73.975856687961013, 19.968562560930728 ], [ 73.975862409331029, 19.968551418588451 ], [ 73.97586792408859, 19.968540187592996 ], [ 73.975873226843717, 19.9685288679443 ], [ 73.975878320291358, 19.968517466396811 ], [ 73.975883198143364, 19.968505983794842 ], [ 73.975887862196331, 19.968494424359914 ], [ 73.975892309755281, 19.968482793157865 ], [ 73.975896539921948, 19.968471091032978 ], [ 73.975898585385835, 19.96846509137179 ], [ 73.976234591234743, 19.968026332811615 ], [ 73.976592030886295, 19.967666968914102 ], [ 73.976904842234532, 19.967348631166949 ], [ 73.977027859326142, 19.967215032583987 ], [ 73.977621847849917, 19.96648441562704 ], [ 73.977892177868341, 19.966061604178371 ], [ 73.977876797812371, 19.9656144218606 ], [ 73.977826102287608, 19.965322720992109 ], [ 73.977871792399611, 19.965208947172609 ], [ 73.978010488686209, 19.965094192162759 ], [ 73.978013128834831, 19.965093618020227 ], [ 73.978020117727723, 19.965092215592609 ], [ 73.978027129078541, 19.965090927993497 ], [ 73.978034161988887, 19.965089754378578 ], [ 73.978041215560495, 19.965088695592161 ], [ 73.978048287996742, 19.965087751634247 ], [ 73.978055376602626, 19.965086923349158 ], [ 73.978062476886663, 19.965086210736899 ], [ 73.978069592441997, 19.965085613797481 ], [ 73.978076714285592, 19.965085133375272 ], [ 73.978083843315687, 19.965084766937196 ], [ 73.978090977735675, 19.965084520393631 ], [ 73.97809811485061, 19.965084386145584 ], [ 73.978105252863841, 19.965084370103373 ], [ 73.978112389978776, 19.965084470578322 ], [ 73.978119524398764, 19.965084688414759 ], [ 73.978126649835616, 19.965085019391058 ], [ 73.97813376898425, 19.965085469417531 ], [ 73.978140878251381, 19.965086032583841 ], [ 73.978146681368116, 19.965086590684212 ], [ 73.978351278962279, 19.965069972633273 ], [ 73.978751247554342, 19.965053410306247 ], [ 73.978931926605739, 19.964999028852315 ], [ 73.979030257993358, 19.964913941697855 ], [ 73.979115191008532, 19.964769340290182 ], [ 73.97916803440512, 19.964477320390426 ], [ 73.979252333209715, 19.964181649057828 ], [ 73.979380677310985, 19.963997131134732 ], [ 73.979546503617485, 19.963787457747166 ], [ 73.979597607875661, 19.963612760670244 ], [ 73.979667896555085, 19.963298031034697 ], [ 73.979711281590028, 19.963065239585944 ], [ 73.979751576420441, 19.962877491604054 ], [ 73.979752401972178, 19.962865843100975 ], [ 73.979754269569639, 19.962845034360175 ], [ 73.979756525239324, 19.962824260234537 ], [ 73.979759167184596, 19.962803522412756 ], [ 73.979762197202021, 19.96278282764958 ], [ 73.979765612596751, 19.96276218438841 ], [ 73.979769414267039, 19.962741597695306 ], [ 73.97977359861963, 19.962721074325049 ], [ 73.979778165654523, 19.962700621032301 ], [ 73.97978311357511, 19.962680242038847 ], [ 73.979788442381391, 19.962659944943798 ], [ 73.979794147581757, 19.962639737346194 ], [ 73.979800229176206, 19.962619621779101 ], [ 73.979806686266471, 19.962599608374688 ], [ 73.979813514360941, 19.962579698821635 ], [ 73.97982071256132, 19.962559903252075 ], [ 73.979828279969283, 19.962540225887775 ], [ 73.979836212991529, 19.962520672639155 ], [ 73.979844508933198, 19.962501250260996 ], [ 73.979853166895921, 19.96248196466372 ], [ 73.979871259864069, 19.962444404138775 ], [ 73.979873690705205, 19.962439468962906 ], [ 73.979876029918216, 19.962434494102869 ], [ 73.979878275706426, 19.962429483780294 ], [ 73.979880428069833, 19.96242443799526 ], [ 73.979882485211832, 19.962419357592029 ], [ 73.979884448030717, 19.962414245103638 ], [ 73.979886314729896, 19.962409103063166 ], [ 73.979888086207637, 19.962403930626177 ], [ 73.979889759769023, 19.962398730325781 ], [ 73.97989133721066, 19.962393506383616 ], [ 73.979892815837616, 19.962388254578038 ], [ 73.979894197446527, 19.962382983352384 ], [ 73.979895478444121, 19.96237768932934 ], [ 73.979896662423656, 19.962372375886272 ], [ 73.979897745791888, 19.962367044711829 ], [ 73.97989873034544, 19.962361695806045 ], [ 73.979899611592728, 19.962356333390602 ], [ 73.979900397618621, 19.962350958309813 ], [ 73.979901080338209, 19.96234557140809 ], [ 73.979901662446537, 19.962340174374074 ], [ 73.979902145740141, 19.962334769740803 ], [ 73.979902526625835, 19.962329358352591 ], [ 73.97990280600186, 19.962323941053796 ], [ 73.979902982970003, 19.962318521221786 ], [ 73.979903060225112, 19.962313101389622 ], [ 73.979903035970594, 19.962307679868566 ], [ 73.979902983868286, 19.962305440673088 ], [ 73.979902911104773, 19.962302260035987 ], [ 73.979902683831, 19.962296843580617 ], [ 73.979902355945924, 19.962291433879823 ], [ 73.979901926551207, 19.96228602924484 ], [ 73.979901397443513, 19.962280634741809 ], [ 73.979900765029569, 19.96227524783767 ], [ 73.979900034699227, 19.962269873598512 ], [ 73.979899202859272, 19.962264512868629 ], [ 73.979898270408029, 19.962259168181042 ], [ 73.979897238243765, 19.96225383784714 ], [ 73.979896107264821, 19.962248526932914 ], [ 73.979894876572857, 19.96224323459403 ], [ 73.979893547066254, 19.962237965052239 ], [ 73.979892119643267, 19.962232716618843 ], [ 73.979890593405585, 19.962227494359876 ], [ 73.979888969251533, 19.962222299119706 ], [ 73.9798872498761, 19.962217130053993 ], [ 73.979885431685986, 19.962211992228781 ], [ 73.979883519172731, 19.962206883111044 ], [ 73.97988151143808, 19.962201806922529 ], [ 73.979879407583681, 19.96219676535188 ], [ 73.979877210304508, 19.962191758399157 ], [ 73.979874919600505, 19.962186788597375 ], [ 73.979872537268378, 19.962181857635148 ], [ 73.979870062409773, 19.962176967201252 ], [ 73.979864943809275, 19.962167497895553 ], [ 73.979860185433225, 19.96216154865516 ], [ 73.979855314767761, 19.962155679627124 ], [ 73.979850336304438, 19.962149891655748 ], [ 73.979845250043297, 19.962144184741149 ], [ 73.979840055984354, 19.962138563949338 ], [ 73.979834757720809, 19.962133027591594 ], [ 73.979829357947622, 19.962127580734059 ], [ 73.979823854868201, 19.962122220843682 ], [ 73.979818252075773, 19.962116953830893 ], [ 73.979812551366962, 19.962111778851323 ], [ 73.979806755436741, 19.962106697593658 ], [ 73.979800863386828, 19.962101714279676 ], [ 73.979794878810395, 19.962096826376349 ], [ 73.979788804402418, 19.962092038105325 ], [ 73.979782638366316, 19.962087348622379 ], [ 73.979776386990267, 19.962082761304849 ], [ 73.979770050274254, 19.962078276997051 ], [ 73.979763629116604, 19.962073898232084 ], [ 73.979757126212263, 19.962069624165547 ], [ 73.979750544256177, 19.962065458174898 ], [ 73.979743885943293, 19.962061399415731 ], [ 73.979737151273582, 19.962057450421131 ], [ 73.979730342942048, 19.96205361203544 ], [ 73.97972346544023, 19.962049885947337 ], [ 73.9797165151749, 19.962046272156858 ], [ 73.979709499332529, 19.962042774041379 ], [ 73.979702418811442, 19.962039389912192 ], [ 73.979695275408318, 19.962036122302369 ], [ 73.979688070021396, 19.962032972056235 ], [ 73.979680808040669, 19.962029940018152 ], [ 73.979673488567727, 19.962027027032452 ], [ 73.979666115195883, 19.962024234787876 ], [ 73.97965869062007, 19.962021561595712 ], [ 73.979651215738585, 19.962019011677668 ], [ 73.979643695043023, 19.962016584189406 ], [ 73.979636129431697, 19.962014278286656 ], [ 73.979628518006308, 19.962012098191103 ], [ 73.97962086885164, 19.96201004305836 ], [ 73.979613181069453, 19.962008111199765 ], [ 73.979600407026112, 19.962005198213689 ], [ 73.979590659406952, 19.962002944660078 ], [ 73.979581003415987, 19.962000373633128 ], [ 73.979571449832918, 19.96199749188763 ], [ 73.979562012132547, 19.961994298579192 ], [ 73.979552701094633, 19.961990797929534 ], [ 73.979543529295555, 19.961986996693341 ], [ 73.979534506616844, 19.961982897403658 ], [ 73.979525643838258, 19.961978504282186 ], [ 73.979516954434516, 19.961973825772322 ], [ 73.979508442897199, 19.961968866095763 ], [ 73.979500126294298, 19.961963631162899 ], [ 73.979492011812354, 19.961958126039786 ], [ 73.979484109332788, 19.961952360014134 ], [ 73.97947642963544, 19.961946338152039 ], [ 73.979467641417003, 19.961938894414136 ], [ 73.979462575817138, 19.961934179596284 ], [ 73.979457784203376, 19.961929221607168 ], [ 73.979453277355603, 19.961924035644966 ], [ 73.979449773926007, 19.961919583417735 ], [ 73.979443326717188, 19.961915676636831 ], [ 73.979441591172076, 19.961907250080689 ], [ 73.979438342864, 19.961901295764388 ], [ 73.979435434119125, 19.961895190310241 ], [ 73.979432871225612, 19.961888947227695 ], [ 73.979430664064978, 19.96188258678103 ], [ 73.97942881623041, 19.96187612585711 ], [ 73.979427332213589, 19.961869579654131 ], [ 73.979426219200931, 19.96186297096936 ], [ 73.979425478090832, 19.96185631331236 ], [ 73.979425109781559, 19.961849626947359 ], [ 73.979425118764738, 19.961842929605584 ], [ 73.97942550234535, 19.96183623986261 ], [ 73.979426259625143, 19.96182957713842 ], [ 73.979427389705762, 19.96182295663117 ], [ 73.979428888993979, 19.961816398605144 ], [ 73.979430752099859, 19.961809924169003 ], [ 73.979432976328511, 19.961803545143542 ], [ 73.979435553595039, 19.961797281793121 ], [ 73.979438479407932, 19.961791151848935 ], [ 73.979442370909766, 19.961784099035437 ], [ 73.9794679998448, 19.961728632314973 ], [ 73.979494658249195, 19.96167358437042 ], [ 73.97952233893632, 19.961618974622208 ], [ 73.979551033821437, 19.961564820801946 ], [ 73.979580733023056, 19.961511137264097 ], [ 73.979611427558012, 19.961457940051709 ], [ 73.97967176110744, 19.961359359162795 ], [ 73.979679939369774, 19.961346742081226 ], [ 73.979688350295802, 19.961334256716828 ], [ 73.979696992088805, 19.961321912357491 ], [ 73.979705862952258, 19.961309705625812 ], [ 73.979714959292821, 19.961297645809676 ], [ 73.979724280212224, 19.961285734597787 ], [ 73.979733820320504, 19.961273977056319 ], [ 73.979743577821154, 19.961262374873947 ], [ 73.979753549120801, 19.961250933116794 ], [ 73.979763733321164, 19.961239654317975 ], [ 73.979774123235757, 19.961228541010545 ], [ 73.979784720661144, 19.961217599104994 ], [ 73.979795518410867, 19.961206830290021 ], [ 73.97980651558656, 19.961196237943103 ], [ 73.9798177067984, 19.961185824597244 ], [ 73.979829092046288, 19.961175595318633 ], [ 73.979840663245469, 19.961165551795986 ], [ 73.9798524203959, 19.961155698251076 ], [ 73.979864359006029, 19.961146036372629 ], [ 73.979876474584287, 19.961136570382454 ], [ 73.979886044336993, 19.961129352047365 ], [ 73.980641355912709, 19.96007464327224 ], [ 73.980686045301468, 19.96001223704587 ], [ 73.981375392687568, 19.960109381686184 ], [ 73.982400845635553, 19.960242973622549 ], [ 73.983332177599621, 19.960402037870487 ], [ 73.983650197379873, 19.960409616777273 ], [ 73.983677287873874, 19.960395480629728 ], [ 73.983790765755515, 19.960336270405413 ], [ 73.983884400750838, 19.960331097900497 ], [ 73.983953892624598, 19.960327258628432 ], [ 73.984191290404738, 19.960323346741944 ], [ 73.984913058887741, 19.960465342333212 ], [ 73.986155659792701, 19.960755441163869 ], [ 73.98745399217789, 19.96110467258347 ], [ 73.987419081849325, 19.961477401398295 ], [ 73.989680267183616, 19.960912717406909 ], [ 73.989710162217946, 19.960912319718219 ], [ 73.990684029410716, 19.960696708977217 ], [ 73.990859723710599, 19.960657811419573 ], [ 73.992550531840081, 19.96034862581849 ], [ 73.992560329764871, 19.960309988235686 ], [ 73.992917162155308, 19.959893329938794 ], [ 73.993210655233327, 19.959550626938693 ], [ 73.993789282565729, 19.958892199401696 ], [ 73.994274389887124, 19.958306797296757 ], [ 73.994572336812368, 19.957991328388076 ], [ 73.995231661603356, 19.957229259015456 ], [ 73.995605740748914, 19.956816912387726 ], [ 73.996002046011228, 19.95635172629585 ], [ 73.99605180818638, 19.956314910738257 ], [ 73.996091396940969, 19.956300969274352 ], [ 73.996179847758782, 19.956043635855256 ], [ 73.996200657232336, 19.955983096638633 ], [ 73.99643853111958, 19.955326620774169 ], [ 73.996481864950567, 19.955207591922658 ], [ 73.996772868796967, 19.954408248112887 ], [ 73.996794684383644, 19.954348567008186 ], [ 73.997106523754752, 19.953495463342151 ], [ 73.997506767231258, 19.952072421080931 ], [ 73.997956296775854, 19.951761679318246 ], [ 73.997971611254812, 19.95175063036195 ], [ 73.998124544940367, 19.951640278393622 ], [ 73.998615219121618, 19.95131315271248 ], [ 73.998718030407545, 19.951059501198561 ], [ 73.998870871566609, 19.950114728642784 ], [ 73.998945768603448, 19.94966076526843 ], [ 73.998946804360983, 19.949654150161493 ], [ 73.999059471063887, 19.948933775684079 ], [ 73.999114926761351, 19.948579108002161 ], [ 73.999562839338395, 19.946919436643068 ], [ 73.999533491378074, 19.94660070068657 ], [ 73.999525828748702, 19.946572392139288 ], [ 73.999488668140344, 19.946435104394979 ], [ 73.999284776621977, 19.945681842371933 ], [ 73.999036394242552, 19.945443448303802 ], [ 73.99851904458896, 19.945032224382434 ], [ 73.998329312316102, 19.94498401222528 ], [ 73.998113809174413, 19.944913595630059 ], [ 73.997819859752198, 19.944817545313597 ], [ 73.997225696056972, 19.944614067408093 ], [ 73.997192497917325, 19.944602697909932 ], [ 73.997047864664992, 19.944553164921853 ], [ 73.996956417965691, 19.944521847277212 ], [ 73.99619476428407, 19.944252805088336 ], [ 73.995372007196835, 19.9439721665875 ], [ 73.995005419102412, 19.943861917270144 ], [ 73.994017382782687, 19.942344256352378 ], [ 73.993907313109233, 19.942175182374307 ], [ 73.993917839567715, 19.942066830971431 ], [ 73.993886929437124, 19.941642114879887 ], [ 73.993915685407671, 19.941503575591007 ], [ 73.993946388027439, 19.941464050940773 ], [ 73.994882059752655, 19.940259511685024 ], [ 73.995205191845187, 19.940678238377348 ], [ 73.995214288185764, 19.940690025320219 ], [ 73.995655299006515, 19.940692502115013 ], [ 73.99660726706928, 19.94068127758127 ], [ 73.997194254123698, 19.940674353870953 ], [ 73.997746163762912, 19.940667842255824 ], [ 73.99801966842756, 19.940664614737514 ], [ 73.998693186600065, 19.940641738369429 ], [ 73.998727702568203, 19.940640565417123 ], [ 74.000632384295443, 19.940575859646515 ], [ 74.001793137898275, 19.9405364183655 ], [ 74.002543565333767, 19.940509508843707 ], [ 74.002796159913572, 19.940500451178334 ], [ 74.003063992615552, 19.940503779190642 ], [ 74.003589104611493, 19.940381699108219 ], [ 74.00435489144175, 19.94020633433237 ], [ 74.005513994839376, 19.939912981176779 ], [ 74.0056134670874, 19.939886705739813 ], [ 74.00584590526887, 19.93982530573091 ], [ 74.006019635851573, 19.939779413411962 ], [ 74.006021752282351, 19.939778854377661 ], [ 74.006904315607983, 19.939545718319522 ], [ 74.007076102236383, 19.939500339353579 ], [ 74.007495404369976, 19.939444203586206 ], [ 74.008044745725812, 19.939370660000634 ], [ 74.009176221436846, 19.939219168838228 ], [ 74.009272390579582, 19.939224973695325 ], [ 74.009317414141606, 19.939227692874748 ], [ 74.010247219868049, 19.939107313405543 ], [ 74.010726563598581, 19.939045249342875 ], [ 74.01219666644252, 19.938854892938608 ], [ 74.012671688378234, 19.938793380214349 ], [ 74.013088617162836, 19.938739386611708 ], [ 74.013497940810268, 19.938686377640959 ], [ 74.013860576317427, 19.938639415049124 ], [ 74.014128483579555, 19.939201042380944 ], [ 74.014270592565921, 19.939498947676572 ], [ 74.01428291116342, 19.939524767167473 ], [ 74.014372649267031, 19.939712882403882 ], [ 74.014441894104067, 19.939834631129564 ], [ 74.014453580287608, 19.939849882119891 ], [ 74.014494415903798, 19.939903180350633 ], [ 74.014525303576534, 19.939943494118875 ], [ 74.015483788018358, 19.939500913589235 ], [ 74.01549104460922, 19.93949768435813 ], [ 74.015497374138732, 19.939494736333547 ], [ 74.015503645277747, 19.939491690351048 ], [ 74.015509858026235, 19.93948854725511 ], [ 74.015516008790996, 19.939485307890163 ], [ 74.015522095775353, 19.93948197310073 ], [ 74.015528118979319, 19.939478545420116 ], [ 74.015534074809651, 19.939475023159417 ], [ 74.015539962368052, 19.939471411385458 ], [ 74.015545779857803, 19.939467705031362 ], [ 74.015551524584041, 19.939463911697366 ], [ 74.015557197445077, 19.939460028850071 ], [ 74.015562792152664, 19.939456058178347 ], [ 74.015568311401765, 19.939452001371166 ], [ 74.015573751599121, 19.939447860961899 ], [ 74.015579110948096, 19.939443635261604 ], [ 74.015584387652098, 19.939439327648149 ], [ 74.015589581711069, 19.939434939810418 ], [ 74.01559468863347, 19.939430471748448 ], [ 74.01559970931757, 19.939425924306679 ], [ 74.015604641068478, 19.939421300862975 ], [ 74.01560948298787, 19.939416602261769 ], [ 74.01561423417742, 19.939411829347556 ], [ 74.01561889373879, 19.939406982120271 ], [ 74.015623456282114, 19.939402065646735 ], [ 74.015627925400636, 19.939397077393537 ], [ 74.015632294806196, 19.939392021583018 ], [ 74.015636567193695, 19.939386900748534 ], [ 74.015640739868175, 19.939381713201193 ], [ 74.01564481103307, 19.939376460629855 ], [ 74.015648781586592, 19.939371148945789 ], [ 74.015652647037271, 19.939365775615663 ], [ 74.015656408283377, 19.939360344017206 ], [ 74.015660064426569, 19.939354855839476 ], [ 74.015663612771931, 19.939349311082342 ], [ 74.01566705331949, 19.939343713968217 ], [ 74.015670385170893, 19.939338063652578 ], [ 74.015673607427814, 19.939332364357764 ], [ 74.015676718293619, 19.93932661439483 ], [ 74.015679715971743, 19.939320818830598 ], [ 74.015682602258735, 19.939314979353931 ], [ 74.015685373561382, 19.939309095120418 ], [ 74.015688031676305, 19.939303170352311 ], [ 74.015690573908557, 19.939297205049684 ], [ 74.015692999359828, 19.939291202590354 ], [ 74.015695308928414, 19.939285164663247 ], [ 74.015697500817708, 19.939279091268357 ], [ 74.015699573231089, 19.939272986628037 ], [ 74.015701527965135, 19.939266851586705 ], [ 74.01570336232497, 19.939260687833304 ], [ 74.015705077208835, 19.939254497056776 ], [ 74.015706671718434, 19.939248281790483 ], [ 74.015708144057228, 19.939242043723411 ], [ 74.015707278979576, 19.939232327302182 ], [ 74.015706838805102, 19.939225575799334 ], [ 74.015706531581259, 19.939218818384941 ], [ 74.015706356409794, 19.939212056747962 ], [ 74.015706312392325, 19.939205290043855 ], [ 74.015706400427248, 19.939198523339471 ], [ 74.015706618717843, 19.939191758323727 ], [ 74.015706701362845, 19.93919015130523 ], [ 74.015706969060801, 19.939184996685547 ], [ 74.015707452354448, 19.939178240958377 ], [ 74.015708066802091, 19.939171491142144 ], [ 74.015708812403787, 19.939164752303693 ], [ 74.015709689159493, 19.93915802359853 ], [ 74.015710696170942, 19.939151309249016 ], [ 74.015711833438104, 19.939144610944091 ], [ 74.015713102757559, 19.939137930372624 ], [ 74.015714501434474, 19.939131268379171 ], [ 74.015716027672141, 19.939124628341553 ], [ 74.015717684165523, 19.939118012793177 ], [ 74.015719467321361, 19.939111422578492 ], [ 74.015721379834616, 19.939104859386479 ], [ 74.015723419908625, 19.939098326594973 ], [ 74.01572558574675, 19.939091825892927 ], [ 74.015727878247347, 19.939085358969262 ], [ 74.015730295613807, 19.939078928357368 ], [ 74.015732836947734, 19.939072533212826 ], [ 74.015735503147525, 19.939066178602395 ], [ 74.015738292416472, 19.939059867059555 ], [ 74.015741202957969, 19.939053597739747 ], [ 74.015744234772072, 19.939047374020888 ], [ 74.015747386960385, 19.939041196747493 ], [ 74.01575065862464, 19.939035070141824 ], [ 74.01575404796823, 19.939028994203909 ], [ 74.015757554991097, 19.939022970622698 ], [ 74.015761178794946, 19.939017001931621 ], [ 74.015764917583169, 19.939011089819594 ], [ 74.015768769559102, 19.939005235131091 ], [ 74.015772734722745, 19.938999442932893 ], [ 74.01577681307414, 19.938993709847193 ], [ 74.015781000121706, 19.938988042629713 ], [ 74.015785295865399, 19.938982439591491 ], [ 74.015789700305234, 19.938976904110433 ], [ 74.015794209847954, 19.938971437031018 ], [ 74.01579882629018, 19.938966040042175 ], [ 74.015803546038697, 19.938960715677332 ], [ 74.015808367296813, 19.93895546393647 ], [ 74.015813290064585, 19.938950289041923 ], [ 74.015818311647024, 19.938945190149287 ], [ 74.015823430247508, 19.938940170636389 ], [ 74.015829337568832, 19.93893552522233 ], [ 74.015833188646454, 19.938932226733346 ], [ 74.015836908570037, 19.938928810863352 ], [ 74.015840496441271, 19.938925280990194 ], [ 74.01584394417533, 19.938921643869623 ], [ 74.015847250873918, 19.938917901190543 ], [ 74.015850407553813, 19.938914059708701 ], [ 74.01585341780833, 19.938910122801975 ], [ 74.015856271755965, 19.938906096381576 ], [ 74.015858969396774, 19.938901982980962 ], [ 74.01586150444254, 19.938897789355821 ], [ 74.015863875096528, 19.938893521417459 ], [ 74.015866079562244, 19.938889183388156 ], [ 74.015868115144698, 19.938884778645797 ], [ 74.015869979148917, 19.938880315635085 ], [ 74.015871666185006, 19.938875798578284 ], [ 74.015873178049645, 19.938871233386728 ], [ 74.015874512946127, 19.938866625127183 ], [ 74.015875666382968, 19.938861981399885 ], [ 74.015876639258423, 19.938857303049247 ], [ 74.015877428877545, 19.938852601053398 ], [ 74.015878035240377, 19.938847877101239 ], [ 74.015878457448551, 19.938843138793004 ], [ 74.015878696400407, 19.938838392884417 ], [ 74.015878747604376, 19.938833643597793 ], [ 74.01587861555204, 19.938828896844441 ], [ 74.015878298446765, 19.938824159380111 ], [ 74.015877796288521, 19.938819436271565 ], [ 74.015877110873944, 19.938814732585648 ], [ 74.015876241304738, 19.938810055078093 ], [ 74.015875190275864, 19.938805409660191 ], [ 74.015873958685617, 19.938800801398717 ], [ 74.015872548330606, 19.938796235360535 ], [ 74.015870961007508, 19.938791719145815 ], [ 74.015869196716309, 19.938787255287973 ], [ 74.0158672581519, 19.93878285138728 ], [ 74.015865149805947, 19.938778511665994 ], [ 74.015862872576704, 19.938774243724396 ], [ 74.015860430955755, 19.938770050095847 ], [ 74.015857825841408, 19.938765935847222 ], [ 74.015855060826979, 19.938761908578709 ], [ 74.015852140403979, 19.938757969979243 ], [ 74.015761989075344, 19.93838366408858 ], [ 74.015759190823218, 19.938377729152123 ], [ 74.015756929763654, 19.938372380277798 ], [ 74.015754877113224, 19.938366963845684 ], [ 74.015753040058485, 19.938361485767064 ], [ 74.015751417701054, 19.938355949419783 ], [ 74.015750010939342, 19.93835036578195 ], [ 74.015748824264847, 19.938344738231461 ], [ 74.015747858575935, 19.938339075213037 ], [ 74.015747113872536, 19.938333382637961 ], [ 74.015746591951356, 19.938327670639818 ], [ 74.015746291914056, 19.938321942596534 ], [ 74.015746217353907, 19.938316207797307 ], [ 74.015746364677582, 19.938310471308927 ], [ 74.015746736580112, 19.93830474073161 ], [ 74.015747330366537, 19.938299023665653 ], [ 74.015748146935152, 19.938293326866745 ], [ 74.015749183590955, 19.938287657090708 ], [ 74.015750442130681, 19.938282020248828 ], [ 74.01575191716438, 19.938276425630256 ], [ 74.015753609590377, 19.938270876612943 ], [ 74.015755516713725, 19.938265385019442 ], [ 74.015757635839478, 19.938259953383177 ], [ 74.015759964272675, 19.93825458761544 ], [ 74.015762501115049, 19.938249297849925 ], [ 74.015765240078366, 19.938244089153415 ], [ 74.015768179365963, 19.938238965748305 ], [ 74.015771315384598, 19.938233937768274 ], [ 74.015774646337718, 19.938229007746656 ], [ 74.015778164140343, 19.938224183283808 ], [ 74.015781867894276, 19.938219470290985 ], [ 74.015785750412931, 19.938214873835047 ], [ 74.01578980900139, 19.938210400671739 ], [ 74.015794038269718, 19.938206055023432 ], [ 74.015798433726417, 19.938201843645917 ], [ 74.015802987286605, 19.938197770761569 ], [ 74.015807695356983, 19.938193840592728 ], [ 74.015812551649432, 19.938190059050736 ], [ 74.015817552570596, 19.938186428669024 ], [ 74.015822689137408, 19.938182958736736 ], [ 74.015827955959921, 19.938179648409431 ], [ 74.015832844591699, 19.938176747650637 ], [ 74.015906781329463, 19.938076139000184 ], [ 74.016075101359206, 19.938042626132841 ], [ 74.016326821878209, 19.938049790633048 ], [ 74.016557088831618, 19.938092339346564 ], [ 74.016733589818671, 19.938074776867147 ], [ 74.016843368437961, 19.938024672657342 ], [ 74.016936520139637, 19.937962473898125 ], [ 74.017017030748676, 19.937904076930707 ], [ 74.017042833058568, 19.937856865831208 ], [ 74.017054613565207, 19.937763767724302 ], [ 74.017039540733066, 19.937390365599789 ], [ 74.017050514552579, 19.937192875596928 ], [ 74.017110637896224, 19.937079018162962 ], [ 74.017163888229632, 19.936972941664706 ], [ 74.017171413416776, 19.936973613024492 ], [ 74.017181055933023, 19.936974778403723 ], [ 74.017190642753746, 19.936976244416993 ], [ 74.017485300946717, 19.936939241089224 ], [ 74.017687648261102, 19.936917777837767 ], [ 74.01769814238024, 19.936916649615135 ], [ 74.017706958446453, 19.936915548415822 ], [ 74.017715752953066, 19.936914310411041 ], [ 74.017724524103528, 19.936912933911849 ], [ 74.017733268304468, 19.936911420607228 ], [ 74.017741982861054, 19.936909773030564 ], [ 74.017750665976592, 19.936907988648439 ], [ 74.017759314956137, 19.936906069149817 ], [ 74.017767925308149, 19.936904015379131 ], [ 74.01777649613426, 19.936901827336449 ], [ 74.017785024739567, 19.936899506710613 ], [ 74.017793508429122, 19.93689705181276 ], [ 74.017801945406276, 19.936894466020778 ], [ 74.017810330281137, 19.936891749334613 ], [ 74.017818663053717, 19.936888902598763 ], [ 74.017826940130732, 19.936885925813229 ], [ 74.017835160613913, 19.936882822355916 ], [ 74.017843318214986, 19.936879588848889 ], [ 74.017851415628954, 19.93687623120352 ], [ 74.017859446567613, 19.936872745197352 ], [ 74.01786741013261, 19.93686913674178 ], [ 74.017875303628998, 19.936865404992297 ], [ 74.017883122565266, 19.936861550793353 ], [ 74.017890869636247, 19.93685757583393 ], [ 74.017898537655498, 19.936853480958483 ], [ 74.017904046124826, 19.936850422257887 ], [ 74.018342262286751, 19.936657591417319 ], [ 74.018460287440334, 19.936524943916332 ], [ 74.01857991159514, 19.936270361672452 ], [ 74.018607188938745, 19.936160949771565 ], [ 74.018693748802917, 19.936134928744039 ], [ 74.01880176043602, 19.936102460934041 ], [ 74.019021206283512, 19.936117464006955 ], [ 74.019158130194072, 19.936088283763496 ], [ 74.019163757241017, 19.936091292654396 ], [ 74.019173317112262, 19.936096614582539 ], [ 74.019182771880651, 19.936102087672843 ], [ 74.019192117054558, 19.936107706858358 ], [ 74.019201349040713, 19.936113471294657 ], [ 74.019210466042523, 19.936119381826199 ], [ 74.019219465365055, 19.936125434230526 ], [ 74.019228343414994, 19.936131626818653 ], [ 74.019232292408972, 19.93613901688229 ], [ 74.019235117610535, 19.936144022972474 ], [ 74.019238039830171, 19.936148982615979 ], [ 74.019241059067852, 19.936153894123901 ], [ 74.019244174425253, 19.936158756651675 ], [ 74.019247384105782, 19.936163570199351 ], [ 74.01925068721107, 19.936168331388977 ], [ 74.01925408374116, 19.936173039376119 ], [ 74.019257571899388, 19.936177691627311 ], [ 74.019261150787514, 19.936182290675987 ], [ 74.019264820405454, 19.936186830610801 ], [ 74.019268576261652, 19.936191312276254 ], [ 74.019272421051042, 19.936195732294372 ], [ 74.019276351180409, 19.936200093198668 ], [ 74.019280366649738, 19.936204388233243 ], [ 74.019284465662366, 19.936208621620533 ], [ 74.019288649116646, 19.936212789138125 ], [ 74.019292911622671, 19.936216889097068 ], [ 74.019297254977076, 19.936220922341871 ], [ 74.01930167558659, 19.936224884650077 ], [ 74.019306176146145, 19.936228779399659 ], [ 74.019310751265905, 19.936232599834756 ], [ 74.019315400047503, 19.936236347644353 ], [ 74.019320124287574, 19.936240022828429 ], [ 74.019324917697929, 19.936243622009101 ], [ 74.019329782075204, 19.936247145186321 ], [ 74.019334715622733, 19.936250593204615 ], [ 74.01933971744225, 19.936253960997046 ], [ 74.019344783042129, 19.936257249408193 ], [ 74.019349913320724, 19.936260457593516 ], [ 74.019355104684763, 19.936263586397491 ], [ 74.019360360727475, 19.936266631597778 ], [ 74.019365673364064, 19.9362695931943 ], [ 74.01937104439115, 19.936272471187095 ], [ 74.019376472910409, 19.936275264731719 ], [ 74.019381954430273, 19.936277972139184 ], [ 74.019387488950713, 19.936280593409528 ], [ 74.019393074675165, 19.936283126853731 ], [ 74.019398710705261, 19.936285571627337 ], [ 74.019404393447772, 19.936287929419365 ], [ 74.019410122902627, 19.936290195162837 ], [ 74.019415897273291, 19.936292372235791 ], [ 74.019421712068109, 19.936294458104697 ], [ 74.019427569083788, 19.936296452769586 ], [ 74.019433464726959, 19.936298355386015 ], [ 74.019439397201097, 19.936300163420494 ], [ 74.019445365607851, 19.936301879406468 ], [ 74.019451366353948, 19.936303500810567 ], [ 74.019457400337728, 19.936305029321709 ], [ 74.019463463965891, 19.936306462406399 ], [ 74.019469555441816, 19.936307799220259 ], [ 74.019475672070584, 19.936309040607711 ], [ 74.019481813852209, 19.936310187413259 ], [ 74.019487976295025, 19.936311237103446 ], [ 74.019494162094077, 19.936312191367257 ], [ 74.019500365859429, 19.936313045982271 ], [ 74.01950658579446, 19.936313804326424 ], [ 74.019512820102577, 19.936314466399718 ], [ 74.019519067885327, 19.93631502797971 ], [ 74.019525326447919, 19.93631549497783 ], [ 74.019531596688623, 19.936315860638192 ], [ 74.01953787142088, 19.936316133405647 ], [ 74.019544152441313, 19.936316303146356 ], [ 74.019550436156749, 19.93631637661624 ], [ 74.019556720770481, 19.936316351281778 ], [ 74.019563007180835, 19.936316227143045 ], [ 74.019569289997946, 19.936316005888969 ], [ 74.019575568323447, 19.936315688364029 ], [ 74.019581841259082, 19.936315268656863 ], [ 74.019588106109865, 19.93631475267885 ], [ 74.019594361079186, 19.936314139585448 ], [ 74.019600602573789, 19.936313427687772 ], [ 74.019606833288591, 19.936312620363729 ], [ 74.019613045138783, 19.936311714235334 ], [ 74.01961924081931, 19.93631071099162 ], [ 74.019625419431833, 19.936309612321509 ], [ 74.019631572891527, 19.936308417380534 ], [ 74.019637704791649, 19.936307127013176 ], [ 74.01964381243728, 19.936305740374937 ], [ 74.019649891336798, 19.93630425915477 ], [ 74.019655940591917, 19.936302683352682 ], [ 74.019661962897601, 19.936301012124193 ], [ 74.019667950168952, 19.936299249691714 ], [ 74.019673905100973, 19.936297391832817 ], [ 74.019679822303758, 19.936295442769929 ], [ 74.019685702675602, 19.936293401658535 ], [ 74.019691542623249, 19.936291269343119 ], [ 74.019697341248417, 19.936289045823713 ], [ 74.01970309585613, 19.936286732789267 ], [ 74.019708806446417, 19.936284331928665 ], [ 74.019714470324274, 19.93628184070856 ], [ 74.019720084794798, 19.936279263351313 ], [ 74.019725650756271, 19.936276595634475 ], [ 74.019731163717196, 19.936273845158428 ], [ 74.019912300011072, 19.936285692388171 ], [ 74.020292311630783, 19.936131432587761 ], [ 74.02061321410477, 19.936008575579585 ], [ 74.020740363446706, 19.935993714369424 ], [ 74.020771507139315, 19.93597587635524 ], [ 74.020872952986039, 19.935900585607499 ], [ 74.02096214221902, 19.935876198612796 ], [ 74.021004303748555, 19.935902266974018 ], [ 74.021146198037584, 19.935984317807439 ], [ 74.021326865410884, 19.93605592234869 ], [ 74.021822654599347, 19.935914321974568 ], [ 74.022347360556807, 19.93568206692121 ], [ 74.022354621639238, 19.935679058866985 ], [ 74.022359915411201, 19.935676983968261 ], [ 74.02236524601409, 19.935674990139994 ], [ 74.022370615244569, 19.935673081604683 ], [ 74.022376020407606, 19.935671255828872 ], [ 74.02238145880834, 19.935669515345943 ], [ 74.022386930446757, 19.935667859311479 ], [ 74.022392430831218, 19.935666289414446 ], [ 74.022397961758443, 19.935664805654852 ], [ 74.022403519635077, 19.935663407188176 ], [ 74.022409101766286, 19.935662094858923 ], [ 74.022414707253631, 19.935660871200589 ], [ 74.022420336995509, 19.935659735368617 ], [ 74.022425985602027, 19.935658687363066 ], [ 74.022431653073141, 19.935657727183909 ], [ 74.022437337612288, 19.93565685483118 ], [ 74.022438473082815, 19.935656700290476 ], [ 74.022867961213393, 19.935578136166175 ], [ 74.023106164782334, 19.935541920415741 ], [ 74.023448207309926, 19.93533338137474 ], [ 74.023806090729238, 19.934992742187784 ], [ 74.023816224623985, 19.934982800026784 ], [ 74.023822449948881, 19.934976967145701 ], [ 74.02382878756319, 19.934971232224985 ], [ 74.02383523656863, 19.934965594420284 ], [ 74.023841791575251, 19.934960059642947 ], [ 74.023848452583096, 19.934954625359552 ], [ 74.023855219592122, 19.934949295792556 ], [ 74.023862087212464, 19.934944070941942 ], [ 74.023869052749163, 19.934938955030223 ], [ 74.023876117100571, 19.934933947212862 ], [ 74.023883277571699, 19.934929050867815 ], [ 74.023890530569304, 19.934924264306179 ], [ 74.023897873398454, 19.934919592594841 ], [ 74.023905306059092, 19.934915035733809 ], [ 74.023912824059707, 19.934910593723153 ], [ 74.02392042740027, 19.934906269940765 ], [ 74.023928111589214, 19.934902064386719 ], [ 74.023935878423146, 19.934897979594435 ], [ 74.023943718918943, 19.934894016408439 ], [ 74.023951634873228, 19.934890174828762 ], [ 74.023959623591054, 19.934886457388842 ], [ 74.023967680580853, 19.93488286408866 ], [ 74.023975807639232, 19.934879398306251 ], [ 74.023983997579663, 19.934876059197116 ], [ 74.023992252198838, 19.934872846761227 ], [ 74.024000565208468, 19.934869764376597 ], [ 74.024008935710256, 19.934866811198706 ], [ 74.024017361009356, 19.934863988916572 ], [ 74.024025838410637, 19.934861298374631 ], [ 74.024034367015958, 19.934858740417457 ], [ 74.024042942333679, 19.934856315044993 ], [ 74.024051561668841, 19.934854025635229 ], [ 74.024060223224794, 19.934851869654715 ], [ 74.024068923408336, 19.934849848792393 ], [ 74.024077660422762, 19.934847964737308 ], [ 74.024086431573195, 19.934846216644914 ], [ 74.024095234164704, 19.934844605359739 ], [ 74.024104064603918, 19.934843133415256 ], [ 74.0241129210943, 19.934841796589048 ], [ 74.0241218018392, 19.934840600792459 ], [ 74.024130703245362, 19.934839541803122 ], [ 74.02413962082116, 19.934838622998932 ], [ 74.024148553668368, 19.934837844379977 ], [ 74.024228566610702, 19.934837125719739 ], [ 74.024601514777345, 19.934773855737273 ], [ 74.025980429636761, 19.934878535238617 ], [ 74.026040437097748, 19.934884631603889 ], [ 74.02619353158174, 19.934894935212274 ], [ 74.026950842807295, 19.934953211685805 ], [ 74.026974673315124, 19.934956473944851 ], [ 74.026989452398169, 19.934958187412015 ], [ 74.027004265617236, 19.934959670333775 ], [ 74.027019106684037, 19.934960921021204 ], [ 74.027033973801991, 19.934961938629773 ], [ 74.027048860682882, 19.934962723159558 ], [ 74.027063761936816, 19.934963276299481 ], [ 74.027078674868861, 19.934963596360607 ], [ 74.027093594089081, 19.934963681653947 ], [ 74.027108515105937, 19.934963533868487 ], [ 74.027123433427874, 19.93496315384866 ], [ 74.027138344563284, 19.934962539905577 ], [ 74.027153244020582, 19.934961695417112 ], [ 74.027168127308187, 19.934960615316371 ], [ 74.027168695043457, 19.934960564647042 ], [ 74.027182989036262, 19.934959303825767 ], [ 74.027197827408131, 19.934957760945331 ], [ 74.027212633440655, 19.934955986675028 ], [ 74.027227406235482, 19.934953981014836 ], [ 74.027242140402791, 19.934951745653755 ], [ 74.02725682965432, 19.934949280591766 ], [ 74.027271472193434, 19.934946585828857 ], [ 74.027286061731985, 19.934943663898455 ], [ 74.02730059467666, 19.934940513956121 ], [ 74.027315067434174, 19.934937139379766 ], [ 74.027329473716392, 19.934933537635864 ], [ 74.027343809930002, 19.934929713791412 ], [ 74.027358071583464, 19.934925666157323 ], [ 74.027372255083463, 19.934921397267132 ], [ 74.027386355938475, 19.934916908809779 ], [ 74.027400368758592, 19.934912199940705 ], [ 74.027414289950556, 19.93490727488237 ], [ 74.027428116819408, 19.934902131945837 ], [ 74.027441841280321, 19.934896775353401 ], [ 74.027455462435, 19.934891205105124 ], [ 74.027468974893495, 19.934885424578958 ], [ 74.02748237506259, 19.934879436308272 ], [ 74.027495659349, 19.934873237759614 ], [ 74.027508823261172, 19.934866834844396 ], [ 74.027521861409213, 19.934860228407064 ], [ 74.027534771996457, 19.934853420136577 ], [ 74.027767998898739, 19.934723289389058 ], [ 74.027889716128172, 19.934651535613501 ], [ 74.028010034680676, 19.934577905347421 ], [ 74.028128920420343, 19.934502416322555 ], [ 74.028246335617851, 19.934425093026462 ], [ 74.028362245238966, 19.934345959946729 ], [ 74.02847661155441, 19.934265042415326 ], [ 74.028589404919799, 19.934182359852965 ], [ 74.028700585809261, 19.934097944347492 ], [ 74.028810123680074, 19.934011813630597 ], [ 74.028917982599594, 19.933924000634658 ], [ 74.029024132025157, 19.933834530691733 ], [ 74.029327649403456, 19.933814147127038 ], [ 74.029438432339234, 19.933806707973979 ], [ 74.032138680048391, 19.933625371226157 ], [ 74.032219182572589, 19.933395776350658 ], [ 74.033063199189343, 19.930988578912345 ], [ 74.033189354096265, 19.930477143856724 ], [ 74.033191793022283, 19.930467258838394 ], [ 74.033275826823839, 19.930420468617381 ], [ 74.033660379427303, 19.930206349869419 ], [ 74.034176732849247, 19.929942579251836 ], [ 74.034516995814258, 19.929768762708846 ], [ 74.034513614555507, 19.929632389326901 ], [ 74.034778506173254, 19.929518778954996 ], [ 74.035137932898209, 19.929364622334869 ], [ 74.035272732293095, 19.929215336751021 ], [ 74.035517377680961, 19.928731753353446 ], [ 74.035901360752504, 19.928624231340198 ], [ 74.035887347932416, 19.92856279908472 ], [ 74.036478730443491, 19.928563576890078 ], [ 74.036714599291017, 19.928563886829885 ], [ 74.036867151192567, 19.92856408698178 ], [ 74.037171309069677, 19.92858471697982 ], [ 74.037332952820208, 19.928612337087184 ], [ 74.037971133066051, 19.928721386003996 ], [ 74.039885177035188, 19.929048434338554 ], [ 74.040281142734315, 19.929107766929175 ], [ 74.040972438566271, 19.929211348086927 ], [ 74.041086312604932, 19.929157728709608 ], [ 74.041292129212948, 19.929060818380325 ], [ 74.041368740235313, 19.92907406467598 ], [ 74.042619729608404, 19.929290351148829 ], [ 74.043964757320381, 19.929522890066394 ], [ 74.044110440703264, 19.929552666062669 ], [ 74.044339840782428, 19.929592126976413 ], [ 74.04461615088573, 19.929629463075649 ], [ 74.044707453854599, 19.929647116012699 ], [ 74.046834491072531, 19.930058361410765 ], [ 74.047772846065499, 19.930237808852738 ], [ 74.048720850761242, 19.930844162621121 ], [ 74.048776060320279, 19.930907116641439 ], [ 74.048881890843901, 19.93094622167828 ], [ 74.049077394792448, 19.9310184601961 ], [ 74.049902912402572, 19.931242861421957 ], [ 74.050162796810895, 19.931313506217659 ], [ 74.05038008041349, 19.931372570248836 ], [ 74.050501794049666, 19.931405656365882 ], [ 74.050591612103347, 19.931430645339873 ], [ 74.052157521170642, 19.931866301582282 ], [ 74.052262974401842, 19.931910818812863 ], [ 74.053133437420584, 19.932126439312047 ], [ 74.053535613173295, 19.932226061994115 ], [ 74.054419739567493, 19.932463728628942 ], [ 74.054773213157077, 19.932554429786588 ], [ 74.056316514323612, 19.93295044129788 ], [ 74.057011651351715, 19.933128825610023 ], [ 74.057005322720542, 19.933139869113347 ], [ 74.056971405030367, 19.933199059980989 ], [ 74.056791970145611, 19.933539225895164 ], [ 74.056007210896539, 19.934881039992682 ], [ 74.055973946281583, 19.93500972822445 ], [ 74.055889999616596, 19.935187575650954 ], [ 74.055739109598335, 19.935507250910007 ], [ 74.05641615994648, 19.935682527165302 ], [ 74.057751544243899, 19.935958559385071 ], [ 74.058446884291243, 19.936108362176643 ], [ 74.059689976574688, 19.936404915380265 ], [ 74.059829641245145, 19.936411040398983 ], [ 74.060228620792074, 19.936374367130835 ], [ 74.060561990085588, 19.936335906087653 ], [ 74.060596170083855, 19.936303767666647 ], [ 74.060704057749462, 19.936291743097186 ], [ 74.060858300280387, 19.936274552833869 ], [ 74.061371162849142, 19.936217392408182 ], [ 74.061399369949058, 19.936236829843359 ], [ 74.061754353606617, 19.936195054175428 ], [ 74.061827519589869, 19.936218936965307 ], [ 74.062381505235692, 19.936530266674328 ], [ 74.062696095248185, 19.936567210984329 ], [ 74.062704716379997, 19.936560025304885 ], [ 74.062714428964853, 19.936560830094262 ], [ 74.063266755422319, 19.936606562897229 ], [ 74.063421817216792, 19.936619400676602 ], [ 74.063552299308441, 19.936630204948194 ], [ 74.064387733420958, 19.936562792665573 ], [ 74.064486248064924, 19.936549228628802 ], [ 74.064685633633815, 19.936500399944723 ], [ 74.064687895591717, 19.936499845965677 ], [ 74.065133892960574, 19.936428596307504 ], [ 74.065245599364474, 19.936410750742091 ], [ 74.065680329164749, 19.93633624134668 ], [ 74.065879482070002, 19.936322418034745 ], [ 74.066228906952574, 19.936298165377707 ], [ 74.066279952820281, 19.936294622778547 ], [ 74.066661010977271, 19.936280778350969 ], [ 74.066680608623514, 19.936280065608639 ], [ 74.067210106194693, 19.936207849764163 ], [ 74.067283007174936, 19.936193351699981 ], [ 74.067524921684324, 19.936145242404677 ], [ 74.067855408284089, 19.936077152640099 ], [ 74.067947847621781, 19.936058108714171 ], [ 74.068019485570744, 19.936039046207298 ], [ 74.068558363350135, 19.935895652979639 ], [ 74.068858791422173, 19.93581570824303 ], [ 74.069508845599429, 19.935613716855592 ], [ 74.069627781644741, 19.935576759655326 ], [ 74.069797247026443, 19.935475348776411 ], [ 74.070373239600087, 19.93531443785302 ], [ 74.070737805586802, 19.9352393976027 ], [ 74.071346122239305, 19.935114180402287 ], [ 74.071435401303845, 19.935103227397175 ], [ 74.071611285148265, 19.93508164820139 ], [ 74.072066084210306, 19.935025850347909 ], [ 74.07375565625793, 19.934733554161422 ], [ 74.074627268221903, 19.934575448724502 ], [ 74.07532236302923, 19.934449356949447 ], [ 74.075712223777657, 19.934378633329203 ], [ 74.075874505332038, 19.934349192661106 ], [ 74.075863807295349, 19.934566666022793 ], [ 74.075855127773053, 19.934743110406352 ], [ 74.076355860390535, 19.935390955074041 ], [ 74.076440309213751, 19.935616256221895 ], [ 74.07693240991965, 19.936929120021411 ], [ 74.077253891807004, 19.937764261741279 ], [ 74.07724351087559, 19.93781430438716 ], [ 74.077390090777129, 19.938688036177165 ], [ 74.077754378286087, 19.940090014088952 ], [ 74.077784166420912, 19.940204652167242 ], [ 74.078243660078641, 19.940217998019261 ], [ 74.078806977423639, 19.941696147179439 ], [ 74.079072182553404, 19.942409178421727 ], [ 74.079495904398172, 19.943548401396271 ], [ 74.079518926422281, 19.943619393665383 ], [ 74.079532196335649, 19.943651291620682 ], [ 74.079682676722186, 19.944012984292186 ], [ 74.079756796716239, 19.94423485738546 ], [ 74.07987459998597, 19.944645312412888 ], [ 74.080336558620829, 19.946254895102538 ], [ 74.080512750587403, 19.946895637380631 ], [ 74.080933725384085, 19.948426565931513 ], [ 74.081484241736248, 19.950045423887961 ], [ 74.081798790426248, 19.951054869651443 ], [ 74.081833969351081, 19.951161457685796 ], [ 74.081890795877641, 19.951333635346579 ], [ 74.081979462291173, 19.951565132751831 ], [ 74.082059875882123, 19.951775084990089 ], [ 74.082078903996475, 19.951832622296486 ], [ 74.082342725720665, 19.952630341027582 ], [ 74.082492957273857, 19.953000305056502 ], [ 74.08273722357265, 19.953685096186355 ], [ 74.082931519287143, 19.954229816910495 ], [ 74.083005249412395, 19.954384492198788 ], [ 74.083112975381255, 19.954610492415224 ], [ 74.083208598348321, 19.954898827964659 ], [ 74.083228971240629, 19.954960262641624 ], [ 74.083238562552935, 19.955004926194935 ], [ 74.083283270806305, 19.955213145411001 ], [ 74.083339842211316, 19.955375702860625 ], [ 74.083435858640442, 19.955651615370499 ], [ 74.083476332235577, 19.95576791992632 ], [ 74.083606104658173, 19.955697944685031 ], [ 74.084097817291862, 19.956882518356181 ], [ 74.084371515992615, 19.957558712175896 ], [ 74.084420304394015, 19.957680664985386 ], [ 74.08496163906571, 19.959033844183086 ], [ 74.085167394588282, 19.959548179992272 ], [ 74.085214016253204, 19.959652718103055 ], [ 74.085475347847463, 19.960238799984452 ], [ 74.086107174309262, 19.961655891952269 ], [ 74.086162889619843, 19.961780860972386 ], [ 74.08633862524222, 19.962146153749149 ], [ 74.086379441993799, 19.962252679409254 ], [ 74.086457019603401, 19.962455159359774 ], [ 74.086568885009129, 19.96268876396412 ], [ 74.086766941969685, 19.963102393836518 ], [ 74.086911471915784, 19.96340425364453 ], [ 74.087075886070622, 19.963747665957126 ], [ 74.087083596310706, 19.96377797418447 ], [ 74.08718871357199, 19.96419120774177 ], [ 74.087205194962507, 19.964243938805566 ], [ 74.087262606292342, 19.964427630684355 ], [ 74.08730652402825, 19.964568156824051 ], [ 74.08736909078948, 19.964768361712888 ], [ 74.087411984445978, 19.964905623375913 ], [ 74.087429947158412, 19.964963106078709 ], [ 74.08761342356361, 19.965550307223825 ], [ 74.087659446950539, 19.965697614818342 ], [ 74.087759369254556, 19.966017458791953 ], [ 74.087769686405593, 19.966052732041646 ], [ 74.087917668577305, 19.966558719975559 ], [ 74.087925557582111, 19.966585699356123 ], [ 74.087964322581556, 19.966707174901476 ], [ 74.088046380089523, 19.966964334727191 ], [ 74.088120377014391, 19.96719625077543 ], [ 74.088188111783481, 19.967408548827748 ], [ 74.08825278329742, 19.96761125941147 ], [ 74.088310326679547, 19.967791632596114 ], [ 74.088397754316276, 19.968065702210772 ], [ 74.088516669700311, 19.968438502383652 ], [ 74.088624850216732, 19.968777677975126 ], [ 74.088700212580861, 19.969013978372061 ], [ 74.088822230745905, 19.969396593028648 ], [ 74.088849217933685, 19.969481224373386 ], [ 74.088852980078087, 19.969571883154014 ], [ 74.088960776115528, 19.96952438264368 ], [ 74.089099832626573, 19.969465106613466 ], [ 74.089671992987263, 19.969221203080412 ], [ 74.090267288559716, 19.96898425034518 ], [ 74.091339421563106, 19.96855749676708 ], [ 74.091437662220883, 19.968518394292342 ], [ 74.091516634015818, 19.968488677992358 ], [ 74.09178631814558, 19.968387198761324 ], [ 74.092339114421961, 19.968179186059348 ], [ 74.09281971309899, 19.968001730414944 ], [ 74.092916319721269, 19.967966059930223 ], [ 74.094108896142984, 19.967558931367037 ], [ 74.094156559853658, 19.967544436182415 ], [ 74.094204563127477, 19.967529837990142 ], [ 74.094442363352897, 19.967457517394266 ], [ 74.095616049102503, 19.967100577077574 ], [ 74.095671722192264, 19.967083944885491 ], [ 74.09596311770413, 19.966996890752768 ], [ 74.096032208929245, 19.966977180169334 ], [ 74.096399574964678, 19.966872375042424 ], [ 74.096681106076389, 19.966792057607805 ], [ 74.096699971595697, 19.966786675923636 ], [ 74.096957962355404, 19.966713074999959 ], [ 74.0973325957615, 19.966606196893963 ], [ 74.097775450823519, 19.966448123379628 ], [ 74.098167262712778, 19.966314400762954 ], [ 74.098461310051377, 19.96621404392442 ], [ 74.099098353928355, 19.966011851647284 ], [ 74.099209583326825, 19.96597770133738 ], [ 74.099363565346323, 19.965930424334271 ], [ 74.099569741280433, 19.9658671220648 ], [ 74.099761761562306, 19.965808166347095 ], [ 74.099776567594802, 19.96580352678971 ], [ 74.100019087568725, 19.965727532593363 ], [ 74.101929057678021, 19.965129051054358 ], [ 74.102364630996362, 19.965009203001657 ], [ 74.103419599889605, 19.964718927085961 ], [ 74.104656753410708, 19.964375785385332 ], [ 74.105158454412035, 19.964228824420989 ], [ 74.105276508311746, 19.964195950355116 ], [ 74.105418289413038, 19.96415646938242 ], [ 74.10580103370782, 19.964054980609081 ], [ 74.106882243288823, 19.963768288825271 ], [ 74.108449197995128, 19.963357364264823 ], [ 74.108660912042964, 19.963297870610678 ], [ 74.109135616873374, 19.96316447630344 ], [ 74.110736889020174, 19.962790849720264 ], [ 74.111096761309497, 19.962682918597235 ], [ 74.111204866367416, 19.962650495931239 ], [ 74.111489002593473, 19.962565278325741 ], [ 74.112222770772078, 19.962345206652369 ], [ 74.112642848151737, 19.962227820276141 ], [ 74.11302970942549, 19.962119714833136 ], [ 74.113092775649989, 19.962102091701123 ], [ 74.113379592448865, 19.962021943239044 ], [ 74.113774701155236, 19.961918813375799 ], [ 74.114288196137949, 19.961784780421851 ], [ 74.11436328721085, 19.96176518064059 ], [ 74.114639856927255, 19.961683614351198 ], [ 74.114930812264618, 19.961597802648132 ], [ 74.114941183314585, 19.961594151696051 ], [ 74.115256182958845, 19.96148324005507 ], [ 74.115266278226017, 19.961479685355908 ], [ 74.115623213922703, 19.961390685287277 ], [ 74.115717226210435, 19.961367243677298 ], [ 74.116119304046791, 19.961232137932811 ], [ 74.116324625683063, 19.96116314624765 ], [ 74.116686120329803, 19.961068244846722 ], [ 74.117000039300763, 19.960985833003384 ], [ 74.11759798220838, 19.960814341354354 ], [ 74.117615520916019, 19.960809310715966 ], [ 74.118565357276594, 19.960561734377318 ], [ 74.119029045168418, 19.960440872164774 ], [ 74.119245699051987, 19.960391821206329 ], [ 74.119834518669578, 19.960258511409965 ], [ 74.120363667694448, 19.960138811640288 ], [ 74.120705199080618, 19.960061554938289 ], [ 74.120860918441878, 19.960025911365904 ], [ 74.121295649140464, 19.959926398258609 ], [ 74.121533683826144, 19.959871910337075 ], [ 74.121773867281973, 19.959832728872652 ], [ 74.122069814557378, 19.959752830031263 ], [ 74.122708022650968, 19.959580528148098 ], [ 74.123205998338818, 19.959446085382808 ], [ 74.123468586676182, 19.959375190578299 ], [ 74.124340508558902, 19.959148840022365 ], [ 74.125171791556568, 19.958933037734546 ], [ 74.126058018211893, 19.958725581663739 ], [ 74.126533373422575, 19.958614305774752 ], [ 74.126957588442465, 19.958514998645917 ], [ 74.127093944617741, 19.958483078363461 ], [ 74.127413337023754, 19.958407612589045 ], [ 74.127661597232304, 19.958348953832328 ], [ 74.128073926642656, 19.958251526090489 ], [ 74.12874495468516, 19.958057005639251 ], [ 74.128916485293743, 19.958007281824944 ], [ 74.129888854994917, 19.957725402072914 ], [ 74.129888622331251, 19.957720572295294 ], [ 74.129880894124867, 19.95756038064625 ], [ 74.129901645207937, 19.95719669590768 ], [ 74.129943366562969, 19.956465409400511 ], [ 74.129995062810977, 19.955559085046126 ], [ 74.130000718603995, 19.95539462286601 ], [ 74.130557480942343, 19.955398141393985 ], [ 74.130902147448893, 19.955413046374225 ], [ 74.131173052389101, 19.95541945436695 ], [ 74.131191577446913, 19.955419803095484 ], [ 74.13148787416695, 19.955419951706187 ], [ 74.132035109871737, 19.95542022528501 ], [ 74.132959496062014, 19.955433656821867 ], [ 74.133113395436496, 19.955435892737366 ], [ 74.133461017400322, 19.955445988976219 ], [ 74.134316687861272, 19.955470839889802 ], [ 74.135717417409069, 19.955517800008163 ], [ 74.1360748804168, 19.955529784272045 ], [ 74.136326674597711, 19.955517855737146 ], [ 74.136504919214673, 19.955486271755465 ], [ 74.136545261655797, 19.955479124089713 ], [ 74.13674499936424, 19.955473904140341 ], [ 74.136898478327169, 19.955469893341199 ], [ 74.13726851415565, 19.955443319894503 ], [ 74.137402440388087, 19.955428967141003 ], [ 74.139848701128784, 19.955509873826809 ], [ 74.140022007706648, 19.955503354379776 ], [ 74.140204819358559, 19.955496476071595 ], [ 74.140233999333901, 19.955468332929215 ], [ 74.141880201617923, 19.95529214981995 ], [ 74.141923555211875, 19.955273134387379 ], [ 74.143222496654815, 19.955198535100607 ], [ 74.14340308497637, 19.955195896412366 ], [ 74.144275650951187, 19.955183135293233 ], [ 74.144387041148107, 19.955181505639217 ], [ 74.144388418265464, 19.955181487062852 ], [ 74.144389498040411, 19.955123842896693 ], [ 74.145857306587118, 19.955096238402778 ], [ 74.146560336213312, 19.955051536878198 ], [ 74.146653307353645, 19.955049326288695 ], [ 74.147267502581386, 19.955034720185015 ], [ 74.147271824376219, 19.955016117623803 ], [ 74.149723010579592, 19.954787819579352 ], [ 74.150991084112746, 19.954669698033182 ], [ 74.151501632621319, 19.954622137305911 ], [ 74.151625581265932, 19.954604956637709 ], [ 74.151755442621706, 19.954586956915669 ], [ 74.152577656228203, 19.95447387281482 ], [ 74.153076343381755, 19.954405282634649 ], [ 74.153705717442861, 19.954318716314759 ], [ 74.153742945424867, 19.954313595120041 ], [ 74.153877852617612, 19.954295901876527 ], [ 74.153936302399885, 19.954288234860005 ], [ 74.154781609895736, 19.954201596703165 ], [ 74.155769479128836, 19.954097499972292 ], [ 74.157042184375598, 19.953981505764038 ], [ 74.157274767185811, 19.953959630235239 ], [ 74.157569841298752, 19.953936099704933 ], [ 74.157928759577288, 19.953904137121231 ], [ 74.158183625098118, 19.95389398167659 ], [ 74.158246233181828, 19.953932700202913 ], [ 74.158729618432872, 19.953905883313876 ], [ 74.159149019381161, 19.953867288061517 ], [ 74.159243304756728, 19.95386259326779 ], [ 74.160109867290473, 19.953819441689376 ], [ 74.160126050440326, 19.95385749738988 ], [ 74.160131327144299, 19.953869907351081 ], [ 74.160773774387721, 19.953819911168928 ], [ 74.161129082337126, 19.953792260005596 ], [ 74.16153790202965, 19.953774863928167 ], [ 74.162368536443651, 19.953739516160201 ], [ 74.162475320079793, 19.953715300798276 ], [ 74.162496505049148, 19.95371049538516 ], [ 74.163563780861764, 19.953656269610651 ], [ 74.16402990408632, 19.953632587045185 ], [ 74.164096001226582, 19.953629228067243 ], [ 74.164111496266912, 19.953628440252668 ], [ 74.16420228270448, 19.953623937128071 ], [ 74.164281702758757, 19.953619996366136 ], [ 74.164902994677234, 19.953636313332044 ], [ 74.164993852081693, 19.953638700418587 ], [ 74.165040666884423, 19.95365540833442 ], [ 74.165083140129369, 19.953658112066321 ], [ 74.166051451242126, 19.953673570285282 ], [ 74.166273576764112, 19.953664178997371 ], [ 74.166392861355718, 19.953631014793586 ], [ 74.166623626874127, 19.953616190706338 ], [ 74.166886608673551, 19.953599296176456 ], [ 74.167130491391731, 19.953583629386149 ], [ 74.167274777894335, 19.953574359684872 ], [ 74.167316392349889, 19.9535716871939 ], [ 74.167587390714914, 19.953553557318109 ], [ 74.167796738600288, 19.953539550592236 ], [ 74.167944824976558, 19.95352964421895 ], [ 74.167964998442883, 19.953526168713168 ], [ 74.168265163308561, 19.953474458311515 ], [ 74.168650796585311, 19.953472481595806 ], [ 74.168915774441302, 19.953460443979147 ], [ 74.169673202447811, 19.953426034257728 ], [ 74.169990007705806, 19.953406078794416 ], [ 74.170911449218607, 19.953348037116349 ], [ 74.170920111672885, 19.953348017695394 ], [ 74.17094716892926, 19.953347960276854 ], [ 74.171608831136595, 19.953346554367275 ], [ 74.171974297235209, 19.953332558600124 ], [ 74.171967099034859, 19.953299716883787 ], [ 74.172284232177915, 19.953286763090311 ], [ 74.172582456682591, 19.953264874799363 ], [ 74.172605673641101, 19.953262307852011 ], [ 74.17261813866395, 19.953260928962184 ], [ 74.17261605367419, 19.953226831621858 ], [ 74.172897205696856, 19.953227128003 ], [ 74.172966746977963, 19.953227200620599 ], [ 74.173424577854107, 19.95322767770141 ], [ 74.174080504318368, 19.953228350680845 ], [ 74.174082265914606, 19.953228202912459 ], [ 74.1743068474306, 19.953209445614778 ], [ 74.174792830609405, 19.953203550921987 ], [ 74.175178446818165, 19.953198868774368 ], [ 74.175459891691631, 19.953195449835484 ], [ 74.175487660413708, 19.953195112079076 ], [ 74.175912074859582, 19.9531762390959 ], [ 74.176012468779106, 19.953180285417748 ], [ 74.176455974221383, 19.953198152730852 ], [ 74.176473077246115, 19.953198841753849 ], [ 74.176545536255205, 19.953393879894229 ], [ 74.177190726055201, 19.955130534613019 ], [ 74.177555654062985, 19.956112840028588 ], [ 74.177595906672522, 19.956200790139007 ], [ 74.177621615557655, 19.956256962166918 ], [ 74.177655896167209, 19.956348790407223 ], [ 74.177983751601488, 19.957226996105554 ], [ 74.180496668234568, 19.956878798056565 ], [ 74.182446398676689, 19.956606010182728 ], [ 74.182573451000579, 19.956588231070224 ], [ 74.182578942401932, 19.95658746184661 ], [ 74.182584459854411, 19.956586690934252 ], [ 74.182589997968108, 19.956585915800016 ], [ 74.182595551353202, 19.956585138132645 ], [ 74.18259959556859, 19.956584572402868 ], [ 74.18281884827833, 19.956571336858524 ], [ 74.182934205435544, 19.956564371626452 ], [ 74.183063349037397, 19.956546085885417 ], [ 74.183296096239332, 19.956513126625619 ], [ 74.183517385429795, 19.956481789400197 ], [ 74.183868722825622, 19.956432031314531 ], [ 74.184081720565999, 19.956401864375025 ], [ 74.184260502375508, 19.95637654075869 ], [ 74.184681458307566, 19.956316912749617 ], [ 74.185098774266081, 19.956257796409009 ], [ 74.185249482824645, 19.956236444708047 ], [ 74.185361825235759, 19.956227507001888 ], [ 74.185426386256921, 19.956222370670357 ], [ 74.185470929220259, 19.95622403662172 ], [ 74.18563963462725, 19.95623034916715 ], [ 74.185668572955819, 19.956226284347284 ], [ 74.185773141346488, 19.956211593915047 ], [ 74.185873236127009, 19.956197533385129 ], [ 74.186049109191643, 19.956172825285396 ], [ 74.186491797167037, 19.956110631142678 ], [ 74.186591276601575, 19.956096654196923 ], [ 74.186653958347179, 19.956087847361008 ], [ 74.186661827589049, 19.956086398412705 ], [ 74.186724846202878, 19.956074804292612 ], [ 74.186832426644656, 19.956055009595598 ], [ 74.186935134624363, 19.956036111623146 ], [ 74.187193035552525, 19.955988656010312 ], [ 74.187267767299332, 19.955974905346554 ], [ 74.187481565438659, 19.955961605578448 ], [ 74.187750748308474, 19.955944859065504 ], [ 74.187871365999968, 19.955926824876851 ], [ 74.188064563973199, 19.955897937915523 ], [ 74.18823169373519, 19.955872947747071 ], [ 74.188455934789673, 19.955839416703576 ], [ 74.188772666385773, 19.955792053068709 ], [ 74.188833739248722, 19.955777516272697 ], [ 74.188931723886654, 19.95575419541904 ], [ 74.189512155036127, 19.955687400942136 ], [ 74.189857934555278, 19.9556368632452 ], [ 74.19014462558998, 19.955594957609684 ], [ 74.190153097601439, 19.955593719751366 ], [ 74.190625919563033, 19.955548307401155 ], [ 74.190772121273838, 19.9555342636997 ], [ 74.191069593888585, 19.955499131642373 ], [ 74.191421499918007, 19.955457566254953 ], [ 74.19146863811423, 19.955416809771751 ], [ 74.191560799872477, 19.955408244390348 ], [ 74.192114818755954, 19.955356742322735 ], [ 74.192699234832048, 19.955302405655782 ], [ 74.193075319017325, 19.955267430601506 ], [ 74.193295920098265, 19.955242711379196 ], [ 74.194441954805143, 19.955114261709404 ], [ 74.194731904927693, 19.955081755583059 ], [ 74.195011977175412, 19.955074124068727 ], [ 74.195442307027434, 19.955062392240169 ], [ 74.19562794477919, 19.955043310073776 ], [ 74.196185273954498, 19.954986013742239 ], [ 74.196471698189598, 19.954956026379588 ], [ 74.197114285570194, 19.954888744356492 ], [ 74.197252952212423, 19.954874222676153 ], [ 74.197723181636107, 19.954822883400041 ], [ 74.197936589906561, 19.95479958013733 ], [ 74.1986294191627, 19.954719572355 ], [ 74.198907132434471, 19.954703902298377 ], [ 74.198910606219684, 19.954703706401578 ], [ 74.199294618037328, 19.95467094434257 ], [ 74.199590334445716, 19.954638505675572 ], [ 74.199718426120413, 19.954600033882375 ], [ 74.199832381905765, 19.954589300079871 ], [ 74.200164063264893, 19.954558055354546 ], [ 74.200530036911616, 19.954523575788613 ], [ 74.200648860667513, 19.954512379258492 ], [ 74.200651403798048, 19.954512138609093 ], [ 74.200743410147766, 19.954503470163736 ], [ 74.201482527793871, 19.954411077645165 ], [ 74.201830804629523, 19.954367536955417 ], [ 74.202852977828371, 19.954253284912514 ], [ 74.202851200062454, 19.954241927085615 ], [ 74.202850260424654, 19.954235927727634 ], [ 74.202822702806699, 19.954114342941324 ], [ 74.202802897649647, 19.953768084337998 ], [ 74.202805913294014, 19.953600281578176 ], [ 74.202811039081027, 19.953315125318856 ], [ 74.20286355459254, 19.952890131284349 ], [ 74.202992150222101, 19.951750573787248 ], [ 74.203006110939924, 19.951577985358671 ], [ 74.203021991357517, 19.951381651352438 ], [ 74.20298908517033, 19.951346404376594 ], [ 74.202935503358589, 19.951289008752337 ], [ 74.202700754710222, 19.951037557712539 ], [ 74.2026079650296, 19.95093816475287 ], [ 74.203073834929214, 19.950886302355126 ], [ 74.203741063996389, 19.950812129107423 ], [ 74.203744947413341, 19.950811697617116 ], [ 74.203745982272565, 19.95082127399921 ], [ 74.203796011247348, 19.950792909633694 ], [ 74.204012580689309, 19.950670127362649 ], [ 74.204292093286583, 19.950511657898765 ], [ 74.204296709728837, 19.950509041086725 ], [ 74.204361805247572, 19.950472134659165 ], [ 74.204426921427583, 19.950435217245733 ], [ 74.204492035810944, 19.950398299823611 ], [ 74.204550145131734, 19.950365352790371 ], [ 74.204585739078254, 19.950345174016793 ], [ 74.205030839928497, 19.950092814579683 ], [ 74.205383215776791, 19.94989302425051 ], [ 74.205392968785816, 19.949887495062843 ], [ 74.205557199684378, 19.949794377027814 ], [ 74.205624959606268, 19.949755957251629 ], [ 74.205800188578849, 19.949656602327789 ], [ 74.205982154916057, 19.949465968238556 ], [ 74.206154400583586, 19.949596968402105 ], [ 74.206608051598693, 19.950059647092274 ], [ 74.206914632232099, 19.950368146085648 ], [ 74.207000678259931, 19.950439511893084 ], [ 74.207074615896019, 19.950487274849348 ], [ 74.207222169571324, 19.950606263351883 ], [ 74.207701834898728, 19.950708361991826 ], [ 74.2090417494001, 19.95058805376139 ], [ 74.209355551590107, 19.950559868367865 ], [ 74.20973139862015, 19.950526107361696 ], [ 74.211608516441217, 19.951295680365668 ], [ 74.214177611915517, 19.951580717835729 ], [ 74.216418048861684, 19.952144007349666 ], [ 74.217745154285424, 19.952432492641407 ], [ 74.21861802119588, 19.952355597789452 ], [ 74.219447345866143, 19.952104974268913 ], [ 74.219722913062711, 19.952086384028352 ], [ 74.220042902848377, 19.952176559678527 ], [ 74.220269090552108, 19.952417274109102 ], [ 74.220286636446204, 19.952818080093504 ], [ 74.220329599272986, 19.953035104979755 ], [ 74.220346832553417, 19.953547731878089 ], [ 74.22035120555222, 19.953566558375446 ], [ 74.220355566872925, 19.953585335896033 ], [ 74.220675663558083, 19.954598110376942 ], [ 74.221038629645264, 19.954905323793952 ], [ 74.221264538871239, 19.955167705086684 ], [ 74.222246675954523, 19.955498064347786 ], [ 74.222609068916569, 19.955848591701628 ], [ 74.223378581060288, 19.956636778276412 ], [ 74.224402486211019, 19.95727621776614 ], [ 74.224659142074231, 19.957382057709879 ], [ 74.224831426369306, 19.957120704319937 ], [ 74.225262148785092, 19.956993307420301 ], [ 74.227238069609342, 19.956408856634226 ], [ 74.227698919723096, 19.957135055230815 ], [ 74.226427387676125, 19.958713832375071 ], [ 74.226422350822332, 19.958721181696667 ], [ 74.22634918933062, 19.958827948623611 ], [ 74.226392047952842, 19.959154266718109 ], [ 74.226420954840364, 19.959374352975296 ], [ 74.229653875665235, 19.964442581249727 ], [ 74.231068312605956, 19.966825441100582 ], [ 74.230803816246976, 19.96781544474889 ], [ 74.230817114008104, 19.967827694881336 ], [ 74.230825936362507, 19.967981119920694 ], [ 74.230843905363145, 19.968293540310007 ], [ 74.230852163575548, 19.968437133758176 ], [ 74.23344779528334, 19.968523220362094 ], [ 74.235743569349339, 19.968271446400809 ], [ 74.236932222828202, 19.967285907822909 ], [ 74.237177917448307, 19.966914280215189 ], [ 74.237951913981959, 19.96574356039266 ], [ 74.239267678175253, 19.964037959702665 ], [ 74.241396659347473, 19.963062526727523 ], [ 74.245631047203901, 19.96288693638131 ], [ 74.247838489029661, 19.962978131730395 ], [ 74.247820987153005, 19.962433940214844 ], [ 74.24781360659459, 19.962204437050179 ], [ 74.247798621797344, 19.962051048608433 ], [ 74.247651914335052, 19.960549257394305 ], [ 74.24762741098904, 19.960298380071944 ], [ 74.247582049660451, 19.959833959098475 ], [ 74.247580332081625, 19.959647471272362 ], [ 74.247578701639398, 19.959470292266069 ], [ 74.247570234119522, 19.959155459797458 ], [ 74.247564714870421, 19.958950246639724 ], [ 74.247564860397475, 19.958944486414666 ], [ 74.247569077987748, 19.958778664120025 ], [ 74.247571793594858, 19.958671856630371 ], [ 74.247589358353594, 19.958404608345276 ], [ 74.247564496579798, 19.958153779963126 ], [ 74.247552805904689, 19.957897049065458 ], [ 74.247543431086399, 19.957696834611571 ], [ 74.247532120398631, 19.957455239114626 ], [ 74.247524001425106, 19.957281837042487 ], [ 74.247524715585769, 19.957271015607976 ], [ 74.247528581934745, 19.957212445931827 ], [ 74.247537227321047, 19.95708145968884 ], [ 74.247549863922131, 19.956890038326062 ], [ 74.247545798147144, 19.956772052608681 ], [ 74.247540234880589, 19.956610541086558 ], [ 74.247524333801763, 19.956293765916794 ], [ 74.247526959577343, 19.956077690368158 ], [ 74.247527989046645, 19.955992967394113 ], [ 74.247529491928134, 19.955767458052019 ], [ 74.24753047558336, 19.955619963020979 ], [ 74.247532655794529, 19.955476462607944 ], [ 74.247535122568308, 19.955314184751781 ], [ 74.24754251210986, 19.955036994947701 ], [ 74.247541297587588, 19.954996706987501 ], [ 74.247535780135109, 19.954813753939025 ], [ 74.247537371051479, 19.95415695740968 ], [ 74.247537833683836, 19.953966556740486 ], [ 74.247522139217523, 19.953212523419474 ], [ 74.247519926666968, 19.953106172355501 ], [ 74.247513762427488, 19.952601722824593 ], [ 74.24751200532279, 19.952492573025022 ], [ 74.247506007271653, 19.952119931068403 ], [ 74.247519510746983, 19.951952158643273 ], [ 74.247516224709699, 19.951651018307505 ], [ 74.247517692556855, 19.951504840915181 ], [ 74.247527445565908, 19.950534932240469 ], [ 74.247533657416099, 19.949917687735375 ], [ 74.247553918019008, 19.94977702273021 ], [ 74.247555287051526, 19.949665666223186 ], [ 74.247560199039469, 19.949266296178084 ], [ 74.2476114991304, 19.947367404904039 ], [ 74.247630326022119, 19.94684019835956 ], [ 74.247651534347668, 19.946246339357064 ], [ 74.247659002940935, 19.946037231794417 ], [ 74.247664490749003, 19.945883576842185 ], [ 74.24767243814432, 19.945639798984352 ], [ 74.24768787299756, 19.945166383874639 ], [ 74.247696787878411, 19.94489295932015 ], [ 74.247702460739447, 19.944790084260237 ], [ 74.247718446259938, 19.944500239813017 ], [ 74.247717778811648, 19.943960033669061 ], [ 74.24771808693383, 19.943953693610823 ], [ 74.247744806423626, 19.943402257034467 ], [ 74.24774759659087, 19.943256110848502 ], [ 74.247750893407996, 19.943113935951558 ], [ 74.247752678360456, 19.94303696224933 ], [ 74.247759128264178, 19.942843580783101 ], [ 74.247770197305115, 19.942511754409281 ], [ 74.247793808624067, 19.942184359855474 ], [ 74.247789574864115, 19.942006212927129 ], [ 74.247772866199824, 19.9418291703407 ], [ 74.247798729595189, 19.941580734131424 ], [ 74.247804000010973, 19.941530115917327 ], [ 74.247798629882183, 19.940415244413167 ], [ 74.247797008423092, 19.940078727022222 ], [ 74.247790269261827, 19.939120108758356 ], [ 74.247789451794944, 19.939097893383735 ], [ 74.247763432092711, 19.938390482340544 ], [ 74.247766504330983, 19.938199468148571 ], [ 74.247768926188996, 19.93804879837851 ], [ 74.247740908633588, 19.936152364766819 ], [ 74.247712395208211, 19.935493397124073 ], [ 74.247783485184826, 19.935492159952663 ], [ 74.248436521768795, 19.935480800776116 ], [ 74.248790441821072, 19.935483428815544 ], [ 74.248973548120375, 19.935484787592948 ], [ 74.249696983876589, 19.935503952349443 ], [ 74.249866254323891, 19.935501580189499 ], [ 74.250343186976224, 19.9354910866114 ], [ 74.25057446273766, 19.935498367766328 ], [ 74.250999668599306, 19.935472595752987 ], [ 74.251214840262705, 19.93547274860487 ], [ 74.25172951742833, 19.935473121023094 ], [ 74.251918517574182, 19.935473257829756 ], [ 74.252018013178443, 19.935491850026395 ], [ 74.252300099449016, 19.935544563654869 ], [ 74.252362384139232, 19.935556203195933 ], [ 74.252442876781956, 19.935564072109596 ], [ 74.252521488352457, 19.935570529043623 ], [ 74.252936581878942, 19.935540033835437 ], [ 74.25290978872728, 19.935220497983057 ], [ 74.252936729202673, 19.935218576774957 ], [ 74.252937882639472, 19.935218494859704 ], [ 74.253726891818147, 19.935162208096351 ], [ 74.254682950808714, 19.935189203822368 ], [ 74.254726978139132, 19.935190446907583 ], [ 74.255236982268613, 19.935212766703675 ], [ 74.255635300655513, 19.935230206206185 ], [ 74.257808237292892, 19.935268882018228 ], [ 74.258370789273272, 19.93524638488779 ], [ 74.25918275130573, 19.935254484361803 ], [ 74.25940200221882, 19.935238473733957 ], [ 74.259890607579962, 19.935202798377432 ], [ 74.260491445757751, 19.935169832128281 ], [ 74.260631661993799, 19.935162138003868 ], [ 74.260914882836587, 19.935092761660698 ], [ 74.261471309205049, 19.935059265894662 ], [ 74.261956928566164, 19.935043116750997 ], [ 74.262051455588576, 19.935021982592282 ], [ 74.262059110133123, 19.935020273348265 ], [ 74.262264541363876, 19.934974345853725 ], [ 74.26234650005712, 19.934956023832513 ], [ 74.263281675912296, 19.934879324835741 ], [ 74.263300049154807, 19.934877818267513 ], [ 74.26342933558881, 19.934867214864443 ], [ 74.26343426733969, 19.934866886358243 ], [ 74.263619595172713, 19.934854526417219 ], [ 74.264943024690311, 19.93476626968824 ], [ 74.265397618038151, 19.934735954201084 ], [ 74.266031854679909, 19.934664054334515 ], [ 74.26612781810843, 19.934644966324694 ], [ 74.266221842074259, 19.934626265933669 ], [ 74.266633665733124, 19.934544354580321 ], [ 74.266736334186959, 19.934520928406812 ], [ 74.266907281788875, 19.934481923904684 ], [ 74.267731304602378, 19.934344078419084 ], [ 74.267780658942414, 19.934335820978422 ], [ 74.268212997427412, 19.934263496150145 ], [ 74.268578721342521, 19.934207975845698 ], [ 74.269152649587639, 19.934120846153618 ], [ 74.269277131831515, 19.93412507959674 ], [ 74.270395792176714, 19.933846485355243 ], [ 74.270654306654222, 19.933768018292088 ], [ 74.271321161123922, 19.933565611327985 ], [ 74.271624782706823, 19.93344643010694 ], [ 74.271886110707811, 19.933343850765517 ], [ 74.272339458990658, 19.933045764117576 ], [ 74.272648547720365, 19.932801601619826 ], [ 74.272741326621215, 19.93272023740127 ], [ 74.273016305421265, 19.931900696578403 ], [ 74.273201307165806, 19.931369195596247 ], [ 74.273717577044465, 19.929885947735539 ], [ 74.273738630859754, 19.929825459294854 ], [ 74.273763475565559, 19.929734933074634 ], [ 74.273773764868835, 19.929697450898946 ], [ 74.273838625927297, 19.929474905417546 ], [ 74.273878274868991, 19.929164201951313 ], [ 74.273920077970729, 19.928950902375099 ], [ 74.273949434015904, 19.928805801003843 ], [ 74.274113237316371, 19.928008669636291 ], [ 74.274259907049469, 19.927276194820674 ], [ 74.274378029221097, 19.926727411818881 ], [ 74.274580314551727, 19.925726520283991 ], [ 74.274657960433316, 19.925361320596522 ], [ 74.274729006392491, 19.925027155281324 ], [ 74.274751657412395, 19.924883106830073 ], [ 74.274764161062834, 19.924782370634144 ], [ 74.275091426304002, 19.92359418134966 ], [ 74.275118773716173, 19.923484134860168 ], [ 74.275232736688082, 19.923025524229868 ], [ 74.275262188852992, 19.922901909602601 ], [ 74.275280121920986, 19.922826643874021 ], [ 74.275380786233427, 19.922404138624572 ], [ 74.275438380819523, 19.922162395387598 ], [ 74.275488106163806, 19.921953675690318 ], [ 74.275602443733163, 19.921519765699617 ], [ 74.275659940402917, 19.921301564107289 ], [ 74.275757232439759, 19.920899898613044 ], [ 74.275851711851445, 19.920509829674781 ], [ 74.275948027419574, 19.920006446609317 ], [ 74.275968423668104, 19.91989984177458 ], [ 74.276009272759012, 19.919594834695694 ], [ 74.276135248002873, 19.918564963670899 ], [ 74.276120281171956, 19.91770240421684 ], [ 74.276119146599754, 19.917637048860875 ], [ 74.276116032140649, 19.917421307245434 ], [ 74.276001557129064, 19.916636572740369 ], [ 74.275975711699999, 19.916459407979843 ], [ 74.275968449719258, 19.916409626306027 ], [ 74.275968102969543, 19.916406423629862 ], [ 74.275895541552472, 19.915736099208626 ], [ 74.275765298412708, 19.91470533058386 ], [ 74.2756781654234, 19.914015785139547 ], [ 74.275597939580322, 19.913410331358541 ], [ 74.275531913406923, 19.912912066811309 ], [ 74.275458998951947, 19.912398311410556 ], [ 74.275439329440502, 19.9122597236803 ], [ 74.275349891374177, 19.911634555821191 ], [ 74.27531978972732, 19.911440167999345 ], [ 74.275285825324715, 19.911220845207747 ], [ 74.275211021712721, 19.9106783782779 ], [ 74.275103794308805, 19.909865033359655 ], [ 74.275037500437477, 19.909481036237185 ], [ 74.274890096780823, 19.908627242635276 ], [ 74.274735917131991, 19.907615394798643 ], [ 74.274601215653462, 19.906731418927397 ], [ 74.274556237007161, 19.906436255237065 ], [ 74.27505021698866, 19.906316656582508 ], [ 74.276353382310063, 19.906079131394794 ], [ 74.27764670568925, 19.905857014690547 ], [ 74.278257119009638, 19.905752180829229 ], [ 74.278727397840655, 19.905664217837845 ], [ 74.279256368100761, 19.905568630183069 ], [ 74.280716287642619, 19.905312371295899 ], [ 74.280787287787732, 19.905299909375909 ], [ 74.281010190352447, 19.905260181403538 ], [ 74.281583895815388, 19.905081572222635 ], [ 74.281716304793335, 19.905040350012655 ], [ 74.281969143714889, 19.904990035995066 ], [ 74.282171157754277, 19.904949835786301 ], [ 74.282423340007369, 19.904899652660525 ], [ 74.282931961629643, 19.904798438333088 ], [ 74.283025752033538, 19.904773554109685 ], [ 74.283347197988277, 19.904709482347691 ], [ 74.284869460610864, 19.904406061794258 ], [ 74.284875323016422, 19.904406089667766 ], [ 74.284932028270404, 19.904406357422342 ], [ 74.285027663813864, 19.904406810155656 ], [ 74.285033563948687, 19.904406168220376 ], [ 74.285329643276413, 19.904373934619699 ], [ 74.285584353388714, 19.904346206386311 ], [ 74.28580000115916, 19.904322729282242 ], [ 74.285947184728599, 19.904306705385963 ], [ 74.286161573061008, 19.904283365954367 ], [ 74.286362349221946, 19.904256033847126 ], [ 74.286975432335382, 19.904172570334879 ], [ 74.287551608165387, 19.904094130776826 ], [ 74.287922427324759, 19.904043165230441 ], [ 74.288636228649523, 19.903945058682414 ], [ 74.288859594744906, 19.903914359724695 ], [ 74.289525584136996, 19.903834812696278 ], [ 74.290004600880778, 19.903777598308565 ], [ 74.290139614973029, 19.903761472998472 ], [ 74.290104381250984, 19.90360419391363 ], [ 74.289923962710986, 19.902798848726771 ], [ 74.289874277790929, 19.902716991835316 ], [ 74.289791127033297, 19.902647454283628 ], [ 74.289372857962306, 19.902297667079523 ], [ 74.289134893345221, 19.902080053884376 ], [ 74.289163725672566, 19.901739309264375 ], [ 74.289168424759808, 19.901683785140818 ], [ 74.289368636778775, 19.901200522145679 ], [ 74.289715929060876, 19.900429111290148 ], [ 74.289788939635613, 19.900266930630437 ], [ 74.289814983592308, 19.900209078068581 ], [ 74.289861281863722, 19.900106237276567 ], [ 74.290017699215952, 19.899758778297205 ], [ 74.289996680434939, 19.899730606644628 ], [ 74.289861997821006, 19.8995500873196 ], [ 74.289868171043622, 19.899446354963953 ], [ 74.289934114572034, 19.899392954402277 ], [ 74.290051573787011, 19.899297832601022 ], [ 74.29017420190813, 19.898981866612118 ], [ 74.290171394672853, 19.898965290598589 ], [ 74.290104740577078, 19.898571787995014 ], [ 74.290158133742622, 19.898539095387846 ], [ 74.290392429640093, 19.8983956267613 ], [ 74.291523898164613, 19.898190037358642 ], [ 74.292128054719058, 19.898062358967948 ], [ 74.292364785949246, 19.898012329925109 ], [ 74.292650045069422, 19.897952047221942 ], [ 74.29282895982962, 19.897908579668005 ], [ 74.293295982267722, 19.89782082940151 ], [ 74.294029739666513, 19.897728641943992 ], [ 74.29451488741212, 19.897639841630845 ], [ 74.295172378741597, 19.8975196121038 ], [ 74.295470149597037, 19.897467100349346 ], [ 74.295672711608773, 19.897431377614986 ], [ 74.295959734121837, 19.897380762158463 ], [ 74.296321162293268, 19.897343262178168 ], [ 74.297808348398945, 19.897212364835347 ], [ 74.298895022431836, 19.897132823730061 ], [ 74.299160030830521, 19.897117664069008 ], [ 74.301197579676511, 19.896845159896809 ], [ 74.301527641373141, 19.896800528897671 ], [ 74.301760319404764, 19.896769064952213 ], [ 74.301768503955316, 19.896767959249821 ], [ 74.301953142780505, 19.896722439612212 ], [ 74.302023559919007, 19.89660429493625 ], [ 74.302649836589012, 19.896345422408647 ], [ 74.303443220563111, 19.896055547419234 ], [ 74.303461417735832, 19.896048898814964 ], [ 74.304546905094227, 19.895563591338775 ], [ 74.304642051954161, 19.895521050608611 ], [ 74.304642846963191, 19.895520696679711 ], [ 74.304693509250271, 19.895498045227061 ], [ 74.304922224813197, 19.895395790130092 ], [ 74.3051559125512, 19.895348205651128 ], [ 74.306461089200539, 19.895082450131842 ], [ 74.306845492683664, 19.895004180922108 ], [ 74.307116852171447, 19.894906303598695 ], [ 74.30722596244415, 19.894867423632942 ], [ 74.308318769275488, 19.894478018641912 ], [ 74.30840996085324, 19.894463390045946 ], [ 74.308540151890753, 19.894398854590712 ], [ 74.309072720801865, 19.894194503405064 ], [ 74.309546607267094, 19.894015860619159 ], [ 74.309579596997551, 19.894003423995642 ], [ 74.30957995991696, 19.893993661714333 ], [ 74.309587798616121, 19.893782762671247 ], [ 74.309549711844681, 19.893548794329277 ], [ 74.309549041701487, 19.893544435627582 ], [ 74.30946569421279, 19.893002811102452 ], [ 74.30947437193845, 19.893000258381164 ], [ 74.309814605259078, 19.892900139639821 ], [ 74.310093409983878, 19.892818100239626 ], [ 74.310192995419641, 19.892788796280328 ], [ 74.310356975688237, 19.892740543693805 ], [ 74.310369146063707, 19.892736962106706 ], [ 74.310636667050261, 19.892661888981358 ], [ 74.31086597909453, 19.89259753778439 ], [ 74.311097951948682, 19.892528547386203 ], [ 74.311229139217815, 19.892491123970437 ], [ 74.311373963811278, 19.892450832736785 ], [ 74.311679615586726, 19.892365795206974 ], [ 74.31168557321368, 19.892364250221533 ], [ 74.31181944464889, 19.892329539995128 ], [ 74.312088102902592, 19.892259881309446 ], [ 74.312141638900286, 19.892246000927372 ], [ 74.312432578966281, 19.892157086036381 ], [ 74.312573747416565, 19.892113943796989 ], [ 74.312926569727551, 19.892018874218227 ], [ 74.313055039592953, 19.891984257679773 ], [ 74.314419639798331, 19.891576054799515 ], [ 74.315214173616013, 19.891349526036841 ], [ 74.315825956867201, 19.891242362115854 ], [ 74.316735622364959, 19.891075927312684 ], [ 74.316814908570251, 19.891061421731923 ], [ 74.317412672713104, 19.890952052887663 ], [ 74.317657696291704, 19.890871255911769 ], [ 74.318479160703276, 19.890696838913829 ], [ 74.318497055143723, 19.890692751290317 ], [ 74.319157586372143, 19.890541911235395 ], [ 74.319978916036405, 19.890356271681561 ], [ 74.320026795342741, 19.890345449888081 ], [ 74.321105242604233, 19.890088190694669 ], [ 74.321381025396505, 19.89002067072018 ], [ 74.321429935070427, 19.890014210236941 ], [ 74.322922743731496, 19.889817049643682 ], [ 74.32306274257526, 19.889812738988834 ], [ 74.323139173934564, 19.889810386417032 ], [ 74.323897461628832, 19.889767875396171 ], [ 74.324738502127076, 19.889720725951296 ], [ 74.32511854967936, 19.889699421013542 ], [ 74.325516561740727, 19.889660794033119 ], [ 74.325620637854612, 19.889609708956424 ], [ 74.326252878439774, 19.889299375736602 ], [ 74.326438064338944, 19.889212502599658 ], [ 74.327819106408995, 19.888564643628591 ], [ 74.328629021180944, 19.888184703635389 ], [ 74.32874108421602, 19.888144808333109 ], [ 74.329550017129364, 19.887937845589384 ], [ 74.330585900416111, 19.887672821850039 ], [ 74.331720586705998, 19.887382519594333 ], [ 74.332332967336853, 19.887279049584627 ], [ 74.332748416596203, 19.887207715240645 ], [ 74.33437200379295, 19.886928937832703 ], [ 74.33451263055909, 19.886882737036263 ], [ 74.334848921173887, 19.886772253620897 ], [ 74.334860854394137, 19.886768332310993 ], [ 74.335112853390896, 19.886685542133822 ], [ 74.335214902007181, 19.886652014997228 ], [ 74.335325835859948, 19.886615570098815 ], [ 74.335493556713388, 19.886404292074996 ], [ 74.335506133127339, 19.886388451364805 ], [ 74.33576979135816, 19.886056318140216 ], [ 74.335878085062319, 19.885702453833837 ], [ 74.33597934495775, 19.885371575318931 ], [ 74.336047063557132, 19.885125880339363 ], [ 74.336203412637389, 19.884558609751174 ], [ 74.336226808360678, 19.884473725108695 ], [ 74.33642165564072, 19.883766764970847 ], [ 74.336430346841112, 19.883713688578471 ], [ 74.336595826397897, 19.882703131963382 ], [ 74.336647466950311, 19.882065075277936 ], [ 74.33664846857188, 19.882052694315625 ], [ 74.336698063660393, 19.881559561050221 ], [ 74.336699925867975, 19.881476346608572 ], [ 74.336715314907124, 19.880788612063114 ], [ 74.336723041316858, 19.880443395825271 ], [ 74.336729227115896, 19.880362233612679 ], [ 74.336733477943838, 19.880306469678615 ], [ 74.336779929827173, 19.87968006557924 ], [ 74.33681158555946, 19.879253178963811 ], [ 74.336815454603396, 19.879182520214016 ], [ 74.336824963270672, 19.879008857412305 ], [ 74.336849681314035, 19.87855740335468 ], [ 74.336862269406126, 19.878327502999436 ], [ 74.336867806621541, 19.878257625268731 ], [ 74.336930311399016, 19.877469058905536 ], [ 74.33692793535505, 19.877380357056392 ], [ 74.336924063616209, 19.877235868178232 ], [ 74.336908051146281, 19.876638147258102 ], [ 74.336935083249799, 19.876443300822842 ], [ 74.336983262593421, 19.875959934613864 ], [ 74.337020123164493, 19.875590130780186 ], [ 74.337012427297438, 19.875572623877208 ], [ 74.336982160360591, 19.875503774750065 ], [ 74.336990906358182, 19.875426099057446 ], [ 74.336996164197529, 19.875379399850079 ], [ 74.337009308346765, 19.875169535412404 ], [ 74.337041963903985, 19.874648124355328 ], [ 74.337073291751196, 19.874147922306193 ], [ 74.337080029115825, 19.874106069416197 ], [ 74.33708081514169, 19.874101182171174 ], [ 74.337134605362593, 19.873767048012045 ], [ 74.337190359300706, 19.87342071568186 ], [ 74.337332659628217, 19.872536749984356 ], [ 74.337344990802166, 19.872460157589256 ], [ 74.338527971420021, 19.872588022202663 ], [ 74.338788103763363, 19.872593701936747 ], [ 74.339025854581394, 19.872636218410673 ], [ 74.339126426367343, 19.872574040408093 ], [ 74.340764497101404, 19.872345352987022 ], [ 74.340998326773246, 19.872284631345202 ], [ 74.341101238670504, 19.872269249652028 ], [ 74.342428502197748, 19.87207087661891 ], [ 74.342562421243656, 19.8720655043821 ], [ 74.342742270251748, 19.872058287049036 ], [ 74.34373916755348, 19.8718912238181 ], [ 74.343799422051163, 19.871882228965003 ], [ 74.343972414218669, 19.871856405192556 ], [ 74.344361667706011, 19.871798298943503 ], [ 74.344443790790976, 19.871786041368455 ], [ 74.345004803957252, 19.871663370945196 ], [ 74.345117379930372, 19.871638755238937 ], [ 74.345421523434425, 19.871586881196954 ], [ 74.345529182029637, 19.871543548338753 ], [ 74.345810575699119, 19.871516551891137 ], [ 74.346003606585683, 19.871495513160532 ], [ 74.346138331420448, 19.871453811639096 ], [ 74.346140842211668, 19.871453035242705 ], [ 74.346777616594039, 19.871401787157275 ], [ 74.346943524647244, 19.871367178786379 ], [ 74.347056363826724, 19.871364171199037 ], [ 74.347062893680516, 19.871362409732843 ], [ 74.347135487436958, 19.871342829999762 ], [ 74.347254397431115, 19.871335767237341 ], [ 74.347333354853006, 19.871344343086747 ], [ 74.347425562425343, 19.871333120391011 ], [ 74.34751139285747, 19.871319445158342 ], [ 74.347528651290702, 19.87131784336415 ], [ 74.347598083875667, 19.871311394790713 ], [ 74.347682515630893, 19.871307433391301 ], [ 74.347761338305503, 19.871297575935376 ], [ 74.347841466232211, 19.871279265971346 ], [ 74.347921710939929, 19.871266243786426 ], [ 74.348028642798084, 19.871277391297191 ], [ 74.348170113980572, 19.871289889687642 ], [ 74.348229305771284, 19.871295120864428 ], [ 74.348334643119827, 19.871301829645656 ], [ 74.348363518566302, 19.871280868610739 ], [ 74.348396608908118, 19.871256845914672 ], [ 74.348519417590609, 19.871242504105691 ], [ 74.348603096557639, 19.87123585868413 ], [ 74.348709839769597, 19.87123547175262 ], [ 74.348788281558527, 19.87124835538819 ], [ 74.348954313579227, 19.871239771930114 ], [ 74.349776758052755, 19.871299971023472 ], [ 74.350189450382501, 19.871291903758301 ], [ 74.350634106566659, 19.871275369622854 ], [ 74.350975446611699, 19.871262676920722 ], [ 74.351115714051744, 19.871224421394185 ], [ 74.351954036247918, 19.871132101871215 ], [ 74.352075188437027, 19.871132302095734 ], [ 74.352203445401713, 19.871122137111108 ], [ 74.352733182823073, 19.871080150783971 ], [ 74.353091607028176, 19.871057277025692 ], [ 74.353203739233521, 19.871076627000406 ], [ 74.353489407087139, 19.871066452719088 ], [ 74.353688183598237, 19.871051876030307 ], [ 74.354017125994062, 19.871036361579229 ], [ 74.354157087108561, 19.871029761769815 ], [ 74.354256005994415, 19.871025096620176 ], [ 74.354767301901305, 19.871003024597464 ], [ 74.354921002748071, 19.870996390148608 ], [ 74.355101573103369, 19.870994561091937 ], [ 74.356145034577807, 19.870944520120602 ], [ 74.356150941899116, 19.870944236257685 ], [ 74.356230735652559, 19.870941199938098 ], [ 74.356233262613429, 19.870941160231055 ], [ 74.356811211717783, 19.870931969323454 ], [ 74.356965278178919, 19.870929517626127 ], [ 74.357060501395679, 19.87092754832689 ], [ 74.358004286704514, 19.870901507277519 ], [ 74.35840591358658, 19.870873322888841 ], [ 74.358448824311054, 19.870870310223168 ], [ 74.359450729720507, 19.870906815346675 ], [ 74.359480013900466, 19.870907882367398 ], [ 74.359560578408377, 19.870910817307998 ], [ 74.359575249693606, 19.871066723064533 ], [ 74.361797962879194, 19.871362417336304 ], [ 74.361884871289689, 19.871372948960779 ], [ 74.362000704553978, 19.871386985775104 ], [ 74.362058689008933, 19.871394013052516 ], [ 74.362323819578521, 19.871438390158406 ], [ 74.362416909296471, 19.871442563606276 ], [ 74.362541584678155, 19.871448153829675 ], [ 74.36314594155688, 19.871437405089516 ], [ 74.363085242393126, 19.870128875067667 ], [ 74.36308104995571, 19.870038475216617 ], [ 74.36308116494007, 19.870025407308667 ], [ 74.363084303653665, 19.869668526618455 ], [ 74.363086622205401, 19.869404811391121 ], [ 74.363060753420157, 19.868964602687825 ], [ 74.362957941235919, 19.867215045383425 ], [ 74.362908158399478, 19.86627575440145 ], [ 74.362905970103441, 19.866203955225785 ], [ 74.362890785880211, 19.865705515097911 ], [ 74.362801280440237, 19.863654428086708 ], [ 74.362791953232644, 19.863549830736655 ], [ 74.36278552488848, 19.863477739691543 ], [ 74.362778610555722, 19.863291184697172 ], [ 74.362770650583997, 19.863076373584367 ], [ 74.362785642567772, 19.862756065361943 ], [ 74.362776530955841, 19.862272774859161 ], [ 74.362763920405882, 19.861883413960108 ], [ 74.362752031203115, 19.861516349344871 ], [ 74.362734134966033, 19.861178547222025 ], [ 74.362714585828797, 19.860820474766914 ], [ 74.362699479759002, 19.860543786815711 ], [ 74.3625958015988, 19.858807623666802 ], [ 74.362505534387452, 19.857380569640974 ], [ 74.362477647986097, 19.856939680364157 ], [ 74.362339699996127, 19.855267217226167 ], [ 74.362334532886621, 19.855204554192053 ], [ 74.362269323281808, 19.854094355285174 ], [ 74.362187537065111, 19.852659595372977 ], [ 74.36218747328472, 19.852633922247389 ], [ 74.362187220858104, 19.852532893367123 ], [ 74.362185447583727, 19.852513493813944 ], [ 74.362126439947687, 19.851867371583641 ], [ 74.362078462724966, 19.851346820098286 ], [ 74.362019012219463, 19.850701610720542 ], [ 74.361998286289221, 19.850476617098124 ], [ 74.362064129206317, 19.849766020820489 ], [ 74.36207849686096, 19.849738853367384 ], [ 74.362119003693763, 19.849662261791941 ], [ 74.362160232772027, 19.849585231653627 ], [ 74.362217980970073, 19.849477344108152 ], [ 74.36221957817466, 19.849451138152659 ], [ 74.362238600000794, 19.849139020369346 ], [ 74.362240669719199, 19.849105088167605 ], [ 74.362247987395506, 19.848906220596529 ], [ 74.362214986885206, 19.847955545314573 ], [ 74.362208496557287, 19.846670953622652 ], [ 74.362207803057885, 19.846632143786376 ], [ 74.362206478042836, 19.846557983351744 ], [ 74.362204190033836, 19.84642983919667 ], [ 74.362202718593394, 19.846347414102755 ], [ 74.362199173841276, 19.846148789805614 ], [ 74.362197196649333, 19.846038041415284 ], [ 74.362195878820827, 19.845964133347103 ], [ 74.362198263847915, 19.845896065632697 ], [ 74.362208259402053, 19.84561094425495 ], [ 74.362282106308299, 19.844400989375252 ], [ 74.362282073968942, 19.84413708934348 ], [ 74.362282231174149, 19.844017685330826 ], [ 74.362283169015271, 19.843308505895031 ], [ 74.362283406170505, 19.843132048337043 ], [ 74.362298269695216, 19.843021235313792 ], [ 74.362318907590577, 19.842867384024355 ], [ 74.362369932797009, 19.842650998947196 ], [ 74.362383385966695, 19.842179226017169 ], [ 74.362395502443249, 19.84175455879431 ], [ 74.362416664954708, 19.841214668694871 ], [ 74.362435778409022, 19.840355591099541 ], [ 74.362435956275448, 19.840347562820444 ], [ 74.36246497185914, 19.839361406355941 ], [ 74.362473151918081, 19.839083556296824 ], [ 74.362479524566737, 19.8388671390233 ], [ 74.362494083562524, 19.838372926767594 ], [ 74.362495442713566, 19.838326794634856 ], [ 74.362544078401342, 19.838020162727013 ], [ 74.362560917321346, 19.837853116888382 ], [ 74.362648864184322, 19.836821031221902 ], [ 74.362652818568165, 19.836774631614603 ], [ 74.362680932243336, 19.83646947210396 ], [ 74.362726853222327, 19.835971083076409 ], [ 74.362773368886067, 19.835466308366183 ], [ 74.362802040414977, 19.835155211761549 ], [ 74.362857603910257, 19.834594180396135 ], [ 74.362897172003571, 19.83419470170254 ], [ 74.362946211933263, 19.833901938857561 ], [ 74.362947787578264, 19.833894603174748 ], [ 74.362981591182404, 19.833737194769814 ], [ 74.363111926848646, 19.833130279953554 ], [ 74.363316719377238, 19.833180357356298 ], [ 74.364283941731841, 19.83340535774342 ], [ 74.364450902610542, 19.833466029197105 ], [ 74.364947841642589, 19.833860031409319 ], [ 74.365049141063906, 19.833940346192215 ], [ 74.365130095440662, 19.834004531063158 ], [ 74.365131588440676, 19.834005714945739 ], [ 74.365183314333052, 19.834046726627339 ], [ 74.365638574230829, 19.834141240290066 ], [ 74.365658829443873, 19.834144680391294 ], [ 74.366255966562676, 19.834246053068281 ], [ 74.366420475040655, 19.834256411391099 ], [ 74.366540968764667, 19.834267713606614 ], [ 74.366785069773442, 19.834299946253381 ], [ 74.36716053501948, 19.83430302299033 ], [ 74.368163288438552, 19.83452983520888 ], [ 74.369015211128129, 19.834721527105849 ], [ 74.369034694688324, 19.834151856352673 ], [ 74.369002319405496, 19.833724377380779 ], [ 74.368988946185866, 19.833547802699705 ], [ 74.368947836583501, 19.832731238686119 ], [ 74.368939218146679, 19.832560033095543 ], [ 74.368941640004692, 19.832518881599434 ], [ 74.368957204215306, 19.832254497052297 ], [ 74.368980986214126, 19.832089893222296 ], [ 74.368974029660563, 19.831849594934603 ], [ 74.368944184033566, 19.830818328824556 ], [ 74.368892305427593, 19.830477257803583 ], [ 74.368848547591782, 19.830189572756446 ], [ 74.36878169766328, 19.830062186076763 ], [ 74.368729920566935, 19.829901866062212 ], [ 74.368676771743168, 19.829188196364957 ], [ 74.368603064974096, 19.828321368774802 ], [ 74.368537640671946, 19.827551917107517 ], [ 74.368427932121236, 19.826192213813098 ], [ 74.368415254197629, 19.825988118681881 ], [ 74.36835204693763, 19.824970554602363 ], [ 74.36823755126477, 19.824118955154542 ], [ 74.368140556570268, 19.823397517678668 ], [ 74.368073791083432, 19.823060931652922 ], [ 74.367928501162638, 19.822328476176146 ], [ 74.367822859285212, 19.821795896862238 ], [ 74.367814425003004, 19.821753374374563 ], [ 74.367775817208738, 19.821519995291155 ], [ 74.367677469651426, 19.820563924084404 ], [ 74.367653005831286, 19.82036694760377 ], [ 74.367628216821018, 19.820165938059876 ], [ 74.367545818851596, 19.819427581401552 ], [ 74.367518328607247, 19.818812965399641 ], [ 74.367463429865296, 19.817585381001003 ], [ 74.367411677023483, 19.816428064807756 ], [ 74.36740953903309, 19.816380231837144 ], [ 74.367392165615499, 19.816166432252423 ], [ 74.367381125320662, 19.81603055014968 ], [ 74.367371691213549, 19.815914441275414 ], [ 74.367353874926522, 19.815695173110946 ], [ 74.367288611422822, 19.813973481020689 ], [ 74.367256729315073, 19.813132291385401 ], [ 74.367176825967192, 19.811237938356093 ], [ 74.3671740879022, 19.81117301492819 ], [ 74.36713736657002, 19.81096240976834 ], [ 74.367658828710987, 19.810693599652009 ], [ 74.368766438879874, 19.809967301623665 ], [ 74.369193488982773, 19.809656943638782 ], [ 74.369564872284172, 19.809091690284848 ], [ 74.370254766744267, 19.808134640024896 ], [ 74.370480244778904, 19.807817152869433 ], [ 74.370720338403203, 19.807479092851096 ], [ 74.371103241699799, 19.806956243271074 ], [ 74.371505048244913, 19.806405475047502 ], [ 74.371617148110928, 19.806287593577622 ], [ 74.371634741615779, 19.806272846977887 ], [ 74.372190236431237, 19.805807253321969 ], [ 74.372458932414204, 19.805582047371331 ], [ 74.372662809559515, 19.805754712056746 ], [ 74.373032845387996, 19.805575067891887 ], [ 74.373302446872756, 19.805444185269121 ], [ 74.373266071391939, 19.805260568409416 ], [ 74.372698766425401, 19.804690330605208 ], [ 74.372727425377903, 19.804356407881876 ], [ 74.373175510431523, 19.804116967796087 ], [ 74.373258539916606, 19.804117076825037 ], [ 74.373392147247117, 19.804117252623641 ], [ 74.373506244067997, 19.804117403911896 ], [ 74.373728482777679, 19.803475075001863 ], [ 74.37380500307026, 19.803353511404602 ], [ 74.373883747591407, 19.803233172395363 ], [ 74.373964696578284, 19.803114092629773 ], [ 74.374047824878048, 19.802996307608698 ], [ 74.374133106439558, 19.802879857059001 ], [ 74.374180912084, 19.802808541408861 ], [ 74.374220713739305, 19.802732903409499 ], [ 74.374251937381956, 19.802653953906194 ], [ 74.374274244347106, 19.802572558372535 ], [ 74.374287389394638, 19.802489607639622 ], [ 74.374291226099231, 19.802406010289459 ], [ 74.374288082894054, 19.802372522822917 ], [ 74.374283370332051, 19.802322343589385 ], [ 74.374270916987285, 19.802240536275811 ], [ 74.374246990359708, 19.802160474250115 ], [ 74.374214200953517, 19.80208337037196 ], [ 74.374172907196552, 19.802010072378138 ], [ 74.374123559144721, 19.801941378985322 ], [ 74.3740667011771, 19.80187804834171 ], [ 74.374002954029606, 19.801820770135194 ], [ 74.373933016591479, 19.801770174044979 ], [ 74.373857656023986, 19.801726815372774 ], [ 74.37377525805455, 19.80169292460354 ], [ 74.373694014420266, 19.801663615649534 ], [ 74.373597750056092, 19.801640757248002 ], [ 74.373471216958436, 19.801615111376879 ], [ 74.373343710985324, 19.801593635714109 ], [ 74.37321538664699, 19.801576355617335 ], [ 74.373086402046908, 19.801563293063126 ], [ 74.372956912593637, 19.801554462420896 ], [ 74.372835286992384, 19.801550100347146 ], [ 74.372697050643211, 19.801549539134793 ], [ 74.37256699525129, 19.80155345240771 ], [ 74.372437069216829, 19.801561610271378 ], [ 74.372333704568646, 19.801571274279649 ], [ 74.372242766315807, 19.801581782641364 ], [ 74.372113853580984, 19.801600497885559 ], [ 74.371985620870774, 19.801623400243233 ], [ 74.371849841413891, 19.801652459025785 ], [ 74.371731821650201, 19.801681651344442 ], [ 74.371606564160246, 19.801716929931903 ], [ 74.371482605634171, 19.801756252785232 ], [ 74.371360096989008, 19.801799573415519 ], [ 74.371239186446715, 19.801846840262431 ], [ 74.371110479426051, 19.801902443278159 ], [ 74.371011067365117, 19.801948789674729 ], [ 74.370887909237993, 19.802010900671107 ], [ 74.370782231427995, 19.802068492377099 ], [ 74.370707530223882, 19.802111430893625 ], [ 74.370590397097345, 19.802183242141066 ], [ 74.370475925679031, 19.802258782358994 ], [ 74.370404923737269, 19.802308664103798 ], [ 74.370339268568102, 19.802362731238823 ], [ 74.370279866571636, 19.802422809380364 ], [ 74.370227365433195, 19.802488237579574 ], [ 74.370182340972832, 19.802558301640989 ], [ 74.370145284569034, 19.802632233277492 ], [ 74.370116607650218, 19.802709222788611 ], [ 74.370096620135129, 19.802788424977138 ], [ 74.370085542111056, 19.802868972672481 ], [ 74.370083493952208, 19.802949985182568 ], [ 74.370090499913104, 19.803030573365294 ], [ 74.370106481840338, 19.80310985399667 ], [ 74.370131264562389, 19.803186960758186 ], [ 74.370164578584721, 19.803261045927204 ], [ 74.370206096022201, 19.803332040202392 ], [ 74.370239184567353, 19.803401602694883 ], [ 74.370258743586064, 19.803475748617601 ], [ 74.370264180190162, 19.803552224691039 ], [ 74.370255324598062, 19.803628704108469 ], [ 74.370217106672641, 19.80369869413634 ], [ 74.37018107165332, 19.803767265063517 ], [ 74.370147826801272, 19.803835357585168 ], [ 74.370088647586982, 19.803889664234518 ], [ 74.370020513965969, 19.803933721286793 ], [ 74.369866453793051, 19.804013893139658 ], [ 74.369750531595514, 19.804071396221346 ], [ 74.369606625978577, 19.804139306052786 ], [ 74.369515694013955, 19.804180737044973 ], [ 74.369396846901864, 19.804232544364158 ], [ 74.369277097881223, 19.804282417883545 ], [ 74.369122344208904, 19.804341281615276 ], [ 74.369044754921177, 19.804350622594288 ], [ 74.368893365439632, 19.804217596419843 ], [ 74.36881251167415, 19.80411093063444 ], [ 74.368750795617515, 19.804051144719491 ], [ 74.368632722853206, 19.804028077054756 ], [ 74.368458488315639, 19.804026172850289 ], [ 74.368379001786025, 19.80407197179299 ], [ 74.36830589419327, 19.804133397360207 ], [ 74.368197415436185, 19.804261500402831 ], [ 74.368158582164753, 19.804343346401058 ], [ 74.368087234371657, 19.804526125052075 ], [ 74.368059445886644, 19.804644045860325 ], [ 74.368057937615291, 19.804763808233364 ], [ 74.368092432023872, 19.804896409669976 ], [ 74.368143775233932, 19.804996528156604 ], [ 74.368321235621679, 19.80515200335811 ], [ 74.368387348033323, 19.805235638988997 ], [ 74.368436403234384, 19.805312437075045 ], [ 74.368431332244626, 19.805397899898384 ], [ 74.368390668206644, 19.805493900360386 ], [ 74.368317721412296, 19.80554288097629 ], [ 74.368244889602323, 19.805582530813112 ], [ 74.36810967788071, 19.80561527469283 ], [ 74.367856397886342, 19.805624947751866 ], [ 74.367695400024473, 19.805616965893506 ], [ 74.367541367699332, 19.805577947413202 ], [ 74.367433552797266, 19.805523877144815 ], [ 74.367363854311009, 19.805478381193936 ], [ 74.36695227229896, 19.805219973581263 ], [ 74.366840670997959, 19.805008508597343 ], [ 74.366843843847548, 19.804756250613313 ], [ 74.366897265759164, 19.804546588634512 ], [ 74.366975092202125, 19.804415286799536 ], [ 74.367147407938234, 19.804282957111468 ], [ 74.367315442303735, 19.80419056063424 ], [ 74.367446251382148, 19.804062098330434 ], [ 74.367487964652355, 19.803955585419551 ], [ 74.367489439686054, 19.803838443363624 ], [ 74.367450515684794, 19.803723406584314 ], [ 74.367390030320067, 19.803610681312101 ], [ 74.367278717378255, 19.803473206288722 ], [ 74.367223034407075, 19.803421895693688 ], [ 74.3672010193944, 19.80341089977918 ], [ 74.36708726123841, 19.803354071765416 ], [ 74.36695923244578, 19.80332838137538 ], [ 74.366766544715674, 19.803340847080676 ], [ 74.366526561584152, 19.803440247290066 ], [ 74.366329570025471, 19.803591128722502 ], [ 74.366189174126347, 19.803703655389423 ], [ 74.366106388983027, 19.80374036358619 ], [ 74.366021756903493, 19.803773006422531 ], [ 74.365933165050166, 19.803798525167764 ], [ 74.365850782352098, 19.803805349210677 ], [ 74.365769050034274, 19.803796011580417 ], [ 74.365690633398188, 19.803770122642661 ], [ 74.365621632004562, 19.803731176395566 ], [ 74.365562390806545, 19.803678510202115 ], [ 74.365516401555567, 19.803615226735236 ], [ 74.36548567378297, 19.803544092285073 ], [ 74.365471552266698, 19.803468213756464 ], [ 74.365476388796196, 19.803377224046852 ], [ 74.365491993430979, 19.803296365578873 ], [ 74.365515036116321, 19.803216937977272 ], [ 74.365545345274029, 19.803139548091305 ], [ 74.365582686443773, 19.803064781641542 ], [ 74.365621893414328, 19.802997223796432 ], [ 74.365645498445048, 19.802924688586781 ], [ 74.3656469707838, 19.802849295748466 ], [ 74.36562619634455, 19.802776883024347 ], [ 74.365584784908265, 19.802713064191604 ], [ 74.365573786834219, 19.802702577034442 ], [ 74.365569364428083, 19.802698358675016 ], [ 74.365529436110322, 19.802660285250404 ], [ 74.365465694352721, 19.802595462280706 ], [ 74.365407032568058, 19.802526535867006 ], [ 74.365353737318856, 19.802453844081803 ], [ 74.365306066421695, 19.802377739366229 ], [ 74.365261201861458, 19.802306071044558 ], [ 74.365210695881231, 19.80223710900729 ], [ 74.365155099148282, 19.802171715357879 ], [ 74.365094682953853, 19.80211021127527 ], [ 74.365029741945364, 19.802052894273285 ], [ 74.364915254357342, 19.80201747461243 ], [ 74.364786271553896, 19.802100041872247 ], [ 74.364386578744657, 19.802042418905391 ], [ 74.364224959248588, 19.802062170306495 ], [ 74.364103252798969, 19.802077044921162 ], [ 74.363820752405061, 19.802073119828357 ], [ 74.363822639765459, 19.802090744711364 ], [ 74.363839551449018, 19.802248583383609 ], [ 74.36386791844906, 19.802813426622372 ], [ 74.363423234417112, 19.802741852313375 ], [ 74.363096309637442, 19.802679368872074 ], [ 74.362940426782828, 19.802649574958711 ], [ 74.362448902795308, 19.802630713619408 ], [ 74.362282451261393, 19.801805853236679 ], [ 74.362195436849717, 19.801259672684047 ], [ 74.362186229118038, 19.801147568579985 ], [ 74.362178217942315, 19.801051238402469 ], [ 74.362169587827395, 19.80094746700366 ], [ 74.361451940814902, 19.800664463358459 ], [ 74.361385009139724, 19.800698727081592 ], [ 74.361317742392927, 19.800733162373724 ], [ 74.361261715366965, 19.800761844358068 ], [ 74.361153134201942, 19.800817429158439 ], [ 74.360198169359379, 19.801201234638935 ], [ 74.360134386279285, 19.801226869589119 ], [ 74.359959584904743, 19.801297124376067 ], [ 74.359819621095284, 19.801353378388168 ], [ 74.359484142557491, 19.801504218694205 ], [ 74.35902911083177, 19.801532919979199 ], [ 74.359025930795681, 19.801501676333846 ], [ 74.359019587791465, 19.801439360600348 ], [ 74.359007993236062, 19.801325434370526 ], [ 74.358946647285322, 19.80114202997455 ], [ 74.358970064568155, 19.800841736356375 ], [ 74.358973618303438, 19.8008159027214 ], [ 74.359024576136221, 19.800445475065409 ], [ 74.35919464788077, 19.799407732106705 ], [ 74.359197627592565, 19.799389545706582 ], [ 74.359219247346516, 19.799258352874674 ], [ 74.359269956345997, 19.798950621207453 ], [ 74.359285436114945, 19.798856681654769 ], [ 74.359409895900939, 19.798175685645806 ], [ 74.359269517968116, 19.797750182421311 ], [ 74.359165467905385, 19.797434789288967 ], [ 74.359028878168118, 19.797457455584205 ], [ 74.358967516047684, 19.797479836191545 ], [ 74.358885966087882, 19.797509582049997 ], [ 74.358864127145026, 19.797552418679619 ], [ 74.358848408424166, 19.797583254858814 ], [ 74.358686609265092, 19.797689390840709 ], [ 74.358669847600211, 19.797700387150552 ], [ 74.358651276728324, 19.79770400215552 ], [ 74.358263632123666, 19.79777946927511 ], [ 74.3575190140931, 19.797490197754957 ], [ 74.357313017822037, 19.797410171374452 ], [ 74.35674567692287, 19.797255693578101 ], [ 74.35635878241149, 19.797224242858825 ], [ 74.356183822035149, 19.797307554710272 ], [ 74.355928053707473, 19.797531145321599 ], [ 74.355567374730981, 19.797846452050678 ], [ 74.354699342553417, 19.797732803016508 ], [ 74.35408451670834, 19.797141312159223 ], [ 74.353930230160003, 19.796992883366979 ], [ 74.354004336679353, 19.796915523418008 ], [ 74.354006533060215, 19.796913228634956 ], [ 74.353759604154902, 19.796673788337955 ], [ 74.353770028205489, 19.796570966654425 ], [ 74.353677104675882, 19.796377288964532 ], [ 74.353557961119733, 19.79607285318923 ], [ 74.353501330425914, 19.795969500313703 ], [ 74.353459277592492, 19.795892757730083 ], [ 74.353267045308215, 19.795404950592129 ], [ 74.353226332761224, 19.795387831262769 ], [ 74.352974533190448, 19.795281948161225 ], [ 74.352872645372628, 19.79520907218722 ], [ 74.352581434015391, 19.795324721997922 ], [ 74.352532258440121, 19.795345090407071 ], [ 74.352096888141034, 19.795525419769675 ], [ 74.351851550152091, 19.795607724995079 ], [ 74.351311096727713, 19.795832295924882 ], [ 74.351302544766213, 19.795812600381051 ], [ 74.351249252211971, 19.79568986704842 ], [ 74.351191410589166, 19.795556656981155 ], [ 74.350649325824193, 19.795535505069658 ], [ 74.350420236562158, 19.795526565903376 ], [ 74.350179842002206, 19.795536397633935 ], [ 74.349693409665761, 19.795580209345985 ], [ 74.349567410167367, 19.795593063619211 ], [ 74.349624922108475, 19.795916237355467 ], [ 74.349693327020745, 19.796150662363825 ], [ 74.349689954745187, 19.7961601863928 ], [ 74.349644915013442, 19.796287401603212 ], [ 74.349662088106768, 19.796508184961173 ], [ 74.349674759742172, 19.796671082771958 ], [ 74.349711868248221, 19.796876538303511 ], [ 74.349816033295312, 19.797840274344829 ], [ 74.34952971955299, 19.797899823396236 ], [ 74.348883125686243, 19.798034278199147 ], [ 74.34887116102496, 19.798036767366167 ], [ 74.348096103580986, 19.7981910204219 ], [ 74.347659756813158, 19.798261868200765 ], [ 74.347201059961122, 19.798336345307415 ], [ 74.346579342241185, 19.798396764745842 ], [ 74.346520131585862, 19.798402518976886 ], [ 74.346345112819037, 19.798455430338613 ], [ 74.346196005956614, 19.798475769609784 ], [ 74.345887541556039, 19.798517847821124 ], [ 74.345588207632005, 19.798559286193438 ], [ 74.345440670126393, 19.798577407606867 ], [ 74.344669419742587, 19.798672133373969 ], [ 74.344457989562358, 19.798692117627365 ], [ 74.344237623840016, 19.798723629757241 ], [ 74.343937917115127, 19.798740413177786 ], [ 74.343563604407606, 19.798730787032223 ], [ 74.342907294362718, 19.798718830630076 ], [ 74.342521733849495, 19.798715721086346 ], [ 74.342500777950534, 19.798715551198242 ], [ 74.342275449934561, 19.798707377129581 ], [ 74.342185883409158, 19.798695007415777 ], [ 74.342060540579254, 19.798670907812774 ], [ 74.341864476081994, 19.798633211235629 ], [ 74.34136322513659, 19.798543919334687 ], [ 74.341074064633162, 19.798513675837629 ], [ 74.340958040926012, 19.79849869523796 ], [ 74.340840559253152, 19.798483526153802 ], [ 74.340394549307845, 19.798419865345114 ], [ 74.340393507262107, 19.798419716587109 ], [ 74.339153003025046, 19.798242646279 ], [ 74.339072002834158, 19.798231085401735 ], [ 74.33903600105252, 19.798228175319675 ], [ 74.338910326744283, 19.798218018346851 ], [ 74.338175050294325, 19.798123233989454 ], [ 74.338028528783312, 19.798104346757125 ], [ 74.337568923734494, 19.798058580750851 ], [ 74.337348722403817, 19.79803665326175 ], [ 74.336851777981934, 19.798002295146251 ], [ 74.336070178107732, 19.797948254422028 ], [ 74.336022632974689, 19.797952012263309 ], [ 74.335916703636371, 19.797960384151846 ], [ 74.335332521122268, 19.797919795913565 ], [ 74.334983264224647, 19.797895531375481 ], [ 74.334633427015348, 19.797871225418 ], [ 74.33400020187662, 19.7978272283883 ], [ 74.333318378779325, 19.797779854695136 ], [ 74.333206887072805, 19.797754645180341 ], [ 74.331961165420523, 19.797472976378099 ], [ 74.331178569314659, 19.797180309887228 ], [ 74.330301378812791, 19.796852264308953 ], [ 74.330041437810593, 19.796760187238476 ], [ 74.328776693433866, 19.796312177748849 ], [ 74.328582835198958, 19.79625104076624 ], [ 74.327241859787208, 19.795828128097163 ], [ 74.326830220283, 19.795698304138689 ], [ 74.326992183833767, 19.795591248063076 ], [ 74.326906905865542, 19.795318595753365 ], [ 74.326824702830521, 19.794506021025725 ], [ 74.326587074183351, 19.793944650132115 ], [ 74.326240703572751, 19.793126378208445 ], [ 74.326190909058198, 19.793015795733002 ], [ 74.326175599969133, 19.792981795762877 ], [ 74.32578327604017, 19.791869300055527 ], [ 74.325741310343375, 19.791711353041354 ], [ 74.32571834042156, 19.79162489814982 ], [ 74.325703126553876, 19.79148779820898 ], [ 74.325600397912936, 19.790959960644013 ], [ 74.32549622298437, 19.79037017740222 ], [ 74.325397840392782, 19.789836979710064 ], [ 74.325341051595473, 19.789500415651329 ], [ 74.325256535398594, 19.789016332610124 ], [ 74.325224038843189, 19.788830214249611 ], [ 74.325183480806444, 19.788597902621071 ], [ 74.325181517987545, 19.788480444965884 ], [ 74.325094319421254, 19.788233653351867 ], [ 74.324899945553298, 19.787683505855277 ], [ 74.324600213675595, 19.786760006958982 ], [ 74.324537705304863, 19.786550208008368 ], [ 74.324233439629921, 19.785916546739447 ], [ 74.323890066697416, 19.785201430352455 ], [ 74.323816210808019, 19.785064420398744 ], [ 74.323760374224904, 19.784995226891255 ], [ 74.323746878834385, 19.784954928662486 ], [ 74.323629688215703, 19.784605017312032 ], [ 74.323515285967616, 19.784130958921935 ], [ 74.323370353576294, 19.783530386403047 ], [ 74.32332573425613, 19.783398387615598 ], [ 74.323159080601272, 19.782416483175862 ], [ 74.323133071678853, 19.782241963942862 ], [ 74.323106935195668, 19.782057300885135 ], [ 74.322851378870368, 19.781084142188831 ], [ 74.322813671188001, 19.780985974005805 ], [ 74.322694548293143, 19.780508012188218 ], [ 74.322640017860422, 19.78028921595315 ], [ 74.32257085027851, 19.780011693796471 ], [ 74.322591350731614, 19.779929471804181 ], [ 74.322659393622786, 19.779347222603437 ], [ 74.32275622392558, 19.77878019718327 ], [ 74.3228128366531, 19.778454336051357 ], [ 74.322810572898575, 19.778373929853224 ], [ 74.322809761719896, 19.778345139861326 ], [ 74.32305656935263, 19.777718033578207 ], [ 74.323160522397288, 19.777478450300606 ], [ 74.323284597704358, 19.777192490249817 ], [ 74.323382444001695, 19.776966984305673 ], [ 74.323390195564315, 19.776945825698515 ], [ 74.32339299740967, 19.776938181379624 ], [ 74.323428647051713, 19.776840882177854 ], [ 74.323655728579141, 19.776457028968974 ], [ 74.323820612552908, 19.776178320896499 ], [ 74.323895166433275, 19.77604591194768 ], [ 74.324103999584025, 19.775675022598467 ], [ 74.324232052631132, 19.775270055935906 ], [ 74.324285310151083, 19.775113960662118 ], [ 74.324895532130299, 19.774077333322889 ], [ 74.325042777683464, 19.773814714797101 ], [ 74.325476080060753, 19.773059776268127 ], [ 74.325544777823808, 19.772940086418888 ], [ 74.325580734689666, 19.7728867016367 ], [ 74.325600552423182, 19.77285728340258 ], [ 74.325541675941153, 19.772707534362493 ], [ 74.325541153121634, 19.772706204623109 ], [ 74.325470462895296, 19.772526403130957 ], [ 74.325421373558285, 19.772440062093892 ], [ 74.325372291407803, 19.772353735381106 ], [ 74.325323230816863, 19.772267448353233 ], [ 74.325274208853486, 19.772181226370979 ], [ 74.32507708075093, 19.771834506932237 ], [ 74.324269939078249, 19.771434513903372 ], [ 74.323864330862847, 19.771032545106777 ], [ 74.323555364304013, 19.770713531634915 ], [ 74.322817902252993, 19.769760992355053 ], [ 74.322727799433366, 19.769644608801759 ], [ 74.322142671891598, 19.768914685386161 ], [ 74.322069489738666, 19.768882378625815 ], [ 74.321736357600372, 19.768735314139164 ], [ 74.321014598100518, 19.768416675643472 ], [ 74.320919997416254, 19.768336033593581 ], [ 74.320697585331686, 19.768146439401786 ], [ 74.320384078687425, 19.76787918942264 ], [ 74.319992547970841, 19.767071404994539 ], [ 74.319957154348657, 19.766998380853273 ], [ 74.31982670279973, 19.766729237825345 ], [ 74.319526355576045, 19.766499464789078 ], [ 74.31936564158184, 19.7663765135872 ], [ 74.318881686798903, 19.766278847803321 ], [ 74.318723135947891, 19.766353158106401 ], [ 74.318645423590993, 19.766389580718084 ], [ 74.318219936556659, 19.766589000371695 ], [ 74.318155652216632, 19.766526043702225 ], [ 74.317310914252658, 19.765758853088862 ], [ 74.317008029288317, 19.765468643367011 ], [ 74.316948954278629, 19.765348284185823 ], [ 74.316848787632878, 19.765140431035316 ], [ 74.316724524577907, 19.76514477719838 ], [ 74.316673317013468, 19.765146566894369 ], [ 74.316512398203344, 19.765128627664009 ], [ 74.316441674739366, 19.765130603346535 ], [ 74.316367349031054, 19.765132679630767 ], [ 74.316065964253255, 19.765160536159772 ], [ 74.31548929434986, 19.765213835608602 ], [ 74.314831345777904, 19.765316799268852 ], [ 74.314707246216358, 19.765336219603942 ], [ 74.31422491828242, 19.765406484304428 ], [ 74.313776575412305, 19.765514151593461 ], [ 74.313156581559397, 19.765658299075053 ], [ 74.312234675617603, 19.765832119579056 ], [ 74.311842067821019, 19.765919683245244 ], [ 74.311249509415205, 19.766012549981934 ], [ 74.310889233782291, 19.766066797670895 ], [ 74.310627929137496, 19.766085966834535 ], [ 74.310048549016898, 19.76616198575498 ], [ 74.309842579695299, 19.766166915207304 ], [ 74.309588969120909, 19.766257172091471 ], [ 74.309349664217422, 19.766315803870722 ], [ 74.3094646000648, 19.766739638585996 ], [ 74.309525799590148, 19.766965322159194 ], [ 74.309535686448172, 19.766963960247356 ], [ 74.309655842405633, 19.767430933007784 ], [ 74.309615488286425, 19.767443506350144 ], [ 74.309519767403017, 19.767496185372174 ], [ 74.309488564421642, 19.767508064652404 ], [ 74.307981258748526, 19.768082002246942 ], [ 74.307838149937226, 19.768136496081699 ], [ 74.307825466623726, 19.768141055198026 ], [ 74.30591668857879, 19.768827185077118 ], [ 74.304628994941524, 19.769353564164383 ], [ 74.303515858336979, 19.769808577270389 ], [ 74.30345373534351, 19.769839084900713 ], [ 74.303385300786857, 19.769872689951644 ], [ 74.303299923105612, 19.769914615100017 ], [ 74.303205000824491, 19.769961227797445 ], [ 74.302688634826126, 19.770214793734532 ], [ 74.302465262442524, 19.770324481580328 ], [ 74.302416297072995, 19.77034852714246 ], [ 74.302342043229956, 19.770411364796708 ], [ 74.301925056054841, 19.770658374225498 ], [ 74.301437039090217, 19.770947457777375 ], [ 74.301290031590611, 19.771034537623386 ], [ 74.300301599113808, 19.771481216609772 ], [ 74.299676345624917, 19.771777042930495 ], [ 74.298064455391511, 19.772539664189029 ], [ 74.297449260338851, 19.772778893926326 ], [ 74.296860865624367, 19.773032426639112 ], [ 74.296333506043581, 19.773236571095335 ], [ 74.296061770161685, 19.77334722901308 ], [ 74.295787463301494, 19.773458931704649 ], [ 74.294733620895599, 19.773821260315341 ], [ 74.294639577166834, 19.77385359228041 ], [ 74.293932237423888, 19.774094906357142 ], [ 74.29374368284239, 19.77416386367555 ], [ 74.293415442929131, 19.774283905959546 ], [ 74.293371625804539, 19.774299930300845 ], [ 74.293031774267945, 19.774384151054125 ], [ 74.292778351441441, 19.774446953303638 ], [ 74.292032375158172, 19.774631817074418 ], [ 74.291842818056779, 19.774683273047113 ], [ 74.291043014721652, 19.774900380381009 ], [ 74.290814289277293, 19.774965338890599 ], [ 74.290778726771848, 19.774975439018011 ], [ 74.290583510284179, 19.7750380449156 ], [ 74.290477610590273, 19.775072005603786 ], [ 74.29044917082669, 19.775079906150172 ], [ 74.290387074782657, 19.775097151082036 ], [ 74.290294828582788, 19.775122770791882 ], [ 74.290216964410575, 19.775163002189821 ], [ 74.290145346224548, 19.775195384603052 ], [ 74.290102246853877, 19.775214873897834 ], [ 74.290027447733422, 19.775243974694657 ], [ 74.289490237227213, 19.77545298039216 ], [ 74.289228252557734, 19.775589883645925 ], [ 74.2887164257465, 19.775846743355245 ], [ 74.288706087035905, 19.775851931180814 ], [ 74.288551671130136, 19.775893328957729 ], [ 74.287573158749041, 19.77626474613233 ], [ 74.287522719244151, 19.776283891245633 ], [ 74.287215963439252, 19.776404838129462 ], [ 74.287194856623302, 19.776405186406581 ], [ 74.283924785071591, 19.776459016345729 ], [ 74.282774662131843, 19.776515234330294 ], [ 74.282003504274513, 19.776556784094655 ], [ 74.281512457292408, 19.776583239603003 ], [ 74.281124500074043, 19.776618794257473 ], [ 74.281061141897055, 19.776624600840684 ], [ 74.281028177319371, 19.776626633863287 ], [ 74.279763662911378, 19.776704614842576 ], [ 74.279437745143142, 19.776726738849895 ], [ 74.2779482764183, 19.776820559585939 ], [ 74.277499126861088, 19.776846742008789 ], [ 74.277492685940501, 19.776847115644856 ], [ 74.27745914823771, 19.776849072584859 ], [ 74.276375935413597, 19.776984381192694 ], [ 74.276187158049893, 19.777020823353674 ], [ 74.275362820826047, 19.77717995740695 ], [ 74.27468557734008, 19.777330473183529 ], [ 74.274140482320647, 19.776585916769022 ], [ 74.273974976712708, 19.776358988961611 ], [ 74.273784003866425, 19.776097140068803 ], [ 74.273758645324321, 19.77606237061385 ], [ 74.273735774217158, 19.775957609103724 ], [ 74.273725539711137, 19.77592637312015 ], [ 74.272838627641235, 19.77321936738424 ], [ 74.272411220907117, 19.771822257707989 ], [ 74.272369071055678, 19.771706584069449 ], [ 74.272221599127079, 19.771301855858962 ], [ 74.272030656823532, 19.770821354268019 ], [ 74.27167826839883, 19.769934566611013 ], [ 74.271544399658552, 19.769582070951259 ], [ 74.271004642428522, 19.768160789669189 ], [ 74.270934371715413, 19.767977226192297 ], [ 74.270923524558356, 19.767948893362409 ], [ 74.270459346186428, 19.766397514664874 ], [ 74.270434143052839, 19.76630537518469 ], [ 74.270266668337783, 19.765693112223616 ], [ 74.270216151577785, 19.765447725015317 ], [ 74.270138211048788, 19.765069128920473 ], [ 74.270062045590777, 19.764699153264051 ], [ 74.270055838232167, 19.764664426974203 ], [ 74.269865157338373, 19.763597887347387 ], [ 74.269812148651795, 19.763263831970043 ], [ 74.26959114871886, 19.761871110647935 ], [ 74.269518566640514, 19.761413700972273 ], [ 74.269443587857012, 19.760941186649649 ], [ 74.269437586212604, 19.760903362786241 ], [ 74.269400118380446, 19.760667239887837 ], [ 74.269191030108161, 19.760603926650848 ], [ 74.269164084242874, 19.760595769225844 ], [ 74.269050474308898, 19.760564123586729 ], [ 74.266751599258555, 19.759887071783432 ], [ 74.266304416113499, 19.75964715735509 ], [ 74.265815151388963, 19.759624276015803 ], [ 74.265755500559166, 19.759621486969262 ], [ 74.265411509585732, 19.759473936277498 ], [ 74.265300843430907, 19.759426466637166 ], [ 74.265267172777428, 19.759412025123446 ], [ 74.265089741135796, 19.759157107082107 ], [ 74.264946587408744, 19.758944266306589 ], [ 74.264803458834507, 19.758733499078293 ], [ 74.264514396247463, 19.758300039858646 ], [ 74.264370296594393, 19.75808395994277 ], [ 74.262463850575941, 19.757501094099208 ], [ 74.261762427137484, 19.757220844632624 ], [ 74.261562365137166, 19.75714090962261 ], [ 74.260710937419319, 19.75677900217784 ], [ 74.259950897111949, 19.756476219663238 ], [ 74.259643192686113, 19.756353636954206 ], [ 74.25847715159955, 19.755896401680126 ], [ 74.257906427644997, 19.75568911703029 ], [ 74.257258956124218, 19.755453956137266 ], [ 74.257251607006864, 19.755451209290033 ], [ 74.256838500553783, 19.755296861592473 ], [ 74.255972868674661, 19.754973438918391 ], [ 74.25577320911961, 19.754899569708865 ], [ 74.254625178356193, 19.754474827642746 ], [ 74.254560453841663, 19.754450881140926 ], [ 74.253896662627071, 19.754190857104501 ], [ 74.253080589005506, 19.753871178387467 ], [ 74.252601996266563, 19.753683698387022 ], [ 74.251489510042276, 19.753289045379884 ], [ 74.250831694420953, 19.753045339300794 ], [ 74.250754670173563, 19.753016804290361 ], [ 74.250243665320824, 19.7528319856326 ], [ 74.249864816121089, 19.752694965610864 ], [ 74.249478190205977, 19.752555130937548 ], [ 74.247514902389597, 19.75184504418753 ], [ 74.247373277595145, 19.751793820111072 ], [ 74.247179463377677, 19.750280415035416 ], [ 74.247084177278865, 19.749817541647506 ], [ 74.247065866020094, 19.749728591018695 ], [ 74.247037887990544, 19.749600112701863 ], [ 74.247024547110286, 19.749530005906255 ], [ 74.247012518668626, 19.749459695320194 ], [ 74.24700180536054, 19.749389202080337 ], [ 74.246873973298975, 19.748492037882031 ], [ 74.246808175297687, 19.74805744663734 ], [ 74.246794965571425, 19.747970207131718 ], [ 74.246793072821148, 19.747963267402564 ], [ 74.24679167683918, 19.747957700738503 ], [ 74.246790386858422, 19.747952112937199 ], [ 74.246789201980576, 19.747946504844052 ], [ 74.246788120408979, 19.747940878150068 ], [ 74.246787144838564, 19.747935236237169 ], [ 74.246786274371075, 19.747929579105364 ], [ 74.246785509006472, 19.747923907600153 ], [ 74.246784851439628, 19.747918225948936 ], [ 74.246784299874051, 19.747912534997198 ], [ 74.246783853411372, 19.747906834744914 ], [ 74.246783514746525, 19.747901129419517 ], [ 74.246783281184548, 19.74789541902102 ], [ 74.246783176081649, 19.74789066909214 ], [ 74.246783155420388, 19.74788970693136 ], [ 74.246783136555777, 19.747883993150531 ], [ 74.246783223692361, 19.747878280214991 ], [ 74.246783417728466, 19.747872572352112 ], [ 74.246783718664062, 19.747866865334544 ], [ 74.246784125600925, 19.747861165080657 ], [ 74.246784640335562, 19.747855471590416 ], [ 74.246785261071409, 19.747849790782229 ], [ 74.24678598870679, 19.747844117583213 ], [ 74.246786818750124, 19.747838459602715 ], [ 74.24678775838791, 19.747832816840727 ], [ 74.246788801331945, 19.74782719014274 ], [ 74.246789949378908, 19.747821580354234 ], [ 74.246791203427009, 19.747815990857159 ], [ 74.246792559883104, 19.747810423342482 ], [ 74.246794021442071, 19.747804878655696 ], [ 74.246795585408989, 19.747799357642272 ], [ 74.246797252682157, 19.747793866220622 ], [ 74.246799023261588, 19.747788400163319 ], [ 74.2468006177712, 19.747783454078814 ], [ 74.246801940091288, 19.747779061786577 ], [ 74.246803178868092, 19.747774649202565 ], [ 74.246804335898148, 19.747770214635839 ], [ 74.246805409384919, 19.747765764850257 ], [ 74.246806399328392, 19.747761295618407 ], [ 74.246807306626806, 19.747756812858668 ], [ 74.246808127686961, 19.74775231403461 ], [ 74.246808866102143, 19.747747804219117 ], [ 74.246809520075658, 19.747743280030285 ], [ 74.24681008960755, 19.747738748231903 ], [ 74.246810573799507, 19.747734204596643 ], [ 74.246810974448096, 19.747729657579317 ], [ 74.246811287960156, 19.74772510210699 ], [ 74.246811517030551, 19.747720542407134 ], [ 74.246811661659308, 19.747715980170685 ], [ 74.246811719151509, 19.747711415397642 ], [ 74.246811693100341, 19.747706850624454 ], [ 74.246811580810927, 19.747702285005676 ], [ 74.246787144838564, 19.746980935043386 ], [ 74.246740524970264, 19.746416814623046 ], [ 74.246678941864275, 19.745860705808195 ], [ 74.246593715100019, 19.745125213323195 ], [ 74.246571092826201, 19.744929985880699 ], [ 74.246552564175175, 19.744755123773285 ], [ 74.246528878296076, 19.744531597781968 ], [ 74.246519162117977, 19.744439905625452 ], [ 74.246336087259678, 19.744433137379783 ], [ 74.245488028224131, 19.744412019267688 ], [ 74.245475100568882, 19.744411697976801 ], [ 74.245193246961975, 19.744404694680256 ], [ 74.244668796126064, 19.744391663796115 ], [ 74.244662124338447, 19.744391478631034 ], [ 74.244586428699336, 19.744389397003857 ], [ 74.243862435987694, 19.744369476117729 ], [ 74.243556946807331, 19.744365598642631 ], [ 74.242933218657782, 19.74435768220118 ], [ 74.242743780134049, 19.744355277591492 ], [ 74.242389587892248, 19.74434638374834 ], [ 74.242174726147653, 19.744340988595194 ], [ 74.242039740801474, 19.744317705983519 ], [ 74.241123678400598, 19.744226110091542 ], [ 74.240138249890109, 19.744154386868729 ], [ 74.239335665370874, 19.744095967620868 ], [ 74.238650340640632, 19.744057702638361 ], [ 74.238498494814891, 19.744049223921245 ], [ 74.238433333719144, 19.744009491977184 ], [ 74.238349276561365, 19.743991880962295 ], [ 74.237392562698929, 19.743791430290653 ], [ 74.237030835388552, 19.743779337867863 ], [ 74.235662814398566, 19.743775840010539 ], [ 74.235216190903913, 19.743788804995482 ], [ 74.23496267105935, 19.743846045721234 ], [ 74.233952070856304, 19.743976536743585 ], [ 74.233709923683278, 19.743996599723552 ], [ 74.232089610845748, 19.743731084847287 ], [ 74.231866636415802, 19.743690521691441 ], [ 74.231450519708204, 19.7436148226559 ], [ 74.230379968638033, 19.74330665802297 ], [ 74.229677876852989, 19.743104726849616 ], [ 74.229458476819573, 19.743050424849489 ], [ 74.227863836934546, 19.742751680658603 ], [ 74.22764464980186, 19.742709013621464 ], [ 74.227191265586384, 19.742628069410586 ], [ 74.226476939645508, 19.742483062371555 ], [ 74.226066379017936, 19.742429229419635 ], [ 74.225174063581605, 19.742310076314904 ], [ 74.224312439985269, 19.742182581278268 ], [ 74.223620376992059, 19.742080153963141 ], [ 74.224098206163035, 19.741037170908118 ], [ 74.224228969427372, 19.740089542792916 ], [ 74.224242475597663, 19.739962399412935 ], [ 74.224251578226443, 19.739876705333241 ], [ 74.224112886431399, 19.739790480216705 ], [ 74.224081774179865, 19.739771137942697 ], [ 74.223734268098752, 19.739555089588379 ], [ 74.222080469660639, 19.73849884559927 ], [ 74.222017012668985, 19.738379792716575 ], [ 74.221893514080364, 19.738322712373712 ], [ 74.221530890251316, 19.738155105334464 ], [ 74.220935555152948, 19.737874549632753 ], [ 74.220764971368695, 19.737790261406971 ], [ 74.220331002441455, 19.737575827887841 ], [ 74.22028002394741, 19.7376029646015 ], [ 74.219971269390982, 19.737767331274707 ], [ 74.219797890049591, 19.737859629285797 ], [ 74.219378949937067, 19.737886108123444 ], [ 74.219344086320874, 19.737894416369404 ], [ 74.21912681259974, 19.737946182667645 ], [ 74.218956421054969, 19.737986781104379 ], [ 74.218753418868758, 19.738035146626245 ], [ 74.218594629065876, 19.738068902963271 ], [ 74.218266454729616, 19.738138665586188 ], [ 74.218260969616509, 19.738139831579787 ], [ 74.217992811724429, 19.738206042923618 ], [ 74.217814288629683, 19.738241102194081 ], [ 74.217735439903947, 19.738259143375071 ], [ 74.217514666346446, 19.738309658163715 ], [ 74.217364087145256, 19.738342311020123 ], [ 74.21708106932175, 19.738403684133292 ], [ 74.216889940168642, 19.738445129678762 ], [ 74.216535257446694, 19.738522041124014 ], [ 74.216256091599107, 19.738582577090128 ], [ 74.216251283815694, 19.738583619632674 ], [ 74.215991589850205, 19.738638314633743 ], [ 74.215696499567599, 19.738700466368719 ], [ 74.215026765997408, 19.738841518908401 ], [ 74.214638276976402, 19.738927198324063 ], [ 74.214385378765996, 19.738982972950744 ], [ 74.21427850080677, 19.739006544666513 ], [ 74.214113385965959, 19.739045538016146 ], [ 74.213910393661223, 19.739070420295217 ], [ 74.213717253180192, 19.739094094307237 ], [ 74.212993697049754, 19.739178074071845 ], [ 74.211979104733587, 19.739298227238748 ], [ 74.211197705183693, 19.739390761113071 ], [ 74.210944003879462, 19.73941907787653 ], [ 74.21076989330939, 19.739425903830764 ], [ 74.210669048435619, 19.739429856677905 ], [ 74.210147373393923, 19.73940314895788 ], [ 74.209825536672028, 19.739386669598225 ], [ 74.209528573402025, 19.739379761626036 ], [ 74.209408394088371, 19.739376966306956 ], [ 74.208670484676333, 19.739355089931905 ], [ 74.20807003187582, 19.739336386825318 ], [ 74.208001351180769, 19.739334245945152 ], [ 74.207692742151409, 19.739324608602004 ], [ 74.207627460681408, 19.739301186591923 ], [ 74.207222063570129, 19.739155747001949 ], [ 74.207070002148711, 19.739176854817444 ], [ 74.207015022558352, 19.739184487417695 ], [ 74.206580228977685, 19.739216872907733 ], [ 74.205606094086988, 19.739104536609354 ], [ 74.205337543631103, 19.739072875716321 ], [ 74.204855523819319, 19.739021765069811 ], [ 74.204670692754661, 19.73900084325069 ], [ 74.203993896629726, 19.738919337418007 ], [ 74.203703196413869, 19.738881164203281 ], [ 74.203401687668546, 19.738851953617264 ], [ 74.202800125448647, 19.738781275594562 ], [ 74.202714884311348, 19.738771261110628 ], [ 74.202634355736009, 19.738789449354353 ], [ 74.202357427591778, 19.73879919242134 ], [ 74.202039764442716, 19.738798455962826 ], [ 74.201898120783653, 19.738789969356617 ], [ 74.201881304321546, 19.738793995780782 ], [ 74.201799274661369, 19.738813643410211 ], [ 74.201769661698009, 19.738817700272946 ], [ 74.201729996586636, 19.738823135352721 ], [ 74.201485478759579, 19.738856638709141 ], [ 74.201099386443744, 19.738909542780931 ], [ 74.200985881612624, 19.738925094641807 ], [ 74.200973554930314, 19.73892678401366 ], [ 74.200877072275532, 19.738936384177453 ], [ 74.200663662208441, 19.738957621388209 ], [ 74.200392181448095, 19.738984636110551 ], [ 74.200304658589957, 19.738990333299277 ], [ 74.199914020798786, 19.739015766873173 ], [ 74.199248116746659, 19.739068977819855 ], [ 74.19852716932381, 19.73913057725586 ], [ 74.198125406796137, 19.739164903248657 ], [ 74.198025376694318, 19.739199935251616 ], [ 74.197872333414281, 19.739253533389533 ], [ 74.197784062259529, 19.739284447644195 ], [ 74.197671667746107, 19.739341896294032 ], [ 74.19742581142927, 19.739467561338614 ], [ 74.196378003905465, 19.739427965229964 ], [ 74.195554237111821, 19.739382450408399 ], [ 74.195535433576296, 19.739381410407645 ], [ 74.194863508116825, 19.739346723420446 ], [ 74.194759257729771, 19.739341339935763 ], [ 74.193347451954523, 19.739263383810503 ], [ 74.193230709595156, 19.739256936646623 ], [ 74.19312210507394, 19.739250939304362 ], [ 74.191959136225648, 19.739189914875226 ], [ 74.191185958057233, 19.739144556408863 ], [ 74.191045390579887, 19.739136309106136 ], [ 74.190909808752352, 19.73914190989904 ], [ 74.188655588056506, 19.73923503319822 ], [ 74.188610200676777, 19.739165134078405 ], [ 74.188550532779004, 19.739105379603277 ], [ 74.18848768933664, 19.739042445909906 ], [ 74.187983333813634, 19.738385965117178 ], [ 74.187573649043458, 19.737854390337816 ], [ 74.187381387114783, 19.737603967410102 ], [ 74.186832636850454, 19.736880797870963 ], [ 74.186460771153747, 19.736354715815384 ], [ 74.186320890887586, 19.73620973436433 ], [ 74.18614535289457, 19.735964552940985 ], [ 74.185694218060561, 19.735321551100309 ], [ 74.185582381400948, 19.73516155171944 ], [ 74.185127212233013, 19.734510377740801 ], [ 74.184715799104225, 19.733929609038682 ], [ 74.184512097130408, 19.733642057365426 ], [ 74.184283022241402, 19.733324187583623 ], [ 74.184202137034887, 19.733213490066586 ], [ 74.183926656076594, 19.732836480718074 ], [ 74.183723463447535, 19.732572089643188 ], [ 74.183536536613317, 19.732332788623282 ], [ 74.183287790416202, 19.732273335995789 ], [ 74.181609433834922, 19.731866838600435 ], [ 74.18115807172714, 19.731751340621397 ], [ 74.181031362559679, 19.731718918103525 ], [ 74.181030296259422, 19.731718646675684 ], [ 74.180931008166041, 19.73169094158493 ], [ 74.180232227571139, 19.731448667908381 ], [ 74.180113520596223, 19.731440284916872 ], [ 74.179968634917287, 19.731418112350351 ], [ 74.179074738446062, 19.731281308172449 ], [ 74.178294097972596, 19.731181502750005 ], [ 74.178151278418824, 19.731189674361978 ], [ 74.177919018103808, 19.731215035613349 ], [ 74.177787016062695, 19.731206540148435 ], [ 74.177592990741118, 19.731194052735901 ], [ 74.177580189748312, 19.73119322661168 ], [ 74.177317719090297, 19.731176334611067 ], [ 74.176673346757198, 19.731134860120985 ], [ 74.176267719677185, 19.73112935797932 ], [ 74.174970059231825, 19.73086992337111 ], [ 74.174493231682376, 19.730774587399125 ], [ 74.174491011945307, 19.730774144318026 ], [ 74.174288458018424, 19.730744057079367 ], [ 74.174062882067446, 19.730710550329981 ], [ 74.172592613933503, 19.730492148318508 ], [ 74.172170013186161, 19.730433903334674 ], [ 74.171367699958154, 19.730323319658773 ], [ 74.170807995637219, 19.730246173422799 ], [ 74.17035335108541, 19.730183505132171 ], [ 74.170021576301565, 19.730133785999065 ], [ 74.169969412031293, 19.730125968630261 ], [ 74.166492427926883, 19.729920009362594 ], [ 74.16638749302362, 19.729913792664696 ], [ 74.166326606111966, 19.729847365642801 ], [ 74.16589728866127, 19.729378997616266 ], [ 74.1658475094181, 19.729307095226254 ], [ 74.165758871750697, 19.729187019946924 ], [ 74.165753527673075, 19.729183600409204 ], [ 74.165676221354673, 19.729134120264931 ], [ 74.165550745574123, 19.729034181589981 ], [ 74.165470803598666, 19.728978532017884 ], [ 74.165394134185775, 19.728950989649707 ], [ 74.165218577328119, 19.728887925963061 ], [ 74.165092972190166, 19.728798912939133 ], [ 74.164956871136411, 19.728622336076892 ], [ 74.164908244431771, 19.728466957036975 ], [ 74.164840739631416, 19.728418760271978 ], [ 74.164778187243229, 19.728365157652526 ], [ 74.164721064272626, 19.72830655759201 ], [ 74.164669801910932, 19.728243407401042 ], [ 74.164634151370592, 19.728190160715414 ], [ 74.164624795416884, 19.728176183986001 ], [ 74.164586381658708, 19.728105402305339 ], [ 74.164554856182136, 19.728031597612159 ], [ 74.164530458837334, 19.727955335601795 ], [ 74.16451337467727, 19.727877194654148 ], [ 74.16450373485597, 19.727797770062146 ], [ 74.164496419874581, 19.727684433008623 ], [ 74.164496300398667, 19.727682561715795 ], [ 74.164528031589441, 19.727577015015516 ], [ 74.164582307798895, 19.727522021115131 ], [ 74.164020934408185, 19.726453084620807 ], [ 74.163661123204264, 19.725054724940957 ], [ 74.163751759623182, 19.724686799297015 ], [ 74.164012406701175, 19.724311621710559 ], [ 74.164121168427585, 19.723785769703468 ], [ 74.164092805020815, 19.722626539394714 ], [ 74.164160465229685, 19.722218656008298 ], [ 74.164323669353891, 19.72123477677831 ], [ 74.164342419888797, 19.721121738649707 ], [ 74.164521013052124, 19.720482462107384 ], [ 74.164492071130297, 19.719556305323142 ], [ 74.164296199770817, 19.718240170411889 ], [ 74.163349891094327, 19.71683301432094 ], [ 74.163038943750294, 19.716353575791004 ], [ 74.162535314066048, 19.715150313181766 ], [ 74.162471550748833, 19.715076859373685 ], [ 74.162398583293268, 19.71499857766997 ], [ 74.162322644210761, 19.714922786392162 ], [ 74.162243826027705, 19.714849577720614 ], [ 74.162216423818279, 19.714825890813945 ], [ 74.162162224863934, 19.714779039607485 ], [ 74.162077940432397, 19.714711260850489 ], [ 74.16199107334441, 19.714646321790934 ], [ 74.161901731397805, 19.714584302769939 ], [ 74.161810022390469, 19.714525279054683 ], [ 74.161716060408367, 19.714469321684042 ], [ 74.161681406099675, 19.714450617355595 ], [ 74.161576825132613, 19.714394166938295 ], [ 74.161500164702886, 19.714350964634761 ], [ 74.16142804256198, 19.714301612667313 ], [ 74.161361004885592, 19.714246489041187 ], [ 74.161299566408374, 19.714186009816284 ], [ 74.161292828145449, 19.714178057207075 ], [ 74.161244188864359, 19.714120638409728 ], [ 74.161195298953331, 19.714050871219754 ], [ 74.161153264984591, 19.71397723931727 ], [ 74.161118408554913, 19.713900303372103 ], [ 74.16110941821556, 19.713876597720205 ], [ 74.161091686370156, 19.713829566109069 ], [ 74.161053645412835, 19.71373643730492 ], [ 74.161012085754521, 19.713644691109192 ], [ 74.160967061294158, 19.713554438306481 ], [ 74.160918625032366, 19.713465788835933 ], [ 74.160852470399874, 19.713355970587088 ], [ 74.160810003443189, 19.713285474098409 ], [ 74.160731075665652, 19.713054867268035 ], [ 74.160132600955393, 19.712186738136072 ], [ 74.159430996955535, 19.711433400748042 ], [ 74.159287185661711, 19.711214178302772 ], [ 74.158939443323675, 19.710684095400548 ], [ 74.15810732579115, 19.709558370922423 ], [ 74.157917595314927, 19.709373642362824 ], [ 74.15766590084705, 19.709128586367676 ], [ 74.157589712032845, 19.709088882949779 ], [ 74.15695931658729, 19.708760366979782 ], [ 74.156648883977937, 19.70851358229547 ], [ 74.156528786410959, 19.708418106980627 ], [ 74.156346590105031, 19.707906122846133 ], [ 74.156247505030848, 19.707627688325935 ], [ 74.156205808828645, 19.706983307308295 ], [ 74.15631534041124, 19.706720763611738 ], [ 74.1563866792212, 19.706549765988342 ], [ 74.156461676869341, 19.706486378862657 ], [ 74.156522427237078, 19.706440793768081 ], [ 74.156585577004904, 19.706398157628797 ], [ 74.156650951899735, 19.706358587154359 ], [ 74.156718375851653, 19.706322189751443 ], [ 74.156789190045515, 19.706287082039044 ], [ 74.156856075906603, 19.706246250591931 ], [ 74.156917325737624, 19.706198290690342 ], [ 74.156972028646848, 19.706143921177034 ], [ 74.157019367167393, 19.706083948002593 ], [ 74.157058634325082, 19.706019267608543 ], [ 74.157089248011673, 19.705950845785374 ], [ 74.157110749187993, 19.705879699912973 ], [ 74.157122818952132, 19.705806891349592 ], [ 74.157132205448548, 19.705750261974234 ], [ 74.157275609805538, 19.70562878288542 ], [ 74.157290004409674, 19.705616588626679 ], [ 74.157259971034776, 19.705404857954676 ], [ 74.157196308328906, 19.704956050653575 ], [ 74.157184340972677, 19.70487169263221 ], [ 74.157260704958375, 19.704842982411247 ], [ 74.157352478644412, 19.704795152328618 ], [ 74.157442485344319, 19.704744423129938 ], [ 74.157530616361896, 19.704690858240905 ], [ 74.157616763899298, 19.704634521932846 ], [ 74.157700822853712, 19.704575482705579 ], [ 74.157774453265972, 19.704520215338722 ], [ 74.157807186078301, 19.704449753858317 ], [ 74.157822201418284, 19.704374700118517 ], [ 74.157835474026626, 19.704308358049929 ], [ 74.158064421354851, 19.704235260382568 ], [ 74.158064873207451, 19.704235114919598 ], [ 74.158195819728093, 19.70406594899697 ], [ 74.158085764427682, 19.703949871066285 ], [ 74.157877554707767, 19.703730267940038 ], [ 74.157686644743592, 19.70352891089491 ], [ 74.157673729664751, 19.70351993612752 ], [ 74.157253754692988, 19.703228075774941 ], [ 74.156813346641798, 19.702320891852732 ], [ 74.156469345786903, 19.701471724076654 ], [ 74.156343372339677, 19.701374437233834 ], [ 74.15581952157838, 19.700969880875917 ], [ 74.155508682930503, 19.700611363577345 ], [ 74.155462270573025, 19.700557833671191 ], [ 74.155238071739376, 19.700026224422015 ], [ 74.155252510360924, 19.699575342657202 ], [ 74.15525907704567, 19.699370292953944 ], [ 74.155270315868194, 19.699019320324101 ], [ 74.154602428335892, 19.697826935580796 ], [ 74.154560355739562, 19.697531167626376 ], [ 74.154539152803906, 19.697382118421935 ], [ 74.154445179143721, 19.696721466954287 ], [ 74.154176051071133, 19.696156235399762 ], [ 74.154127936406198, 19.69614624530956 ], [ 74.153557470268169, 19.696027803659501 ], [ 74.153251260638953, 19.695852606408426 ], [ 74.153011211930419, 19.695467202735959 ], [ 74.152991307958658, 19.695398619088941 ], [ 74.152811255931326, 19.694778176409436 ], [ 74.152538041422503, 19.693836694289612 ], [ 74.152532378442942, 19.693817185758771 ], [ 74.152679236822223, 19.693651473946673 ], [ 74.152920483883364, 19.693496657195013 ], [ 74.153052188582109, 19.693412586615644 ], [ 74.153113492312031, 19.693364077344341 ], [ 74.153161831555778, 19.693304310823248 ], [ 74.153194725166557, 19.693236348738527 ], [ 74.15321049059979, 19.693163675666625 ], [ 74.153208317575107, 19.693090017235097 ], [ 74.153207303377158, 19.693055633985299 ], [ 74.153377002320838, 19.692864161615059 ], [ 74.153621579436717, 19.692588208647873 ], [ 74.153290931140205, 19.692007137116427 ], [ 74.152980465293183, 19.691461527985709 ], [ 74.152921986764795, 19.691373531904674 ], [ 74.152558994626503, 19.690827304882536 ], [ 74.152519819995277, 19.690497645130385 ], [ 74.152515467657707, 19.690461016603042 ], [ 74.152490689427239, 19.690272439647821 ], [ 74.152482987271995, 19.690213821399947 ], [ 74.152475169234094, 19.690118325862763 ], [ 74.15267498419766, 19.689606101332842 ], [ 74.152554052994134, 19.689082462851808 ], [ 74.152386656432512, 19.688458459410317 ], [ 74.152368207731527, 19.688367525065232 ], [ 74.152333581270568, 19.688196850380134 ], [ 74.15225730891305, 19.687820895335946 ], [ 74.15214003025946, 19.687656749664377 ], [ 74.152096484426053, 19.687626015732484 ], [ 74.151697946850277, 19.687344733628358 ], [ 74.151650258885098, 19.687316950648121 ], [ 74.151314886348473, 19.687121549415199 ], [ 74.151184447375968, 19.687045550396657 ], [ 74.151208958806805, 19.686968406120414 ], [ 74.151222384128729, 19.686926153864498 ], [ 74.151229876078219, 19.686902575316225 ], [ 74.151335950045308, 19.686657358039007 ], [ 74.151503922426983, 19.68626509216546 ], [ 74.151537869761555, 19.686156084142429 ], [ 74.151549075346423, 19.686133228648824 ], [ 74.151620787855535, 19.685986956626792 ], [ 74.151566197235738, 19.685916848994804 ], [ 74.151564635065483, 19.685914841883427 ], [ 74.151488213587598, 19.685816698927304 ], [ 74.151299826092739, 19.685571402172492 ], [ 74.151220730330309, 19.685468414182516 ], [ 74.150943155399077, 19.685124543839713 ], [ 74.150927857988108, 19.685094738973774 ], [ 74.150815468864607, 19.684996755374424 ], [ 74.150670024433595, 19.68511990538483 ], [ 74.150339151558242, 19.68540005715959 ], [ 74.150192522249341, 19.685526528370904 ], [ 74.149885894005223, 19.68579099722642 ], [ 74.149700847344889, 19.685955539804471 ], [ 74.149612839396539, 19.686033797656155 ], [ 74.149155843055297, 19.686420892819338 ], [ 74.149011073259032, 19.686544204975686 ], [ 74.148739111900028, 19.686781624929598 ], [ 74.148685317187542, 19.686850292619738 ], [ 74.148793841758717, 19.686965959202944 ], [ 74.148743837936763, 19.68701846769186 ], [ 74.148917439162034, 19.687253438337965 ], [ 74.148636190121309, 19.687612212230842 ], [ 74.148182787939561, 19.688263621181175 ], [ 74.147409385192304, 19.689322069648259 ], [ 74.147302855779387, 19.689479445577469 ], [ 74.14671750815036, 19.690344185356548 ], [ 74.14580805375671, 19.691153257729884 ], [ 74.144609363401173, 19.692250634345136 ], [ 74.143384921041317, 19.692687843631273 ], [ 74.142895617689263, 19.692898573662358 ], [ 74.142411216443634, 19.693040028607061 ], [ 74.141754936043142, 19.69327634026979 ], [ 74.141563616447172, 19.693376072088697 ], [ 74.140359779643362, 19.694163620409217 ], [ 74.14010853792638, 19.694333410827007 ], [ 74.139149568394288, 19.694983685325631 ], [ 74.139085267884568, 19.694970250365689 ], [ 74.138645674605343, 19.69518121335998 ], [ 74.137510171746868, 19.694708405858403 ], [ 74.137043535584326, 19.694425251828672 ], [ 74.136588543384477, 19.694009965393771 ], [ 74.136227915611997, 19.693659958720385 ], [ 74.135677472023332, 19.693148018706701 ], [ 74.135532445308939, 19.692354994899148 ], [ 74.135426409071087, 19.691789564391406 ], [ 74.135299620851882, 19.691044924587654 ], [ 74.13524656185966, 19.690733296603682 ], [ 74.134833199386705, 19.690819534647765 ], [ 74.134593528868905, 19.690869529889667 ], [ 74.135687818818781, 19.689759926350224 ], [ 74.137109966897896, 19.688389077709882 ], [ 74.137754281738793, 19.687378723114097 ], [ 74.138007534783711, 19.686908492578947 ], [ 74.138058660601445, 19.686813564298625 ], [ 74.138101014370463, 19.686652888790132 ], [ 74.13813419544212, 19.686443702598154 ], [ 74.137573204733727, 19.685204404917954 ], [ 74.13679457828313, 19.684072831663091 ], [ 74.136723406559781, 19.683969396115376 ], [ 74.137737458988482, 19.682594640078449 ], [ 74.137814665593879, 19.682489972893681 ], [ 74.137964985181952, 19.682278729278362 ], [ 74.13795488093163, 19.682253795024383 ], [ 74.137923025773333, 19.682175185151422 ], [ 74.137966857270996, 19.6820666437815 ], [ 74.138164457887413, 19.681925256113679 ], [ 74.139255236322853, 19.681144768701845 ], [ 74.139349917855469, 19.681038803900744 ], [ 74.140408841132611, 19.68021700041157 ], [ 74.141182800835338, 19.679640590271209 ], [ 74.141365649318132, 19.67933493207255 ], [ 74.142409650680094, 19.67765428792254 ], [ 74.144142685916123, 19.674825336725963 ], [ 74.144719310005414, 19.673789849348459 ], [ 74.144828463397261, 19.673529195887109 ], [ 74.144716426413325, 19.673291402714369 ], [ 74.144212502979997, 19.672525873278083 ], [ 74.144198625805473, 19.672504793885114 ], [ 74.144175516644793, 19.672469288804951 ], [ 74.144172041062959, 19.672463948746817 ], [ 74.143849386874152, 19.671968222585857 ], [ 74.143671076680164, 19.671735075244246 ], [ 74.142637102313401, 19.671175928805297 ], [ 74.142425611946052, 19.671061559413481 ], [ 74.142081171814965, 19.67087529258777 ], [ 74.141840899425944, 19.670803078839796 ], [ 74.141693974571353, 19.670805497243812 ], [ 74.137939730844352, 19.670867190641662 ], [ 74.137619403292163, 19.67043773192843 ], [ 74.13734866364193, 19.670074754383283 ], [ 74.136886785855452, 19.669481529361956 ], [ 74.136234255022941, 19.668286789632674 ], [ 74.135509584083266, 19.668080392943502 ], [ 74.134970764694373, 19.667778492209553 ], [ 74.134870750762204, 19.667722454208715 ], [ 74.134458079992044, 19.667491231055781 ], [ 74.134304253381117, 19.667299246804628 ], [ 74.134164004805697, 19.6649663688858 ], [ 74.134139217592065, 19.66455402941266 ], [ 74.134097023723157, 19.664301039402034 ], [ 74.133899070068836, 19.664068098312114 ], [ 74.133098290264996, 19.663171292935552 ], [ 74.13141821610489, 19.661593886205278 ], [ 74.131254145106453, 19.661470711347242 ], [ 74.130344525422785, 19.660787809783244 ], [ 74.128128896351512, 19.659205519609031 ], [ 74.12703232468084, 19.657663112729178 ], [ 74.126927626932769, 19.657553630969172 ], [ 74.1266675628614, 19.657199950156009 ], [ 74.126341567838054, 19.656725669408583 ], [ 74.126148446221649, 19.656444702754289 ], [ 74.12609419426667, 19.65633620740719 ], [ 74.12612020588405, 19.656132345085986 ], [ 74.125984263832109, 19.655688529687847 ], [ 74.125723903316697, 19.654622276581328 ], [ 74.125691325014586, 19.654435120146974 ], [ 74.125537512776702, 19.653613999176489 ], [ 74.125382374625431, 19.653519231369721 ], [ 74.12436481876712, 19.652607091856556 ], [ 74.123587325990428, 19.651931583741554 ], [ 74.123350109669985, 19.651699093366201 ], [ 74.123288321748092, 19.651617033778489 ], [ 74.123275156039298, 19.651530126607554 ], [ 74.123392061892062, 19.651239577577158 ], [ 74.123639844196859, 19.650361322611893 ], [ 74.123723563588086, 19.650137496391551 ], [ 74.123696957286043, 19.649182044167166 ], [ 74.123191598344818, 19.647836865891346 ], [ 74.123114451028215, 19.64759145264177 ], [ 74.122415818655341, 19.646783233960647 ], [ 74.122314518335713, 19.646561825749359 ], [ 74.121989008402608, 19.645650953794501 ], [ 74.121409263566022, 19.644996920730307 ], [ 74.121241292980926, 19.644810575409018 ], [ 74.121112204176285, 19.644660114215171 ], [ 74.120911758595383, 19.644472689814027 ], [ 74.12073030339954, 19.644184657641539 ], [ 74.120444934684926, 19.643713826622044 ], [ 74.120028063392496, 19.643025996599402 ], [ 74.119917272371865, 19.642873352644571 ], [ 74.11984269513529, 19.642770605419457 ], [ 74.119724281909512, 19.64260746270822 ], [ 74.118714380595733, 19.644581804016664 ], [ 74.116843147638107, 19.64509278579137 ], [ 74.115993483313119, 19.646466278823198 ], [ 74.115615286290307, 19.646386905212296 ], [ 74.115532014260125, 19.646369428122664 ], [ 74.115480558760638, 19.646355159141027 ], [ 74.114976546394047, 19.646125387414454 ], [ 74.114760312922016, 19.646026812314844 ], [ 74.112992886583655, 19.645205248145736 ], [ 74.112914598406647, 19.645159605004576 ], [ 74.112812546197119, 19.645103371283181 ], [ 74.1126244955705, 19.64506390580479 ], [ 74.112303919184939, 19.644996632234864 ], [ 74.111859830736037, 19.644890888044806 ], [ 74.111313929029436, 19.64480282324811 ], [ 74.110438386936096, 19.644588507111223 ], [ 74.109752807982602, 19.644325080274783 ], [ 74.109252968290534, 19.644513262891401 ], [ 74.109028284366602, 19.644600013116715 ], [ 74.108395126601536, 19.644876292364806 ], [ 74.108246595559208, 19.644947904416512 ], [ 74.107918350256057, 19.645106158942557 ], [ 74.107848748787845, 19.645138443333998 ], [ 74.107755947429126, 19.645181488333144 ], [ 74.107540258336144, 19.645316509910387 ], [ 74.106933159799141, 19.645597397912905 ], [ 74.106752921820529, 19.645689310837056 ], [ 74.106743891955276, 19.645693915745856 ], [ 74.106658817904631, 19.645733366686933 ], [ 74.106507368235938, 19.645777364995087 ], [ 74.106182114322706, 19.6459107007935 ], [ 74.106082138119774, 19.645954168596884 ], [ 74.10589918094081, 19.646015660895007 ], [ 74.105485607363789, 19.646216157907553 ], [ 74.105415998709034, 19.646248431077471 ], [ 74.105332337708319, 19.646313424096771 ], [ 74.10511436689454, 19.646453752651418 ], [ 74.104604590038775, 19.646781940398707 ], [ 74.104481257638483, 19.646856596418576 ], [ 74.104407564344157, 19.646882009947888 ], [ 74.104132761613897, 19.647000639359533 ], [ 74.104008627916357, 19.647049430851968 ], [ 74.103958511804962, 19.64707265824347 ], [ 74.1038549827651, 19.647106721412253 ], [ 74.103828458209705, 19.647115448918914 ], [ 74.103741505781798, 19.647155748064929 ], [ 74.103629558629407, 19.64721637273631 ], [ 74.103543810842282, 19.64727091960809 ], [ 74.103471197322889, 19.647298505639768 ], [ 74.103281470439939, 19.647377686754403 ], [ 74.10320777355237, 19.647403097663148 ], [ 74.103062232103298, 19.64744534595501 ], [ 74.103056302324092, 19.647447066749077 ], [ 74.102848785205254, 19.647551609606836 ], [ 74.102747237848902, 19.647598664911072 ], [ 74.102686339259179, 19.647626882858745 ], [ 74.102578042860102, 19.647677065007102 ], [ 74.102479768964628, 19.647734322348782 ], [ 74.102229839686302, 19.647854770057549 ], [ 74.102139069418399, 19.647897515685802 ], [ 74.102083380158987, 19.647923741222066 ], [ 74.101905444562462, 19.648006183403812 ], [ 74.101778028420895, 19.648073957397045 ], [ 74.101685614236018, 19.64813424670114 ], [ 74.101585051433219, 19.648180841604603 ], [ 74.101504034174383, 19.648227118394548 ], [ 74.101415285115877, 19.648276981409278 ], [ 74.101323691991198, 19.648371814917073 ], [ 74.101198467738911, 19.648228971157884 ], [ 74.101156779621533, 19.648107830846737 ], [ 74.100749423284583, 19.646808921611466 ], [ 74.100408595279262, 19.645803754160319 ], [ 74.100315972685266, 19.645498667666427 ], [ 74.100245155796486, 19.645296622375849 ], [ 74.100239165830175, 19.645278328752219 ], [ 74.100205399056946, 19.645175214198883 ], [ 74.100136324899793, 19.64496428013268 ], [ 74.100102363192164, 19.644840797242431 ], [ 74.100030817769664, 19.644623818700978 ], [ 74.10000086434485, 19.644487592639784 ], [ 74.09998768516131, 19.644429897587965 ], [ 74.09985927009312, 19.643867730367788 ], [ 74.099085541257452, 19.642683406650377 ], [ 74.096254230246672, 19.640950269362499 ], [ 74.09601789786845, 19.641017662228986 ], [ 74.095205153403342, 19.641460568939333 ], [ 74.094873013005156, 19.641599385622854 ], [ 74.094727610794948, 19.641720169585078 ], [ 74.094546530196595, 19.641814169382968 ], [ 74.094514180066582, 19.6418766480625 ], [ 74.094427035399207, 19.642044974377502 ], [ 74.094103102009413, 19.642197672420743 ], [ 74.093388965613059, 19.642384770368089 ], [ 74.09319787059593, 19.642434874627526 ], [ 74.092567803933747, 19.642600233293784 ], [ 74.091831148569824, 19.642756393648565 ], [ 74.09161740612609, 19.643006679010782 ], [ 74.09157838959834, 19.643052380294716 ], [ 74.091477657013954, 19.643170401697912 ], [ 74.091377117567376, 19.643288226733826 ], [ 74.091210097399838, 19.643484029963389 ], [ 74.091141977253528, 19.643563910938902 ], [ 74.091067276947769, 19.643651526324838 ], [ 74.090603351900754, 19.644195984317193 ], [ 74.090293026190921, 19.644553216664512 ], [ 74.09002279588546, 19.644864355750695 ], [ 74.089949768242761, 19.644948445874398 ], [ 74.089843252304547, 19.645051684939446 ], [ 74.089611910067774, 19.645303454036544 ], [ 74.08885432755099, 19.646128702127591 ], [ 74.088286700089256, 19.6467478390902 ], [ 74.088079895334431, 19.646973518586169 ], [ 74.087870899588651, 19.64720161060259 ], [ 74.087678691558892, 19.647411399608202 ], [ 74.087612747132198, 19.647504760716291 ], [ 74.087595995348764, 19.647528476192221 ], [ 74.087468798396117, 19.647580354629529 ], [ 74.087463140806463, 19.64758323784547 ], [ 74.086111635342988, 19.648271567788626 ], [ 74.085251483187093, 19.648752073920434 ], [ 74.084051107592018, 19.648876272907469 ], [ 74.083767531914717, 19.649115942349749 ], [ 74.083645269407924, 19.649219276024549 ], [ 74.083512767005189, 19.64916349972269 ], [ 74.08172420690147, 19.65018739011467 ], [ 74.081611570741245, 19.650305651610982 ], [ 74.081527195579866, 19.650377412673887 ], [ 74.079724699911139, 19.651910408582143 ], [ 74.079368934719284, 19.651914481183947 ], [ 74.078494940423155, 19.651924479953898 ], [ 74.078351946596257, 19.652140307383856 ], [ 74.077827408623747, 19.652932020971384 ], [ 74.078277775398163, 19.654432474773973 ], [ 74.07810658704777, 19.655447866740069 ], [ 74.077811306322275, 19.656188521646246 ], [ 74.076901969607945, 19.656969656771942 ], [ 74.076861022600681, 19.657077376787555 ], [ 74.076419045192679, 19.657899084044921 ], [ 74.074311072919983, 19.658418762145136 ], [ 74.074193565195998, 19.658495637615946 ], [ 74.072762129435148, 19.658360804780063 ], [ 74.072197405328424, 19.659378253766395 ], [ 74.072084755693481, 19.65947528272353 ], [ 74.07093888178504, 19.660817279100542 ], [ 74.069149391924995, 19.660964639986698 ], [ 74.068701526958634, 19.661222780281523 ], [ 74.068108463699645, 19.66157046212016 ], [ 74.067446654168592, 19.661115134109288 ], [ 74.067344224666613, 19.661105441297575 ], [ 74.067227031352971, 19.661094351833668 ], [ 74.065717687402483, 19.660951531245843 ], [ 74.065551248444962, 19.660965877602052 ], [ 74.064560476755176, 19.660977648059269 ], [ 74.063904600596544, 19.660985427354799 ], [ 74.06392917311284, 19.661075539756396 ], [ 74.062584492150549, 19.66098650339476 ], [ 74.061612154788705, 19.66096579977523 ], [ 74.059704526587339, 19.660891516614605 ], [ 74.05916327635731, 19.660897982163537 ], [ 74.058910450012149, 19.661014439826417 ], [ 74.057616425048735, 19.661627378665074 ], [ 74.056859978002493, 19.661968979022912 ], [ 74.056811724997004, 19.662025555359367 ], [ 74.056178546570706, 19.662193257383823 ], [ 74.056153455726502, 19.662240474197066 ], [ 74.055833355448058, 19.662265919972842 ], [ 74.054004328935719, 19.662411305959491 ], [ 74.052814412425519, 19.662486306615339 ], [ 74.05230333211432, 19.662380058777604 ], [ 74.051960957210056, 19.662308880858706 ], [ 74.051661287316122, 19.66245567359735 ], [ 74.051256929555606, 19.662648196587242 ], [ 74.051068673214743, 19.662737828409824 ], [ 74.050962149191733, 19.662697733664466 ], [ 74.050922941322852, 19.66270395466557 ], [ 74.050860209271619, 19.662713908774364 ], [ 74.050221595139504, 19.662815233902556 ], [ 74.049553539622266, 19.662918486002543 ], [ 74.049482681410993, 19.663029996030282 ], [ 74.048748482041063, 19.663634274998902 ], [ 74.047777010655153, 19.664404480878439 ], [ 74.046956909886177, 19.665098413931322 ], [ 74.04693736074897, 19.665114366321646 ], [ 74.046392948449125, 19.665558598896475 ], [ 74.04532384366658, 19.666430917764934 ], [ 74.045287375659271, 19.666477332249304 ], [ 74.044992636617934, 19.666558845386884 ], [ 74.043555167771643, 19.66695637709245 ], [ 74.04334562674849, 19.667005214961542 ], [ 74.043299760566697, 19.66702442476743 ], [ 74.043120782924461, 19.66703192038926 ], [ 74.042706971293853, 19.666988794970173 ], [ 74.042626977216131, 19.666979829151735 ], [ 74.042507339586592, 19.666966420603892 ], [ 74.042421881955306, 19.666956843189926 ], [ 74.04190071985164, 19.666895283633011 ], [ 74.041438634554311, 19.666834972619331 ], [ 74.040914497230446, 19.66679515635796 ], [ 74.04042734534346, 19.666763039586076 ], [ 74.040372464567781, 19.666759421616547 ], [ 74.040140865412823, 19.666718836401341 ], [ 74.038077728055967, 19.6665012369428 ], [ 74.036497267179399, 19.666327562187465 ], [ 74.036298579601478, 19.666300567339409 ], [ 74.035879733812038, 19.666186994705516 ], [ 74.0348998622799, 19.665921293134488 ], [ 74.034668013393301, 19.665843776634176 ], [ 74.034570155417825, 19.66589151261168 ], [ 74.034495014039251, 19.665982276149968 ], [ 74.034434869136021, 19.66612268900877 ], [ 74.033900872801908, 19.667147652880917 ], [ 74.03382784695583, 19.667304298579531 ], [ 74.03375265886487, 19.667465584782928 ], [ 74.033548332561907, 19.667849872409832 ], [ 74.033435938946823, 19.667896907379038 ], [ 74.032456489622902, 19.668779596974453 ], [ 74.032351529566768, 19.668804458885798 ], [ 74.030406206259428, 19.669774358026825 ], [ 74.0302392849066, 19.669805152904519 ], [ 74.027948375217903, 19.670226247415044 ], [ 74.027307770419114, 19.67034246737315 ], [ 74.026466448748181, 19.670495097032354 ], [ 74.026125650387272, 19.670554590382288 ], [ 74.025896191019314, 19.670575992316923 ], [ 74.024051631737407, 19.67088637291624 ], [ 74.023976456222869, 19.670865277235663 ], [ 74.023027398701601, 19.671754199048763 ], [ 74.022381462401626, 19.672371344853008 ], [ 74.021752137747868, 19.672966576602558 ], [ 74.021639486316289, 19.673017062952074 ], [ 74.021064762163803, 19.673770356984953 ], [ 74.021052957402659, 19.673839684114437 ], [ 74.020827710235054, 19.673761152162939 ], [ 74.020215273908633, 19.673547628395944 ], [ 74.018662362565166, 19.672961695028093 ], [ 74.018495647824892, 19.672890741736328 ], [ 74.018361375741037, 19.672870632616483 ], [ 74.018047969708078, 19.672823697228946 ], [ 74.017602464615976, 19.672748506010805 ], [ 74.017385423558494, 19.672711874270451 ], [ 74.017266410258074, 19.672423135741695 ], [ 74.01615595781962, 19.672693831616936 ], [ 74.015163282599715, 19.672747068858438 ], [ 74.014632490556224, 19.672683527086907 ], [ 74.014298298405905, 19.672544605344708 ], [ 74.014117094738367, 19.67246928034611 ], [ 74.01365748968955, 19.672092967799561 ], [ 74.01300052387451, 19.671361642070465 ], [ 74.012565121236065, 19.670891131899694 ], [ 74.012402603424746, 19.670715509581754 ], [ 74.011887414219444, 19.670060288724983 ], [ 74.011782299653078, 19.669926601652477 ], [ 74.010906315588613, 19.670570664038241 ], [ 74.010651592899919, 19.670757942904572 ], [ 74.01048915414033, 19.670823482589295 ], [ 74.009214416904413, 19.672118081270597 ], [ 74.008538806555634, 19.672405054145013 ], [ 74.008407035381566, 19.672410154820188 ], [ 74.008220557704988, 19.672335469246317 ], [ 74.008099079427438, 19.672190076187938 ], [ 74.007815820855413, 19.671851054722527 ], [ 74.007153721168521, 19.67123222528684 ], [ 74.006926588437139, 19.670863022089556 ], [ 74.006755671377931, 19.670801476721135 ], [ 74.005922070726868, 19.670501301658913 ], [ 74.005848847251428, 19.670185224058155 ], [ 74.005746067406491, 19.669741556675135 ], [ 74.005474409678087, 19.669549685931749 ], [ 74.005226284216803, 19.669374436877291 ], [ 74.004221447604621, 19.668978288295321 ], [ 74.004225421751414, 19.668574468082966 ], [ 74.004226955175625, 19.668418556178555 ], [ 74.003898316410385, 19.668196900373442 ], [ 74.003342150553379, 19.667821785751734 ], [ 74.003149525705311, 19.667903712700038 ], [ 74.002720042964626, 19.668244535833455 ], [ 74.002443414857694, 19.66801735432793 ], [ 74.001807356432565, 19.668394315101093 ], [ 74.001209087436493, 19.668891548715795 ], [ 74.001140622337118, 19.668987195634813 ], [ 74.000082886632796, 19.669573101238015 ], [ 73.999777080347158, 19.669745717643302 ], [ 73.999418888805707, 19.669376791860437 ], [ 73.998870896719453, 19.668790258726148 ], [ 73.998285467343734, 19.668238934249889 ], [ 73.997836328566279, 19.667982837964317 ], [ 73.996627729793147, 19.667824590780334 ], [ 73.995876611553172, 19.66783440076702 ], [ 73.995047858211379, 19.667811526587496 ], [ 73.992621724224662, 19.668103457413451 ], [ 73.99136221433109, 19.668725824650586 ], [ 73.990421187748481, 19.669292595270615 ], [ 73.989537312882547, 19.669081708143999 ], [ 73.989436321583355, 19.669026350703124 ], [ 73.988945509959891, 19.668854061733043 ], [ 73.988935883613323, 19.668859263183542 ], [ 73.98697522875905, 19.669918574943171 ], [ 73.986824104280458, 19.669978311279223 ], [ 73.986720114404875, 19.670000681841508 ], [ 73.985889093715301, 19.670179446596311 ], [ 73.985402647005799, 19.670159963944439 ], [ 73.984711011610671, 19.66981786588774 ], [ 73.984602430445648, 19.669918651919705 ], [ 73.983637296674061, 19.670814491608578 ], [ 73.982719747561418, 19.670907209751327 ], [ 73.982551900045507, 19.670991814058176 ], [ 73.982110474203111, 19.671223571838883 ], [ 73.98134616689812, 19.671624842640121 ], [ 73.981187973576596, 19.671823548197587 ], [ 73.981121755163727, 19.671936722655211 ], [ 73.980475922170015, 19.673040521737519 ], [ 73.980087073822858, 19.673562598728068 ], [ 73.979483867685971, 19.674350825595205 ], [ 73.978429743209077, 19.675728276251018 ], [ 73.978194078279131, 19.675453091410066 ], [ 73.97816403322615, 19.675427185038242 ] ], [ [ 73.95212625512147, 19.870866017639106 ], [ 73.951917937603724, 19.869865306762687 ], [ 73.951635818993793, 19.8696590543063 ], [ 73.951332836113082, 19.868710829236012 ], [ 73.951000519645106, 19.868501803347346 ], [ 73.950282123437646, 19.868049929888983 ], [ 73.948954426922441, 19.869105861679163 ], [ 73.948938538419995, 19.869118498794585 ], [ 73.948834568307333, 19.869152091314223 ], [ 73.94848689244462, 19.869066500581258 ], [ 73.948069255787573, 19.868869669599903 ], [ 73.94721175635668, 19.868377030101115 ], [ 73.947016442850995, 19.868096046622632 ], [ 73.946946293410448, 19.867396743793684 ], [ 73.946853822631738, 19.86716855581458 ], [ 73.946766182992604, 19.867087332733888 ], [ 73.946717441303633, 19.867050069744522 ], [ 73.94650324521065, 19.866886318124191 ], [ 73.946215315399144, 19.866345208228068 ], [ 73.946434878027617, 19.865389483796612 ], [ 73.946265645309552, 19.865015584761021 ], [ 73.947147664256136, 19.863846866314422 ], [ 73.947376592719749, 19.863824871865166 ], [ 73.948029261892799, 19.8638249740942 ], [ 73.948202686149983, 19.864086273834303 ], [ 73.948364294866209, 19.864329775210511 ], [ 73.948602148990517, 19.864144257024595 ], [ 73.948701335574299, 19.864066892591268 ], [ 73.949319902004206, 19.864109378401967 ], [ 73.94899618780336, 19.862934712976347 ], [ 73.948596942355138, 19.862462642117958 ], [ 73.948559517642082, 19.862277208770184 ], [ 73.948525417593899, 19.862091192240293 ], [ 73.948489967377853, 19.861874286738239 ], [ 73.948488765432003, 19.861865915682102 ], [ 73.948487711708168, 19.861857526038186 ], [ 73.948486809799618, 19.8618491220309 ], [ 73.948486057909719, 19.861840703660253 ], [ 73.948485457835119, 19.861832275995461 ], [ 73.948485007779155, 19.861823839036589 ], [ 73.948484710436801, 19.861815397852855 ], [ 73.948484564011423, 19.861806954978917 ], [ 73.948484567604666, 19.861798511259646 ], [ 73.94848472391152, 19.861790069229674 ], [ 73.948485030237038, 19.861781632268553 ], [ 73.948485489276138, 19.861773203755746 ], [ 73.948486099232213, 19.861764783691306 ], [ 73.948486859206966, 19.861756377144484 ], [ 73.948487770996977, 19.861747986649878 ], [ 73.948488831907312, 19.861739613897345 ], [ 73.948490042836312, 19.861731261421447 ], [ 73.948491404682315, 19.861722931756852 ], [ 73.94849291475029, 19.861714626593294 ], [ 73.948494573938603, 19.861706351000112 ], [ 73.948496383145581, 19.861698104977279 ], [ 73.94849833787967, 19.86168989274919 ], [ 73.948500439937405, 19.861681716005624 ], [ 73.948502689318886, 19.861673575591443 ], [ 73.948505084227435, 19.86166547826571 ], [ 73.948509514718424, 19.861651732074247 ], [ 73.948718583227759, 19.861077272007773 ], [ 73.948518983859827, 19.860739383616473 ], [ 73.94851269834777, 19.860590410128726 ], [ 73.948494785941008, 19.860165903694856 ], [ 73.947685754212969, 19.8599400000294 ], [ 73.947543618277166, 19.859900309684416 ], [ 73.947222348392216, 19.859201452304699 ], [ 73.947232130147341, 19.859045179182335 ], [ 73.947370535379775, 19.858387762775347 ], [ 73.947436930760745, 19.858072376758731 ], [ 73.947529482387836, 19.858016218020438 ], [ 73.947875342755395, 19.857758236343177 ], [ 73.948183584373766, 19.857579085251789 ], [ 73.948245543873867, 19.857543073017421 ], [ 73.948030470126852, 19.857248295889409 ], [ 73.947895930345069, 19.857063899057636 ], [ 73.948373348087657, 19.856484778766966 ], [ 73.948369255363218, 19.856428861955155 ], [ 73.948358777413731, 19.856285710906704 ], [ 73.947992061758569, 19.856086616604497 ], [ 73.947827961115721, 19.855997525963375 ], [ 73.948129977409181, 19.855715557353879 ], [ 73.948266374906993, 19.855569728135592 ], [ 73.948709653075525, 19.85514197224494 ], [ 73.949704625287566, 19.854705757585602 ], [ 73.950148149594497, 19.855510395020577 ], [ 73.950181781620387, 19.855571408665647 ], [ 73.950204951866525, 19.855560977381231 ], [ 73.950506112065554, 19.85542538498488 ], [ 73.950512994058911, 19.85542228668956 ], [ 73.950635272735383, 19.854748592319339 ], [ 73.950664105961096, 19.854589729363976 ], [ 73.950678793415989, 19.854068804905143 ], [ 73.950678823060372, 19.853848178385 ], [ 73.950690064577842, 19.85366286931021 ], [ 73.950779754172444, 19.853432585596082 ], [ 73.950870326810971, 19.853200032080075 ], [ 73.951168849556268, 19.852441549840634 ], [ 73.951316702370605, 19.852065885642965 ], [ 73.951333139743639, 19.852024120712542 ], [ 73.951806144961552, 19.850944404306038 ], [ 73.951845118370159, 19.850807349602917 ], [ 73.952012583203754, 19.850426220693311 ], [ 73.952544800873611, 19.849214959899065 ], [ 73.952539349896455, 19.84918036105115 ], [ 73.952530134079964, 19.849121856974399 ], [ 73.953281187641238, 19.849143696302036 ], [ 73.953562068372705, 19.849151861017614 ], [ 73.954050230864382, 19.849117295108844 ], [ 73.954677047421868, 19.849021554202626 ], [ 73.954793744865512, 19.849000980588816 ], [ 73.955004085389277, 19.848963900929217 ], [ 73.955340952722494, 19.848904513802502 ], [ 73.955482836231724, 19.848896009405305 ], [ 73.955535619441207, 19.84889284507658 ], [ 73.955669195330685, 19.848884836662986 ], [ 73.955736937286261, 19.848880775844567 ], [ 73.955883296202231, 19.84886270917254 ], [ 73.95690428901483, 19.848736667419939 ], [ 73.957549132963436, 19.848686739409164 ], [ 73.957829781031236, 19.848665008172116 ], [ 73.957779988313348, 19.849368093592982 ], [ 73.9576903319564, 19.850443133845165 ], [ 73.95768715910684, 19.850480629714191 ], [ 73.957608014835358, 19.851416205262353 ], [ 73.957570485917742, 19.851717333599435 ], [ 73.957555591850323, 19.851903803347355 ], [ 73.956857749096571, 19.853692963746497 ], [ 73.956671326217247, 19.854033439927832 ], [ 73.956662814679916, 19.854048983079668 ], [ 73.956855518579744, 19.855411988046647 ], [ 73.956866846335473, 19.855411496307362 ], [ 73.958142142323496, 19.855356048044079 ], [ 73.958581334954133, 19.855373411854092 ], [ 73.958579378423451, 19.855337030736884 ], [ 73.958784988418941, 19.854203147980108 ], [ 73.958809713648805, 19.854066783856361 ], [ 73.95980233586809, 19.854031853167616 ], [ 73.960305255883256, 19.853996586192878 ], [ 73.960911907059241, 19.853964113362721 ], [ 73.961767512841504, 19.853889827081151 ], [ 73.962554234011151, 19.853850682731473 ], [ 73.96264121877843, 19.853880247366607 ], [ 73.96275855133095, 19.853922359070946 ], [ 73.962837130562093, 19.853953503694385 ], [ 73.962997276821071, 19.853967530221592 ], [ 73.963180364255734, 19.853968167291718 ], [ 73.964395465034926, 19.853972385135179 ], [ 73.964449803228149, 19.853993203131424 ], [ 73.964635274791604, 19.85406426092506 ], [ 73.964682587260967, 19.854082386994243 ], [ 73.965107183166552, 19.854109823233198 ], [ 73.965937256133472, 19.854179215638343 ], [ 73.966768638844087, 19.854222838823858 ], [ 73.967050145701307, 19.854221704097334 ], [ 73.967308202037998, 19.854230890058947 ], [ 73.967323279361764, 19.854215149213811 ], [ 73.967370855037501, 19.854165473022793 ], [ 73.967702814874329, 19.853818862150767 ], [ 73.968029349785169, 19.85347791742155 ], [ 73.968582096654231, 19.852900776378387 ], [ 73.968612487558588, 19.852869046014312 ], [ 73.968534061939366, 19.852432487979954 ], [ 73.968500506270217, 19.852245698624895 ], [ 73.96849404828167, 19.852209749394707 ], [ 73.9685063516078, 19.852134577649778 ], [ 73.968973297689118, 19.851941739925412 ], [ 73.969312456624621, 19.851801674745573 ], [ 73.969298509381517, 19.851732662365265 ], [ 73.969221270436748, 19.851350527670995 ], [ 73.968872624393526, 19.849625784731664 ], [ 73.968872212066799, 19.849623744192616 ], [ 73.968868306191951, 19.84960442370858 ], [ 73.969008259221638, 19.849552300806071 ], [ 73.969085888933563, 19.849523387661588 ], [ 73.968770965646073, 19.847681897887572 ], [ 73.968718511220018, 19.847549659144214 ], [ 73.968657429373948, 19.847098483083979 ], [ 73.968632936807708, 19.846872133265478 ], [ 73.969106823272952, 19.846854544611325 ], [ 73.969912496200124, 19.846819631769208 ], [ 73.970062378308654, 19.846782648770287 ], [ 73.970092653330326, 19.846580357046797 ], [ 73.970087559882685, 19.84642955528987 ], [ 73.970085309602894, 19.846278708606743 ], [ 73.970085624013237, 19.846198923940413 ], [ 73.970085903389304, 19.846127867694999 ], [ 73.970093193217821, 19.845876908617843 ], [ 73.970096631070405, 19.845811003128933 ], [ 73.970101313089671, 19.845745170279653 ], [ 73.970107233885741, 19.845679428659206 ], [ 73.97011439525518, 19.845613800236862 ], [ 73.970122790011487, 19.845548306136887 ], [ 73.970132420849666, 19.845482964103709 ], [ 73.970135541596946, 19.845464241351479 ], [ 73.970143284176402, 19.845417795261714 ], [ 73.970155373703477, 19.845352817355387 ], [ 73.970168686735988, 19.845288054043987 ], [ 73.970183219680663, 19.845223523072168 ], [ 73.970198970740853, 19.845159242184483 ], [ 73.97021593003511, 19.845095234195391 ], [ 73.970234095766784, 19.845031516849506 ], [ 73.970253461647673, 19.844968109581512 ], [ 73.970285912388988, 19.844870272339502 ], [ 73.970287639849275, 19.844856797618068 ], [ 73.970289620634475, 19.844843356694263 ], [ 73.970291855642913, 19.844829951258017 ], [ 73.970294343976249, 19.844816582999279 ], [ 73.970297082939567, 19.844803260367801 ], [ 73.970300073431133, 19.844789985053474 ], [ 73.97030331275603, 19.844776762126145 ], [ 73.970306802710923, 19.844763594120717 ], [ 73.970310538804185, 19.844750486107056 ], [ 73.970314524629103, 19.844737440620094 ], [ 73.97031875479577, 19.844724465264544 ], [ 73.970319258750649, 19.844723010226542 ], [ 73.970323229304213, 19.844711560040423 ], [ 73.970327947256081, 19.844698731707492 ], [ 73.970332905058157, 19.84468598195576 ], [ 73.970338105405318, 19.844673316700025 ], [ 73.970343542907742, 19.844660737630196 ], [ 73.970349216667074, 19.844648249816181 ], [ 73.970355126683316, 19.844635858327791 ], [ 73.970361270261535, 19.844623564854981 ], [ 73.970367644706812, 19.844611373622637 ], [ 73.97037424822247, 19.84459928885564 ], [ 73.970381079910197, 19.844587313933893 ], [ 73.970388137075062, 19.844575452237276 ], [ 73.970395417022132, 19.844563707990719 ], [ 73.970402917954729, 19.844552085419057 ], [ 73.970410638076288, 19.844540585367348 ], [ 73.970418574691848, 19.844529212905371 ], [ 73.970426724208068, 19.844517973102992 ], [ 73.970435085726749, 19.844506866805247 ], [ 73.970443656552874, 19.844495899081966 ], [ 73.970452434889836, 19.844485073313049 ], [ 73.970461415347728, 19.844474392033494 ], [ 73.970470597028253, 19.84446385777818 ], [ 73.970479977236451, 19.84445347561698 ], [ 73.970489734737058, 19.844443054586439 ], [ 73.97046890370396, 19.84443506791763 ], [ 73.970371467936644, 19.844397704970945 ], [ 73.970266160232512, 19.84435732377646 ], [ 73.970264966371502, 19.844356864956822 ], [ 73.969902839310791, 19.84438289768919 ], [ 73.969873264076696, 19.84438653613692 ], [ 73.9698436241639, 19.844389693795712 ], [ 73.969813924962295, 19.84439237235555 ], [ 73.969784177251682, 19.844394570126557 ], [ 73.969754388218533, 19.84439628710874 ], [ 73.969724568642675, 19.84439752161213 ], [ 73.969694728405557, 19.844398272791818 ], [ 73.969664872897098, 19.844398543182731 ], [ 73.969635014693679, 19.844398331094869 ], [ 73.969631537315209, 19.844398250822564 ], [ 73.969605161880168, 19.844397635683308 ], [ 73.969575325236292, 19.844396458637952 ], [ 73.969545508355409, 19.844394799958831 ], [ 73.969515727407099, 19.844392658800913 ], [ 73.969485985086393, 19.844390037699132 ], [ 73.969456294867911, 19.844386936653436 ], [ 73.969451558949729, 19.844386363762691 ], [ 73.9694266657349, 19.844383357353749 ], [ 73.969397103975524, 19.84437929895509 ], [ 73.969367620369582, 19.844374763992292 ], [ 73.969338223001898, 19.844369753310328 ], [ 73.969308921753978, 19.844364270289024 ], [ 73.969279725608914, 19.844358314083347 ], [ 73.969250641753277, 19.844351888073135 ], [ 73.969223739007148, 19.844345483186977 ], [ 73.969221864223172, 19.844344640750098 ], [ 73.969218985122666, 19.844343947028232 ], [ 73.969192851334412, 19.844337633398702 ], [ 73.969164160940878, 19.844329808114217 ], [ 73.969135622362629, 19.84432152231965 ], [ 73.969107238294612, 19.844312776859883 ], [ 73.969079020414867, 19.844303574269777 ], [ 73.969050976808361, 19.844293919619066 ], [ 73.969023118254782, 19.844283813752675 ], [ 73.968995450144007, 19.844273260895324 ], [ 73.968967983255908, 19.844262261891945 ], [ 73.968940722980264, 19.844250822657184 ], [ 73.968913680995271, 19.844238947415878 ], [ 73.968889477686574, 19.844226483227914 ], [ 73.968886843826155, 19.844225126202179 ], [ 73.968883743740108, 19.844225142256644 ], [ 73.968878555071029, 19.844222654657756 ], [ 73.968873341249122, 19.844220156919132 ], [ 73.968860278846577, 19.844213895672976 ], [ 73.96883393485254, 19.844200729310831 ], [ 73.968807842386809, 19.844187141306236 ], [ 73.968782005940923, 19.844173133349042 ], [ 73.968756435396358, 19.844158713043893 ], [ 73.968731136143035, 19.844143882080608 ], [ 73.968706118960654, 19.844128647218817 ], [ 73.968694142621288, 19.844121075415938 ], [ 73.968689296210343, 19.844118009853883 ], [ 73.968684473155562, 19.844114961191192 ], [ 73.968683103224762, 19.844112270797027 ], [ 73.968680585247029, 19.844110798009016 ], [ 73.968656955961805, 19.844096980164014 ], [ 73.968624576187381, 19.844074804687647 ], [ 73.968617769652454, 19.84406702839868 ], [ 73.968610817590488, 19.844059361110869 ], [ 73.968603726289658, 19.844051806204153 ], [ 73.968596491258353, 19.844044367058451 ], [ 73.968592335651849, 19.844040240208241 ], [ 73.968589117886467, 19.844037043673726 ], [ 73.968581609767327, 19.844029841119891 ], [ 73.968573966900891, 19.844022759396957 ], [ 73.968566192880445, 19.844015801884787 ], [ 73.968558290400878, 19.8440089702734 ], [ 73.968550261258883, 19.844002266252708 ], [ 73.968542107251025, 19.8439956932027 ], [ 73.96853383017401, 19.843989251968296 ], [ 73.968525435417661, 19.843982944239482 ], [ 73.968516923880372, 19.84397677170621 ], [ 73.968508299155289, 19.84397073774841 ], [ 73.968499561242538, 19.84396484405606 ], [ 73.968490716430267, 19.843959092319064 ], [ 73.968481762023515, 19.843953481692505 ], [ 73.968472707903771, 19.843948018091226 ], [ 73.968463549579425, 19.843942699825256 ], [ 73.968454296932023, 19.843937530274552 ], [ 73.968444947266534, 19.843932510284084 ], [ 73.968435506871202, 19.843927640698791 ], [ 73.968425974847733, 19.843922924053707 ], [ 73.968416359280937, 19.843918362883688 ], [ 73.968415910123284, 19.843918159244925 ], [ 73.968406659272517, 19.843913957188768 ], [ 73.968396876619053, 19.843909708658927 ], [ 73.968387019405441, 19.843905617294158 ], [ 73.96837708583503, 19.843901684784431 ], [ 73.9683670812977, 19.84389791535461 ], [ 73.968354175202023, 19.843893323764803 ], [ 73.968340047397547, 19.843881783106564 ], [ 73.968325705794044, 19.843870470590595 ], [ 73.968319238822318, 19.843865546925034 ], [ 73.968316642691136, 19.843863569685041 ], [ 73.9683140312886, 19.843861579770383 ], [ 73.968311155781393, 19.843859391286728 ], [ 73.968296399156216, 19.843848546884985 ], [ 73.968281442206731, 19.843837940765297 ], [ 73.968266290322831, 19.843827578842557 ], [ 73.968250946199461, 19.843817461116817 ], [ 73.968235415226516, 19.843807590968019 ], [ 73.968219702793888, 19.843797974311023 ], [ 73.968203409151272, 19.843789016733755 ], [ 73.96818774971922, 19.843779504007546 ], [ 73.968171520755291, 19.843770657965909 ], [ 73.96815512919629, 19.843762073866003 ], [ 73.968138580432125, 19.843753755087768 ], [ 73.968121878056067, 19.843745704166185 ], [ 73.968105028356277, 19.843737923636219 ], [ 73.96808803582438, 19.843730416032791 ], [ 73.968070906748522, 19.843723182200986 ], [ 73.968053648315291, 19.843716226365636 ], [ 73.968036259626345, 19.843709550216779 ], [ 73.968018752359782, 19.843703153754458 ], [ 73.968001127413899, 19.84369704204855 ], [ 73.967983391975224, 19.843691215099042 ], [ 73.967961596151483, 19.843684488250645 ], [ 73.967935024883715, 19.843679977772279 ], [ 73.967908372767567, 19.843675897386287 ], [ 73.967897495966099, 19.843674411074606 ], [ 73.967889208109284, 19.843673278807596 ], [ 73.967881653277715, 19.843672247092652 ], [ 73.967854870905853, 19.843669027736354 ], [ 73.967828036431698, 19.843666242697417 ], [ 73.967801155245127, 19.843663891130777 ], [ 73.967774236329333, 19.843661973881495 ], [ 73.9677472877691, 19.843660491794576 ], [ 73.967720319445974, 19.843659444025025 ], [ 73.967693339444708, 19.843658833952734 ], [ 73.96766635315528, 19.843658659042806 ], [ 73.967639372255732, 19.843658920985192 ], [ 73.967612401237631, 19.843659618089951 ], [ 73.967585451779115, 19.843660751202048 ], [ 73.967558530168361, 19.843662318631505 ], [ 73.96753164628683, 19.843664322913245 ], [ 73.967504806422809, 19.84366676066734 ], [ 73.967478018661012, 19.843669631893793 ], [ 73.967451293781323, 19.843672936592554 ], [ 73.967424637173551, 19.843676673073681 ], [ 73.967398057820944, 19.843680838802161 ], [ 73.967371564706568, 19.843685434623005 ], [ 73.967345538716174, 19.843690952311754 ], [ 73.96731886683709, 19.84369590893672 ], [ 73.967292678251596, 19.843701784894588 ], [ 73.967266607345437, 19.843708081649901 ], [ 73.96724066130507, 19.843714800892549 ], [ 73.967214849113702, 19.843721939242577 ], [ 73.967211756214155, 19.843722849280784 ], [ 73.96718917795782, 19.843729494164986 ], [ 73.967163655922278, 19.84373746227984 ], [ 73.967138291091928, 19.843745843587062 ], [ 73.967112147422199, 19.843753212613848 ], [ 73.967103227151441, 19.84375825880425 ], [ 73.967088063589429, 19.843763833103758 ], [ 73.967063216188677, 19.843773433708318 ], [ 73.96703855473919, 19.843783437365261 ], [ 73.967014089122415, 19.8437938390047 ], [ 73.966989827423248, 19.843804634401618 ], [ 73.966978813179523, 19.843809755793103 ], [ 73.966965773234861, 19.843815821021064 ], [ 73.966941937337097, 19.84382739717304 ], [ 73.966918326018188, 19.843839356942581 ], [ 73.966894406577126, 19.84385031626147 ], [ 73.966866971130031, 19.843867138856734 ], [ 73.96683259709566, 19.843875684927124 ], [ 73.966797501714169, 19.843882236012799 ], [ 73.966783962306209, 19.843886694941975 ], [ 73.96676338190305, 19.843891103172542 ], [ 73.966728559609351, 19.843897970277922 ], [ 73.966693611551534, 19.843904272095287 ], [ 73.96665854581444, 19.843910006934781 ], [ 73.966623374076121, 19.843915174796436 ], [ 73.966588105319744, 19.843919772300442 ], [ 73.966552751223432, 19.843923798601864 ], [ 73.966517322566943, 19.843927252010744 ], [ 73.966481831028361, 19.84393013337219 ], [ 73.966446287387541, 19.843932439306268 ], [ 73.966410700627549, 19.843934169813004 ], [ 73.966375083324834, 19.843935324892449 ], [ 73.966339446259212, 19.843935905389596 ], [ 73.966303798413804, 19.843935908769474 ], [ 73.9662681532633, 19.843935336722105 ], [ 73.966232519790935, 19.843934188402425 ], [ 73.966196829724694, 19.843932734202181 ], [ 73.966194333306518, 19.843932554222707 ], [ 73.966161333694586, 19.843930166326167 ], [ 73.96612580173182, 19.843927291724533 ], [ 73.966090327261242, 19.843923845920397 ], [ 73.966054915672757, 19.843919827223754 ], [ 73.966019584034328, 19.843915237324538 ], [ 73.965984341329104, 19.84391007622267 ], [ 73.965949195641926, 19.843904348142956 ], [ 73.96592736298723, 19.843900424927924 ], [ 73.965920744200218, 19.843899236049271 ], [ 73.965914362568441, 19.843899826686219 ], [ 73.965879243830742, 19.843891193584767 ], [ 73.96583422026869, 19.843881474690956 ], [ 73.965818579701292, 19.843877454303311 ], [ 73.965802868166961, 19.843873685717902 ], [ 73.965787091055631, 19.843870172314638 ], [ 73.965771251062208, 19.843866914093557 ], [ 73.965755352678315, 19.84386391105468 ], [ 73.965739404887074, 19.84386116573295 ], [ 73.965723406790204, 19.843858678973312 ], [ 73.965707365574161, 19.843856449085852 ], [ 73.965691289323843, 19.843854480295466 ], [ 73.965675178039206, 19.843852769222252 ], [ 73.965659038906807, 19.843851320936082 ], [ 73.965642878214865, 19.843850132057032 ], [ 73.965626698658269, 19.843849204275109 ], [ 73.965610503830348, 19.843848537590262 ], [ 73.965594302714194, 19.843848133692479 ], [ 73.965578098903109, 19.843847992581736 ], [ 73.965561894193669, 19.843848110878167 ], [ 73.965545697569098, 19.843848492806622 ], [ 73.965529512622624, 19.843849136677129 ], [ 73.965513343845828, 19.843850040799794 ], [ 73.965497196628618, 19.843851206019561 ], [ 73.96548107456421, 19.843852634026362 ], [ 73.965464983940834, 19.843854320595309 ], [ 73.965448930148398, 19.843856268261316 ], [ 73.965432916780131, 19.843858475334457 ], [ 73.965416960904065, 19.843860939279793 ], [ 73.965401031977422, 19.843863662632224 ], [ 73.965385170424483, 19.843866642856803 ], [ 73.965369369058635, 19.843869879953505 ], [ 73.96535363416811, 19.843873371387449 ], [ 73.965337968447855, 19.84387711800354 ], [ 73.965322377287805, 19.84388111642188 ], [ 73.96530686428116, 19.843885366642425 ], [ 73.965291434817814, 19.843889867820216 ], [ 73.965276096982663, 19.843894618265288 ], [ 73.9652608525723, 19.843899616287629 ], [ 73.965245705179967, 19.843904861042304 ], [ 73.965230661093912, 19.843910349149297 ], [ 73.965215723907377, 19.843916080608668 ], [ 73.965200899010242, 19.843922052885429 ], [ 73.965186189995762, 19.843928265134629 ], [ 73.9651716031522, 19.843934714821241 ], [ 73.96515714117443, 19.843941400255328 ], [ 73.965142807655752, 19.843948318056981 ], [ 73.965128680749586, 19.84395554089388 ], [ 73.965108802828979, 19.843965950126798 ], [ 73.965064134101468, 19.843930611627492 ], [ 73.965048284226626, 19.843918074747535 ], [ 73.964973311731342, 19.843858766005674 ], [ 73.964879898619856, 19.843784865372651 ], [ 73.964492699579566, 19.843492611982942 ], [ 73.964298765886156, 19.842948099842157 ], [ 73.964110582308876, 19.842835150581493 ], [ 73.963697391414158, 19.842832379047554 ], [ 73.962952903639291, 19.842840669989716 ], [ 73.962768831651033, 19.842822899218223 ], [ 73.962190569933, 19.842765707587713 ], [ 73.961957801171522, 19.842723135788809 ], [ 73.961744243780714, 19.841237674349262 ], [ 73.961677003983368, 19.840810478086294 ], [ 73.961549980405564, 19.840003526894012 ], [ 73.96171991380956, 19.839855496391053 ], [ 73.961579005870718, 19.839552227989248 ], [ 73.961522888114899, 19.839566980796722 ], [ 73.961337789352314, 19.839179538951104 ], [ 73.961281653630181, 19.839062036685227 ], [ 73.960946964711539, 19.838361496403586 ], [ 73.960934392789127, 19.838335182142732 ], [ 73.960895267565235, 19.838212697105991 ], [ 73.960524484338478, 19.837340985595585 ], [ 73.960519301957589, 19.837328805634236 ], [ 73.959557306001301, 19.836588230287397 ], [ 73.95875209929973, 19.83603503981746 ], [ 73.958568994797062, 19.835909243921478 ], [ 73.957861116963286, 19.835689425350591 ], [ 73.957012135357928, 19.835425777867073 ], [ 73.956986295318785, 19.835417754408891 ], [ 73.956912795162239, 19.835394928745597 ], [ 73.956584424993267, 19.835392979285732 ], [ 73.95544560375815, 19.835386203919686 ], [ 73.954459691954042, 19.835399981961718 ], [ 73.954280738566283, 19.835430264919339 ], [ 73.952194793882711, 19.836104488289621 ], [ 73.952195992235303, 19.8360453870384 ], [ 73.952161881407321, 19.835893666037876 ], [ 73.952166613732231, 19.83501331328554 ], [ 73.952161578675074, 19.834063366890394 ], [ 73.952127472338702, 19.833949520651966 ], [ 73.95211693510042, 19.833734587857641 ], [ 73.952033355846382, 19.832029742631104 ], [ 73.952000276284352, 19.831355098036301 ], [ 73.952053673043181, 19.830484706035289 ], [ 73.95208286379831, 19.830352412408665 ], [ 73.952085175163532, 19.830281725118557 ], [ 73.952114559954794, 19.829382685912229 ], [ 73.95213121472014, 19.828873068388628 ], [ 73.952104325448758, 19.828718276368871 ], [ 73.952067834983595, 19.828508219231352 ], [ 73.951921024215025, 19.82798360586963 ], [ 73.951615146064157, 19.828021177181906 ], [ 73.951097969785422, 19.828084701073458 ], [ 73.950719341571258, 19.828092362371965 ], [ 73.950184207969997, 19.828103184187899 ], [ 73.950100184049873, 19.82810321883527 ], [ 73.94939004964813, 19.828103507845185 ], [ 73.948978199938125, 19.82810367432166 ], [ 73.947719111354431, 19.828117691301692 ], [ 73.947452789618765, 19.828120653230467 ], [ 73.947408965307645, 19.828101396889753 ], [ 73.946557118076541, 19.828132467987704 ], [ 73.946332886903534, 19.828140644769306 ], [ 73.946202669814909, 19.828144768652365 ], [ 73.945282398806924, 19.82805740399731 ], [ 73.944717466291053, 19.827985768375232 ], [ 73.944401813571545, 19.827945739622852 ], [ 73.944211192864898, 19.827921566706674 ], [ 73.944209901087504, 19.82792080361822 ], [ 73.944136411710758, 19.827914266240217 ], [ 73.943803760171164, 19.827884672263426 ], [ 73.943715779172237, 19.827618202845354 ], [ 73.9436068979699, 19.827288432737443 ], [ 73.943112464339194, 19.827145439638578 ], [ 73.943028723388437, 19.827106727283489 ], [ 73.941401031789141, 19.826354230240728 ], [ 73.941099456568466, 19.826302130129413 ], [ 73.940865094195672, 19.826003875001298 ], [ 73.940553774949151, 19.825607684853644 ], [ 73.940359877188314, 19.825360928012227 ], [ 73.940356975629953, 19.825347891918636 ], [ 73.940354321108273, 19.825334811880204 ], [ 73.940351911826681, 19.825321692967318 ], [ 73.940349749581813, 19.825308537715191 ], [ 73.940347837068558, 19.825295350349229 ], [ 73.940346169795433, 19.825282134249669 ], [ 73.940344753152189, 19.825268895332002 ], [ 73.940343584443994, 19.825255636131526 ], [ 73.940342667264105, 19.825242360873521 ], [ 73.940341998019221, 19.825229073783387 ], [ 73.940341579404304, 19.825215779086449 ], [ 73.940341411419354, 19.825202481008141 ], [ 73.940341493166031, 19.825189182928693 ], [ 73.940341826441013, 19.82517588907351 ], [ 73.940342406752677, 19.825162602822889 ], [ 73.940343238592618, 19.825149330092337 ], [ 73.94034432106254, 19.825136073417081 ], [ 73.940345653264103, 19.825122838712648 ], [ 73.940347231604079, 19.825109626824112 ], [ 73.940349060573965, 19.825096445357126 ], [ 73.940351138377224, 19.82508329431176 ], [ 73.940353462318882, 19.825070181293636 ], [ 73.94035603239891, 19.825057107147842 ], [ 73.940358848617322, 19.825044080325149 ], [ 73.940361910075822, 19.8250310999805 ], [ 73.940365214079407, 19.825018172874476 ], [ 73.940368762424811, 19.825005303232498 ], [ 73.940372553315299, 19.824992491899632 ], [ 73.940376584055969, 19.824979745636469 ], [ 73.940380853748508, 19.82496706782338 ], [ 73.940385363291242, 19.824954461840672 ], [ 73.940390108192588, 19.824941932758726 ], [ 73.940395089350815, 19.824929482267823 ], [ 73.940400303172737, 19.824917114593291 ], [ 73.940404946564428, 19.824906861296046 ], [ 73.940410408321384, 19.824895554189219 ], [ 73.940469576755874, 19.824756120087642 ], [ 73.940408968321975, 19.824159393044084 ], [ 73.940347625066167, 19.823857101169185 ], [ 73.940498859139197, 19.823789951879828 ], [ 73.940508950813083, 19.823785363089062 ], [ 73.941377946882966, 19.823390218694541 ], [ 73.941482826989031, 19.823340053697954 ], [ 73.942048423359893, 19.823069519406761 ], [ 73.943975980685849, 19.822910018831507 ], [ 73.945406212704228, 19.822868863991136 ], [ 73.945441476070698, 19.822851446766617 ], [ 73.945559135609955, 19.82276232564687 ], [ 73.945885743284322, 19.822524625420375 ], [ 73.945901477276564, 19.822624245193957 ], [ 73.946013018390417, 19.82333047805599 ], [ 73.946139640421293, 19.824325326791943 ], [ 73.946462212863395, 19.824314143870289 ], [ 73.9470967702037, 19.824280697355086 ], [ 73.94709802694679, 19.824292098309353 ], [ 73.947349636973058, 19.824283372028663 ], [ 73.947364875095204, 19.824397537871992 ], [ 73.947563946253723, 19.825927545781035 ], [ 73.94884615208295, 19.825890856226813 ], [ 73.951092239432214, 19.825826528641503 ], [ 73.951324031724994, 19.82582276469822 ], [ 73.951446879035032, 19.825787990894717 ], [ 73.952869490644829, 19.825749716800662 ], [ 73.953113423668654, 19.825743150600921 ], [ 73.953498014001383, 19.825805330896003 ], [ 73.953773008971069, 19.825849789200536 ], [ 73.953831626738307, 19.82585719708576 ], [ 73.954125423446925, 19.825894324393978 ], [ 73.954172149316449, 19.825900703827042 ], [ 73.954413566159175, 19.825933665776326 ], [ 73.954435167946812, 19.825936615914816 ], [ 73.95470975508141, 19.825971245178934 ], [ 73.954702378116252, 19.826153845168712 ], [ 73.954701203119853, 19.826182918060624 ], [ 73.95513201896047, 19.826545644679413 ], [ 73.955205485879333, 19.8265179695941 ], [ 73.95549958172694, 19.826680267096535 ], [ 73.958829561026704, 19.82823293183883 ], [ 73.958936097626122, 19.828289481388516 ], [ 73.960389193565092, 19.829379905693045 ], [ 73.960438439208971, 19.829278943986445 ], [ 73.960815368708936, 19.828506151379145 ], [ 73.960853689042324, 19.82849904192221 ], [ 73.96107675869365, 19.828457662054078 ], [ 73.960982587404132, 19.827586348275354 ], [ 73.96096069456236, 19.827499888374 ], [ 73.961381357643575, 19.826741001117966 ], [ 73.961623005353317, 19.826833915193475 ], [ 73.961835827922229, 19.826949947641875 ], [ 73.961975202436861, 19.827008459041803 ], [ 73.962002804970609, 19.827040984708368 ], [ 73.962718113668402, 19.827700265833283 ], [ 73.964040576598762, 19.828100315215224 ], [ 73.96453063633237, 19.828250513259746 ], [ 73.964558583819169, 19.828214497752786 ], [ 73.965121054052844, 19.827489680876699 ], [ 73.965214554300857, 19.827354011268152 ], [ 73.965405598114046, 19.827076802736403 ], [ 73.966396542280364, 19.827127233593533 ], [ 73.966987067798684, 19.827164640320966 ], [ 73.967091832920374, 19.827171274912082 ], [ 73.967327542766085, 19.827278254803748 ], [ 73.967899881891498, 19.827286265997046 ], [ 73.968098671877343, 19.827289047943008 ], [ 73.968715732730828, 19.827283703767343 ], [ 73.96881963367322, 19.827282804620769 ], [ 73.969132282426372, 19.82728009619516 ], [ 73.969733113417661, 19.827241034016865 ], [ 73.970694432044212, 19.827130946802079 ], [ 73.970729082759718, 19.827079731727089 ], [ 73.971532122724781, 19.826963112053811 ], [ 73.971569374961291, 19.826979954184075 ], [ 73.971678767304994, 19.827029413248393 ], [ 73.971706067106496, 19.827041756251685 ], [ 73.97187945632939, 19.827120148581766 ], [ 73.973102052651285, 19.827205198279522 ], [ 73.973124806079127, 19.827247419311306 ], [ 73.973248276819959, 19.827476542705277 ], [ 73.973277216945149, 19.827483347985815 ], [ 73.973766595755748, 19.82759843264672 ], [ 73.973883777391293, 19.827627183306195 ], [ 73.974534551119106, 19.827786841398787 ], [ 73.974656821710767, 19.827788087017069 ], [ 73.975790370733463, 19.827735624845037 ], [ 73.975994963836072, 19.827732086578035 ], [ 73.976608840161873, 19.827721464171049 ], [ 73.97660836495308, 19.827707658421172 ], [ 73.976816444417281, 19.827699821331539 ], [ 73.976787150355875, 19.826821812172525 ], [ 73.976845937006388, 19.826780465670247 ], [ 73.976990219915763, 19.826678990202133 ], [ 73.977074887029602, 19.826657772288762 ], [ 73.977753422292921, 19.82620939658759 ], [ 73.978248431743722, 19.826754914275167 ], [ 73.978665277883309, 19.827214297072551 ], [ 73.978781501914781, 19.827342383211811 ], [ 73.978912806863221, 19.827411392671539 ], [ 73.979372431674989, 19.827878084180316 ], [ 73.98019213179532, 19.828815281041859 ], [ 73.981118299344828, 19.829732428646505 ], [ 73.981582763381027, 19.830105906308795 ], [ 73.982311088667302, 19.830691557841355 ], [ 73.984071234160254, 19.832014460130118 ], [ 73.984089284907597, 19.832076699658838 ], [ 73.985000781171863, 19.83269140633211 ], [ 73.985002847297011, 19.832676666406581 ], [ 73.985022312890919, 19.832537797700809 ], [ 73.985017497920978, 19.83251991169675 ], [ 73.985012363150844, 19.832502114419334 ], [ 73.985006911275349, 19.832484410093777 ], [ 73.985002777228416, 19.832471798792142 ], [ 73.985001139599675, 19.832466806325392 ], [ 73.984995057106886, 19.832449308184469 ], [ 73.984988659305429, 19.83243191905115 ], [ 73.984981951585212, 19.832414645685745 ], [ 73.984974933946205, 19.832397493158552 ], [ 73.98496761088002, 19.832380468229875 ], [ 73.984959983284924, 19.832363571744704 ], [ 73.984952052059285, 19.83234681468868 ], [ 73.984943821694642, 19.832330197906803 ], [ 73.984935294885958, 19.832313729004468 ], [ 73.984926471633273, 19.832297409671789 ], [ 73.984917358224678, 19.832281249204154 ], [ 73.98490795376199, 19.832265249291783 ], [ 73.984898265431653, 19.832249414159822 ], [ 73.984888292335356, 19.832233752258723 ], [ 73.984878038066398, 19.832218266123647 ], [ 73.98486750711632, 19.832202959134769 ], [ 73.984856702180068, 19.83218783974252 ], [ 73.984854319847983, 19.832184657335077 ], [ 73.984839969261301, 19.832165491905812 ], [ 73.98476099027981, 19.83205603681067 ], [ 73.984719656996973, 19.832000851646981 ], [ 73.984680050276083, 19.831947971727217 ], [ 73.984597175301218, 19.831841327924742 ], [ 73.984594043774138, 19.831837476239986 ], [ 73.984472198085626, 19.831687579885095 ], [ 73.984430092251657, 19.831632875420883 ], [ 73.984388979056064, 19.831577449273894 ], [ 73.984348870176916, 19.831521315809049 ], [ 73.984309779089031, 19.831464496996677 ], [ 73.98427171926707, 19.831407006356692 ], [ 73.984234696999266, 19.831348863324262 ], [ 73.984198729353608, 19.831290083954467 ], [ 73.984163824414921, 19.831230686837511 ], [ 73.984141003613431, 19.831190218635868 ], [ 73.98412999206468, 19.831170689718633 ], [ 73.984097243981026, 19.831110112878125 ], [ 73.984065590045333, 19.831048973216166 ], [ 73.984035040139176, 19.830987287633 ], [ 73.98400560324562, 19.830925078944116 ], [ 73.983961599271424, 19.830826272235893 ], [ 73.983939282424814, 19.830786802773147 ], [ 73.983917678840555, 19.830746949650575 ], [ 73.983896793010189, 19.830706727233611 ], [ 73.983876634815232, 19.830666144817471 ], [ 73.983857207848871, 19.83062521592257 ], [ 73.983838521094341, 19.830583953224366 ], [ 73.983820577246561, 19.830542367708166 ], [ 73.983803380797056, 19.830500474584486 ], [ 73.983786940729047, 19.830458284838791 ], [ 73.983771259737438, 19.830415811146423 ], [ 73.983756343212136, 19.830373067872991 ], [ 73.983742195644751, 19.830330067693954 ], [ 73.983730592106212, 19.830292303411962 ], [ 73.985575145099901, 19.830118473855777 ], [ 73.985678742411736, 19.830108709331576 ], [ 73.986343849658212, 19.830046022846656 ], [ 73.987176199854389, 19.830000626867658 ], [ 73.98727425276428, 19.829995279403033 ], [ 73.988023523169716, 19.829859618694183 ], [ 73.98806543586592, 19.829854285590631 ], [ 73.988800344904931, 19.829760774986244 ], [ 73.988879437074104, 19.829745697614058 ], [ 73.988884923983875, 19.829744650597746 ], [ 73.989008104568896, 19.829721168360791 ], [ 73.989701516831659, 19.82967473794799 ], [ 73.990035698202163, 19.829652359335959 ], [ 73.991082301983496, 19.829582268339937 ], [ 73.991139592939078, 19.829578563639139 ], [ 73.991127178221831, 19.829122196909893 ], [ 73.991245180019277, 19.828979638973692 ], [ 73.991238397738869, 19.828969467908731 ], [ 73.991231646001182, 19.828959279096996 ], [ 73.991224925704529, 19.82894907169344 ], [ 73.991218237747233, 19.828938844852974 ], [ 73.991211581230985, 19.828928601110778 ], [ 73.991204956155784, 19.82891833708662 ], [ 73.991198363419912, 19.828908057005787 ], [ 73.991191802125059, 19.828897758333106 ], [ 73.991185271372956, 19.828887441913597 ], [ 73.991178773858508, 19.828877107747303 ], [ 73.991172307785078, 19.828866754989143 ], [ 73.991165874051035, 19.828856385329228 ], [ 73.991159471757982, 19.828845997077433 ], [ 73.991153101804301, 19.82883559192388 ], [ 73.991146764189963, 19.828825169023471 ], [ 73.991140458915012, 19.828814730066409 ], [ 73.991134185081052, 19.828804271672329 ], [ 73.991127945383084, 19.828793798066634 ], [ 73.991121736227853, 19.828783306714076 ], [ 73.991115560310263, 19.828772797614686 ], [ 73.991109415833719, 19.828762273303617 ], [ 73.991103304594859, 19.82875173124571 ], [ 73.991097225695299, 19.828741172286012 ], [ 73.99109117913514, 19.828730597269544 ], [ 73.991085165812635, 19.828720006196345 ], [ 73.991079184829474, 19.828709399066412 ], [ 73.991073237083981, 19.828698773344527 ], [ 73.991067320779493, 19.828688132410946 ], [ 73.991061440407663, 19.828677476265653 ], [ 73.99105559057854, 19.828666803218571 ], [ 73.991049773987058, 19.828656114114704 ], [ 73.991043989734948, 19.828645408109015 ], [ 73.991038239618831, 19.828634687736663 ], [ 73.991032522740369, 19.828623952152579 ], [ 73.991026838201236, 19.828613199666677 ], [ 73.991021187798097, 19.828602431969038 ], [ 73.991015569734301, 19.828591649904698 ], [ 73.991009985806514, 19.82858085178362 ], [ 73.991004435116366, 19.828570037605719 ], [ 73.990998917663887, 19.828559209061115 ], [ 73.990993434347402, 19.828548366149853 ], [ 73.990987983370246, 19.828537507181796 ], [ 73.990982565630773, 19.828526633847037 ], [ 73.990977182027279, 19.828515746145548 ], [ 73.99097183166144, 19.828504843232349 ], [ 73.990966517228202, 19.82849392510737 ], [ 73.990961235134336, 19.828482992615676 ], [ 73.990955986278138, 19.82847204660235 ], [ 73.990950769761284, 19.828461086222315 ], [ 73.990945590075356, 19.828450110630467 ], [ 73.990940442728785, 19.828439123207104 ], [ 73.990935330416505, 19.828428118881885 ], [ 73.990930250443583, 19.82841710188001 ], [ 73.990925206403247, 19.828406071356468 ], [ 73.990920194702269, 19.828395027311249 ], [ 73.990915218035596, 19.828383968899335 ], [ 73.990910276403227, 19.828372896120655 ], [ 73.990905366211891, 19.828361810665374 ], [ 73.990900491953141, 19.828350714223529 ], [ 73.99089565272871, 19.828339600879815 ], [ 73.990890846741934, 19.828328475704513 ], [ 73.990886075789476, 19.828317337852575 ], [ 73.990881338972997, 19.828306185633892 ], [ 73.99087663719078, 19.828295021583628 ], [ 73.990871968646275, 19.828283844856713 ], [ 73.990867335136002, 19.8282726562982 ], [ 73.990862736660063, 19.828261454217998 ], [ 73.990858172320102, 19.828250238616093 ], [ 73.990853643014447, 19.82823901202762 ], [ 73.990849146946474, 19.828227771917437 ], [ 73.990844687709384, 19.828216520820735 ], [ 73.990840262608316, 19.828205257892396 ], [ 73.990835871643199, 19.82819398228742 ], [ 73.990831515712401, 19.828182694005768 ], [ 73.990827195714161, 19.828171393892529 ], [ 73.990822909851943, 19.82816008279271 ], [ 73.990818658125718, 19.828148759861261 ], [ 73.990814442332066, 19.828137425943293 ], [ 73.990810261572747, 19.828126080193634 ], [ 73.990806115847704, 19.828114721767353 ], [ 73.990802005156993, 19.828103353199534 ], [ 73.990797928602234, 19.828091973645158 ], [ 73.990793889776739, 19.828080583104207 ], [ 73.990789884188871, 19.828069180731596 ], [ 73.990785912736982, 19.82805776906255 ], [ 73.990781978116033, 19.828046344716796 ], [ 73.990778080326024, 19.828034911919655 ], [ 73.990774215773641, 19.828023465600747 ], [ 73.990770387153916, 19.828012011675472 ], [ 73.99076659356848, 19.828000545918549 ], [ 73.990762835017321, 19.827989070865151 ], [ 73.990759114195413, 19.827977583980108 ], [ 73.990755425712862, 19.827966087798597 ], [ 73.990751774959563, 19.827954582320569 ], [ 73.990748159240567, 19.827943065855976 ], [ 73.99074457765748, 19.827931540094863 ], [ 73.990741032905404, 19.827920005037306 ], [ 73.990737524984198, 19.82790845983817 ], [ 73.990734051198999, 19.8278969061876 ], [ 73.990730615143036, 19.82788534239549 ], [ 73.990727212324728, 19.82787376930688 ], [ 73.990723846337389, 19.827862186076729 ], [ 73.990720516282622, 19.82785059439512 ], [ 73.99071722216047, 19.827838994262063 ], [ 73.990713963072608, 19.827827384832531 ], [ 73.99071073991739, 19.827815766951527 ], [ 73.990707552694744, 19.82780413892899 ], [ 73.990704402303052, 19.827792503300021 ], [ 73.990701287843947, 19.827780859219594 ], [ 73.990698209317472, 19.827769208377873 ], [ 73.990695164926962, 19.827757545704433 ], [ 73.990692159164055, 19.82774587711474 ], [ 73.990689188435383, 19.827734200073589 ], [ 73.990686253639367, 19.827722514580937 ], [ 73.990683353877628, 19.827710822326974 ], [ 73.990680491845112, 19.827699120776472 ], [ 73.990677665745238, 19.827687413309718 ], [ 73.99067487557798, 19.82767569570133 ], [ 73.990672122241634, 19.827663972176676 ], [ 73.990669403939577, 19.827652241045616 ], [ 73.990666723366772, 19.827640503153212 ], [ 73.990664077828256, 19.827628757654356 ], [ 73.990661469120681, 19.827617003704084 ], [ 73.990658896345693, 19.827605244682534 ], [ 73.990656360401658, 19.827593478054567 ], [ 73.990653861288521, 19.827581704665239 ], [ 73.990651397209689, 19.827569925359619 ], [ 73.990648969961796, 19.827558137602527 ], [ 73.990646580443155, 19.827546344774181 ], [ 73.990644225958803, 19.82753454518447 ], [ 73.990641909203688, 19.827522738833377 ], [ 73.990639626584525, 19.827510927411055 ], [ 73.990637382592965, 19.827499109227382 ], [ 73.990635173635667, 19.827487284282302 ], [ 73.990633003305959, 19.827475455111074 ], [ 73.990630868908823, 19.827463618333383 ], [ 73.990628770444332, 19.827451775639386 ], [ 73.990626708810751, 19.827439928719187 ], [ 73.990624684008111, 19.827428075882708 ], [ 73.990622695138072, 19.827416217974942 ], [ 73.990620743098944, 19.827404354150843 ], [ 73.990618827890756, 19.827392486100585 ], [ 73.99061695041182, 19.827380612133961 ], [ 73.990615107967173, 19.827368733941167 ], [ 73.990613303251777, 19.827356849832057 ], [ 73.990611535367293, 19.82734496065169 ], [ 73.990609804313749, 19.827333068090155 ], [ 73.990608109192792, 19.827321169612318 ], [ 73.990606450902774, 19.827309267753325 ], [ 73.990604831240319, 19.827297361668133 ], [ 73.990603245713842, 19.827285452201814 ], [ 73.990601697916603, 19.827273535974101 ], [ 73.990600187848614, 19.827261616365217 ], [ 73.990598713713254, 19.827249694220274 ], [ 73.990597277307089, 19.827237766158962 ], [ 73.990595876833581, 19.827225836406672 ], [ 73.990594514089281, 19.827213900738037 ], [ 73.99059321063379, 19.827201961688235 ], [ 73.990591834414786, 19.827190027707925 ], [ 73.990590385432228, 19.827178103022412 ], [ 73.990588863686142, 19.827166185096505 ], [ 73.990587270074826, 19.827154273930212 ], [ 73.990585603699998, 19.827142373748877 ], [ 73.9905838645616, 19.827130481172194 ], [ 73.990582053557986, 19.827118598735375 ], [ 73.990580168892492, 19.827106725593364 ], [ 73.990578213260179, 19.827094862591242 ], [ 73.990576184864253, 19.827083011419141 ], [ 73.990574084603097, 19.827071170386901 ], [ 73.990571913375049, 19.827059340339613 ], [ 73.990569669383461, 19.827047521277272 ], [ 73.990567352628346, 19.827035715735072 ], [ 73.990564964906326, 19.827023922022907 ], [ 73.990562505319076, 19.82701214183086 ], [ 73.990559973866624, 19.82700037431394 ], [ 73.990557371447224, 19.826988620317156 ], [ 73.990554696264297, 19.826976880685557 ], [ 73.990551951012819, 19.826965156264311 ], [ 73.990549133896081, 19.826953446208236 ], [ 73.990546244914128, 19.826941751362508 ], [ 73.990543285863566, 19.826930070881964 ], [ 73.990540254947803, 19.826918407301896 ], [ 73.990537153963473, 19.826906760622261 ], [ 73.990533982012167, 19.826895130843042 ], [ 73.990530738195687, 19.826883517964262 ], [ 73.990527424310585, 19.826871922831014 ], [ 73.990524041255256, 19.826860344598234 ], [ 73.990520586334654, 19.826848785801062 ], [ 73.990517061345486, 19.826837244749431 ], [ 73.990513466287723, 19.826825724823578 ], [ 73.990509801161366, 19.826814222643275 ], [ 73.990506065068118, 19.826802740743695 ], [ 73.990502260702868, 19.826791279124855 ], [ 73.990498387167364, 19.826779838631811 ], [ 73.990494442664954, 19.826768418419537 ], [ 73.990490429890556, 19.82675701933303 ], [ 73.990486346149282, 19.826745642217439 ], [ 73.99048219503436, 19.82673428791778 ], [ 73.990477973850858, 19.826722954743971 ], [ 73.990473684395354, 19.826711645231171 ], [ 73.99046932576961, 19.826700359379441 ], [ 73.990464898871878, 19.826689097188691 ], [ 73.990460403702215, 19.826677856968882 ], [ 73.990455840260566, 19.826666643790407 ], [ 73.990289957360204, 19.826259033356045 ], [ 73.990256521167012, 19.826265423760319 ], [ 73.990245712637503, 19.826259083215042 ], [ 73.990234913989482, 19.82625272407801 ], [ 73.99022412612122, 19.82624634803939 ], [ 73.990213349931068, 19.826239955099094 ], [ 73.990202585419055, 19.826233546102298 ], [ 73.990191829890151, 19.826227120203878 ], [ 73.990181086937639, 19.826220678248859 ], [ 73.990170354764942, 19.826214217702095 ], [ 73.990159636066991, 19.826207741943843 ], [ 73.990148926352148, 19.826201249284004 ], [ 73.990138228315459, 19.826194738877394 ], [ 73.990127541058513, 19.826188214104413 ], [ 73.990116867276313, 19.826181669049486 ], [ 73.990106203375575, 19.826175111318264 ], [ 73.990095550254622, 19.826168534150217 ], [ 73.990084908811795, 19.826161941770646 ], [ 73.990074279945318, 19.826155334179568 ], [ 73.990063661858656, 19.826148707151631 ], [ 73.990053057246726, 19.826142064912183 ], [ 73.990042460719621, 19.826135404926028 ], [ 73.990031878565588, 19.826128729728357 ], [ 73.990021307191341, 19.826122039319145 ], [ 73.990010746596838, 19.826115330318181 ], [ 73.99000019857877, 19.826108605260593 ], [ 73.989989662238827, 19.826101864991461 ], [ 73.989979137576924, 19.826095106975629 ], [ 73.989968623694864, 19.826088332058134 ], [ 73.989958123287494, 19.826081542774187 ], [ 73.989947633659924, 19.826074736588524 ], [ 73.989937156608775, 19.826067912656168 ], [ 73.989926691235723, 19.82606107435733 ], [ 73.989916236642429, 19.826054218311718 ], [ 73.989905796422192, 19.826047347054587 ], [ 73.989895366083445, 19.8260404588958 ], [ 73.989884949219402, 19.826033554680354 ], [ 73.989874542236848, 19.826026634408308 ], [ 73.989864148729012, 19.826019698079655 ], [ 73.98985376779757, 19.826012744849312 ], [ 73.989843397645956, 19.826005774717274 ], [ 73.989833040969003, 19.825998791063824 ], [ 73.989822695071908, 19.825991788818516 ], [ 73.989812361751191, 19.825984772206745 ], [ 73.989802042803504, 19.825977738693272 ], [ 73.98979173373732, 19.825970689123157 ], [ 73.989781438145869, 19.825963622651315 ], [ 73.989771154232471, 19.82595654181301 ], [ 73.989760881997199, 19.825949444072972 ], [ 73.989750623236645, 19.825942331121386 ], [ 73.989740377052527, 19.82593520211314 ], [ 73.989730143444831, 19.825928056203207 ], [ 73.989719920616878, 19.825920894236599 ], [ 73.989709711263671, 19.825913717903454 ], [ 73.989699515385183, 19.825906523823573 ], [ 73.989689330286481, 19.825899315377143 ], [ 73.989679158662568, 19.825892090028987 ], [ 73.989668999614977, 19.825884848624181 ], [ 73.989658853143865, 19.82587759200781 ], [ 73.989648720147429, 19.825870320179792 ], [ 73.989638597930849, 19.825863032295107 ], [ 73.989628490087242, 19.82585572919886 ], [ 73.989618393921759, 19.82584840920088 ], [ 73.989608311231038, 19.825841073146229 ], [ 73.989598241116667, 19.825833721879953 ], [ 73.989588182680436, 19.825826356247141 ], [ 73.989578138617262, 19.825818972867502 ], [ 73.989568108028806, 19.825811575966434 ], [ 73.989558089118447, 19.825804163008655 ], [ 73.989548082784481, 19.825796733149122 ], [ 73.989538089925261, 19.825789288923051 ], [ 73.989528109642436, 19.825781827795225 ], [ 73.989518142834385, 19.825774352300808 ], [ 73.989508188602713, 19.825766861594794 ], [ 73.989498248744098, 19.82575935483208 ], [ 73.989488320563581, 19.825751832012703 ], [ 73.989478405857767, 19.825744294826706 ], [ 73.989468504626743, 19.825736741584073 ], [ 73.98945861687038, 19.825729173974835 ], [ 73.989448741690495, 19.825721588618755 ], [ 73.98943888088364, 19.825713989741164 ], [ 73.989429031754838, 19.825706377342094 ], [ 73.989419196100783, 19.825698746351083 ], [ 73.989409374819786, 19.825691100148411 ], [ 73.989399565216885, 19.825683441269355 ], [ 73.989389769987042, 19.825675764643396 ], [ 73.989379988231903, 19.825668073650892 ], [ 73.989370219053171, 19.825660368291771 ], [ 73.989360465145822, 19.825652646030854 ], [ 73.989350723814894, 19.825644910248442 ], [ 73.98934099506036, 19.825637159254367 ], [ 73.989331279780544, 19.825629391358479 ], [ 73.989321578873799, 19.825621609095975 ], [ 73.989311892340098, 19.825613813311971 ], [ 73.98930221838279, 19.825606000626156 ], [ 73.989292557900228, 19.825598174418804 ], [ 73.989282910892399, 19.825590331309634 ], [ 73.989273279155924, 19.825582474678953 ], [ 73.989263659097546, 19.825574602836582 ], [ 73.989254054310507, 19.825566715782518 ], [ 73.989244462099947, 19.825558812671705 ], [ 73.989234884262359, 19.825550896884433 ], [ 73.989225319899518, 19.825542964195311 ], [ 73.989215769909748, 19.825535018829711 ], [ 73.989206234293022, 19.82552705740736 ], [ 73.989196712150985, 19.825519079928256 ], [ 73.989187201687088, 19.825511088927598 ], [ 73.989177707392841, 19.825503082715226 ], [ 73.989168228369948, 19.825495062981297 ], [ 73.989158760126884, 19.82548702719059 ], [ 73.989149307155131, 19.825478977033253 ], [ 73.98913986855645, 19.825470911664205 ], [ 73.989130443432472, 19.825462832773596 ], [ 73.989121032681581, 19.825454738671265 ], [ 73.989111637202001, 19.825446629357263 ], [ 73.989102255197182, 19.82543850567658 ], [ 73.989092886667095, 19.825430369319392 ], [ 73.989083533408348, 19.825422215215259 ], [ 73.989074192726036, 19.825414047589579 ], [ 73.98906486821339, 19.825405867287387 ], [ 73.989055557175448, 19.825397670928368 ], [ 73.989046261408902, 19.8253894602027 ], [ 73.989036977320438, 19.825381235110381 ], [ 73.989027709401654, 19.825372994806312 ], [ 73.989018455855927, 19.825364740980689 ], [ 73.989009215784918, 19.825356472788339 ], [ 73.988999990985249, 19.825348190229366 ], [ 73.988990780558638, 19.825339894148794 ], [ 73.98898158540338, 19.825331582856457 ], [ 73.988972401926219, 19.825323258042513 ], [ 73.988963236415415, 19.825314917171752 ], [ 73.988954082582666, 19.825306562779378 ], [ 73.988944944919581, 19.825298194865422 ], [ 73.988935823426189, 19.825289811739676 ], [ 73.98892671361088, 19.825281415092338 ], [ 73.988917619965264, 19.82527300492341 ], [ 73.98890853979438, 19.825264580387724 ], [ 73.988899475793161, 19.825256139795243 ], [ 73.988890426165, 19.825247687371277 ], [ 73.988881390909853, 19.825239219735536 ], [ 73.988872370027778, 19.825230738578156 ], [ 73.988863365315368, 19.825222243054078 ], [ 73.98885437407769, 19.825213734853463 ], [ 73.988845398111351, 19.825205210595978 ], [ 73.98883643741641, 19.825196673661925 ], [ 73.988827491094483, 19.825188122361173 ], [ 73.988818560942264, 19.825179558383855 ], [ 73.988809644264748, 19.825170978349675 ], [ 73.98880074196029, 19.825162385638912 ], [ 73.988791855825497, 19.825153780251568 ], [ 73.988782984063747, 19.82514515880737 ], [ 73.988774127573379, 19.825136524686609 ], [ 73.988765287252633, 19.825127876199087 ], [ 73.98875646220327, 19.825119215034984 ], [ 73.988747649730357, 19.825110538659089 ], [ 73.988738854325405, 19.825101851296779 ], [ 73.988730074191807, 19.825093147877521 ], [ 73.988499040077173, 19.824876140273687 ], [ 73.988416657379091, 19.823518138054272 ], [ 73.98819748461942, 19.823078283782948 ], [ 73.98773811582754, 19.822375227333776 ], [ 73.987483448834382, 19.821781488892203 ], [ 73.987075257962573, 19.821468530795638 ], [ 73.986452472145743, 19.821329239043848 ], [ 73.986440203853903, 19.821326084307046 ], [ 73.986427961613202, 19.821322834919599 ], [ 73.986415748118617, 19.821319494261886 ], [ 73.986403563370104, 19.821316059798665 ], [ 73.986391407367677, 19.82131253322007 ], [ 73.986379281907958, 19.821308912835931 ], [ 73.986367186990961, 19.821305200336433 ], [ 73.986355124413336, 19.821301397411741 ], [ 73.986343093276759, 19.821297500681453 ], [ 73.986331095377821, 19.821293514371082 ], [ 73.98631913341147, 19.821289435100233 ], [ 73.986307204682802, 19.821285266249237 ], [ 73.986295311886778, 19.821281006127961 ], [ 73.986283456819976, 19.821276653891243 ], [ 73.986271637685775, 19.821272213764573 ], [ 73.986259857179135, 19.821267683212657 ], [ 73.986248115300072, 19.821263063080629 ], [ 73.986236412048555, 19.8212583533684 ], [ 73.986224750119533, 19.821253554075994 ], [ 73.986213128614693, 19.821248666893606 ], [ 73.986201549330687, 19.821243690976143 ], [ 73.98619001316581, 19.821238627168665 ], [ 73.986178518323442, 19.821233477161361 ], [ 73.986167069295135, 19.821228238418886 ], [ 73.986155665182622, 19.821222911786467 ], [ 73.986144305985817, 19.82121749895413 ], [ 73.986132992603146, 19.821212000767058 ], [ 73.986121726831172, 19.821206416380118 ], [ 73.986110509568221, 19.821200745793274 ], [ 73.986099339915981, 19.821194992386957 ], [ 73.986088218772736, 19.821189150245448 ], [ 73.986077149731813, 19.821183226129484 ], [ 73.986066130098251, 19.821177216658718 ], [ 73.986055160770292, 19.821171125213528 ], [ 73.98604424534129, 19.821164949258538 ], [ 73.986033382014554, 19.821158691329117 ], [ 73.986022571688423, 19.821152348889942 ], [ 73.986011817057857, 19.821145925321328 ], [ 73.986001115427854, 19.821139420623357 ], [ 73.98599047129008, 19.821132834795947 ], [ 73.985979882847829, 19.821126167839125 ], [ 73.985969351897722, 19.821119420597967 ], [ 73.985958876643195, 19.821112593917526 ], [ 73.985948461575816, 19.821105687797868 ], [ 73.985938105797203, 19.821098701393794 ], [ 73.985927809307412, 19.821091638930866 ], [ 73.985917572106459, 19.821084495338425 ], [ 73.985907397787543, 19.821077277377263 ], [ 73.985897283655746, 19.821069979131664 ], [ 73.985887234202679, 19.821062605672246 ], [ 73.985877244936688, 19.82105515615385 ], [ 73.985867321247753, 19.821047631421592 ], [ 73.985857462237533, 19.821040028940178 ], [ 73.985847667007661, 19.821032353780154 ], [ 73.98583793735483, 19.821024604251317 ], [ 73.985828275973958, 19.821016781198768 ], [ 73.985818680170084, 19.821008883777374 ], [ 73.985809149943208, 19.821000915367552 ], [ 73.985799690683265, 19.820992872588846 ], [ 73.985790299695282, 19.820984761356989 ], [ 73.985780976979271, 19.820976576601339 ], [ 73.98577172612849, 19.820968321702264 ], [ 73.98576254534629, 19.820959995814707 ], [ 73.985753433734374, 19.820951602319017 ], [ 73.985744395784266, 19.820943138679894 ], [ 73.985735428801121, 19.820934605742409 ], [ 73.985726537276449, 19.820926006886957 ], [ 73.985717717616978, 19.820917339578202 ], [ 73.985708971619374, 19.820908606351502 ], [ 73.985700301978568, 19.820899807206747 ], [ 73.985691705999614, 19.820890942143954 ], [ 73.985683187275768, 19.820882011163199 ], [ 73.985674744010424, 19.82087301595455 ], [ 73.985666378000161, 19.820863958208218 ], [ 73.985658089245035, 19.820854836234044 ], [ 73.985649877745061, 19.820845651722216 ], [ 73.985641746195085, 19.820836404672654 ], [ 73.985633692798558, 19.820827097620661 ], [ 73.985625720250425, 19.820817728876072 ], [ 73.985617826753995, 19.820808300129009 ], [ 73.985610014105973, 19.820798812224638 ], [ 73.985602283204642, 19.820789264317771 ], [ 73.985594633151706, 19.820779658098644 ], [ 73.985587064845419, 19.820769994412316 ], [ 73.985579580980811, 19.820760273258784 ], [ 73.985572178862853, 19.820750497173336 ], [ 73.985564861186532, 19.820740663620676 ], [ 73.985557627053581, 19.820730775981147 ], [ 73.985550478260549, 19.820720831719488 ], [ 73.985543413010859, 19.820710835906276 ], [ 73.985536434897682, 19.820700785161076 ], [ 73.9855295412262, 19.820690683709365 ], [ 73.98552273379299, 19.820680529015874 ], [ 73.985516015292959, 19.820670322770798 ], [ 73.985509383031214, 19.820660066664274 ], [ 73.985502838804365, 19.820649760696298 ], [ 73.985496382612425, 19.820639405712004 ], [ 73.985490015353705, 19.820629001711335 ], [ 73.985483735231554, 19.820618550384502 ], [ 73.98547754494092, 19.820608051731501 ], [ 73.985471446278467, 19.820597504907202 ], [ 73.985465435650895, 19.820586914137078 ], [ 73.98545951844811, 19.820576277730968 ], [ 73.985453690178574, 19.820565595688844 ], [ 73.985447954435472, 19.820554872236176 ], [ 73.98544230762559, 19.820544103147451 ], [ 73.985436756037117, 19.820533292648197 ], [ 73.985431295178529, 19.820522440738372 ], [ 73.985425928642996, 19.820511548263077 ], [ 73.985420653735687, 19.820500615222276 ], [ 73.98541547315142, 19.820489643306228 ], [ 73.985410385991955, 19.820478630824635 ], [ 73.985405394053927, 19.820467582003062 ], [ 73.985400496439013, 19.820456495151237 ], [ 73.985395692248872, 19.82044537111431 ], [ 73.985390985076791, 19.820434211582466 ], [ 73.985386372227779, 19.820423017400774 ], [ 73.985381853701909, 19.820411787724094 ], [ 73.98537743399072, 19.820400525087763 ], [ 73.985373108602644, 19.82038923033689 ], [ 73.98536893323319, 19.820377884879239 ], [ 73.985364722829431, 19.820366550407055 ], [ 73.985360480984696, 19.82035522692038 ], [ 73.985356205902249, 19.820343916109355 ], [ 73.98535189668381, 19.820332614593671 ], [ 73.98534755512604, 19.820321324908544 ], [ 73.985343180330602, 19.820310046208935 ], [ 73.985338771399213, 19.820298779339897 ], [ 73.985334330128438, 19.820287521766168 ], [ 73.985329855620023, 19.820276277713251 ], [ 73.985325349670546, 19.820265046336033 ], [ 73.98532080868678, 19.820253824254106 ], [ 73.985316237160291, 19.820242615692973 ], [ 73.985311632396133, 19.820231418962496 ], [ 73.98530699439435, 19.820220233217498 ], [ 73.985302323154855, 19.820209060148233 ], [ 73.98529761867772, 19.820197898909576 ], [ 73.985292882759552, 19.820186750346647 ], [ 73.985288113603701, 19.820175613614346 ], [ 73.985283313006803, 19.820164488712635 ], [ 73.985278479172294, 19.82015337817689 ], [ 73.985273612100087, 19.820142278626655 ], [ 73.985268712688523, 19.820131191752193 ], [ 73.985263780937586, 19.820120118398545 ], [ 73.985258817745645, 19.820109057720629 ], [ 73.985253822214361, 19.820098009718446 ], [ 73.985248791648786, 19.820086974392034 ], [ 73.985243732337096, 19.820075951741362 ], [ 73.985238638889413, 19.820064944301727 ], [ 73.985233514899051, 19.820053948692738 ], [ 73.98522835677268, 19.820042965759558 ], [ 73.985223167205277, 19.8200319980374 ], [ 73.98521794619684, 19.8200210421459 ], [ 73.985212691950764, 19.820010099775246 ], [ 73.98520740626364, 19.819999171770601 ], [ 73.985202088237159, 19.8199882581319 ], [ 73.985196738769631, 19.819977357169012 ], [ 73.98519135875938, 19.819966469726968 ], [ 73.985185944613193, 19.819955599186212 ], [ 73.98518049992424, 19.819944739631023 ], [ 73.985175021997634, 19.819933896132035 ], [ 73.985169514426659, 19.819923065308831 ], [ 73.985163972719647, 19.819912248851629 ], [ 73.985158403164874, 19.819901447605503 ], [ 73.985152798575811, 19.819890662415588 ], [ 73.985147163444054, 19.819879889056381 ], [ 73.985141496871222, 19.819869130908263 ], [ 73.985135798857371, 19.819858388816364 ], [ 73.985130070300826, 19.819847660245383 ], [ 73.985124309404924, 19.819836947730614 ], [ 73.985118517067946, 19.819826249581855 ], [ 73.985112694188302, 19.819815566644206 ], [ 73.985106838969244, 19.819804898072615 ], [ 73.985100954105818, 19.819794246402331 ], [ 73.985095036004751, 19.819783608252976 ], [ 73.98508908825923, 19.819772986159848 ], [ 73.985083109072718, 19.819762379277851 ], [ 73.985077099343471, 19.819751789297207 ], [ 73.98507105817319, 19.819741212837506 ], [ 73.98506498735847, 19.819730654124289 ], [ 73.985058884204463, 19.819720110622182 ], [ 73.98505274960938, 19.819709582331246 ], [ 73.985046585369901, 19.81969907009654 ], [ 73.985040389689388, 19.819688573918093 ], [ 73.985034164364478, 19.819678094641056 ], [ 73.985027907598507, 19.819667631420259 ], [ 73.985021620289857, 19.819657184255732 ], [ 73.985015303336738, 19.819646753147495 ], [ 73.985008954044332, 19.819636338940605 ], [ 73.985002576005812, 19.819625939944935 ], [ 73.984996167424569, 19.819615558695745 ], [ 73.984989728300604, 19.81960519519302 ], [ 73.984983257735621, 19.819594846901495 ], [ 73.984976758424565, 19.819584516356496 ], [ 73.984970228570759, 19.819574201022647 ], [ 73.984963669072542, 19.819563905125538 ], [ 73.984957077234967, 19.819553625284712 ], [ 73.984950456651333, 19.819543360655146 ], [ 73.984943807321628, 19.819533117152432 ], [ 73.984937127449129, 19.819522888015875 ], [ 73.984930417033993, 19.819512676625827 ], [ 73.984923676974404, 19.819502483827407 ], [ 73.984742494866452, 19.818904891108819 ], [ 73.984893551971368, 19.818787651044101 ], [ 73.985459639720688, 19.818328301359113 ], [ 73.985994654744331, 19.817894142307459 ], [ 73.986128862149457, 19.817785228396769 ], [ 73.986097652879863, 19.817519227142533 ], [ 73.986128444432865, 19.817479946216054 ], [ 73.986096458120556, 19.817262367906856 ], [ 73.9859673046372, 19.815881943756509 ], [ 73.985944649125756, 19.815664277057891 ], [ 73.985930489880218, 19.815528237332774 ], [ 73.98592996167082, 19.815523151369973 ], [ 73.98606410888884, 19.815516392059294 ], [ 73.986066672680664, 19.815242492682071 ], [ 73.98608744981486, 19.81492626627929 ], [ 73.986089914792004, 19.814607296800954 ], [ 73.986203079161612, 19.814581611608833 ], [ 73.986212427030438, 19.814445154307975 ], [ 73.986856094186038, 19.814165807053005 ], [ 73.987480862584675, 19.81410421971384 ], [ 73.987583263340539, 19.814094124604068 ], [ 73.987725748721019, 19.814063524036442 ], [ 73.987637408396012, 19.813116570131125 ], [ 73.987444973092437, 19.81205901937123 ], [ 73.987275799663195, 19.810717623905912 ], [ 73.987255365685442, 19.810668616993361 ], [ 73.98725306959156, 19.810643869282782 ], [ 73.987165952771946, 19.809704683974179 ], [ 73.987159133660612, 19.809671700911849 ], [ 73.987127097940956, 19.809516754124875 ], [ 73.987095928197235, 19.809365992408573 ], [ 73.987172493405509, 19.80932332883603 ], [ 73.987253959822027, 19.809277933700415 ], [ 73.987388122311387, 19.809203172670866 ], [ 73.98751345525983, 19.80913333212224 ], [ 73.98782030987941, 19.808962330152966 ], [ 73.988118298127162, 19.808796258668288 ], [ 73.988321044293485, 19.808683153287124 ], [ 73.988320051655094, 19.808588278815094 ], [ 73.988317448337412, 19.808339484915468 ], [ 73.988318298143668, 19.808333644837106 ], [ 73.988319041948728, 19.80832779123595 ], [ 73.988319674362685, 19.808321924111926 ], [ 73.988320199877123, 19.808316046845761 ], [ 73.988320616695447, 19.808310160282577 ], [ 73.988320923919247, 19.808304265267502 ], [ 73.98832112334523, 19.808298365181265 ], [ 73.988321211380153, 19.808292461714142 ], [ 73.988321191617217, 19.808286557401665 ], [ 73.988321063158139, 19.808280652243784 ], [ 73.988320826002905, 19.808274747930824 ], [ 73.988320478354893, 19.808268847843486 ], [ 73.988320022010697, 19.80826295367207 ], [ 73.988319458767023, 19.808257066261771 ], [ 73.988318785030557, 19.808251185612505 ], [ 73.988318004394586, 19.808245319330851 ], [ 73.988317114164133, 19.808239463190951 ], [ 73.988316116135849, 19.808233622263767 ], [ 73.988315012106384, 19.808227795704173 ], [ 73.988313800279073, 19.808221987737962 ], [ 73.988312480653903, 19.808216200900628 ], [ 73.988311055027538, 19.808210434347014 ], [ 73.988309523399991, 19.808204690612616 ], [ 73.988307885771206, 19.808198972232958 ], [ 73.988306143937862, 19.808193280053146 ], [ 73.988304297001676, 19.808187615763586 ], [ 73.988302345860873, 19.808181981899718 ], [ 73.988300293210443, 19.808176380151856 ], [ 73.988298136355439, 19.808170812210388 ], [ 73.988295877990808, 19.808165278075293 ], [ 73.988293518116564, 19.808159781972392 ], [ 73.988291056732692, 19.808154323901718 ], [ 73.988288495635828, 19.808148907243879 ], [ 73.988285728824735, 19.8081433190175 ], [ 73.988160210823366, 19.807851260386943 ], [ 73.988158293818515, 19.807848706295655 ], [ 73.988156328304697, 19.807846182630307 ], [ 73.9881543178751, 19.807843691926386 ], [ 73.988152260733074, 19.807841234183879 ], [ 73.988150161370271, 19.807838810248029 ], [ 73.988148017091703, 19.807836420963888 ], [ 73.988145828795666, 19.807834066331541 ], [ 73.98814359827881, 19.807831748041309 ], [ 73.988141324642825, 19.807829466093139 ], [ 73.988139010582628, 19.807827222177437 ], [ 73.988136656996602, 19.807825014603846 ], [ 73.988134262088039, 19.807822846753002 ], [ 73.988131827653632, 19.807820718624971 ], [ 73.988129357286581, 19.807818630219668 ], [ 73.988126847393687, 19.807816582382337 ], [ 73.98812429977157, 19.807814575958123 ], [ 73.988121718013446, 19.807812610947011 ], [ 73.988119099424367, 19.807810689039336 ], [ 73.988116446699337, 19.807808807699622 ], [ 73.988113759838313, 19.807806973689175 ], [ 73.988111040637975, 19.807805182782182 ], [ 73.9881082908949, 19.807803434978663 ], [ 73.988105507914113, 19.807801733659257 ], [ 73.988102694390676, 19.807800077978783 ], [ 73.988099853019435, 19.807798467937282 ], [ 73.988096980207132, 19.807796905225064 ], [ 73.988094046309413, 19.80779537124846 ], [ 73.987779326939503, 19.807634257140503 ], [ 73.987346144936453, 19.806987903359534 ], [ 73.987270837369593, 19.806840984775665 ], [ 73.987399082656154, 19.806832894796369 ], [ 73.987557362215966, 19.806822909942575 ], [ 73.98764450598506, 19.806817411257782 ], [ 73.987841432864997, 19.806804983857564 ], [ 73.987958980114868, 19.806787640093731 ], [ 73.98897506004117, 19.806754465417747 ], [ 73.989139352025163, 19.80674376216302 ], [ 73.989284404790709, 19.806736379587583 ], [ 73.989797936604333, 19.806709808229353 ], [ 73.990102761031395, 19.806677750854647 ], [ 73.990432226246682, 19.806632681200647 ], [ 73.990803853889815, 19.806580880579251 ], [ 73.990981876622939, 19.806739516865232 ], [ 73.991040208725934, 19.806763647362811 ], [ 73.991488377322867, 19.806786123856011 ], [ 73.991663531735284, 19.807961173325182 ], [ 73.991889965577343, 19.807965006149697 ], [ 73.992070302370635, 19.80794534929473 ], [ 73.992446070348947, 19.807863291322644 ], [ 73.992601506740854, 19.807829346079583 ], [ 73.992863500393497, 19.807772126641687 ], [ 73.993475856769848, 19.807638373948993 ], [ 73.994051214234574, 19.807512684888795 ], [ 73.994766084554513, 19.807356493601116 ], [ 73.994936059281017, 19.807298678994307 ], [ 73.995570014750072, 19.807083029801511 ], [ 73.99583893980342, 19.806971813003564 ], [ 73.996139236721419, 19.806847615989078 ], [ 73.996142980001196, 19.806846066790214 ], [ 73.996185120869512, 19.806828637668584 ], [ 73.99618516129371, 19.80682908899005 ], [ 73.99619798474437, 19.80697506606494 ], [ 73.996372696287366, 19.807824914029087 ], [ 73.996405785730843, 19.807985852149617 ], [ 73.996462314016725, 19.808664918082624 ], [ 73.996482924962592, 19.808778292237953 ], [ 73.996729589763206, 19.810134789208522 ], [ 73.996917502049314, 19.81122418441899 ], [ 73.996930066785168, 19.811224808983315 ], [ 73.997103349108514, 19.811233430337264 ], [ 73.997327451822457, 19.811244580373103 ], [ 73.997874975886447, 19.811271816950217 ], [ 73.998166719046324, 19.812968572050004 ], [ 73.998227432583121, 19.812964581305103 ], [ 73.99836189421147, 19.812955742844341 ], [ 73.998561965194909, 19.812945661183914 ], [ 73.998931924666607, 19.812920796353314 ], [ 73.999368688252673, 19.812899422788284 ], [ 73.999535031090474, 19.812890042589736 ], [ 74.000246685441681, 19.812846518765472 ], [ 74.000611631415765, 19.812824195253725 ], [ 74.000962412754419, 19.812828567160018 ], [ 74.000962661587749, 19.812844738902037 ], [ 74.000963755735782, 19.812915990048136 ], [ 74.000976172249636, 19.81372171475488 ], [ 74.000976995106441, 19.813777159805639 ], [ 74.000985962987926, 19.814381156762909 ], [ 74.000986022276734, 19.814385128034207 ], [ 74.001094140809371, 19.814387196915256 ], [ 74.001414752229238, 19.814393333412362 ], [ 74.001677461839122, 19.814398360252092 ], [ 74.002055498063484, 19.814406721133633 ], [ 74.002319246125865, 19.814413326677684 ], [ 74.002460252879388, 19.814416859325213 ], [ 74.002477885910082, 19.814538574197485 ], [ 74.002538719821146, 19.81495846904382 ], [ 74.002557005927059, 19.814957730401836 ], [ 74.002767278178894, 19.81494923010311 ], [ 74.003266117147732, 19.814906600143146 ], [ 74.00352688010841, 19.814892267610311 ], [ 74.003618640319715, 19.814889083166239 ], [ 74.004205717205679, 19.814844184864739 ], [ 74.004222297410877, 19.815236659618204 ], [ 74.004268635208149, 19.815865466388718 ], [ 74.004268919075813, 19.815869321841085 ], [ 74.004319159154704, 19.81677747011242 ], [ 74.004333831338243, 19.817042612278499 ], [ 74.004339243687809, 19.817140388907859 ], [ 74.004376394414706, 19.817343213359521 ], [ 74.004393246809428, 19.817435217669097 ], [ 74.004462216762008, 19.817435221049539 ], [ 74.005744210588816, 19.817435264995503 ], [ 74.007401410946841, 19.817568067146667 ], [ 74.007630881992938, 19.817586455986191 ], [ 74.009167129587865, 19.817627813331232 ], [ 74.009259668638535, 19.817634657063603 ], [ 74.00942391301183, 19.817646801349561 ], [ 74.011346516128981, 19.817724725049722 ], [ 74.011522964115386, 19.81773200570149 ], [ 74.011806792219303, 19.817743719817376 ], [ 74.012565651242099, 19.81777503802294 ], [ 74.012711060638821, 19.817781040016293 ], [ 74.013224308584839, 19.817882957243128 ], [ 74.014397858688838, 19.817890326624461 ], [ 74.014665592576137, 19.817892008398381 ], [ 74.015151526347623, 19.817882187345596 ], [ 74.015791799668051, 19.817869243601031 ], [ 74.016492534996999, 19.81785358366318 ], [ 74.018160022861693, 19.817816273622661 ], [ 74.018261678015861, 19.817526769789183 ], [ 74.018347431192879, 19.817282567019706 ], [ 74.018404553265185, 19.817119910043367 ], [ 74.018536740359238, 19.816743513250071 ], [ 74.018644397157814, 19.816436974910776 ], [ 74.018732550633288, 19.816185975690132 ], [ 74.018741884129057, 19.816159401684974 ], [ 74.018951785376686, 19.815796343740388 ], [ 74.019007654299131, 19.815699704666788 ], [ 74.019154199166394, 19.81544620693645 ], [ 74.019584158912522, 19.814702393332094 ], [ 74.019596549375223, 19.8146809566218 ], [ 74.019667234211667, 19.814529249874262 ], [ 74.020535935634129, 19.812836110029195 ], [ 74.020971199033696, 19.811987701074834 ], [ 74.021174079049032, 19.811666464938011 ], [ 74.021453029300943, 19.811224768416217 ], [ 74.021529090554395, 19.81105724732803 ], [ 74.022103078986646, 19.810295565258123 ], [ 74.022619045234705, 19.80961081331224 ], [ 74.022739960268581, 19.809521607861594 ], [ 74.022752390257139, 19.809269369711245 ], [ 74.023713582221276, 19.809570947274132 ], [ 74.024687100867695, 19.809709226687744 ], [ 74.024987053730953, 19.80980211775638 ], [ 74.02526850399434, 19.810051872844081 ], [ 74.025264057333672, 19.81026974076455 ], [ 74.025234552168172, 19.812616218977222 ], [ 74.025188957277592, 19.81411829201684 ], [ 74.025156008869615, 19.815063145731092 ], [ 74.025134578660186, 19.815677577624399 ], [ 74.025113418843659, 19.816284238790885 ], [ 74.025087305716667, 19.816282571367051 ], [ 74.0250791067931, 19.816495240870275 ], [ 74.024105686961306, 19.816422106709609 ], [ 74.024016786087529, 19.816415366874878 ], [ 74.02404888379094, 19.816941788940206 ], [ 74.02407236126092, 19.817326911082066 ], [ 74.024092705407156, 19.818196972026161 ], [ 74.024095638406536, 19.818249760178933 ], [ 74.024113626271799, 19.818573390731832 ], [ 74.02411401075075, 19.818580325695226 ], [ 74.024106950890939, 19.818939678249667 ], [ 74.023209329106194, 19.818947902830217 ], [ 74.02182497764268, 19.819020745957502 ], [ 74.021762079403103, 19.821904474214197 ], [ 74.021788834825529, 19.822257237698974 ], [ 74.021805803102936, 19.822480976625208 ], [ 74.021828008558415, 19.823283911407632 ], [ 74.021849510633075, 19.823577951299331 ], [ 74.021868610612628, 19.823839104327462 ], [ 74.021907833752891, 19.823931410796611 ], [ 74.021953609204814, 19.824039126398532 ], [ 74.02203537116705, 19.824877253237961 ], [ 74.022024957896249, 19.825560427603804 ], [ 74.022018029190477, 19.825615442609752 ], [ 74.022000161699467, 19.82575730976102 ], [ 74.021995904583363, 19.825791120190861 ], [ 74.02180358785742, 19.825902721008937 ], [ 74.021128488650078, 19.826294429026387 ], [ 74.02112406893886, 19.826297711269834 ], [ 74.020676413279944, 19.826629987364385 ], [ 74.020616625007918, 19.826673473612527 ], [ 74.018506783341138, 19.828207930809828 ], [ 74.018402425156268, 19.828283823730267 ], [ 74.018390267357205, 19.828358503957897 ], [ 74.018411490954094, 19.828377416329328 ], [ 74.018433084656891, 19.828395998281351 ], [ 74.018455041279083, 19.828414242208598 ], [ 74.018477355430747, 19.828432146421051 ], [ 74.018500019925341, 19.828449703313289 ], [ 74.018523024881446, 19.828466906970117 ], [ 74.018546366705806, 19.828483752321223 ], [ 74.018570039110188, 19.828500236831566 ], [ 74.018594030416452, 19.828516351205671 ], [ 74.018618337929752, 19.828532093753548 ], [ 74.018642950870188, 19.828547459404909 ], [ 74.018667864746291, 19.828562442244579 ], [ 74.018693068778219, 19.828577037202241 ], [ 74.018718557576108, 19.828591241742853 ], [ 74.018744322156749, 19.82860504995115 ], [ 74.018770356232011, 19.828618457601941 ], [ 74.01879664902205, 19.828631463005248 ], [ 74.018823196035342, 19.828644060245761 ], [ 74.018855040413868, 19.828658483649697 ], [ 74.018867435368122, 19.828664077070396 ], [ 74.018879718931345, 19.828669858938227 ], [ 74.018891886611854, 19.828675830943254 ], [ 74.018903933918125, 19.828681988860197 ], [ 74.018915859951832, 19.828688331843949 ], [ 74.018927656628136, 19.828694858204429 ], [ 74.018943697844179, 19.828697990823542 ], [ 74.018952887609544, 19.828706791226661 ], [ 74.018962115104145, 19.828715626276527 ], [ 74.01897137493809, 19.828724494283076 ], [ 74.018977202309316, 19.828730075025643 ], [ 74.018995542314173, 19.828747723150883 ], [ 74.019212692067796, 19.828975024136156 ], [ 74.019218788035303, 19.828986085887173 ], [ 74.019224664813919, 19.828997242283414 ], [ 74.019233452134031, 19.829014945307453 ], [ 74.019262550362711, 19.829074376209785 ], [ 74.019292818197869, 19.829133349071338 ], [ 74.019324243063167, 19.829191845301406 ], [ 74.019356819568614, 19.829249844619305 ], [ 74.019390535137873, 19.829307335194827 ], [ 74.019444968552492, 19.829395304219425 ], [ 74.019449788912326, 19.829402549689515 ], [ 74.019454892241427, 19.829409644740156 ], [ 74.019460272251678, 19.829416576695603 ], [ 74.019465921756506, 19.829423337950377 ], [ 74.019471836264344, 19.82942992089907 ], [ 74.019478004995392, 19.829436317091211 ], [ 74.019484422559771, 19.829442518921329 ], [ 74.01949108266929, 19.829448518784012 ], [ 74.019503985171738, 19.829455945092612 ], [ 74.019514048099524, 19.829464544331596 ], [ 74.01951772310737, 19.829471308964532 ], [ 74.019521204977394, 19.829477715295589 ], [ 74.019535621141088, 19.829479888766542 ], [ 74.019543723046638, 19.829484284721257 ], [ 74.019551993835449, 19.829488429695729 ], [ 74.019560425422711, 19.829492316084551 ], [ 74.019569001638729, 19.82949593966249 ], [ 74.019577717991936, 19.829499296204268 ], [ 74.0195865610076, 19.829502382329757 ], [ 74.019595519905906, 19.829505192968611 ], [ 74.019606401198956, 19.829513547140241 ], [ 74.019622986794033, 19.829511944079027 ], [ 74.019632302323544, 19.829513624039869 ], [ 74.019641677141848, 19.829515015838375 ], [ 74.019651103164122, 19.829516117784511 ], [ 74.019660565119011, 19.829516928188138 ], [ 74.019670054023351, 19.8295174462042 ], [ 74.019679557300748, 19.829517670987713 ], [ 74.01968898601794, 19.829517604228673 ], [ 74.019708503714156, 19.829521019923583 ], [ 74.019727950443411, 19.829524738146503 ], [ 74.019747319019274, 19.829528753827194 ], [ 74.019766606746714, 19.829533068655707 ], [ 74.019785806439288, 19.829537681786928 ], [ 74.019804912707073, 19.829542588995654 ], [ 74.019823919261825, 19.829547791126828 ], [ 74.019842818917098, 19.829553284800276 ], [ 74.01986160807958, 19.829559070015939 ], [ 74.019880278664459, 19.829565143393623 ], [ 74.019898828875057, 19.829571504088161 ], [ 74.019917249728294, 19.829578151254566 ], [ 74.019935536732518, 19.829585080667496 ], [ 74.019953683599581, 19.829592290636828 ], [ 74.019971685837874, 19.829599780317466 ], [ 74.01998953805753, 19.829607546329168 ], [ 74.020007233071993, 19.82961558613675 ], [ 74.020024768186346, 19.829623898895118 ], [ 74.02004213531572, 19.829632480378962 ], [ 74.020059329968561, 19.829641328898177 ], [ 74.02007634855164, 19.829650440227443 ], [ 74.020093183878373, 19.82965981267661 ], [ 74.020109833253855, 19.82966944540059 ], [ 74.020126287694907, 19.82967933163895 ], [ 74.020142545404909, 19.829689471391632 ], [ 74.02015860099398, 19.829699861278371 ], [ 74.020174449072229, 19.829710496228849 ], [ 74.020190083351451, 19.829721372862785 ], [ 74.020205502034969, 19.829732490335115 ], [ 74.020220697936352, 19.829743844420555 ], [ 74.020235668360527, 19.829755430893716 ], [ 74.0202504079177, 19.829767246374452 ], [ 74.020264911217978, 19.829779286637415 ], [ 74.020279173769737, 19.829791549992454 ], [ 74.020293193776382, 19.829804032214287 ], [ 74.020306964949697, 19.829816728232608 ], [ 74.020320482798084, 19.829829633822019 ], [ 74.020333743728301, 19.829842747292467 ], [ 74.020346745045401, 19.829856062728492 ], [ 74.020369067281905, 19.829880075636115 ], [ 74.020486771736955, 19.830008431732004 ], [ 74.020568303730442, 19.830094230286143 ], [ 74.0205814532696, 19.8301080662504 ], [ 74.020594573164303, 19.830121872636791 ], [ 74.020606995966361, 19.83013494636586 ], [ 74.02062118305966, 19.830149159217665 ], [ 74.020634624551263, 19.830162625046466 ], [ 74.020827834202549, 19.830356168639216 ], [ 74.021075540150591, 19.830595955398405 ], [ 74.021323998886828, 19.8308351189985 ], [ 74.021338208437982, 19.830848521390877 ], [ 74.021352679398888, 19.83086169984556 ], [ 74.021367408176289, 19.830874656052721 ], [ 74.021382391176928, 19.830887380716934 ], [ 74.021397622112545, 19.830899872993207 ], [ 74.021413099186574, 19.830912127811331 ], [ 74.021428814314149, 19.830924140946131 ], [ 74.02144476480035, 19.830935910707602 ], [ 74.021460946153567, 19.830947432025567 ], [ 74.021477352085597, 19.830958702364896 ], [ 74.021493978104871, 19.830969716655396 ], [ 74.021510819719822, 19.830980473207052 ], [ 74.021527872438853, 19.830990967794698 ], [ 74.021545127278841, 19.831001197038177 ], [ 74.02156258244311, 19.83101115924751 ], [ 74.021580233440133, 19.831020850197518 ], [ 74.021607227814414, 19.831034955649663 ], [ 74.021628357088218, 19.831053389408485 ], [ 74.021649118052764, 19.831072145126313 ], [ 74.02166950531813, 19.831091216887732 ], [ 74.021689511697815, 19.831110603002614 ], [ 74.021709135395213, 19.831130293330268 ], [ 74.021728364732184, 19.831150282800344 ], [ 74.021747197013795, 19.831170568032579 ], [ 74.021765625951844, 19.831191139731413 ], [ 74.021783646156422, 19.831211993671506 ], [ 74.021801251339369, 19.831233122247344 ], [ 74.021818436110749, 19.83125451869854 ], [ 74.021835195979023, 19.831276177109679 ], [ 74.021851524655929, 19.83129809325542 ], [ 74.021870671347912, 19.831319138160765 ], [ 74.021881239128888, 19.831343222675766 ], [ 74.021891836554317, 19.831367378170544 ], [ 74.021919905313695, 19.831431350285804 ], [ 74.022050258946237, 19.831825971042303 ], [ 74.022103459872312, 19.832298154993445 ], [ 74.022291843773914, 19.832788231122279 ], [ 74.022657829098748, 19.833288788344699 ], [ 74.022807792953969, 19.833474673005615 ], [ 74.022689670782341, 19.833543340945148 ], [ 74.021810416850215, 19.833662048924595 ], [ 74.021549042136854, 19.833697496182591 ], [ 74.021533519248734, 19.833697922921928 ], [ 74.0213926418526, 19.833701794842309 ], [ 74.021116964163284, 19.833709362071822 ], [ 74.021087013433373, 19.833712879925002 ], [ 74.020500666877751, 19.833781700711629 ], [ 74.019936177231315, 19.833864956230112 ], [ 74.018961133245512, 19.833990565304088 ], [ 74.018944631193776, 19.834090611388021 ], [ 74.018909986766502, 19.834300627343744 ], [ 74.018933096825506, 19.834303403251702 ], [ 74.019112927867283, 19.834324998715289 ], [ 74.019153872179629, 19.83482563559744 ], [ 74.01908301217172, 19.834825562925502 ], [ 74.018895484364563, 19.834825365190266 ], [ 74.018592019088558, 19.83488815710713 ], [ 74.018637479231813, 19.835086100882734 ], [ 74.018741584990096, 19.835512234300143 ], [ 74.018745545662171, 19.835529641686669 ], [ 74.018784849650814, 19.835702331307964 ], [ 74.018843700081689, 19.835910049222381 ], [ 74.019131563417872, 19.836308458038516 ], [ 74.0194282347354, 19.836734534940671 ], [ 74.019459738652401, 19.836784693173296 ], [ 74.019472730088026, 19.836807518636874 ], [ 74.019219996269371, 19.837052098698408 ], [ 74.018740886999126, 19.837161420219434 ], [ 74.018737751878803, 19.837285657771407 ], [ 74.018735657007525, 19.837368597954924 ], [ 74.018716963066453, 19.838109108822565 ], [ 74.018509031824294, 19.838111652287591 ], [ 74.018304610299907, 19.838332669101426 ], [ 74.017698731675054, 19.838471471055666 ], [ 74.017738361752137, 19.838540335410602 ], [ 74.017671599858559, 19.838549434399397 ], [ 74.017556048665213, 19.838642247773436 ], [ 74.017513765863143, 19.838676210096512 ], [ 74.017530938058087, 19.838711379074873 ], [ 74.017548801057529, 19.838746277644926 ], [ 74.017567348573209, 19.838780897356848 ], [ 74.01758657791018, 19.838815221310814 ], [ 74.017606481881927, 19.838849245281949 ], [ 74.017627054200219, 19.838882955750485 ], [ 74.017648290373529, 19.838916343421602 ], [ 74.017670179622073, 19.838949397310483 ], [ 74.017692720149185, 19.838982108967372 ], [ 74.017715902073419, 19.83901446571743 ], [ 74.017739719106515, 19.839046460800876 ], [ 74.017764164062044, 19.839078083232959 ], [ 74.017789229753419, 19.839109322873913 ], [ 74.017814908994154, 19.839140171273925 ], [ 74.017841192801029, 19.839170615758285 ], [ 74.0178680739876, 19.839200652102186 ], [ 74.017895543570674, 19.839230267630867 ], [ 74.017923594363751, 19.839259454739643 ], [ 74.017952215587002, 19.839288204133709 ], [ 74.017981401850605, 19.839316507363282 ], [ 74.018011143273, 19.839344354288716 ], [ 74.018041428176176, 19.839371737305171 ], [ 74.018072250271899, 19.839398648807986 ], [ 74.018103598780385, 19.83942508119237 ], [ 74.018135464718426, 19.839451024318581 ], [ 74.018167838204633, 19.839476472271905 ], [ 74.018200707560894, 19.839501414912593 ], [ 74.018234067397259, 19.839525847170886 ], [ 74.018267902442446, 19.839549759752071 ], [ 74.018302204611572, 19.839573145896402 ], [ 74.018336964921502, 19.839595999689159 ], [ 74.018372170795814, 19.839618311835522 ], [ 74.018407810556397, 19.839640078955831 ], [ 74.018443877016722, 19.839661290065255 ], [ 74.018480355803788, 19.839681941784121 ], [ 74.018518660865823, 19.839702787004494 ], [ 74.018550021950688, 19.839719179936029 ], [ 74.018581703734142, 19.83973508699296 ], [ 74.018613695436358, 19.839750502260461 ], [ 74.018645986277548, 19.839765420668748 ], [ 74.018678567274577, 19.839779837992936 ], [ 74.018711426749377, 19.839793750853168 ], [ 74.018744558413701, 19.839807154179617 ], [ 74.018777947894478, 19.839820042057472 ], [ 74.018811588005249, 19.839832415331799 ], [ 74.018845468864512, 19.839844266397797 ], [ 74.018879576997534, 19.839855591030563 ], [ 74.018913903421151, 19.839866388385285 ], [ 74.018948439152268, 19.839876654237031 ], [ 74.01898317341103, 19.839886384360934 ], [ 74.019018093621071, 19.839895577067111 ], [ 74.019053190799212, 19.839904228975673 ], [ 74.019088454165697, 19.839912338396726 ], [ 74.019123872042385, 19.839919901950363 ], [ 74.01915943544617, 19.839926917101675 ], [ 74.019210529822928, 19.839935994886165 ], [ 74.019221349132195, 19.839937879225619 ], [ 74.019232130712226, 19.839939931719098 ], [ 74.019242870071466, 19.839942148986591 ], [ 74.019253563616616, 19.839944531873154 ], [ 74.019264207754418, 19.839947080378767 ], [ 74.019274800688223, 19.839949791968358 ], [ 74.019285337926519, 19.839952665797011 ], [ 74.019295816774317, 19.839955702709688 ], [ 74.019306236333279, 19.839958901861337 ], [ 74.01931658762031, 19.839962259872056 ], [ 74.019326872431975, 19.839965777586752 ], [ 74.019337086276764, 19.83996945416045 ], [ 74.019347224663079, 19.839973286213151 ], [ 74.019357286692568, 19.839977277124845 ], [ 74.019367268772015, 19.839981420135533 ], [ 74.019377167308136, 19.839985717780205 ], [ 74.019386978707672, 19.839990166678881 ], [ 74.019396700275649, 19.839994765986496 ], [ 74.0194063311138, 19.839999515703092 ], [ 74.019415864933933, 19.840004413293695 ], [ 74.019425300837682, 19.840009457068199 ], [ 74.019434637028411, 19.840014646181711 ], [ 74.019443868116284, 19.840019978099118 ], [ 74.019452993202933, 19.840025451975524 ], [ 74.019462007796804, 19.840031066120865 ], [ 74.019470910999601, 19.840036818000144 ], [ 74.019479698319714, 19.840042705923334 ], [ 74.019488368858831, 19.840048729890476 ], [ 74.019496919023709, 19.840054885676565 ], [ 74.019505345221077, 19.84006117412655 ], [ 74.019513646552596, 19.840067590170463 ], [ 74.019521821221673, 19.840074133808297 ], [ 74.019529863838414, 19.840080803350045 ], [ 74.019537774402835, 19.840087595415717 ], [ 74.019545548423281, 19.840094509160291 ], [ 74.019553185001527, 19.840101541203801 ], [ 74.019560682340895, 19.840108689856155 ], [ 74.019568036848113, 19.840115954272473 ], [ 74.019575246726575, 19.840123331072679 ], [ 74.019582309281333, 19.840130816876773 ], [ 74.019589223614091, 19.840138411684801 ], [ 74.019595987029874, 19.840146111271732 ], [ 74.01960259773206, 19.840153914792541 ], [ 74.019609053025647, 19.840161818867301 ], [ 74.01961550921763, 19.840169931655169 ], [ 74.01962148930248, 19.840177921073504 ], [ 74.019627466692356, 19.840186113289967 ], [ 74.019633283283824, 19.840194396765387 ], [ 74.019638934585274, 19.840202768964712 ], [ 74.019644418800084, 19.840211227352949 ], [ 74.019649735928269, 19.840219769395144 ], [ 74.019657812680975, 19.84023346758843 ], [ 74.019789661110153, 19.840466803129594 ], [ 74.019820299051261, 19.840521960847052 ], [ 74.01986314779198, 19.840694069600918 ], [ 74.020053941873499, 19.84091575289774 ], [ 74.020138069998183, 19.84101349624779 ], [ 74.020595858653479, 19.841178592753106 ], [ 74.020897677317578, 19.84128742387535 ], [ 74.02179240023888, 19.841239700631299 ], [ 74.021755607041484, 19.841288411666419 ], [ 74.0217535211534, 19.84129117562237 ], [ 74.0216148904438, 19.841474716218155 ], [ 74.021612956370973, 19.841477277373986 ], [ 74.021611016908309, 19.841479845289662 ], [ 74.021609072954021, 19.841482418275248 ], [ 74.021607126304801, 19.841484994640705 ], [ 74.021605176062309, 19.841487577766042 ], [ 74.021603224023181, 19.841490161736338 ], [ 74.021601269289135, 19.841492749931493 ], [ 74.021599312758454, 19.84149533897159 ], [ 74.021597356227772, 19.841497928856668 ], [ 74.021595399697077, 19.841500521276654 ], [ 74.02159265714053, 19.841504153030513 ], [ 74.0215893468487, 19.841508144748687 ], [ 74.021587268147115, 19.841510650979835 ], [ 74.021585190343885, 19.841513156365963 ], [ 74.021583116133897, 19.84151565921708 ], [ 74.021581042822191, 19.841518157843215 ], [ 74.021578974002111, 19.841520653089404 ], [ 74.021576907876948, 19.841523144110578 ], [ 74.021574848040004, 19.841525629216829 ], [ 74.021572792694656, 19.841528108408095 ], [ 74.021441806648099, 19.841686065937118 ], [ 74.021439038938723, 19.841689401941665 ], [ 74.021363168128133, 19.841780898683115 ], [ 74.020754170552635, 19.842713280781634 ], [ 74.020460398996832, 19.843776286343381 ], [ 74.020243987658375, 19.844481850593404 ], [ 74.019921919171153, 19.845012674058523 ], [ 74.020322194088692, 19.844965380333235 ], [ 74.020486130339833, 19.844946006049142 ], [ 74.020573686435625, 19.844935659408179 ], [ 74.020574508394148, 19.844935561391818 ], [ 74.020634963216096, 19.844928416336625 ], [ 74.023832796744315, 19.844613297620192 ], [ 74.023997245933487, 19.8445970699632 ], [ 74.024266679433254, 19.844597896344325 ], [ 74.026054530766231, 19.844392744988014 ], [ 74.026409410219273, 19.844265858938741 ], [ 74.027051996701516, 19.844287992984778 ], [ 74.027275477781302, 19.844295676316008 ], [ 74.028147033151413, 19.844346105086206 ], [ 74.029165988584936, 19.844509629015239 ], [ 74.030055133866611, 19.84457585866814 ], [ 74.030190444402919, 19.844526831777529 ], [ 74.030324770385661, 19.844475722863006 ], [ 74.03045807498394, 19.844422547976936 ], [ 74.030590314180301, 19.844367324861704 ], [ 74.03074362336163, 19.844300140303424 ], [ 74.030756875308683, 19.844294309996176 ], [ 74.030770238646866, 19.844288685861933 ], [ 74.030783710681177, 19.844283268745652 ], [ 74.030797286920077, 19.844278061182251 ], [ 74.030810964668575, 19.84427306063689 ], [ 74.030824739435133, 19.844268273869382 ], [ 74.03083860313491, 19.844263700034691 ], [ 74.030852555767936, 19.844259339977857 ], [ 74.030866591944246, 19.844255197078787 ], [ 74.030880708070598, 19.844251267957613 ], [ 74.030894896960532, 19.844247560219085 ], [ 74.030909157715641, 19.84424406963835 ], [ 74.030923484946115, 19.84424080128527 ], [ 74.030937873262047, 19.844237752624952 ], [ 74.030952319968421, 19.844234926192318 ], [ 74.030966818777102, 19.844232325367283 ], [ 74.030981366993132, 19.84422994592494 ], [ 74.030995958328276, 19.844227791245256 ], [ 74.031010590087632, 19.844225863018156 ], [ 74.031035715067816, 19.844223085593708 ], [ 74.031046707751983, 19.844221933051273 ], [ 74.031057675283265, 19.844220609824401 ], [ 74.031068615865109, 19.844219116758033 ], [ 74.031079525904232, 19.844217457232059 ], [ 74.031090400909065, 19.844215628711609 ], [ 74.031101239082972, 19.844213632886547 ], [ 74.031112038629317, 19.844211470601888 ], [ 74.031122792361572, 19.844209141012605 ], [ 74.03113349938144, 19.844206646653685 ], [ 74.031144155197353, 19.844203988370033 ], [ 74.031154758012647, 19.844201166161657 ], [ 74.031165304234079, 19.844198178338601 ], [ 74.031175790268392, 19.844195030815662 ], [ 74.031186211624032, 19.844191721902909 ], [ 74.031196567402588, 19.844188251600301 ], [ 74.031206854010946, 19.844184624132705 ], [ 74.031217067855692, 19.84418083781015 ], [ 74.031227204445372, 19.844176894322597 ], [ 74.031237262881604, 19.844172795359956 ], [ 74.031247238672833, 19.844168540922229 ], [ 74.031257130022439, 19.844164135234251 ], [ 74.031266933337136, 19.844159576606085 ], [ 74.031276645921992, 19.844154868417608 ], [ 74.03128626418372, 19.844150010668756 ], [ 74.031295785427417, 19.844145005049555 ], [ 74.031305206958109, 19.844139854939776 ], [ 74.031314525182552, 19.844134558649539 ], [ 74.031323989832387, 19.844128969998504 ], [ 74.031333504787867, 19.844123346703363 ], [ 74.031343132032788, 19.844117871278289 ], [ 74.03135286438058, 19.844112543723309 ], [ 74.031362700034606, 19.844107368263337 ], [ 74.031372637198302, 19.844102344053347 ], [ 74.03138266958338, 19.844097473628349 ], [ 74.031392797189895, 19.844092760368145 ], [ 74.031403016424576, 19.844088201737957 ], [ 74.031413322795828, 19.844083801962558 ], [ 74.031423713608731, 19.844079561886979 ], [ 74.031434187964919, 19.844075482356228 ], [ 74.031444738677934, 19.844071564215234 ], [ 74.03145536574776, 19.84406780999899 ], [ 74.031466065581085, 19.844064219707462 ], [ 74.031476834584723, 19.844060795875588 ], [ 74.031487667368722, 19.844057536813427 ], [ 74.031498563933155, 19.844054446745918 ], [ 74.031509517989718, 19.844051523983048 ], [ 74.031520528640144, 19.844048771059771 ], [ 74.031531592291202, 19.844046188821089 ], [ 74.031542701756308, 19.844043777266993 ], [ 74.031553859730451, 19.84404153724244 ], [ 74.031565059027088, 19.8440394687475 ], [ 74.03157629605299, 19.844037574317049 ], [ 74.031587569909789, 19.844035852261172 ], [ 74.031598874309338, 19.844034305114768 ], [ 74.03161020655665, 19.844032932032878 ], [ 74.031621876570512, 19.844031705131389 ], [ 74.031644135026625, 19.844031582610238 ], [ 74.031666388991155, 19.844031117874842 ], [ 74.031688631277575, 19.844030309235208 ], [ 74.031710853801101, 19.844029158381304 ], [ 74.031733052968391, 19.844027663623198 ], [ 74.031755218897999, 19.8440258266508 ], [ 74.031777347098398, 19.844023649999038 ], [ 74.031799428586382, 19.844021130287992 ], [ 74.031821457972114, 19.844018270897507 ], [ 74.031843429865646, 19.844015072672597 ], [ 74.031865335283868, 19.844011534768249 ], [ 74.031887168836818, 19.844007659719349 ], [ 74.03190892423639, 19.844003450905749 ], [ 74.031930593397689, 19.843998904102612 ], [ 74.031952170032454, 19.843994026069637 ], [ 74.03197364785261, 19.84398881596185 ], [ 74.031995020569838, 19.843983274624204 ], [ 74.032016282794302, 19.843977406281525 ], [ 74.032037424644528, 19.843971209243811 ], [ 74.032058444323852, 19.843964686890903 ], [ 74.032079331052529, 19.843957841757721 ], [ 74.032100082135585, 19.843950677224125 ], [ 74.032120687691588, 19.843943193290073 ], [ 74.032141144127237, 19.843935391645395 ], [ 74.032161444256019, 19.84392727567004 ], [ 74.032181581789743, 19.843918849588754 ], [ 74.032203937263915, 19.84390904535422 ], [ 74.032265568878913, 19.843881941116756 ], [ 74.032327726008376, 19.84385579000579 ], [ 74.032390385296054, 19.8438305996266 ], [ 74.032453530572326, 19.843806379274355 ], [ 74.032517142972551, 19.843783134864275 ], [ 74.032581200937145, 19.843760874001617 ], [ 74.032645688296455, 19.843739601756639 ], [ 74.032710580795936, 19.843719326579464 ], [ 74.032775861367654, 19.843700055230272 ], [ 74.032841510248588, 19.843681791089384 ], [ 74.032919865799244, 19.843661433942223 ], [ 74.03298353389502, 19.843644992409079 ], [ 74.033046869614111, 19.843627569012611 ], [ 74.033109855888569, 19.843609173892126 ], [ 74.033172472057146, 19.843589808737264 ], [ 74.033234700153514, 19.84356948284243 ], [ 74.033296518618101, 19.843548198742134 ], [ 74.033357912179568, 19.843525965730734 ], [ 74.033454898789202, 19.843488556941399 ], [ 74.033613505335794, 19.843426510314615 ], [ 74.033641009953158, 19.843416253142159 ], [ 74.033773308438285, 19.843366914941907 ], [ 74.033839267238051, 19.843343625683712 ], [ 74.033968188956038, 19.843298106758734 ], [ 74.033995001870636, 19.843288690330517 ], [ 74.034021626139008, 19.843278860707759 ], [ 74.034048053676358, 19.843268622960228 ], [ 74.034074276397817, 19.843257979622813 ], [ 74.034100285320264, 19.84324693492028 ], [ 74.034137552828142, 19.843230233936097 ], [ 74.034150261294442, 19.843224483862453 ], [ 74.034163080253563, 19.843218930668431 ], [ 74.03417600611219, 19.843213576044015 ], [ 74.034189034378727, 19.843208420834177 ], [ 74.034202163256609, 19.843203466728916 ], [ 74.034215384660996, 19.843198717108145 ], [ 74.034228698591804, 19.843194171126921 ], [ 74.034242102354156, 19.843189831320206 ], [ 74.034255585168268, 19.843185697687989 ], [ 74.034269149729042, 19.843181772765202 ], [ 74.034282786155046, 19.843178059086849 ], [ 74.034296496242916, 19.84317455411799 ], [ 74.034316285230304, 19.843169895753991 ], [ 74.034338002900625, 19.843165315972822 ], [ 74.034351952838662, 19.843162665276552 ], [ 74.034365953082386, 19.843160230049634 ], [ 74.03437999644521, 19.843158011137113 ], [ 74.034394082028868, 19.843156007693942 ], [ 74.034408202646816, 19.84315422225513 ], [ 74.034422357400743, 19.843152654820667 ], [ 74.034436540002446, 19.843151307080511 ], [ 74.03445074506206, 19.843150177344675 ], [ 74.034464970782892, 19.843149265613253 ], [ 74.034479211775064, 19.843148575266074 ], [ 74.03449346444539, 19.843148103768229 ], [ 74.03451050728296, 19.84314782915034 ], [ 74.034581724820384, 19.843146787292223 ], [ 74.034652915408316, 19.843144646117505 ], [ 74.034686744165285, 19.843143105722241 ], [ 74.034724054792292, 19.84314140731605 ], [ 74.034795124107703, 19.843137070042815 ], [ 74.034866101794933, 19.843131639367559 ], [ 74.034936963599463, 19.843125111065341 ], [ 74.035007691555037, 19.843117492740799 ], [ 74.035078259610486, 19.843108784393767 ], [ 74.035148650697849, 19.843098986869048 ], [ 74.035218840562592, 19.843088106926285 ], [ 74.035324191385826, 19.84306966864937 ], [ 74.035489323294627, 19.843040091860768 ], [ 74.035500440844572, 19.843038101935843 ], [ 74.035584596817031, 19.843023029203884 ], [ 74.035849176719353, 19.842979891338029 ], [ 74.035864935864396, 19.842977572715434 ], [ 74.035880736331919, 19.842975498291782 ], [ 74.035896573630367, 19.842973668911995 ], [ 74.035912445064838, 19.842972082886202 ], [ 74.035928344347013, 19.842970741904335 ], [ 74.0359442660871, 19.842969645966431 ], [ 74.035960205793529, 19.842968796762388 ], [ 74.035976160771284, 19.842968192602292 ], [ 74.035992123833864, 19.84296783517615 ], [ 74.036008089591419, 19.842967723638914 ], [ 74.03602405534896, 19.842967858835564 ], [ 74.036040014818298, 19.842968239921152 ], [ 74.03605596440616, 19.842968866895674 ], [ 74.03607189602775, 19.842969739759102 ], [ 74.036087809682996, 19.842970860201429 ], [ 74.036103697287089, 19.842972223997723 ], [ 74.036123040710137, 19.842974219838382 ], [ 74.036133692932779, 19.84297548392712 ], [ 74.03614437030825, 19.842976582399967 ], [ 74.036155068344939, 19.842977516946824 ], [ 74.036165781653025, 19.842978285877802 ], [ 74.03617651113079, 19.842978889192846 ], [ 74.036187249591691, 19.842979326047026 ], [ 74.036197997035742, 19.842979598975258 ], [ 74.03620874897139, 19.842979704597674 ], [ 74.03621950180532, 19.842979644604146 ], [ 74.036230251944346, 19.842979419839718 ], [ 74.03624099579514, 19.842979027769434 ], [ 74.03625173156108, 19.842978470083214 ], [ 74.036262455648966, 19.842977749316066 ], [ 74.036273163567131, 19.842976860398068 ], [ 74.036283854417363, 19.842975806709138 ], [ 74.036294522809655, 19.842974589939235 ], [ 74.036305166049132, 19.842973206708443 ], [ 74.036315781440862, 19.842971662086629 ], [ 74.036326633987798, 19.842978060268369 ], [ 74.036343987642454, 19.842966729098432 ], [ 74.036375464610018, 19.842961977780632 ], [ 74.036407029612462, 19.842957714015686 ], [ 74.03643867187003, 19.842953936113688 ], [ 74.03647038060295, 19.84295064660958 ], [ 74.036502151319581, 19.842947848038335 ], [ 74.036533967850318, 19.842945537865059 ], [ 74.036565824805251, 19.84294372031469 ], [ 74.036597711404553, 19.842942392852251 ], [ 74.036629616868538, 19.842941558012697 ], [ 74.036661532213941, 19.84294121579612 ], [ 74.036708764733262, 19.842941612091362 ], [ 74.03679433106069, 19.842942741828665 ], [ 74.036879912659501, 19.842942553398288 ], [ 74.036965481681889, 19.842941041730366 ], [ 74.037051012975027, 19.842938211049731 ], [ 74.037136479589478, 19.842934059666415 ], [ 74.037221857270708, 19.842928590115182 ], [ 74.037307118170972, 19.842921804085886 ], [ 74.037392236239057, 19.842913704113315 ], [ 74.037477187220546, 19.842904291887212 ], [ 74.037618487723151, 19.842885671918363 ], [ 74.037690187655883, 19.842875845650564 ], [ 74.037762067251677, 19.842867126305539 ], [ 74.037834103154282, 19.842859514728445 ], [ 74.037906273804225, 19.842853015989316 ], [ 74.037912117345144, 19.842852580824744 ], [ 74.0379785594385, 19.842847630088322 ], [ 74.037989457799512, 19.842846987058685 ], [ 74.038050934904319, 19.842843360405446 ], [ 74.038120354912834, 19.842840337912659 ], [ 74.03812338133703, 19.842840206095797 ], [ 74.038195875380467, 19.842838169694424 ], [ 74.038253308269816, 19.842837472586073 ], [ 74.038273418854104, 19.842837229231883 ], [ 74.038299170858338, 19.842836930109019 ], [ 74.038324912981125, 19.842836234690616 ], [ 74.038350639832572, 19.842835141286699 ], [ 74.038376343327769, 19.842833651587227 ], [ 74.03840201358534, 19.842831765592173 ], [ 74.038427646113661, 19.842829483301543 ], [ 74.038453230132959, 19.842826806405292 ], [ 74.038478759355002, 19.842823735748325 ], [ 74.038504223898357, 19.842820271330684 ], [ 74.038529619271429, 19.842816414842265 ], [ 74.038554934694474, 19.842812167973019 ], [ 74.038580165675853, 19.84280753072289 ], [ 74.038605302334133, 19.842802504781794 ], [ 74.038648824811332, 19.842792832295238 ], [ 74.038675097838464, 19.842786832936621 ], [ 74.038701482256656, 19.84278123916825 ], [ 74.038727970879435, 19.842776055215062 ], [ 74.038754557418599, 19.84277127769716 ], [ 74.038781231094319, 19.842766911684489 ], [ 74.038807985618448, 19.842762958022035 ], [ 74.038834813804385, 19.842759416709878 ], [ 74.038861705770728, 19.842756290282921 ], [ 74.038888655229258, 19.842753578741227 ], [ 74.038915649603538, 19.842751282929804 ], [ 74.038942687096977, 19.842749402848639 ], [ 74.038969754234785, 19.842747941877672 ], [ 74.038996844728814, 19.842746896637017 ], [ 74.03900055387264, 19.842746817208901 ], [ 74.039028873261955, 19.842746202063228 ], [ 74.039048343347417, 19.842745806612431 ], [ 74.039067803551404, 19.842745111193636 ], [ 74.039087247585755, 19.84274411496181 ], [ 74.039106671857112, 19.842742819606976 ], [ 74.039126068280751, 19.84274122512906 ], [ 74.039145429670057, 19.842739330683123 ], [ 74.039164754228437, 19.842737138804072 ], [ 74.039184032972756, 19.842734647801908 ], [ 74.039203258716469, 19.84273186105661 ], [ 74.039222430561296, 19.842728779413079 ], [ 74.039241537727406, 19.842725400336366 ], [ 74.039260579316462, 19.842721728051387 ], [ 74.039279543650409, 19.84271776340308 ], [ 74.039298428932625, 19.84271350470144 ], [ 74.039317228874879, 19.842708957861372 ], [ 74.039335936290669, 19.842704121192824 ], [ 74.03935454758674, 19.842698997230727 ], [ 74.039373055576547, 19.842693586820058 ], [ 74.039391453971888, 19.84268789334066 ], [ 74.039419983566972, 19.842678425332437 ], [ 74.039476658278261, 19.842659337217768 ], [ 74.03950231775606, 19.842651145128876 ], [ 74.039533695908901, 19.842641126190937 ], [ 74.039591082984202, 19.842623793942231 ], [ 74.039648799741215, 19.842607350611694 ], [ 74.039706828213625, 19.842591797889597 ], [ 74.039765153130062, 19.842577141691038 ], [ 74.039823752930985, 19.842563386241213 ], [ 74.039882613243378, 19.842550536610194 ], [ 74.039941715202545, 19.842538593643201 ], [ 74.040001039943888, 19.842527564945271 ], [ 74.040060570399433, 19.842517453051585 ], [ 74.040164202745586, 19.842502099736304 ], [ 74.040221188273932, 19.842493987912608 ], [ 74.040278005817356, 19.84248499815245 ], [ 74.04033464279938, 19.842475133835677 ], [ 74.040391078558798, 19.842464398342052 ], [ 74.041123843319198, 19.842411859898853 ], [ 74.04117111087281, 19.842717553847923 ], [ 74.041231234216468, 19.842966211126239 ], [ 74.041226256651484, 19.843139587232937 ], [ 74.041503276423853, 19.844301233697255 ], [ 74.041796730874324, 19.8464182159167 ], [ 74.041918749937707, 19.84710334665726 ], [ 74.041944634892602, 19.847223122664712 ], [ 74.042136647987959, 19.848257597834465 ], [ 74.042139754362225, 19.848433223334006 ], [ 74.042167337133037, 19.848663614851503 ], [ 74.042201338366496, 19.848902638018956 ], [ 74.042268728182492, 19.849376353775796 ], [ 74.042307491385316, 19.849627559958364 ], [ 74.042401069786791, 19.85050784773664 ], [ 74.042426168715821, 19.850726287132126 ], [ 74.042475991976431, 19.85171412285565 ], [ 74.042488675289931, 19.851965574592612 ], [ 74.042505305800788, 19.853422012223891 ], [ 74.042487202052854, 19.85357842691764 ], [ 74.042423621991986, 19.855927391677415 ], [ 74.042423585161075, 19.855928796763006 ], [ 74.042397735240471, 19.857204242635014 ], [ 74.042390060034663, 19.857828427272992 ], [ 74.042387864552126, 19.859702596244336 ], [ 74.042339713056279, 19.859702875058051 ], [ 74.042339158795727, 19.859753613231454 ], [ 74.04233827395521, 19.859834754734344 ], [ 74.041904867373304, 19.859617530157585 ], [ 74.041904167585699, 19.859627067281192 ], [ 74.041898758829362, 19.859700968986132 ], [ 74.041898112042361, 19.859728176978049 ], [ 74.041894915836593, 19.859862625096419 ], [ 74.041858349014632, 19.861400473113601 ], [ 74.041837979715552, 19.861886026324179 ], [ 74.041796467667979, 19.862875685080649 ], [ 74.041782755783487, 19.863202614318755 ], [ 74.04177412027866, 19.863408525397059 ], [ 74.041758514745538, 19.863780594012521 ], [ 74.041761039909787, 19.863850511919644 ], [ 74.041778705279839, 19.864339790244539 ], [ 74.04182406481182, 19.864504392738503 ], [ 74.04192799809357, 19.865591819128209 ], [ 74.041992630081637, 19.8659913987563 ], [ 74.042139481274361, 19.866899258718252 ], [ 74.042126576975292, 19.86839982060658 ], [ 74.042114057155189, 19.868534273201341 ], [ 74.041873367947872, 19.868693035171766 ], [ 74.041126816742789, 19.869185449806192 ], [ 74.040411204414411, 19.869657424615735 ], [ 74.039594676245315, 19.870154902726579 ], [ 74.039249929788767, 19.870378145823409 ], [ 74.038742933218828, 19.870642750729193 ], [ 74.037415130702414, 19.870897822127361 ], [ 74.036197651184366, 19.871454888794077 ], [ 74.036141308849736, 19.871511667100787 ], [ 74.035874830807245, 19.871599689614403 ], [ 74.033236245255807, 19.872471120844843 ], [ 74.033103273034172, 19.872478580623035 ], [ 74.032739465225575, 19.872738322614872 ], [ 74.032710491862716, 19.872860804656195 ], [ 74.032572171071919, 19.873445553298247 ], [ 74.032466292039246, 19.873759909324271 ], [ 74.032348817552929, 19.874108690871836 ], [ 74.032316691103418, 19.874304379920609 ], [ 74.032296167294106, 19.874429395186556 ], [ 74.032252361847625, 19.874696222783768 ], [ 74.031848021155085, 19.874681958163738 ], [ 74.031653013974875, 19.874924715886259 ], [ 74.031636381667383, 19.874945422151836 ], [ 74.031073909637072, 19.876067582807664 ], [ 74.030873438903313, 19.877050211341651 ], [ 74.030622913143631, 19.878123944613275 ], [ 74.030188436668269, 19.879313228020873 ], [ 74.029598086321414, 19.879875111627264 ], [ 74.029535225811088, 19.879934939960499 ], [ 74.029439014447519, 19.879936626145799 ], [ 74.028511628782496, 19.879952868772662 ], [ 74.02805458393226, 19.880101882356659 ], [ 74.027102818888736, 19.88023226585419 ], [ 74.026816100006229, 19.880004957185388 ], [ 74.026515816562934, 19.880112671058718 ], [ 74.025680930422737, 19.880412138135391 ], [ 74.024883842694734, 19.880478725345359 ], [ 74.024251253563193, 19.880327312095421 ], [ 74.024065649049106, 19.880203876153463 ], [ 74.023041398047013, 19.879522669647699 ], [ 74.022037819076203, 19.879214267277565 ], [ 74.021241788665279, 19.878335393345267 ], [ 74.021171979686216, 19.878241712781517 ], [ 74.020863198180351, 19.877988532865071 ], [ 74.020391334721182, 19.877601626674039 ], [ 74.020244859922542, 19.87748152132637 ], [ 74.020122673772534, 19.877429760709621 ], [ 74.019256215443306, 19.877413489101116 ], [ 74.018749797388438, 19.877578421852526 ], [ 74.017191826733281, 19.877908999845683 ], [ 74.016771292111116, 19.877945499124102 ], [ 74.016483488962123, 19.877970473732613 ], [ 74.015425043588678, 19.877265837335262 ], [ 74.014776111407201, 19.877401532707577 ], [ 74.014683865207331, 19.877382016235433 ], [ 74.014345252447484, 19.877601934179303 ], [ 74.013093758221231, 19.878414714108327 ], [ 74.013062362102033, 19.878360690602335 ], [ 74.013044888971436, 19.878330622811831 ], [ 74.012907118847878, 19.878093559136058 ], [ 74.012837824603508, 19.878014544027128 ], [ 74.010309021264632, 19.877056320917816 ], [ 74.010101201413548, 19.877033533346484 ], [ 74.007444654946312, 19.876742097305016 ], [ 74.007382480748873, 19.87673773729604 ], [ 74.007374755237436, 19.876736632298591 ], [ 74.007367047692313, 19.876735403115639 ], [ 74.007359360808408, 19.876734049747174 ], [ 74.007351696382401, 19.876732573882816 ], [ 74.007344056210925, 19.876730977212148 ], [ 74.007336443887198, 19.876729257200747 ], [ 74.007328861207895, 19.876727416383023 ], [ 74.007321311766219, 19.876725453914197 ], [ 74.007313794663943, 19.876723369794231 ], [ 74.007306316189201, 19.876721168247101 ], [ 74.007298876342034, 19.87671884673847 ], [ 74.007291476020683, 19.876716407802629 ], [ 74.007284120615154, 19.876713850594893 ], [ 74.007276810125376, 19.876711176804786 ], [ 74.007269548144606, 19.87670838727712 ], [ 74.007262335571198, 19.876705482011847 ], [ 74.007255175100084, 19.876702462698621 ], [ 74.007248070324508, 19.876699330182205 ], [ 74.007241022142779, 19.87669608615219 ], [ 74.007234030554898, 19.876692728918982 ], [ 74.007227101849125, 19.876689262706567 ], [ 74.007220236025404, 19.876685686670132 ], [ 74.007213435778709, 19.87668200418884 ], [ 74.007206701109041, 19.87667821188354 ], [ 74.0072000356096, 19.876674314823006 ], [ 74.007193442873742, 19.876670313852014 ], [ 74.007186923799736, 19.876666208125773 ], [ 74.007180479285893, 19.876662001023472 ], [ 74.007174111128833, 19.876657693389873 ], [ 74.007167822921858, 19.876653285225 ], [ 74.007161615563234, 19.876648778218424 ], [ 74.007155491747938, 19.876644174904545 ], [ 74.007149453272604, 19.876639476972979 ], [ 74.007143500137218, 19.8766346827341 ], [ 74.007137636833363, 19.876629797256641 ], [ 74.007131861564375, 19.876624821385509 ], [ 74.007126179720203, 19.876619755120586 ], [ 74.007120592199172, 19.876614600151544 ], [ 74.007115099899508, 19.876609359012704 ], [ 74.007109703719578, 19.876604033393704 ], [ 74.007104408150994, 19.876598624139341 ], [ 74.007099213193726, 19.876593132939156 ], [ 74.007094117051111, 19.876587560638015 ], [ 74.00708912690969, 19.876581912304648 ], [ 74.007084240972858, 19.876576186249455 ], [ 74.007079461935561, 19.876570385851657 ], [ 74.00707479069608, 19.876564511956026 ], [ 74.007070229949392, 19.876558567096968 ], [ 74.007065778797127, 19.876552552964061 ], [ 74.007061439934319, 19.876546470402086 ], [ 74.007057215157545, 19.876540322790262 ], [ 74.007053105365131, 19.876534110973388 ], [ 74.007049110557062, 19.876527836641024 ], [ 74.007045234326583, 19.876521502327588 ], [ 74.007041473978816, 19.876515111412282 ], [ 74.007037835801924, 19.876508662205435 ], [ 74.00703431710096, 19.876502159775949 ], [ 74.007030919672559, 19.876495605813336 ], [ 74.007027648008275, 19.876489000317619 ], [ 74.007024496718259, 19.876482346667999 ], [ 74.007021471192402, 19.876475647398841 ], [ 74.00701857232896, 19.876468903354997 ], [ 74.007015799229691, 19.876462117070805 ], [ 74.007013153691162, 19.876455291925495 ], [ 74.007010635713442, 19.876448426229448 ], [ 74.007006219595482, 19.876435321678724 ], [ 74.007004417575033, 19.876429991829873 ], [ 74.007002416128557, 19.876424715203303 ], [ 74.007000218849399, 19.876419501936638 ], [ 74.006997826635796, 19.87641435709866 ], [ 74.006995245775968, 19.876409285758228 ], [ 74.006992476269943, 19.876404296363333 ], [ 74.006989521710992, 19.876399394827576 ], [ 74.006986386590668, 19.876394585374989 ], [ 74.006983076298823, 19.876389874764012 ], [ 74.006979590835513, 19.876385268063377 ], [ 74.006975939183874, 19.876380772031624 ], [ 74.006972122242246, 19.876376391737502 ], [ 74.006968145400506, 19.876372133094595 ], [ 74.006964015845142, 19.876368000326991 ], [ 74.006959735372803, 19.876363999348268 ], [ 74.006955310271707, 19.876360134382445 ], [ 74.006950745931746, 19.876356407963957 ], [ 74.006946048641126, 19.87635283023041 ], [ 74.006941224688049, 19.876349401181788 ], [ 74.006936277665773, 19.876346125042193 ], [ 74.006931214760826, 19.876343006035523 ], [ 74.006926043159737, 19.876340050920312 ], [ 74.006920767354075, 19.876337258851699 ], [ 74.006915396327003, 19.876334636588112 ], [ 74.00691005135107, 19.876332238196859 ], [ 74.006905459163349, 19.876330350910443 ], [ 74.006900801398601, 19.876328609774692 ], [ 74.006896087039962, 19.876327019013527 ], [ 74.006891318782436, 19.876325577782261 ], [ 74.00688650471082, 19.876324291149622 ], [ 74.00688165111336, 19.876323156581222 ], [ 74.006876761583271, 19.876322180835523 ], [ 74.006871844205392, 19.876321361378061 ], [ 74.006866901674698, 19.876320699053721 ], [ 74.00686194387265, 19.876320196396808 ], [ 74.006856975290816, 19.876319853407434 ], [ 74.0068520022174, 19.876319670085476 ], [ 74.006847126162057, 19.876319644741443 ], [ 74.006840498391895, 19.876319663327081 ], [ 74.006833867028448, 19.876319573778101 ], [ 74.006827234766703, 19.876319378628963 ], [ 74.006820603403312, 19.87631907619004 ], [ 74.006813974734797, 19.876318667306123 ], [ 74.006807353252839, 19.876318152821977 ], [ 74.006800738059084, 19.876317530203277 ], [ 74.006794132746776, 19.876316802829162 ], [ 74.006787539112622, 19.876315969010069 ], [ 74.006780957156522, 19.876315028745999 ], [ 74.006774391370129, 19.876313983726497 ], [ 74.006767842651698, 19.876312834796423 ], [ 74.006761313696231, 19.876311580266123 ], [ 74.006754806300279, 19.876310220980461 ], [ 74.006748322260577, 19.876308757784166 ], [ 74.006741863373662, 19.876307192366877 ], [ 74.006735431436255, 19.876305523038983 ], [ 74.006729028244905, 19.876303750645278 ], [ 74.006722655596263, 19.876301877720131 ], [ 74.006716317083615, 19.876299903418804 ], [ 74.006710013605286, 19.876297826051669 ], [ 74.006703746957868, 19.876295649842678 ], [ 74.006697518937983, 19.876293374791885 ], [ 74.006689694611879, 19.87629035293638 ], [ 74.00667841985674, 19.876285970105361 ], [ 74.006667068744804, 19.876281768061769 ], [ 74.006655645767651, 19.87627774680562 ], [ 74.006644155416836, 19.876273908026565 ], [ 74.006632598590713, 19.87627025341417 ], [ 74.006620981577484, 19.876266782968496 ], [ 74.006618827417412, 19.876266176400819 ], [ 74.006613415067832, 19.876274926012648 ], [ 74.00661012903052, 19.876272231095093 ], [ 74.006606788195981, 19.87626959700318 ], [ 74.006603394360852, 19.876267023737 ], [ 74.006599946626793, 19.876264513830883 ], [ 74.006596450383682, 19.87626206728487 ], [ 74.006592902936646, 19.876259685788565 ], [ 74.006589307878883, 19.876257369341975 ], [ 74.006585665210395, 19.87625511878991 ], [ 74.006581976727858, 19.876252936666731 ], [ 74.006578246922757, 19.876250822127677 ], [ 74.006574473100258, 19.876248777707147 ], [ 74.006570657056926, 19.876246800870742 ], [ 74.006566799691129, 19.876244895842486 ], [ 74.006562908189295, 19.876243062622361 ], [ 74.006558977161632, 19.87624130036556 ], [ 74.006555011997946, 19.876239610761711 ], [ 74.006551011799999, 19.87623799381084 ], [ 74.006546980160991, 19.876236451202505 ], [ 74.006542917080949, 19.876234982091919 ], [ 74.00653882525485, 19.876233588168702 ], [ 74.006534704682622, 19.876232270277654 ], [ 74.006530558957621, 19.876231028418754 ], [ 74.00652638897806, 19.876229861747216 ], [ 74.006522195642304, 19.876228771952658 ], [ 74.006517980746992, 19.876227760724689 ], [ 74.006513745190446, 19.876226826373699 ], [ 74.006509492565897, 19.876225970589267 ], [ 74.006505223771654, 19.876225193371418 ], [ 74.006500938807719, 19.876224493030588 ], [ 74.006496642165743, 19.876223872101093 ], [ 74.006492331150696, 19.876223332272605 ], [ 74.006488012050795, 19.876222870165915 ], [ 74.006483683069447, 19.876222486625785 ], [ 74.006479348698207, 19.876222184186677 ], [ 74.006475008937073, 19.876221961158944 ], [ 74.006470663786047, 19.876221816697797 ], [ 74.006466320431642, 19.876221711942353 ], [ 74.006461975280615, 19.876221647737392 ], [ 74.006457628332925, 19.876221624082945 ], [ 74.006453282283616, 19.876221641823779 ], [ 74.006448937132575, 19.876221700959935 ], [ 74.006444591981548, 19.876221802336165 ], [ 74.006440248627143, 19.876221944262912 ], [ 74.006435907967699, 19.876222126740149 ], [ 74.006431568206565, 19.876222350612679 ], [ 74.006427233835296, 19.876222615880494 ], [ 74.006422900362367, 19.876222923388436 ], [ 74.006418571381019, 19.876223270602043 ], [ 74.006414245992929, 19.876223659210982 ], [ 74.006409924198095, 19.876224090060031 ], [ 74.006405607793141, 19.876224560614705 ], [ 74.006401297676447, 19.876225073409561 ], [ 74.006396992949576, 19.876225625910038 ], [ 74.006392693612639, 19.876226219805861 ], [ 74.006388403258825, 19.876226854252149 ], [ 74.006384118294918, 19.876227530093743 ], [ 74.006379841415864, 19.876228245641023 ], [ 74.006375570825014, 19.876229001738814 ], [ 74.006371310115597, 19.876229799231879 ], [ 74.006367056592737, 19.876230637275434 ], [ 74.006362813849648, 19.876231514179857 ], [ 74.006358580988035, 19.876232433324407 ], [ 74.006354358007883, 19.876233391329848 ], [ 74.006350145807517, 19.876234389885731 ], [ 74.006345944386922, 19.876235428992157 ], [ 74.006341752847803, 19.876236506959433 ], [ 74.006337574783458, 19.876237624632406 ], [ 74.006333409295465, 19.876238782855861 ], [ 74.006329254587257, 19.876239979095367 ], [ 74.006325115150432, 19.876241216730165 ], [ 74.006320988290028, 19.876242493225874 ], [ 74.006316874904343, 19.87624380773763 ], [ 74.006312774993361, 19.876245162799883 ], [ 74.006308691252087, 19.876246555033394 ], [ 74.006304621883871, 19.876247987817365 ], [ 74.006300568685305, 19.876249457772666 ], [ 74.006296531656417, 19.876250966588781 ], [ 74.00629250989887, 19.876252515110583 ], [ 74.00628850610768, 19.87625409911406 ], [ 74.006284519384437, 19.876255723668006 ], [ 74.006280549729198, 19.876257385393242 ], [ 74.006276598040273, 19.8762590826001 ], [ 74.006272665215931, 19.876260818667816 ], [ 74.006268750357947, 19.876262593596408 ], [ 74.00626485526287, 19.876264404006683 ], [ 74.00626097993073, 19.876266251588191 ], [ 74.00625712525985, 19.876268137185757 ], [ 74.006253288555271, 19.876270058264957 ], [ 74.0062494752069, 19.876272015670619 ], [ 74.006245680723126, 19.876274010247577 ], [ 74.006241908697248, 19.876276040306152 ], [ 74.006238159129254, 19.876278105001536 ], [ 74.006234431120831, 19.876280206023413 ], [ 74.006230727366912, 19.876282341682096 ], [ 74.00622704427424, 19.876284513667251 ], [ 74.006223386334398, 19.876286721134065 ], [ 74.006219749954141, 19.87628896070326 ], [ 74.006216138726714, 19.876291236598931 ], [ 74.006212554448723, 19.876293547976221 ], [ 74.006208991730304, 19.87629589061115 ], [ 74.006205455063039, 19.876298268727684 ], [ 74.006201945345211, 19.87630068063628 ], [ 74.006198459881901, 19.876303123802476 ], [ 74.006195002266367, 19.876305601605505 ], [ 74.006191568905365, 19.876308113200558 ], [ 74.00618816518876, 19.876310655208435 ], [ 74.006184786624971, 19.876313230163532 ], [ 74.006181437705592, 19.876315838065835 ], [ 74.006178115735665, 19.876318476380959 ], [ 74.006174821613513, 19.876321145953689 ], [ 74.006171558034083, 19.876323849318425 ], [ 74.006168321404118, 19.876326579716796 ], [ 74.006165115316861, 19.876329343907141 ], [ 74.006161937975705, 19.876332137665486 ], [ 74.00615879207561, 19.876334961836658 ], [ 74.006161546310238, 19.876338847923122 ], [ 74.006149911330695, 19.876348655222223 ], [ 74.006131305424518, 19.876363779699961 ], [ 74.006112403972608, 19.876378594978995 ], [ 74.006093216856485, 19.87639309599065 ], [ 74.006073747669319, 19.876407279355785 ], [ 74.006050881053781, 19.87642328242088 ], [ 74.006047121604311, 19.876425761911666 ], [ 74.006043266035107, 19.876428116371834 ], [ 74.006039319736061, 19.87643034242225 ], [ 74.006035288097053, 19.876432439218089 ], [ 74.006031174711381, 19.876434400845756 ], [ 74.006026984968884, 19.87643622730528 ], [ 74.006022725157806, 19.876437916062194 ], [ 74.006018398871404, 19.876439464582166 ], [ 74.00601401239787, 19.876440870330804 ], [ 74.006009571127109, 19.876442134152871 ], [ 74.006005078652365, 19.876443251824387 ], [ 74.006000543058519, 19.876444221655763 ], [ 74.005995967938773, 19.876445046181356 ], [ 74.005991359581358, 19.876445720332406 ], [ 74.005986725172818, 19.876446245798547 ], [ 74.005982069204677, 19.876446621734907 ], [ 74.005977395270278, 19.876446845607116 ], [ 74.005972710556065, 19.876446918259994 ], [ 74.005968022248609, 19.876446841383096 ], [ 74.005963334839436, 19.876446613286884 ], [ 74.005958652820169, 19.876446233971322 ], [ 74.005953984275649, 19.87644570428121 ], [ 74.005949332799119, 19.876445025906147 ], [ 74.005944705577065, 19.87644419884613 ], [ 74.005940107101125, 19.876443223101173 ], [ 74.005935544557801, 19.876442101205647 ], [ 74.005931022438673, 19.876440834849173 ], [ 74.005926545235283, 19.876439424031737 ], [ 74.00592211923589, 19.876437872132559 ], [ 74.005917750728671, 19.876436179996404 ], [ 74.005913444205177, 19.876434350157702 ], [ 74.005909205953671, 19.876432384306039 ], [ 74.00590503866907, 19.876430284130976 ], [ 74.005901184896487, 19.876428187335115 ], [ 74.005835353657531, 19.876420154122965 ], [ 74.005769649979328, 19.876411064064349 ], [ 74.005704093624843, 19.876400921383116 ], [ 74.005638706153647, 19.87638973114781 ], [ 74.005584872813586, 19.876379625636421 ], [ 74.005573504633688, 19.876377493358241 ], [ 74.005508512421187, 19.876364213082969 ], [ 74.005402105179158, 19.876340003611421 ], [ 74.005193660100645, 19.876311930013962 ], [ 74.005185804333493, 19.876308958846909 ], [ 74.005181777186067, 19.876307406101681 ], [ 74.005177756326816, 19.876305834770758 ], [ 74.005173743552461, 19.876304247388603 ], [ 74.005169738862932, 19.876302643110403 ], [ 74.005165741359903, 19.876301021091315 ], [ 74.005161751043431, 19.87629938302101 ], [ 74.005157769710067, 19.876297727209863 ], [ 74.005153794664949, 19.87629605534746 ], [ 74.005149828602953, 19.876294364899405 ], [ 74.00514587062581, 19.876292658400086 ], [ 74.005141921631846, 19.876290935004725 ], [ 74.005137979824383, 19.876289193868541 ], [ 74.005134047000055, 19.876287436681071 ], [ 74.005130123158892, 19.876285662597549 ], [ 74.005126205605961, 19.876283871617964 ], [ 74.005122298832774, 19.876282064587134 ], [ 74.005118399246115, 19.876280239815486 ], [ 74.00511451043927, 19.876278398992543 ], [ 74.005110627920587, 19.876276542118365 ], [ 74.005106755283407, 19.876274668348131 ], [ 74.005102891629392, 19.876272777681827 ], [ 74.005099036958512, 19.876270869274641 ], [ 74.005095192169065, 19.876268947350638 ], [ 74.005091357261122, 19.876267006840987 ], [ 74.005087530438047, 19.87626505028004 ], [ 74.005083711699754, 19.876263077667836 ], [ 74.005079903741262, 19.876261089004409 ], [ 74.00507610566423, 19.8762590842897 ], [ 74.005072315672052, 19.876257062678921 ], [ 74.005068537357957, 19.876255025016881 ], [ 74.00506476802704, 19.8762529713036 ], [ 74.005061007679259, 19.876250900694263 ], [ 74.005057258111265, 19.876248815723223 ], [ 74.00505351932307, 19.876246714700937 ], [ 74.005049788619672, 19.876244595937809 ], [ 74.005046069594385, 19.876242462812989 ], [ 74.005042361348899, 19.876240312792135 ], [ 74.005038661188266, 19.876238148409588 ], [ 74.005034972705715, 19.876235967130977 ], [ 74.005031295002922, 19.876233768956297 ], [ 74.005027627181605, 19.876231558109584 ], [ 74.005023970140115, 19.876229330366783 ], [ 74.005020322980045, 19.876227084883098 ], [ 74.005016688396381, 19.876224825882563 ], [ 74.005013063694236, 19.876222550830729 ], [ 74.005009448873508, 19.87622025972767 ], [ 74.005005846629246, 19.876217955952523 ], [ 74.005002255164726, 19.876215633591681 ], [ 74.004998673581696, 19.876213296869206 ], [ 74.004995104575059, 19.876210945785047 ], [ 74.004991546348222, 19.876208578649617 ], [ 74.004987998901186, 19.876206197152502 ], [ 74.004984464030542, 19.87620379875931 ], [ 74.004980939939657, 19.876201387694056 ], [ 74.004977426628571, 19.876198959732719 ], [ 74.004973925893921, 19.876196517409696 ], [ 74.004970437735693, 19.876194059880209 ], [ 74.004966960357237, 19.876191587989066 ], [ 74.004963493758524, 19.876189101736216 ], [ 74.004960040634586, 19.876186600276888 ], [ 74.004956598290406, 19.876184083611108 ], [ 74.004953169420986, 19.876181551738828 ], [ 74.004949752229635, 19.876179006349673 ], [ 74.004946346716409, 19.876176445754041 ], [ 74.004942953779562, 19.876173870796723 ], [ 74.004939573419151, 19.876171282322552 ], [ 74.004936204736836, 19.876168678641864 ], [ 74.004932847732618, 19.87616605975472 ], [ 74.004929505999755, 19.876163428195472 ], [ 74.004926175945002, 19.876160782274535 ], [ 74.004922857568332, 19.876158120302339 ], [ 74.004917403896272, 19.876150630284453 ], [ 74.004911717560489, 19.876147039029416 ], [ 74.004905089790341, 19.876143003408199 ], [ 74.004898390154963, 19.876139071697615 ], [ 74.004891619552666, 19.876135248121635 ], [ 74.004884783373356, 19.876131530990662 ], [ 74.004877878922059, 19.876127923683924 ], [ 74.004870911588739, 19.876124426201468 ], [ 74.004863884068243, 19.876121039388057 ], [ 74.004856796360684, 19.876117764088516 ], [ 74.004849651160896, 19.876114601992469 ], [ 74.004842451163896, 19.876111553944661 ], [ 74.004835198166305, 19.876108620789999 ], [ 74.004827894863027, 19.876105803373214 ], [ 74.004824707640395, 19.87610463163195 ], [ 74.004820543050755, 19.876103103383954 ], [ 74.004813145424393, 19.876100519132656 ], [ 74.004805702882237, 19.876098053153637 ], [ 74.004798219915941, 19.876095707136585 ], [ 74.004790698322054, 19.87609348023669 ], [ 74.004783137202324, 19.87609137414351 ], [ 74.004775541946586, 19.876089388857107 ], [ 74.004767915249829, 19.87608752606711 ], [ 74.004760258908675, 19.876085784083848 ], [ 74.004752574719731, 19.876084163752186 ], [ 74.004744863581308, 19.876082669296121 ], [ 74.00473713088337, 19.876081297336405 ], [ 74.004729375727493, 19.87608005040752 ], [ 74.004721604401965, 19.876078925975037 ], [ 74.004713815110179, 19.876077927418134 ], [ 74.004706014140254, 19.87607705389205 ], [ 74.004698200593879, 19.876076306241579 ], [ 74.00469037806441, 19.87607568362192 ], [ 74.004682549246695, 19.876075186033088 ], [ 74.004674716835723, 19.876074815164632 ], [ 74.004666881729804, 19.876074571016616 ], [ 74.004659049318846, 19.876074451899413 ], [ 74.004651217806185, 19.876074458657861 ], [ 74.004643392581784, 19.876074592981517 ], [ 74.004635575442165, 19.876074853180775 ], [ 74.004627767285726, 19.876075238410824 ], [ 74.004619971705679, 19.876075750361327 ], [ 74.004611902139487, 19.876076414376342 ], [ 74.004584505319968, 19.876079123658887 ], [ 74.00455717677238, 19.876082275618003 ], [ 74.004529929073186, 19.876085867719318 ], [ 74.004502766713912, 19.87608990334197 ], [ 74.004475697779483, 19.876094375727536 ], [ 74.00444873394791, 19.876099284875931 ], [ 74.004421879710804, 19.876104633321575 ], [ 74.004395144949626, 19.876110414305938 ], [ 74.00436853774923, 19.876116627829056 ], [ 74.00434206709275, 19.876123273046009 ], [ 74.004315739268421, 19.876130347422365 ], [ 74.004289563259348, 19.876137846734032 ], [ 74.004263547150387, 19.876145771825769 ], [ 74.004237698128108, 19.876154120163132 ], [ 74.004193347404211, 19.8761695682187 ], [ 74.004185301194212, 19.87617257909405 ], [ 74.004177316069644, 19.876175721758514 ], [ 74.004169395623776, 19.876178993677655 ], [ 74.004161545246518, 19.876182393161852 ], [ 74.004153763141218, 19.876185922745538 ], [ 74.004146052002795, 19.876189577359842 ], [ 74.004138417221213, 19.876193357849623 ], [ 74.004130856999794, 19.876197263369999 ], [ 74.004123376728401, 19.876201291386593 ], [ 74.004115979102025, 19.876205441054591 ], [ 74.004108663222382, 19.876209712373999 ], [ 74.004101433580971, 19.876214102810348 ], [ 74.00409429197444, 19.876218610674098 ], [ 74.004087241097793, 19.876223235965185 ], [ 74.004080281849284, 19.876227976994009 ], [ 74.004073416025562, 19.87623283122614 ], [ 74.004066649016536, 19.876237798661595 ], [ 74.004059979025541, 19.876242875921132 ], [ 74.004053409645877, 19.876248063004759 ], [ 74.004046943572462, 19.876253358222844 ], [ 74.004040580805324, 19.876258759040997 ], [ 74.004034326734299, 19.876264263769578 ], [ 74.004028179562823, 19.876269873253385 ], [ 74.0040221419858, 19.876275581578778 ], [ 74.004016219393108, 19.87628139128018 ], [ 74.004010408191547, 19.876287297288798 ], [ 74.004004712872671, 19.876293299604527 ], [ 74.003999137029666, 19.876299395693032 ], [ 74.003993677069374, 19.876305583864696 ], [ 74.003988245855155, 19.876311975633257 ], [ 74.003962642971246, 19.876331566579719 ], [ 74.003936660099967, 19.876350734278304 ], [ 74.003910305326187, 19.876369467746738 ], [ 74.003883584938066, 19.876387765295558 ], [ 74.00385650881708, 19.876405619321748 ], [ 74.003829085048082, 19.876423024756622 ], [ 74.003801321715898, 19.8764399782211 ], [ 74.003773226905395, 19.87645647211216 ], [ 74.003744809599695, 19.876472501361153 ], [ 74.003716078781963, 19.876488061744158 ], [ 74.003687041638713, 19.876503150726968 ], [ 74.00365770894976, 19.876517759861663 ], [ 74.003628088799886, 19.876531886614011 ], [ 74.003598190172298, 19.876545527604943 ], [ 74.0035680229484, 19.876558677765779 ], [ 74.003537595213118, 19.876571332872633 ], [ 74.003506915949515, 19.876583487856809 ], [ 74.003475995937478, 19.87659514102884 ], [ 74.003451805205145, 19.876603756299296 ], [ 74.003439050924769, 19.876608297943935 ], [ 74.0034336754061, 19.876611802174168 ], [ 74.003428229818866, 19.87661521685547 ], [ 74.003422718654591, 19.876618541987909 ], [ 74.003417142811614, 19.876621775881929 ], [ 74.003411502289936, 19.876624916847891 ], [ 74.003405800682827, 19.876627967420191 ], [ 74.003401591177393, 19.876630125883803 ], [ 74.003400039786911, 19.876630920840444 ], [ 74.003394221398807, 19.876633782177475 ], [ 74.003388346416855, 19.876636546362469 ], [ 74.003382415739352, 19.876639215085049 ], [ 74.003376432959556, 19.876641784966008 ], [ 74.003370398975775, 19.876644257694924 ], [ 74.003364315584705, 19.876646631582275 ], [ 74.003358186379515, 19.876648904938399 ], [ 74.003352011360263, 19.876651080297719 ], [ 74.003345793221854, 19.876653151746652 ], [ 74.003342648220041, 19.876654141851905 ], [ 74.003339532862654, 19.876655124353988 ], [ 74.003333232977539, 19.876656992206119 ], [ 74.003326895363216, 19.876658757837479 ], [ 74.003320522714603, 19.876660421248054 ], [ 74.003314115031671, 19.876661979903467 ], [ 74.003307676806045, 19.876663434648499 ], [ 74.003301207139344, 19.876664786327975 ], [ 74.003294711421532, 19.876666030717825 ], [ 74.003288187855958, 19.876667171197383 ], [ 74.003281640934134, 19.876668205232146 ], [ 74.003275071554469, 19.876669131977337 ], [ 74.00326848331018, 19.876669953122565 ], [ 74.003261876201265, 19.876670666978242 ], [ 74.003255252922671, 19.876671275233978 ], [ 74.003248617067669, 19.876671776200173 ], [ 74.003241968636274, 19.876672168187199 ], [ 74.003235310323362, 19.876672452884666 ], [ 74.003228643027342, 19.876672632826981 ], [ 74.0032219703414, 19.876672702945339 ], [ 74.00321529496054, 19.876672666618976 ], [ 74.00320861688472, 19.876672521313438 ], [ 74.003201937910561, 19.876672271252769 ], [ 74.003195261631362, 19.876671911368113 ], [ 74.003188591640381, 19.876671445038717 ], [ 74.003181927039293, 19.876670869730166 ], [ 74.003175271421355, 19.87667018966647 ], [ 74.003168624786568, 19.876669403158004 ], [ 74.003161990728202, 19.876668507670409 ], [ 74.00315537194119, 19.876667508272416 ], [ 74.003148769323857, 19.876666401584895 ], [ 74.003142184672797, 19.876665190142191 ], [ 74.003135621581336, 19.876663873099528 ], [ 74.003129080049447, 19.876662451301694 ], [ 74.003122562772063, 19.876660924748688 ], [ 74.003116073342426, 19.876659294285297 ], [ 74.003109610862282, 19.876657560756314 ], [ 74.003103179823157, 19.876655723316951 ], [ 74.003096780225107, 19.876653783656838 ], [ 74.003090415661305, 19.876651742620691 ], [ 74.003084087030103, 19.87664960189818 ], [ 74.003077796128167, 19.876647358954838 ], [ 74.003071547447064, 19.876645017169935 ], [ 74.003065011305054, 19.87664244306503 ], [ 74.002959726058833, 19.876600936356919 ], [ 74.002843023225324, 19.876557192606992 ], [ 74.002832074558626, 19.876553299767473 ], [ 74.002821061213254, 19.876549581801527 ], [ 74.002809983189167, 19.876546038709115 ], [ 74.002798846774596, 19.876542673869523 ], [ 74.002787654664459, 19.876539487282734 ], [ 74.002776411350382, 19.876536478103954 ], [ 74.002765115035686, 19.876533649712375 ], [ 74.00275377560186, 19.876531003797627 ], [ 74.002742393048862, 19.876528536980537 ], [ 74.00273097186836, 19.876526255174703 ], [ 74.002719513856889, 19.876524154156101 ], [ 74.002708026201034, 19.876522238148734 ], [ 74.002696508002501, 19.876520507152676 ], [ 74.002684964651095, 19.876518960323075 ], [ 74.00267340243505, 19.87651759934958 ], [ 74.002653036729242, 19.876515656308545 ], [ 74.002644459614928, 19.876514890919335 ], [ 74.002635895077006, 19.876513987827654 ], [ 74.002627344013803, 19.876512947033497 ], [ 74.002618809120264, 19.876511770226433 ], [ 74.002610293091408, 19.876510457406489 ], [ 74.002601798622067, 19.876509006039239 ], [ 74.002593329305569, 19.876507418659099 ], [ 74.002584886040225, 19.876505697800507 ], [ 74.002576472419278, 19.87650384008418 ], [ 74.002568091137647, 19.876501849734158 ], [ 74.002559744890348, 19.876499725060828 ], [ 74.002551434575679, 19.876497466908965 ], [ 74.002543164685179, 19.876495077812972 ], [ 74.002534937015469, 19.876492555238482 ], [ 74.002526754261552, 19.87648990425426 ], [ 74.002518617321698, 19.876487120636284 ], [ 74.002507883352393, 19.876483222726264 ], [ 74.002484359170026, 19.876474611673217 ], [ 74.002460687663984, 19.876466377400856 ], [ 74.002436876919049, 19.876458519064407 ], [ 74.002412944901593, 19.876450952183848 ], [ 74.002388864662109, 19.876443948785074 ], [ 74.002364678421372, 19.876437241911116 ], [ 74.002340381687873, 19.876430921110877 ], [ 74.002315980749799, 19.876424987229196 ], [ 74.00229148459033, 19.876419446179778 ], [ 74.002266901294263, 19.87641429796259 ], [ 74.002242236251519, 19.876409542577754 ], [ 74.002217498445219, 19.876405184249222 ], [ 74.002192695061893, 19.876401221287487 ], [ 74.002167832389787, 19.876397656226949 ], [ 74.00214292031032, 19.876394491602071 ], [ 74.002113057615347, 19.876391230669793 ], [ 74.002029849365499, 19.876382276622486 ], [ 74.001946778557937, 19.876371987788815 ], [ 74.001907998287109, 19.876366305655697 ], [ 74.001799427901886, 19.876350397202586 ], [ 74.001792730063116, 19.876349373303341 ], [ 74.00178601605468, 19.876348456693883 ], [ 74.001779290368162, 19.876347647374217 ], [ 74.001772553901844, 19.876346946189091 ], [ 74.001765807554037, 19.87634635398333 ], [ 74.001759054918068, 19.876345869912171 ], [ 74.001752298688785, 19.876345493975553 ], [ 74.001745539764599, 19.876345227018334 ], [ 74.001738779942116, 19.876345069040486 ], [ 74.001732021017915, 19.876345020041992 ], [ 74.001725268381904, 19.876345079178083 ], [ 74.001718520237503, 19.876345248138364 ], [ 74.001711776584656, 19.876345525233205 ], [ 74.001705047304881, 19.876345911307446 ], [ 74.001698327906553, 19.876346406361012 ], [ 74.001691621982943, 19.876347010393982 ], [ 74.001684933127322, 19.876347720027127 ], [ 74.001678261339706, 19.876348540329218 ], [ 74.001671610213378, 19.876349467076309 ], [ 74.001664980646567, 19.87635050195793 ], [ 74.001658375334273, 19.876351643284526 ], [ 74.001651796073119, 19.876352891900897 ], [ 74.001645244659755, 19.876354246962219 ], [ 74.001638723789142, 19.876355707623659 ], [ 74.00163223525783, 19.876357274730086 ], [ 74.001625780862526, 19.876358946591839 ], [ 74.001619362399779, 19.876360723208961 ], [ 74.001612980768002, 19.876362603736577 ], [ 74.00160663956045, 19.876364588174763 ], [ 74.001600340573646, 19.876366673989043 ], [ 74.001594085604339, 19.876368863713854 ], [ 74.001587876449079, 19.876371154814805 ], [ 74.001581713107939, 19.876373545602242 ], [ 74.001575600072428, 19.87637603776578 ], [ 74.001569540037508, 19.876378629615832 ], [ 74.001563531206585, 19.876381318617995 ], [ 74.001557578969525, 19.876384107306635 ], [ 74.001551682427973, 19.876386992302546 ], [ 74.001545843378636, 19.876389971916122 ], [ 74.001540066313041, 19.87639304868177 ], [ 74.001534240738422, 19.876396280890795 ], [ 74.00152722309943, 19.876400176268579 ], [ 74.00152013000195, 19.876403956753286 ], [ 74.001512962344293, 19.876407618965786 ], [ 74.001505721923095, 19.87641116290607 ], [ 74.001498412331614, 19.876414590263749 ], [ 74.001491036264824, 19.876417895125186 ], [ 74.001483591926075, 19.876421079180009 ], [ 74.001476087400192, 19.876424141583453 ], [ 74.001468520890541, 19.876427082335489 ], [ 74.001460895990405, 19.876429898056969 ], [ 74.001453215394733, 19.876432587903036 ], [ 74.001445479103523, 19.876435154408153 ], [ 74.001437694303277, 19.876437593348282 ], [ 74.001429859197358, 19.876439904723444 ], [ 74.001421975582431, 19.876442089378425 ], [ 74.001414049746685, 19.87644414477888 ], [ 74.001406082588417, 19.876446070924768 ], [ 74.001398074107655, 19.876447868660915 ], [ 74.001390029694278, 19.876449534608113 ], [ 74.001381951144964, 19.876451071300757 ], [ 74.00137384115456, 19.876452475359685 ], [ 74.001365698824841, 19.876453747629675 ], [ 74.001357532240561, 19.876454889800314 ], [ 74.001349338706873, 19.876455899337241 ], [ 74.001341123613599, 19.876456773706035 ], [ 74.001337108144284, 19.876457136970377 ], [ 74.001332889655714, 19.87645751713071 ], [ 74.001324637731514, 19.876458127076866 ], [ 74.001316373230878, 19.876458604389281 ], [ 74.001308095255524, 19.876458947378417 ], [ 74.001299807398738, 19.876459156888973 ], [ 74.001291512355408, 19.876459232076261 ], [ 74.001283211922171, 19.876459173785001 ], [ 74.001274912387274, 19.87645898201523 ], [ 74.001266611055726, 19.876458656766935 ], [ 74.001258312419111, 19.87645819804013 ], [ 74.001250020969067, 19.876457605834815 ], [ 74.001241736705509, 19.876456880995718 ], [ 74.001233463221737, 19.876456021833377 ], [ 74.001225203212684, 19.876455031726859 ], [ 74.001216957576702, 19.876453907297019 ], [ 74.001208730805345, 19.876452651923049 ], [ 74.001200525593532, 19.876451264760131 ], [ 74.001192343737941, 19.876449746653112 ], [ 74.00118418703515, 19.87644809760193 ], [ 74.00117605818015, 19.8764463176066 ], [ 74.001167958969518, 19.876444409201547 ], [ 74.001154483341963, 19.876440925242882 ], [ 74.001044552907388, 19.876410699955116 ], [ 74.000944775232142, 19.876382851087275 ], [ 74.000933349560029, 19.876376619833803 ], [ 74.000912406237504, 19.876364746152607 ], [ 74.000891700968538, 19.876352548911544 ], [ 74.000871240939603, 19.876340033179464 ], [ 74.000851028845716, 19.876327204869842 ], [ 74.000831074568325, 19.876314065672261 ], [ 74.000811381700657, 19.876300618965747 ], [ 74.000791958327582, 19.876286870663936 ], [ 74.000772808940653, 19.876272825835528 ], [ 74.000753940726455, 19.87625848617002 ], [ 74.00073535817647, 19.876243856736128 ], [ 74.000717065782325, 19.876228944292286 ], [ 74.000699073425494, 19.87621374883831 ], [ 74.000681381106006, 19.87619827882218 ], [ 74.000663997806939, 19.876182537623048 ], [ 74.000646927121608, 19.876166530309622 ], [ 74.000630177134809, 19.876150261950606 ], [ 74.000613748744897, 19.876133736769965 ], [ 74.000597649138385, 19.876116960681269 ], [ 74.000581883705138, 19.876099937063607 ], [ 74.000566457835063, 19.876082675209716 ], [ 74.000551374223122, 19.876065175119557 ], [ 74.000536637360881, 19.87604744439626 ], [ 74.000522252638262, 19.876029488953371 ], [ 74.000508225445103, 19.876011313859635 ], [ 74.000494559374673, 19.875992925028594 ], [ 74.000489170381286, 19.875985391073101 ], [ 74.000481257121947, 19.875974329218586 ], [ 74.000468324975103, 19.875955528119178 ], [ 74.000455764730816, 19.87593653186789 ], [ 74.000443581778924, 19.875917342154338 ], [ 74.000431779712727, 19.875897968271222 ], [ 74.000420362125482, 19.875878415287321 ], [ 74.000407899797551, 19.875856064310291 ], [ 74.000709597189072, 19.875617597935324 ], [ 74.000726431617494, 19.875432310917784 ], [ 74.000568839268908, 19.875369806227045 ], [ 74.000340140773957, 19.875279097631037 ], [ 73.999957923790234, 19.875127492710387 ], [ 73.999983268857662, 19.875099434104705 ], [ 73.999989683727108, 19.875092334338081 ], [ 74.00002854035472, 19.87504931670685 ], [ 74.000215167151651, 19.874842716175529 ], [ 73.999283394114769, 19.87420460333961 ], [ 73.999168405266801, 19.874200698614935 ], [ 73.998895736933704, 19.87419143777683 ], [ 73.998793715266871, 19.874201937955313 ], [ 73.99862615970342, 19.874219183962598 ], [ 73.998614550775045, 19.874220810226987 ], [ 73.998602911303877, 19.874222254856694 ], [ 73.998591244883315, 19.874223522075699 ], [ 73.998579556903152, 19.874224606815172 ], [ 73.998567849160025, 19.87422551329913 ], [ 73.998556125247248, 19.874226235613978 ], [ 73.998544388758077, 19.874226779673311 ], [ 73.998532644184053, 19.874227141253147 ], [ 73.998520893321825, 19.874227321198234 ], [ 73.998509139764636, 19.874227320353413 ], [ 73.998497390699029, 19.874227137029077 ], [ 73.998485646125005, 19.874226772914824 ], [ 73.998473909635834, 19.874226227165842 ], [ 73.998462186621381, 19.874225499782131 ], [ 73.99845048067489, 19.874224593298155 ], [ 73.998438793593053, 19.874223505179437 ], [ 73.998427129867423, 19.874222236270811 ], [ 73.998415493091215, 19.87422078826188 ], [ 73.998403886857744, 19.87421916030782 ], [ 73.998392315658563, 19.874217353253446 ], [ 73.998380781290336, 19.874215367943584 ], [ 73.998369288244575, 19.874213205223015 ], [ 73.998357839216268, 19.874210864246965 ], [ 73.998346436900377, 19.874208348394614 ], [ 73.998335087585076, 19.874205654286705 ], [ 73.998323793965341, 19.874202786992157 ], [ 73.99831255783775, 19.874199744821269 ], [ 73.998301382795617, 19.874196530308563 ], [ 73.998290274228808, 19.87419314429879 ], [ 73.998289454066963, 19.874192879027522 ], [ 73.998279234832282, 19.874189585947065 ], [ 73.99826826640269, 19.874185857787936 ], [ 73.998257373431557, 19.8741819606661 ], [ 73.998246557715532, 19.874177897960841 ], [ 73.998235826441132, 19.874173666292887 ], [ 73.998225177811747, 19.874169270731119 ], [ 73.998214619013893, 19.874164711275533 ], [ 73.998204151844206, 19.874159988770884 ], [ 73.998193778997631, 19.874155105751584 ], [ 73.998183504965724, 19.874150063062519 ], [ 73.998173332443457, 19.874144863238044 ], [ 73.998163263227426, 19.874139506278144 ], [ 73.998153300910914, 19.874133994717234 ], [ 73.99814344998552, 19.8741283294002 ], [ 73.998133712247849, 19.874122513706165 ], [ 73.998124090392821, 19.874116549324793 ], [ 73.998109811671398, 19.874107278343992 ], [ 73.998079665108776, 19.874087354266123 ], [ 73.99804967125975, 19.874067532408134 ], [ 73.997990757946766, 19.874028598328302 ], [ 73.997870866094019, 19.873950921067905 ], [ 73.997860996303984, 19.87394198715829 ], [ 73.997709449617247, 19.873804813777127 ], [ 73.997530625586904, 19.873642949693611 ], [ 73.996955908620947, 19.873225785033476 ], [ 73.996909831335088, 19.873212456339516 ], [ 73.996806879911929, 19.873159794597022 ], [ 73.996751994644725, 19.873131719591445 ], [ 73.996590069721506, 19.873000928962966 ], [ 73.996534538565555, 19.872952960122255 ], [ 73.996431293393329, 19.872859838182205 ], [ 73.996426355354217, 19.872855342895246 ], [ 73.996421333771778, 19.872850925331591 ], [ 73.99641623403592, 19.872846587180895 ], [ 73.996411054349991, 19.872842330132816 ], [ 73.996405798307279, 19.872838154187331 ], [ 73.996400466806037, 19.872834060189298 ], [ 73.996395061643, 19.872830052362826 ], [ 73.996389584614704, 19.87282612817339 ], [ 73.996384035721192, 19.872822291845207 ], [ 73.996378420352329, 19.872818544222991 ], [ 73.996374828887838, 19.872816232795049 ], [ 73.9963727349149, 19.872814885306838 ], [ 73.99636698569708, 19.872811315096754 ], [ 73.996361172698897, 19.872807838661576 ], [ 73.996355298615242, 19.872804452622127 ], [ 73.996349365242779, 19.872801161202467 ], [ 73.996343370784913, 19.872797964402601 ], [ 73.996337320631454, 19.872794862222538 ], [ 73.996331216579122, 19.872791856351931 ], [ 73.996325061322779, 19.872788946790809 ], [ 73.996318853964169, 19.872786136073582 ], [ 73.996312598096551, 19.872783425045114 ], [ 73.996306292821558, 19.872780812860576 ], [ 73.996299945325759, 19.872778302054421 ], [ 73.996293553812521, 19.872775891781917 ], [ 73.99628712097676, 19.872773585422213 ], [ 73.996280647716816, 19.872771379596166 ], [ 73.996274139422582, 19.872769276838138 ], [ 73.99626759429745, 19.872767281372276 ], [ 73.996261015934621, 19.872765387284876 ], [ 73.996247846632528, 19.87276193788297 ], [ 73.996240234308829, 19.872761370163602 ], [ 73.996232630069926, 19.872760679100463 ], [ 73.996225035712541, 19.872759866383181 ], [ 73.996217453931536, 19.872758931166906 ], [ 73.996209885625262, 19.872757875141307 ], [ 73.996202337081954, 19.872756698306368 ], [ 73.996194805606578, 19.872755399817294 ], [ 73.996187296589142, 19.872753982208483 ], [ 73.996179811826195, 19.872752442945522 ], [ 73.996172354012685, 19.872750783718001 ], [ 73.996164924046965, 19.872749007060467 ], [ 73.996157523725671, 19.872747111283189 ], [ 73.996150159336963, 19.872745098075839 ], [ 73.996142829084249, 19.872742965748724 ], [ 73.99613553476415, 19.872740719370857 ], [ 73.996128281766516, 19.872738354718049 ], [ 73.996121070091434, 19.872735876014431 ], [ 73.996113903332116, 19.872733282415165 ], [ 73.996106783285143, 19.872730574765065 ], [ 73.996099710848938, 19.8727277547538 ], [ 73.996092688718363, 19.872724822381304 ], [ 73.996085718690054, 19.872721779337276 ], [ 73.996078806153946, 19.872718624776841 ], [ 73.996071949313375, 19.872715362079266 ], [ 73.996065151761627, 19.872711992089453 ], [ 73.996058415295309, 19.872708513117644 ], [ 73.996051741711057, 19.872704929388007 ], [ 73.996045133703859, 19.872701239210869 ], [ 73.996038593070253, 19.872697445120671 ], [ 73.996032121606959, 19.872693547962268 ], [ 73.996025722907163, 19.872689550270071 ], [ 73.99601939607264, 19.872685452044085 ], [ 73.996013143798251, 19.872681254973973 ], [ 73.996006969677296, 19.872676959059667 ], [ 73.996000874608086, 19.872672566835693 ], [ 73.995994860387313, 19.872668079146798 ], [ 73.99598892791316, 19.872663499372312 ], [ 73.995983079880659, 19.872658824977712 ], [ 73.995977318984743, 19.872654060187163 ], [ 73.995971646123692, 19.872649205000581 ], [ 73.995966062195905, 19.872644262797284 ], [ 73.995960568997916, 19.872639234422095 ], [ 73.995955171021407, 19.872634119875002 ], [ 73.995949864672994, 19.872628923380049 ], [ 73.99594465713929, 19.872623643247671 ], [ 73.995939546623646, 19.872618282857065 ], [ 73.995934535821007, 19.87261284389789 ], [ 73.995929625629671, 19.872607328904667 ], [ 73.995924818744555, 19.872601737877304 ], [ 73.995920115165731, 19.872596073350291 ], [ 73.995915517588116, 19.872590336168443 ], [ 73.995911026910022, 19.872584529711027 ], [ 73.995906644029759, 19.872578654822853 ], [ 73.995902369845624, 19.872572712348745 ], [ 73.995898207950916, 19.872566705667989 ], [ 73.995894157447324, 19.872560637315022 ], [ 73.995890219233104, 19.87255450560022 ], [ 73.995886396003243, 19.872548315592464 ], [ 73.995882689554378, 19.87254206898146 ], [ 73.995879098988212, 19.87253576661195 ], [ 73.99587562699962, 19.872529409328767 ], [ 73.995872273588645, 19.872523002200861 ], [ 73.995869039653627, 19.872516544383416 ], [ 73.995865926991186, 19.872510039255626 ], [ 73.995862937397931, 19.87250348681761 ], [ 73.99586006907721, 19.872496892138201 ], [ 73.995857324724014, 19.872490256062243 ], [ 73.995854705236653, 19.872483580279379 ], [ 73.995852209716773, 19.872476865634404 ], [ 73.995849841757689, 19.872470116351483 ], [ 73.995847601359401, 19.872463334120216 ], [ 73.995845486725187, 19.872456518095746 ], [ 73.995843501448419, 19.872449675036655 ], [ 73.995841485628929, 19.872442194136578 ], [ 73.995840386989343, 19.87243809928346 ], [ 73.995839210196308, 19.872434019637094 ], [ 73.99583795704649, 19.872429959421513 ], [ 73.995836629336523, 19.872425916102248 ], [ 73.99583522437139, 19.872421893903471 ], [ 73.995833744846138, 19.872417891980305 ], [ 73.99583219076068, 19.872413912022424 ], [ 73.995830563013385, 19.872409955719469 ], [ 73.995828860705913, 19.872406024761084 ], [ 73.995827085634929, 19.872402119147281 ], [ 73.995825237800389, 19.872398242257326 ], [ 73.995823318100634, 19.872394390711996 ], [ 73.995821325637337, 19.872390571269769 ], [ 73.995819264003757, 19.87238678224108 ], [ 73.995817131403243, 19.872383023625922 ], [ 73.995814928734191, 19.872379298803544 ], [ 73.995812657793138, 19.872375608618825 ], [ 73.995810316783505, 19.872371953071742 ], [ 73.995807910196874, 19.872368333007113 ], [ 73.995805436236566, 19.872364750959434 ], [ 73.995802896699274, 19.872361207773508 ], [ 73.995800290686631, 19.872357705138995 ], [ 73.995797619995287, 19.872354242211038 ], [ 73.995794886421891, 19.872350819834523 ], [ 73.995792090864725, 19.87234744307834 ], [ 73.995789230628873, 19.872344106873594 ], [ 73.995786312002494, 19.872340817134006 ], [ 73.995782195921862, 19.872336365763097 ], [ 73.995767510263605, 19.872327409797098 ], [ 73.99575298630208, 19.872318224883621 ], [ 73.995738630325519, 19.87230881186743 ], [ 73.995724447723816, 19.872299174127743 ], [ 73.995710442090243, 19.872289314199058 ], [ 73.995696618814648, 19.872279233770957 ], [ 73.995682978795372, 19.872268938757124 ], [ 73.99566953011724, 19.872258431692025 ], [ 73.995656274576888, 19.872247714265267 ], [ 73.995643216665954, 19.872236789856093 ], [ 73.995630360875921, 19.872225664378167 ], [ 73.995617710800062, 19.872214337831526 ], [ 73.995605270930014, 19.872202815285018 ], [ 73.995593043062357, 19.872191100117924 ], [ 73.99558103258704, 19.872179195709503 ], [ 73.995569243995561, 19.872167107128629 ], [ 73.995557678186273, 19.872154836064947 ], [ 73.995546339650772, 19.872142385897622 ], [ 73.995535233778895, 19.872129763385267 ], [ 73.99552436236732, 19.872116969372694 ], [ 73.995513729009318, 19.872104008083916 ], [ 73.995503336399779, 19.872090884587863 ], [ 73.99549318723372, 19.872077604798243 ], [ 73.995483286900992, 19.87206416871507 ], [ 73.995473637198174, 19.872050582252033 ], [ 73.995464239921972, 19.872036849633218 ], [ 73.995455098665644, 19.872022975082725 ], [ 73.995446217920772, 19.872008962824591 ], [ 73.995429767971302, 19.871981457027022 ], [ 73.995405810800989, 19.871938921791322 ], [ 73.995382652232919, 19.871896029183194 ], [ 73.995360294063829, 19.871852791874751 ], [ 73.995333968036135, 19.871799289923921 ], [ 73.995329503409152, 19.871790168341747 ], [ 73.995324868102301, 19.871781116034757 ], [ 73.995320065708782, 19.871772133847788 ], [ 73.995315096228637, 19.871763226849808 ], [ 73.995309963255096, 19.871754395885652 ], [ 73.995304664093268, 19.871745646024284 ], [ 73.995299205031273, 19.871736977265684 ], [ 73.995293585170842, 19.87172839214443 ], [ 73.995287805410285, 19.871719894884599 ], [ 73.995281871139539, 19.871711487175915 ], [ 73.995275779663572, 19.871703173242416 ], [ 73.99526953637239, 19.871694953084241 ], [ 73.995263141265852, 19.871686830925441 ], [ 73.995256597039031, 19.871678809300573 ], [ 73.995249904590153, 19.871670889054428 ], [ 73.995243069309126, 19.871663075255992 ], [ 73.995236089399398, 19.871655366215681 ], [ 73.995228967555832, 19.87164776869205 ], [ 73.995221708270023, 19.87164028268516 ], [ 73.995214312440282, 19.871632910729495 ], [ 73.995206780066624, 19.87162565366987 ], [ 73.995199118335535, 19.871618518264942 ], [ 73.995191323653842, 19.871611501135423 ], [ 73.995183404106285, 19.871604607350278 ], [ 73.995175358794611, 19.871597840288846 ], [ 73.995167191312035, 19.871591198261459 ], [ 73.995158902556923, 19.87158468633713 ], [ 73.995150497020816, 19.871578305360678 ], [ 73.995141977398632, 19.871572057021783 ], [ 73.995133343690469, 19.871565943854925 ], [ 73.995124602184418, 19.871559968394592 ], [ 73.995115752880579, 19.871554129796003 ], [ 73.995106796677177, 19.871548433972972 ], [ 73.995097741659094, 19.871542878390986 ], [ 73.995088587826388, 19.871537467274212 ], [ 73.995079336975564, 19.87153220062271 ], [ 73.995065962857623, 19.871524935110219 ], [ 73.995060199266774, 19.871521950336195 ], [ 73.995054379980346, 19.871519055113801 ], [ 73.995048512184894, 19.871516253667174 ], [ 73.995042593185502, 19.871513545996308 ], [ 73.995036629270331, 19.871510932101167 ], [ 73.995030618642787, 19.87150841282665 ], [ 73.99502456489607, 19.871505992396884 ], [ 73.99501846982686, 19.871503665742893 ], [ 73.99501233343517, 19.871501437088785 ], [ 73.995006161110865, 19.871499304744983 ], [ 73.994999951955592, 19.871497273780424 ], [ 73.994993707766042, 19.871495341660605 ], [ 73.994987433033799, 19.871493509230376 ], [ 73.994981125063859, 19.871491775644902 ], [ 73.994974791042807, 19.87149014512833 ], [ 73.994968430072291, 19.871488615146209 ], [ 73.994962043948917, 19.871487187388141 ], [ 73.994955636265999, 19.871485861854179 ], [ 73.994949206125199, 19.871484639389124 ], [ 73.994942758018098, 19.871483519148168 ], [ 73.994936292842993, 19.871482503665767 ], [ 73.994929814193156, 19.871481591252312 ], [ 73.994923321170305, 19.871480782752609 ], [ 73.994916818265949, 19.871480079011466 ], [ 73.994908232168484, 19.871479310218639 ], [ 73.99490295276955, 19.871478808391231 ], [ 73.994897690438592, 19.87147813759832 ], [ 73.994892449667219, 19.871477297839988 ], [ 73.994887240336922, 19.871476293340312 ], [ 73.994882066040873, 19.871475119030347 ], [ 73.994876933965656, 19.871473781668691 ], [ 73.994871851297773, 19.871472281255343 ], [ 73.99486682073217, 19.871470618635183 ], [ 73.994861851252026, 19.871468797187394 ], [ 73.994856949145529, 19.8714668186017 ], [ 73.994852118904234, 19.871464685412633 ], [ 73.994847367714726, 19.871462400154556 ], [ 73.994842701865124, 19.871459966206828 ], [ 73.994838124948743, 19.871457385259106 ], [ 73.994833644152095, 19.871454659845849 ], [ 73.994829263966778, 19.871451796725662 ], [ 73.994824989782657, 19.871448795898555 ], [ 73.994820826989638, 19.871445663278319 ], [ 73.994816781875912, 19.871442402244231 ], [ 73.994812858034763, 19.871439015330779 ], [ 73.994809060856028, 19.871435506762076 ], [ 73.994805393933035, 19.871431883296758 ], [ 73.994801862655677, 19.871428146624471 ], [ 73.994798470617141, 19.87142430265898 ], [ 73.994795224105729, 19.871420355624434 ], [ 73.994792124019682, 19.87141631227944 ], [ 73.994789175748906, 19.871412172623966 ], [ 73.994786383784998, 19.87140794679598 ], [ 73.994783749924608, 19.871403639019608 ], [ 73.994781276862625, 19.871399251829317 ], [ 73.994778969090646, 19.871394792828525 ], [ 73.994776031599685, 19.871388465068566 ], [ 73.994773699573187, 19.871383345412131 ], [ 73.994771177103871, 19.871378298410736 ], [ 73.994768468683276, 19.871373329978141 ], [ 73.99476557700639, 19.871368446873046 ], [ 73.994762503869822, 19.871363655009183 ], [ 73.99475925556176, 19.871358960300391 ], [ 73.994755834777138, 19.871354366970852 ], [ 73.994752246905904, 19.871349882623957 ], [ 73.994748494642948, 19.871345513173548 ], [ 73.994744584276532, 19.871341261154122 ], [ 73.994740517603233, 19.87133713163465 ], [ 73.994736302707921, 19.871333133063416 ], [ 73.994731944082176, 19.871329269664592 ], [ 73.994727446217524, 19.871325543972642 ], [ 73.994722813605605, 19.871321961901366 ], [ 73.994718054331244, 19.871318526830152 ], [ 73.99471317288598, 19.871315243827905 ], [ 73.994708174659735, 19.871312116273987 ], [ 73.994703067737362, 19.871309148392541 ], [ 73.994697856610401, 19.871306344407689 ], [ 73.994692549363691, 19.871303706853986 ], [ 73.994687148692208, 19.871301238265872 ], [ 73.994681666274019, 19.871298942867501 ], [ 73.994676103905789, 19.871296824883032 ], [ 73.994671594363083, 19.871295254347295 ], [ 73.994667692979775, 19.871293916984111 ], [ 73.994663814952688, 19.871292517948476 ], [ 73.994659962078444, 19.871291056395521 ], [ 73.994656136153651, 19.871289534859741 ], [ 73.994652336279984, 19.871287951651485 ], [ 73.994648565152445, 19.87128630930523 ], [ 73.994644822770965, 19.87128460697615 ], [ 73.994641113627139, 19.871282846353882 ], [ 73.994637435026078, 19.8712810257488 ], [ 73.994633789662643, 19.871279147695354 ], [ 73.994630178435216, 19.871277212193565 ], [ 73.994626602242079, 19.871275220088265 ], [ 73.9946230619815, 19.871273171379414 ], [ 73.99461956124685, 19.871271066067038 ], [ 73.994616097343112, 19.871268908375292 ], [ 73.994612672965275, 19.871266693235135 ], [ 73.994609289011578, 19.87126442740529 ], [ 73.994605948177039, 19.87126210581668 ], [ 73.994602646868373, 19.871259732693552 ], [ 73.994599392272093, 19.871257308880683 ], [ 73.994596181693268, 19.871254834378014 ], [ 73.994593015131898, 19.871252309185653 ], [ 73.994589897079535, 19.871249734148339 ], [ 73.994586824841264, 19.871247111800578 ], [ 73.994583802010325, 19.871244442142398 ], [ 73.994580827688438, 19.87124172432895 ], [ 73.994577906367141, 19.871238960049869 ], [ 73.994575032656527, 19.871236150994832 ], [ 73.994572212844872, 19.871233298853479 ], [ 73.994569446932104, 19.871230401936149 ], [ 73.994566733121644, 19.871227461932492 ], [ 73.994564074108411, 19.87122448222188 ], [ 73.994561470790686, 19.871221460269727 ], [ 73.99455892406688, 19.871218398610608 ], [ 73.994556433936893, 19.871215298089275 ], [ 73.994554763070454, 19.871213143776078 ], [ 73.994372785953473, 19.871004682998411 ], [ 73.994173518962185, 19.870824277934737 ], [ 73.99416659384967, 19.870817400167141 ], [ 73.994161647725718, 19.870812553372641 ], [ 73.994156674652316, 19.870807732767709 ], [ 73.994151671934489, 19.870802938352416 ], [ 73.9941466413689, 19.870798170126761 ], [ 73.99414158385386, 19.870793428935524 ], [ 73.994136497592706, 19.87078871308907 ], [ 73.99413138528044, 19.870784024277075 ], [ 73.994126244222073, 19.870779361654716 ], [ 73.994121076214242, 19.870774726911645 ], [ 73.994115882155256, 19.870770120047862 ], [ 73.994110660248523, 19.870765539373693 ], [ 73.994105412290622, 19.870760986578812 ], [ 73.994100135586635, 19.870756460818427 ], [ 73.994094833729832, 19.870751963782137 ], [ 73.994089506720229, 19.870747492935529 ], [ 73.994084152761104, 19.870743050813019 ], [ 73.994078772750854, 19.870738637414672 ], [ 73.994073366689491, 19.870734251895627 ], [ 73.994067934576975, 19.870729894255902 ], [ 73.994062478209941, 19.870725566185143 ], [ 73.994056996690048, 19.87072126599368 ], [ 73.99405149001737, 19.870716993681555 ], [ 73.994045957293551, 19.870712750938399 ], [ 73.99404040121351, 19.870708538609094 ], [ 73.99403482087898, 19.870704353314249 ], [ 73.994029213594956, 19.870700199278065 ], [ 73.994023583853078, 19.870696073121241 ], [ 73.994017930754978, 19.870691977378232 ], [ 73.994012251605767, 19.870687911204204 ], [ 73.994006550896984, 19.87068387459917 ], [ 73.994000825933682, 19.870679868407954 ], [ 73.993995077614159, 19.870675890940952 ], [ 73.99398930593847, 19.870671943887789 ], [ 73.99398351090656, 19.870668028093263 ], [ 73.993977695213417, 19.870664142712599 ], [ 73.993971855265755, 19.870660286900947 ], [ 73.9939659919619, 19.870656463192784 ], [ 73.993960106200149, 19.870652669053662 ], [ 73.993954199777164, 19.870648906173209 ], [ 73.993948270896297, 19.870645173706617 ], [ 73.993942319557519, 19.870641473343568 ], [ 73.993936349354144, 19.870637804239166 ], [ 73.99393035489625, 19.870634166393494 ], [ 73.993924338878827, 19.870630558116808 ], [ 73.993918303996708, 19.870626983633347 ], [ 73.993912247555087, 19.87062344040859 ], [ 73.993906169553853, 19.870619927597666 ], [ 73.993900072688035, 19.870616447735131 ], [ 73.993893955160956, 19.870612999976121 ], [ 73.993887816972617, 19.870609585165504 ], [ 73.993881659021355, 19.870606200768737 ], [ 73.993875482205439, 19.870602850165188 ], [ 73.993869283829966, 19.870599529975522 ], [ 73.993863068386531, 19.870596245268739 ], [ 73.993856833180132, 19.870592991820669 ], [ 73.993850578210811, 19.870589769631316 ], [ 73.993844306173514, 19.87058658123517 ], [ 73.993838014373267, 19.870583426632269 ], [ 73.993831703708395, 19.870580304132879 ], [ 73.993825375975504, 19.870577214581925 ], [ 73.993819030276356, 19.870574158824152 ], [ 73.993812666610879, 19.870571136859656 ], [ 73.993806285877426, 19.870568147843493 ], [ 73.993799887177659, 19.870565192620617 ], [ 73.993793471409887, 19.870562270346142 ], [ 73.99378703767583, 19.870559381864854 ], [ 73.993780588670418, 19.870556526331999 ], [ 73.993774121698678, 19.870553707126856 ], [ 73.993767640353894, 19.870550920025313 ], [ 73.993761141042825, 19.870548166717001 ], [ 73.993754627358712, 19.870545448046801 ], [ 73.993748096606581, 19.870542764014619 ], [ 73.993741550583096, 19.870540112930875 ], [ 73.993734989288257, 19.870537498174912 ], [ 73.993728412722078, 19.870534916367305 ], [ 73.993721821782842, 19.870532369197822 ], [ 73.993715214673912, 19.87052985582158 ], [ 73.993708594988576, 19.870527378773076 ], [ 73.993701960031913, 19.870524936362695 ], [ 73.993695310702165, 19.870522527745532 ], [ 73.993688647897699, 19.870520153766492 ], [ 73.993681969821878, 19.870517816115225 ], [ 73.993675280966286, 19.870515513102003 ], [ 73.993668576839312, 19.870513244726904 ], [ 73.993661860135944, 19.870511011834736 ], [ 73.99365512995783, 19.870508815270355 ], [ 73.993648388999944, 19.870506651654402 ], [ 73.993641633669, 19.870504525210997 ], [ 73.993634865761635, 19.870502435095396 ], [ 73.993628087972837, 19.87050037792827 ], [ 73.993621295810982, 19.870498357933695 ], [ 73.993614491971002, 19.870496374266917 ], [ 73.993607679147871, 19.870494424393421 ], [ 73.993600853748362, 19.87049251000288 ], [ 73.993594016670727, 19.870490632784904 ], [ 73.993587169711645, 19.870488791894765 ], [ 73.993580311972764, 19.870486985642696 ], [ 73.993573444352435, 19.870485215718418 ], [ 73.993566565053953, 19.870483482966755 ], [ 73.993559676772378, 19.870481784853187 ], [ 73.993552780405921, 19.870480124757115 ], [ 73.993545872361381, 19.870478499299164 ], [ 73.993538954435408, 19.870476911013807 ], [ 73.993532030221175, 19.870475358211401 ], [ 73.993525094328888, 19.870473840891961 ], [ 73.993518150351719, 19.870472361589975 ], [ 73.993511199188049, 19.870470918615791 ], [ 73.993504238142904, 19.870469511969361 ], [ 73.993497269012977, 19.870468140805951 ], [ 73.99349029359476, 19.870466806815109 ], [ 73.993483310091761, 19.870465509996922 ], [ 73.993476317605598, 19.870464250351343 ], [ 73.993469320627824, 19.870463027033587 ], [ 73.993462314666928, 19.870461839198789 ], [ 73.993455302417829, 19.870460689381488 ], [ 73.993448283880497, 19.870459575047096 ], [ 73.993441259055004, 19.870458498730201 ], [ 73.993408278307626, 19.870532486629521 ], [ 73.993407786030843, 19.870534868211877 ], [ 73.993351970108989, 19.870692458932183 ], [ 73.992504926169715, 19.87067313087616 ], [ 73.992501692234725, 19.870681851227619 ], [ 73.992433714920509, 19.870865162670572 ], [ 73.991823581874513, 19.870902855626795 ], [ 73.991635331821868, 19.870920232096864 ], [ 73.991007602576062, 19.870608164158181 ], [ 73.990617899032756, 19.870414417886366 ], [ 73.990166491110912, 19.870200631913953 ], [ 73.989659999394163, 19.869960747845351 ], [ 73.989349167932829, 19.869859067649468 ], [ 73.989341641847375, 19.869579355743358 ], [ 73.989207912345961, 19.869164051709379 ], [ 73.989097285717051, 19.869159659388036 ], [ 73.988962037164484, 19.869142723731354 ], [ 73.988781947407901, 19.869199154792284 ], [ 73.988566895220458, 19.86917909999223 ], [ 73.987085716149068, 19.869282686581016 ], [ 73.986921601133204, 19.869195576897202 ], [ 73.986530914832983, 19.869228408200318 ], [ 73.986050316155982, 19.869299863001821 ], [ 73.985606230401999, 19.869391962244105 ], [ 73.98531473338052, 19.869452414645764 ], [ 73.985089332601007, 19.869470657233748 ], [ 73.984188846088841, 19.869686542765312 ], [ 73.984071948320917, 19.869744349026565 ], [ 73.983977199414625, 19.869791203654287 ], [ 73.98392162244464, 19.869818686176526 ], [ 73.983539213221476, 19.869949045185098 ], [ 73.983524200576412, 19.870011780963655 ], [ 73.983521454426622, 19.870012706902923 ], [ 73.983439413088334, 19.870216611105509 ], [ 73.983360709889666, 19.870406695267988 ], [ 73.983178548618042, 19.870846656655875 ], [ 73.983176663054252, 19.870908095264657 ], [ 73.983072569872377, 19.870937323857255 ], [ 73.983006572445092, 19.870955856051097 ], [ 73.982970231998607, 19.870966060753375 ], [ 73.982173923109926, 19.87104561922235 ], [ 73.982172776859628, 19.871088973337425 ], [ 73.98044018808632, 19.872106240108828 ], [ 73.98037049409163, 19.872121708834701 ], [ 73.979383754040811, 19.872340726737978 ], [ 73.979212305178947, 19.872335759180405 ], [ 73.979169436675292, 19.872334517290987 ], [ 73.978065762025651, 19.872410933178912 ], [ 73.978397729947318, 19.872137740211699 ], [ 73.97875706414581, 19.871978696984939 ], [ 73.978768167322698, 19.871969849981134 ], [ 73.979319540667689, 19.871621813933285 ], [ 73.979535059979057, 19.87148577483698 ], [ 73.9795083485741, 19.871197461219865 ], [ 73.979698752786788, 19.871075471273741 ], [ 73.979636813049623, 19.870493779786194 ], [ 73.979696001247078, 19.870455448883988 ], [ 73.979258103987092, 19.869654406857919 ], [ 73.979900492840017, 19.869164081278754 ], [ 73.979892507715476, 19.868865797692628 ], [ 73.979979910199347, 19.868741177649227 ], [ 73.979997917827518, 19.868635540274042 ], [ 73.979994618315487, 19.868561312398946 ], [ 73.97995531792013, 19.867677493643836 ], [ 73.979937569006751, 19.867193232199249 ], [ 73.980108534574967, 19.867168140993105 ], [ 73.980178568132857, 19.866826717199917 ], [ 73.980226848087781, 19.866591342922959 ], [ 73.980222177746654, 19.86634559601638 ], [ 73.980222057372401, 19.866339239329857 ], [ 73.980188269937912, 19.866281648954828 ], [ 73.979783428883792, 19.865591576653799 ], [ 73.979059263695575, 19.864690221412868 ], [ 73.97780294371961, 19.865239135864325 ], [ 73.977577339920813, 19.865337707403476 ], [ 73.977434072107727, 19.865280731723065 ], [ 73.977341996587739, 19.864963584357366 ], [ 73.977221713069511, 19.864549273622071 ], [ 73.977193361340838, 19.864284394949209 ], [ 73.977077487652323, 19.863962353809104 ], [ 73.977053737992861, 19.863582991018028 ], [ 73.976962549110027, 19.863220147933877 ], [ 73.977097400607249, 19.862784731926585 ], [ 73.977697253333176, 19.862298234361052 ], [ 73.978409708981616, 19.861975509061121 ], [ 73.978470711775941, 19.861682175620039 ], [ 73.978588531215351, 19.861115638127377 ], [ 73.97842210573252, 19.859987398282705 ], [ 73.976914376054623, 19.859948310355197 ], [ 73.976766288780041, 19.859953851980315 ], [ 73.976614436666082, 19.859959520338521 ], [ 73.976437446995561, 19.859966123988229 ], [ 73.976363989059848, 19.859911851712457 ], [ 73.976362761062845, 19.859910944301742 ], [ 73.975774964626339, 19.860519651812957 ], [ 73.974873152200828, 19.861453556132862 ], [ 73.974625501948339, 19.861676928918289 ], [ 73.973808371908035, 19.862451854749256 ], [ 73.972792772580434, 19.863431160315638 ], [ 73.972553867427223, 19.8636782331136 ], [ 73.972215303176441, 19.864028375954394 ], [ 73.972057685675011, 19.864060274749523 ], [ 73.972030396653309, 19.864065176666809 ], [ 73.97111964419409, 19.864228770675862 ], [ 73.971028564905737, 19.864245129814005 ], [ 73.970969014687242, 19.864277923278333 ], [ 73.970825896892819, 19.864366356188043 ], [ 73.970574312019366, 19.864534705627626 ], [ 73.970504121256326, 19.864582790227139 ], [ 73.970486021999974, 19.864673503253609 ], [ 73.969423851313095, 19.865363881164821 ], [ 73.96916041496614, 19.865509445386646 ], [ 73.968170994342529, 19.865956021229639 ], [ 73.968133536391832, 19.865919437239352 ], [ 73.967879689560533, 19.866017529322068 ], [ 73.967647269345377, 19.866107341756269 ], [ 73.967232742655852, 19.866267524668444 ], [ 73.966624358629659, 19.866575757067711 ], [ 73.96593867457328, 19.866753002148318 ], [ 73.965896927167108, 19.866710475648098 ], [ 73.965004517407664, 19.866910814599422 ], [ 73.964867733634307, 19.866941519884477 ], [ 73.964757805894649, 19.866937877729718 ], [ 73.964675996321716, 19.866935166601237 ], [ 73.964524435261936, 19.867043037205477 ], [ 73.963358628635675, 19.867872773277337 ], [ 73.963041416440859, 19.867917013658921 ], [ 73.962308695697914, 19.86801920200773 ], [ 73.96044280142803, 19.868304178356208 ], [ 73.960405605785354, 19.868309367389319 ], [ 73.960132625736819, 19.868347449581385 ], [ 73.9584056747902, 19.869020135746805 ], [ 73.956187587928326, 19.869884124636386 ], [ 73.955997219648253, 19.869970726195813 ], [ 73.955226301641105, 19.870046006920237 ], [ 73.954698808211333, 19.870309133076812 ], [ 73.954548296383777, 19.87038421172543 ], [ 73.9545197973314, 19.870398427731928 ], [ 73.954446826282535, 19.870512266410955 ], [ 73.954396819765606, 19.870590279065034 ], [ 73.954367450245741, 19.870636097678961 ], [ 73.954193407049331, 19.870700347968416 ], [ 73.953856216322592, 19.870824826229914 ], [ 73.9536133738535, 19.870914473733592 ], [ 73.953529596970128, 19.870934213192481 ], [ 73.952367456368535, 19.871208007217419 ], [ 73.952200766781047, 19.870996205130883 ], [ 73.95212625512147, 19.870866017639106 ] ], [ [ 74.028635107608196, 19.839945850065718 ], [ 74.028991324652651, 19.839821067882465 ], [ 74.029274268814362, 19.839715789810317 ], [ 74.029307414851672, 19.839703456241722 ], [ 74.029878041788152, 19.83949109833674 ], [ 74.030328961924781, 19.839323253831715 ], [ 74.030749754363427, 19.839166597786356 ], [ 74.030825705124087, 19.839129453299812 ], [ 74.030948617112813, 19.839069339174426 ], [ 74.031136029935595, 19.839029877674889 ], [ 74.031223851034397, 19.839011384001747 ], [ 74.031360643790961, 19.838982577097557 ], [ 74.031789694441983, 19.838746105264619 ], [ 74.032770123827916, 19.838286350211131 ], [ 74.03352234519906, 19.837929486854478 ], [ 74.03429879413342, 19.837462676996701 ], [ 74.034498329720961, 19.837351821991675 ], [ 74.034465559179381, 19.837279544973459 ], [ 74.03440369040915, 19.837143093640709 ], [ 74.034291607611138, 19.835511882772305 ], [ 74.034261464641801, 19.835052231589327 ], [ 74.034154282153665, 19.833475747883327 ], [ 74.033843129993755, 19.830902790927862 ], [ 74.033723761858809, 19.829825662091505 ], [ 74.033579216641385, 19.82880668176772 ], [ 74.033389976645296, 19.827113866379964 ], [ 74.033214257192597, 19.826312057985607 ], [ 74.033047811946872, 19.825552281112007 ], [ 74.032921181831156, 19.825043188771573 ], [ 74.033600565104095, 19.824942187971391 ], [ 74.033917783587142, 19.824907222988216 ], [ 74.034141780299848, 19.824874330967283 ], [ 74.034376383421161, 19.824846080939558 ], [ 74.034573694780022, 19.824817469214437 ], [ 74.034980954098927, 19.824781420816535 ], [ 74.035020675804148, 19.824946289120462 ], [ 74.035229081356789, 19.8259562832217 ], [ 74.035268085308147, 19.82605230507523 ], [ 74.035444953706147, 19.826887809202795 ], [ 74.035586775231593, 19.827587141787589 ], [ 74.035608027574597, 19.827691931847774 ], [ 74.035871817857767, 19.829040502254486 ], [ 74.03595429757388, 19.829404653867286 ], [ 74.036045084909773, 19.829831059419721 ], [ 74.036059448072848, 19.830025680007559 ], [ 74.036322061563013, 19.831334186652239 ], [ 74.036380585905448, 19.831621798643425 ], [ 74.036440102886274, 19.831681907982173 ], [ 74.036562068949053, 19.832424770053219 ], [ 74.036587626018871, 19.832696506956129 ], [ 74.036611142116385, 19.832801571662472 ], [ 74.036699733071373, 19.83319739318468 ], [ 74.036707807129147, 19.833235619853077 ], [ 74.036774171069098, 19.83354982569973 ], [ 74.036789316664795, 19.833615493754184 ], [ 74.037016537431057, 19.834600610181305 ], [ 74.037120629714622, 19.835000050673102 ], [ 74.037143886199004, 19.835165563264891 ], [ 74.037115725811461, 19.835265039910212 ], [ 74.037116854095444, 19.835411573937535 ], [ 74.037188166854307, 19.835842753768642 ], [ 74.037216215850748, 19.83600762834012 ], [ 74.037227654099254, 19.836027403407435 ], [ 74.037298070339418, 19.836127480319021 ], [ 74.037339914763649, 19.83618695081136 ], [ 74.037442467334827, 19.837157266150051 ], [ 74.037431609397984, 19.837169829759095 ], [ 74.037420988616361, 19.837182565749167 ], [ 74.037410610379894, 19.837195469050165 ], [ 74.037400473790242, 19.837208536282013 ], [ 74.037390585135597, 19.837221760684628 ], [ 74.037380946212579, 19.837235142257914 ], [ 74.037371557919542, 19.837248674241742 ], [ 74.037362425646378, 19.837262354101128 ], [ 74.037353552087993, 19.837276175920891 ], [ 74.037344939041049, 19.837290137166036 ], [ 74.037336589200507, 19.837304232766385 ], [ 74.03732850615954, 19.837318457651911 ], [ 74.0373206908166, 19.837332809287513 ], [ 74.03731314586652, 19.837347281758145 ], [ 74.037305875800939, 19.837361871683665 ], [ 74.037298879721476, 19.837376575684083 ], [ 74.037292161221487, 19.837391386154234 ], [ 74.037285722097522, 19.837406299714058 ], [ 74.037279565044543, 19.837421312983523 ], [ 74.03727369096093, 19.837436421737515 ], [ 74.037268101643221, 19.83745161921598 ], [ 74.037262799786419, 19.837466902883836 ], [ 74.037257787187116, 19.837482265980988 ], [ 74.037253062947045, 19.837497705972453 ], [ 74.037248631557759, 19.837513216943073 ], [ 74.03724449301923, 19.837528793822781 ], [ 74.037240648229826, 19.837544433231592 ], [ 74.03723709718949, 19.837560130099387 ], [ 74.037233842593238, 19.837575879356137 ], [ 74.037230888034259, 19.837591674241708 ], [ 74.037228229021025, 19.837607513066132 ], [ 74.037225870045077, 19.837623389069311 ], [ 74.037223811106472, 19.83763929802619 ], [ 74.037222052205152, 19.83765523571175 ], [ 74.037220592442793, 19.837671197055858 ], [ 74.037218596386239, 19.83770282905687 ], [ 74.037216682076362, 19.837733931232194 ], [ 74.037215356163017, 19.837765051991589 ], [ 74.037214616849539, 19.837796186264981 ], [ 74.037214466830847, 19.837827322222282 ], [ 74.037214903412107, 19.837858451413442 ], [ 74.037215929288166, 19.837889561163365 ], [ 74.037217539967457, 19.837920646401994 ], [ 74.03721973904328, 19.837951695299274 ], [ 74.037220317558322, 19.837958134243593 ], [ 74.037222524718985, 19.837982699405217 ], [ 74.037225895197935, 19.838013646889728 ], [ 74.037229849581792, 19.838044530992821 ], [ 74.037234380684083, 19.838075326364343 ], [ 74.037236739660045, 19.838089476820336 ], [ 74.037239507369407, 19.838106070184576 ], [ 74.03724520807819, 19.838136704148262 ], [ 74.037251486403733, 19.838167238395471 ], [ 74.037258342345979, 19.838197660251208 ], [ 74.037265771413388, 19.838227962955521 ], [ 74.03726927663962, 19.838241183893199 ], [ 74.037273772707593, 19.83825813467838 ], [ 74.037282344432072, 19.838288167814852 ], [ 74.037286647362265, 19.838302239666529 ], [ 74.037291482095128, 19.838318054759966 ], [ 74.037301185696819, 19.838347783683751 ], [ 74.037311448948927, 19.838377346981297 ], [ 74.03732227274979, 19.838406733667597 ], [ 74.037333083974261, 19.838434486112174 ], [ 74.037333649912867, 19.838435938672781 ], [ 74.037350015420728, 19.838475359759727 ], [ 74.037420359795661, 19.838581149035711 ], [ 74.036751861409016, 19.839196606246013 ], [ 74.036286681415547, 19.839609245017854 ], [ 74.035006107825211, 19.840694431257141 ], [ 74.034448553172766, 19.841145201332683 ], [ 74.032998629185045, 19.842089692402638 ], [ 74.03208712573425, 19.842772447149731 ], [ 74.031865170892161, 19.843132534199555 ], [ 74.031413320100881, 19.843174093604969 ], [ 74.030512300887764, 19.843052060139414 ], [ 74.029361673094826, 19.842847795704362 ], [ 74.028051077807689, 19.842416433786862 ], [ 74.027660949361263, 19.842214062986315 ], [ 74.02683038860917, 19.841824369798914 ], [ 74.025887886094523, 19.841046575049816 ], [ 74.026342910633687, 19.840444523212131 ], [ 74.027085284672694, 19.840342686365279 ], [ 74.027113687605365, 19.840338786722029 ], [ 74.027392804943901, 19.840380874134272 ], [ 74.028193432932468, 19.840100540730425 ], [ 74.028496840716315, 19.839994280114418 ], [ 74.028558123784975, 19.839972816395914 ], [ 74.028635107608196, 19.839945850065718 ] ], [ [ 74.151063029285552, 19.758157442161849 ], [ 74.151826472411216, 19.758238327770236 ], [ 74.151936488185754, 19.7582549218526 ], [ 74.152101717112586, 19.758279844253806 ], [ 74.152146749657774, 19.758285532299503 ], [ 74.152473987051181, 19.758326872921614 ], [ 74.152889615075239, 19.758379385024213 ], [ 74.152954863307585, 19.758387629641739 ], [ 74.155201965753164, 19.758606763674738 ], [ 74.155684794048696, 19.758635657837225 ], [ 74.156972266700421, 19.758719103154892 ], [ 74.156989019382152, 19.75872018868262 ], [ 74.157049590086814, 19.758728190645094 ], [ 74.157139919281875, 19.758731297587619 ], [ 74.157937213622404, 19.758747989688182 ], [ 74.158471868421643, 19.758788334278346 ], [ 74.158993679108917, 19.758814243208452 ], [ 74.159072457766072, 19.758809697352273 ], [ 74.159100836444225, 19.758808058071033 ], [ 74.159948428355833, 19.758832679414152 ], [ 74.16029176266079, 19.758842656285978 ], [ 74.160729023015222, 19.758855367264484 ], [ 74.160817584325841, 19.758844081674102 ], [ 74.160875546322927, 19.76042653024972 ], [ 74.160892013340387, 19.760745082417266 ], [ 74.160943589214099, 19.761280133379682 ], [ 74.160947444783318, 19.761320133246304 ], [ 74.16103656664265, 19.762244799979516 ], [ 74.161080911078344, 19.762633886658204 ], [ 74.161104276258897, 19.763094093655667 ], [ 74.161112600946609, 19.763595937007882 ], [ 74.161117248829882, 19.763761745369571 ], [ 74.161149697774576, 19.764919802869763 ], [ 74.161131849148177, 19.766958351977209 ], [ 74.161124927628947, 19.767099897757607 ], [ 74.1611178551927, 19.767244552725128 ], [ 74.161110270716776, 19.767399626877374 ], [ 74.16110825938884, 19.76765231008606 ], [ 74.161102358355734, 19.768392969630817 ], [ 74.16107472797421, 19.768390311770805 ], [ 74.160909401131036, 19.768374413641688 ], [ 74.159276044755572, 19.768304966882187 ], [ 74.159186106327638, 19.768292282863552 ], [ 74.158194086877927, 19.768152386626166 ], [ 74.158125997274325, 19.76814278568401 ], [ 74.158010447877643, 19.768121769619444 ], [ 74.158005103800008, 19.768125738663237 ], [ 74.158002460956439, 19.769204324972847 ], [ 74.158002190563565, 19.769314228238045 ], [ 74.158002084562327, 19.769357852727428 ], [ 74.158001853695311, 19.769451457159875 ], [ 74.158000589765692, 19.769964891617967 ], [ 74.158042798905981, 19.771002533086687 ], [ 74.158109753937339, 19.772648916769018 ], [ 74.15812985284353, 19.772799710719195 ], [ 74.158129752232199, 19.77287116407576 ], [ 74.158129439618506, 19.773090124350293 ], [ 74.158128286181665, 19.773899794678417 ], [ 74.158126617111861, 19.775063100793162 ], [ 74.158062589690005, 19.776851621256206 ], [ 74.158062363314528, 19.776857950245113 ], [ 74.157649106842797, 19.776847638059081 ], [ 74.157633218340379, 19.776847240753764 ], [ 74.157227741279016, 19.776837126374378 ], [ 74.156810584322315, 19.776826722891297 ], [ 74.156366309922149, 19.776815649060364 ], [ 74.155960280396869, 19.776805532142973 ], [ 74.155120934121257, 19.776633454844152 ], [ 74.154644382354604, 19.776535760686169 ], [ 74.154574889582548, 19.776521515993956 ], [ 74.154170105122276, 19.776494101023136 ], [ 74.153708068333955, 19.776462815270076 ], [ 74.15343180673969, 19.776444109751235 ], [ 74.153162571767595, 19.776425884379183 ], [ 74.153150110337947, 19.776425039891816 ], [ 74.152823607766479, 19.776402938666603 ], [ 74.152818220569714, 19.77555058560819 ], [ 74.152813532262272, 19.774809114826514 ], [ 74.152810134833857, 19.774272263035279 ], [ 74.152833714711761, 19.773926189762992 ], [ 74.152838448833293, 19.773615262760753 ], [ 74.15283878929479, 19.773593009828627 ], [ 74.152847853296009, 19.773396976105293 ], [ 74.152862548835728, 19.773079146629648 ], [ 74.152881869800865, 19.772204858274417 ], [ 74.152883945807488, 19.772110885193062 ], [ 74.152794685607589, 19.771158781170655 ], [ 74.152701798908893, 19.770406933395396 ], [ 74.152694182991922, 19.770345285167892 ], [ 74.152672194030416, 19.770201611947417 ], [ 74.152668707668781, 19.770170613228885 ], [ 74.152607806384097, 19.769628883252956 ], [ 74.152448471303842, 19.767215140212787 ], [ 74.15222364364945, 19.764429346945882 ], [ 74.15218672199299, 19.764429784861175 ], [ 74.151274726265399, 19.764440614387706 ], [ 74.149281131986271, 19.764499873273326 ], [ 74.14886431369446, 19.764512281994616 ], [ 74.148797918313491, 19.764514037036466 ], [ 74.148791878041507, 19.764124249883334 ], [ 74.148764585426562, 19.763776451099524 ], [ 74.148747518334474, 19.763558965938262 ], [ 74.148716742951137, 19.763166810167508 ], [ 74.148691237983613, 19.762841807326765 ], [ 74.148659552606901, 19.762438055037428 ], [ 74.148652820632165, 19.762317761201412 ], [ 74.148595411098981, 19.761377391354724 ], [ 74.149100457426457, 19.761315203644145 ], [ 74.148821128983798, 19.760649483608947 ], [ 74.148762020736413, 19.760508607591003 ], [ 74.148550560911787, 19.760029614672526 ], [ 74.148545539329348, 19.759672392344733 ], [ 74.148532177787814, 19.75872256517675 ], [ 74.14853054465064, 19.758390253851307 ], [ 74.148527993435209, 19.757871037419321 ], [ 74.148630387902898, 19.757882750866635 ], [ 74.148718518022164, 19.757892832631335 ], [ 74.150109633799772, 19.758056457258302 ], [ 74.151063029285552, 19.758157442161849 ] ] ] } }
]
}
