{
"type": "FeatureCollection",
"name": "gp_merged_features",
"crs": { "type": "name", "properties": { "name": "urn:ogc:def:crs:OGC:1.3:CRS84" } },
"features": [
{ "type": "Feature", "properties": { "gp_id": "254346", "gp_name": "ADVALPAL", "terrain__analysis_area_km2": 5.3108827782953211e-10, "terrain__aspect_cos_max": 1, "terrain__aspect_cos_mean": 0.069425023813915604, "terrain__aspect_cos_min": -1, "terrain__aspect_cos_std": 0.73641614503325725, "terrain__aspect_sin_max": 1, "terrain__aspect_sin_mean": 0.1158927743262648, "terrain__aspect_sin_min": -1, "terrain__aspect_sin_std": 0.66272325649631691, "terrain__elevation_max": 132, "terrain__elevation_mean": 45.944444950957326, "terrain__elevation_min": 5, "terrain__elevation_std": 32.471826400920371, "terrain__geometry_status": "VALID_SINGLE", "terrain__laplacian_curvature_max": 23, "terrain__laplacian_curvature_mean": 0.0375796215919652, "terrain__laplacian_curvature_min": -20, "terrain__laplacian_curvature_std": 3.7053010331874674, "terrain__resolution": "DISSOLVE_BY_GP_ID", "terrain__slope_max": 33, "terrain__slope_mean": 6.3322426621030417, "terrain__slope_min": 0, "terrain__slope_std": 4.7228293526581924, "terrain__source_area_km2": 5.3108827782953221e-10, "terrain__source_feature_count": 1, "terrain__tpi_max": 25.965299684542259, "terrain__tpi_mean": -0.345780142776062, "terrain__tpi_min": -26.722397476341008, "terrain__tpi_std": 7.2539356706704483, "terrain__tri_max": 20.981788150849638, "terrain__tri_mean": 4.8167325257050697, "terrain__tri_min": 0.64326752090267691, "terrain__tri_std": 3.2488173643596165, "terrain__aspect_mean_deg": 59.076480457955093, "terrain__aspect_resultant_length": 0.13509614751206381, "landcover__source_feature_count": 1, "landcover__source_unique_geometry_count": 1, "landcover__geometry_status": "VALID_SINGLE", "landcover__resolution": "DISSOLVE_BY_GP_ID", "landcover__source_area_km2": 5.3108827782953221e-10, "landcover__analysis_area_km2": 5.3108827782953211e-10, "landcover__analysis_coverage_pct_of_source": 100.0, "landcover__analysis_geometry_type": "Polygon", "landcover__centroid_lat": 15.64290230042265, "landcover__centroid_lon": 73.89912171576502, "landcover__state": "goa", "landcover__district": "north goa", "landcover__block": "Bicholim", "landcover__block_lgd": 5930, "landcover__block_code11": 4, "landcover__source_layer": "Official Gram Manchitra GP", "landcover__source_snapshot": "gram_manchitra_gp_20260917T064631Z.geojson", "landcover__block_snapshot": "gram_manchitra_all_blocks_20260917T064613Z.geojson", "landcover__synthetic_geometry": false, "landcover__source_geometry_wkt": "POLYGON ((73.91121698157426 15.635436778337123, 73.91136484786328 15.636109769395722, 73.91221540241868 15.636276522189068, 73.91218925695233 15.637301732872947, 73.9121033609432 15.63856997308331, 73.91188600727199 15.640739866343722, 73.91161753676619 15.642899959021388, 73.91134847067732 15.645100670756179, 73.91110124173473 15.646818270932249, 73.91087215965916 15.647993977977306, 73.91037422798877 15.649929180818356, 73.91085955719406 15.65076793963581, 73.91066599270822 15.651194197591483, 73.90993077285212 15.652814034422127, 73.90921101030715 15.654908430639813, 73.90853412884226 15.65637548771129, 73.90775247866237 15.657976495290482, 73.90740892337186 15.659308598905143, 73.90554917627347 15.659813204576857, 73.90456665381294 15.66001498577581, 73.90335105536708 15.659630336652253, 73.90245389890968 15.659341730833205, 73.9025594006499 15.658994639367007, 73.90261674370775 15.658335845213527, 73.90256446984306 15.658113678281948, 73.90251152673345 15.65792755219105, 73.9024076805883 15.65772266970863, 73.9022758779732 15.657512782242414, 73.90201158463346 15.657133700626419, 73.90182337859825 15.656950116693565, 73.90174959906568 15.65689917437192, 73.90153479301661 15.656633844024546, 73.90148597766577 15.656484051152793, 73.90113143687763 15.65592284806123, 73.90126866531706 15.655513771729062, 73.90158417879768 15.65504415126007, 73.90223015642019 15.654615879841241, 73.90228646012723 15.654305040050403, 73.90218606530938 15.653892296358043, 73.9014211857776 15.652186265321705, 73.90103903706583 15.651886613266344, 73.8997733153221 15.651157780774142, 73.89855229644182 15.650538107410316, 73.89769717934307 15.650077694813994, 73.89718832865037 15.64954114694834, 73.89654143474628 15.649183248635582, 73.89617012420847 15.649073602642408, 73.89561541541882 15.649065096935685, 73.89525536885633 15.649122839371682, 73.89492134019937 15.649298370118036, 73.89458106196301 15.649577732731315, 73.89406101377031 15.649723350051357, 73.89353106524486 15.64962483794448, 73.89307031214909 15.649567947689343, 73.8927199098995 15.649612301294782, 73.89221379817012 15.64975813224856, 73.89133747813572 15.65002016284559, 73.89084803644306 15.650012555061181, 73.89031914433637 15.649846232128045, 73.88971534800636 15.64941231684534, 73.88892576300762 15.648939268141811, 73.8881766237562 15.64827250935809, 73.88733629562198 15.647767003262326, 73.8854968459574 15.646762627264327, 73.88480610079273 15.646801588040786, 73.88410153684404 15.646831382995442, 73.88332931088982 15.646995566577669, 73.88260697916311 15.64725553330615, 73.88217077163422 15.647122301383039, 73.88074760576387 15.646612215587876, 73.88086340489222 15.645814282999845, 73.88091448309925 15.645263817688386, 73.88085492120265 15.644915058761779, 73.88081836516048 15.644589182888188, 73.88082743634823 15.644038138165389, 73.88097489300549 15.643294958687363, 73.88189901958268 15.642676706127224, 73.8824929856485 15.642288347949357, 73.88320387733009 15.641883635324776, 73.88377663686704 15.641648603695966, 73.88427053240687 15.641669754979247, 73.88487777197935 15.641886969215207, 73.8853772577352 15.642138727960635, 73.88636698109107 15.642348287781973, 73.88606455696247 15.639768290774775, 73.88590815128836 15.638789901707113, 73.88599546483901 15.638298769410687, 73.88613084634221 15.63800725196535, 73.88631985187801 15.637856507724006, 73.88664536720098 15.637626680890916, 73.88711152635811 15.63735373632076, 73.88742299472501 15.637128156401841, 73.88791912527327 15.636724617852128, 73.88805794193414 15.636509854934822, 73.88838301798093 15.636022514832113, 73.88857225079049 15.635858172788382, 73.88898776472853 15.635543831226292, 73.88944631874845 15.635166925221208, 73.88977012098418 15.634756228619144, 73.88989593902289 15.634478098403886, 73.88986352241753 15.634179342588949, 73.88972049984451 15.633802159841183, 73.88959830471137 15.633298753025628, 73.8908796310899 15.633350159718026, 73.89075057821789 15.632408461186381, 73.89056501502627 15.63150191474796, 73.8904461742024 15.630795219202819, 73.89045462465428 15.630280339879741, 73.89119499095862 15.630341415638608, 73.89237602133403 15.630540407428462, 73.89326344993519 15.630730355332872, 73.89388299912203 15.63076698340796, 73.89441740778287 15.630594494876233, 73.89492785478183 15.630462308388353, 73.89564783112584 15.6303424018476, 73.89605681341345 15.630425549629386, 73.89638937422322 15.630331250764975, 73.8970228967043 15.629798892703327, 73.89731978002425 15.629609175781459, 73.8979147809493 15.629437590303425, 73.8985921457078 15.629357693165478, 73.89947506925786 15.629823056616374, 73.90075387496373 15.630601868076834, 73.90223970191838 15.631270830723826, 73.9032163098711 15.631710475033971, 73.90411432511792 15.632108362330058, 73.9044779442803 15.632398640719952, 73.90482591658706 15.633072632286463, 73.9053543227052 15.633835267352852, 73.90556010338057 15.634082423396409, 73.90581569833341 15.634136047091, 73.90606939604439 15.634022475952674, 73.90643990259004 15.633888064960182, 73.90706652960301 15.633780267235501, 73.90766692131808 15.633843671613114, 73.90806027202146 15.63403047534779, 73.90853554368881 15.634331458092639, 73.90912317573361 15.634896172935209, 73.91027918802833 15.63663082535898, 73.9103551459755 15.636546120376998, 73.9107098610368 15.636244384816369, 73.91110568659876 15.63570371580154, 73.91121698157426 15.635436778337123))", "landcover__water_fraction": 0.0392121229841111, "landcover__trees_fraction": 0.52251910988948413, "landcover__grass_fraction": 0.049720737804177802, "landcover__flooded_vegetation_fraction": 0.030820568655096501, "landcover__crops_fraction": 0.056573081882991802, "landcover__shrub_fraction": 0.1600946565751887, "landcover__built_fraction": 0.060673903895537201, "landcover__bare_fraction": 0.042720949404739299, "landcover__snow_ice_fraction": 0.037627011902290397, "landcover__dominant_landcover": "trees", "landcover__dominant_probability": 0.52251910988948413, "landcover__landcover_entropy": 1.6065817905999569, "landcover__valid_pixel_fraction": 1, "landcover__landcover_probability_sum": 0.99996214299361719, "sentinel2__NDVI_hist_mean": 0.57165128674475962, "sentinel2__NDVI_hist_std": 0.096415605194654794, "sentinel2__NDVI_hist_min": 0.28295603187365931, "sentinel2__NDVI_hist_max": 0.76204638746550812, "sentinel2__EVI_hist_mean": 0.33425552827865918, "sentinel2__EVI_hist_std": 0.075804261177209897, "sentinel2__EVI_hist_min": 0.24952764649129169, "sentinel2__EVI_hist_max": 0.60897179431062431, "sentinel2__SAVI_hist_mean": 0.318198796720989, "sentinel2__SAVI_hist_std": 0.059313616839331597, "sentinel2__SAVI_hist_min": 0.2015495296138568, "sentinel2__SAVI_hist_max": 0.47946740846683789, "sentinel2__NDMI_hist_mean": 0.045249603290748702, "sentinel2__NDMI_hist_std": 0.083542358002043002, "sentinel2__NDMI_hist_min": -0.063680722971110104, "sentinel2__NDMI_hist_max": 0.25741077663523398, "sentinel2__NBR_hist_mean": 0.29103809414495979, "sentinel2__NBR_hist_std": 0.1078440080346902, "sentinel2__NBR_hist_min": 0.15289172471630219, "sentinel2__NBR_hist_max": 0.54537630207902443, "sentinel2__NDVI_7d_mean": null, "sentinel2__EVI_7d_mean": null, "sentinel2__SAVI_7d_mean": null, "sentinel2__NDMI_7d_mean": null, "sentinel2__NBR_7d_mean": null, "sentinel2__NDVI_30d_mean": null, "sentinel2__EVI_30d_mean": null, "sentinel2__SAVI_30d_mean": null, "sentinel2__NDMI_30d_mean": null, "sentinel2__NBR_30d_mean": null, "sentinel2__NDVI_60d_mean": null, "sentinel2__EVI_60d_mean": null, "sentinel2__SAVI_60d_mean": null, "sentinel2__NDMI_60d_mean": null, "sentinel2__NBR_60d_mean": null, "sentinel2__NDVI_30d_change": null, "sentinel2__observation_count": 350, "sentinel2__latest_observation_date": "2026-05-03", "sentinel2__days_since_latest_observation": 139, "sentinel1__s1_observation_count": 118, "sentinel1__s1_unique_image_count": 118, "sentinel1__s1_first_date": "2021-09-20", "sentinel1__s1_last_date": "2026-09-13", "sentinel1__s1_ascending_count": 0, "sentinel1__s1_descending_count": 118, "sentinel1__s1_vv_db_mean": -7.8945051056563695, "sentinel1__s1_vv_db_median": -8.0138126634920468, "sentinel1__s1_vv_db_std": 0.71291892556222858, "sentinel1__s1_vv_db_min": -8.9255702599975351, "sentinel1__s1_vv_db_max": -6.624942504235575, "sentinel1__s1_vv_db_count": 118, "sentinel1__s1_vh_db_mean": -14.510598926673984, "sentinel1__s1_vh_db_median": -14.67854788194629, "sentinel1__s1_vh_db_std": 0.56034021037011306, "sentinel1__s1_vh_db_min": -15.268796217418467, "sentinel1__s1_vh_db_max": -13.289613551391817, "sentinel1__s1_vh_db_count": 118, "sentinel1__s1_vv_vh_diff_db_mean": 6.6160938210176266, "sentinel1__s1_vv_vh_diff_db_median": 6.6135960985852948, "sentinel1__s1_vv_vh_diff_db_std": 0.26284098769650999, "sentinel1__s1_vv_vh_diff_db_min": 6.0135981776408833, "sentinel1__s1_vv_vh_diff_db_max": 7.2413847683443322, "sentinel1__s1_vv_vh_diff_db_count": 118, "sentinel1__s1_incidence_angle_deg_mean": 38.63872139217127, "sentinel1__s1_incidence_angle_deg_median": 38.631691198015879, "sentinel1__s1_incidence_angle_deg_std": 0.016772839155611601, "sentinel1__s1_incidence_angle_deg_min": 38.618077728294544, "sentinel1__s1_incidence_angle_deg_max": 38.681634267610477, "sentinel1__s1_incidence_angle_deg_count": 118, "sentinel1__s1_valid_fraction_mean": 1.0, "sentinel1__s1_valid_fraction_median": 1.0, "sentinel1__s1_valid_fraction_std": 0.0, "sentinel1__s1_valid_fraction_min": 1.0, "sentinel1__s1_valid_fraction_max": 1.0, "sentinel1__s1_valid_fraction_count": 118, "sentinel1__s1_vv_db_ascending_mean": null, "sentinel1__s1_vv_db_ascending_median": null, "sentinel1__s1_vv_db_ascending_std": null, "sentinel1__s1_vv_db_ascending_min": null, "sentinel1__s1_vv_db_ascending_max": null, "sentinel1__s1_vv_db_ascending_count": 0, "sentinel1__s1_vh_db_ascending_mean": null, "sentinel1__s1_vh_db_ascending_median": null, "sentinel1__s1_vh_db_ascending_std": null, "sentinel1__s1_vh_db_ascending_min": null, "sentinel1__s1_vh_db_ascending_max": null, "sentinel1__s1_vh_db_ascending_count": 0, "sentinel1__s1_vv_vh_diff_db_ascending_mean": null, "sentinel1__s1_vv_vh_diff_db_ascending_median": null, "sentinel1__s1_vv_vh_diff_db_ascending_std": null, "sentinel1__s1_vv_vh_diff_db_ascending_min": null, "sentinel1__s1_vv_vh_diff_db_ascending_max": null, "sentinel1__s1_vv_vh_diff_db_ascending_count": 0, "sentinel1__s1_incidence_angle_deg_ascending_mean": null, "sentinel1__s1_incidence_angle_deg_ascending_median": null, "sentinel1__s1_incidence_angle_deg_ascending_std": null, "sentinel1__s1_incidence_angle_deg_ascending_min": null, "sentinel1__s1_incidence_angle_deg_ascending_max": null, "sentinel1__s1_incidence_angle_deg_ascending_count": 0, "sentinel1__s1_vv_db_descending_mean": -7.8945051056563695, "sentinel1__s1_vv_db_descending_median": -8.0138126634920468, "sentinel1__s1_vv_db_descending_std": 0.71291892556222858, "sentinel1__s1_vv_db_descending_min": -8.9255702599975351, "sentinel1__s1_vv_db_descending_max": -6.624942504235575, "sentinel1__s1_vv_db_descending_count": 118, "sentinel1__s1_vh_db_descending_mean": -14.510598926673984, "sentinel1__s1_vh_db_descending_median": -14.67854788194629, "sentinel1__s1_vh_db_descending_std": 0.56034021037011306, "sentinel1__s1_vh_db_descending_min": -15.268796217418467, "sentinel1__s1_vh_db_descending_max": -13.289613551391817, "sentinel1__s1_vh_db_descending_count": 118, "sentinel1__s1_vv_vh_diff_db_descending_mean": 6.6160938210176266, "sentinel1__s1_vv_vh_diff_db_descending_median": 6.6135960985852948, "sentinel1__s1_vv_vh_diff_db_descending_std": 0.26284098769650999, "sentinel1__s1_vv_vh_diff_db_descending_min": 6.0135981776408833, "sentinel1__s1_vv_vh_diff_db_descending_max": 7.2413847683443322, "sentinel1__s1_vv_vh_diff_db_descending_count": 118, "sentinel1__s1_incidence_angle_deg_descending_mean": 38.63872139217127, "sentinel1__s1_incidence_angle_deg_descending_median": 38.631691198015879, "sentinel1__s1_incidence_angle_deg_descending_std": 0.016772839155611601, "sentinel1__s1_incidence_angle_deg_descending_min": 38.618077728294544, "sentinel1__s1_incidence_angle_deg_descending_max": 38.681634267610477, "sentinel1__s1_incidence_angle_deg_descending_count": 118, "sentinel1__s1_obs_count_last_7d": 1, "sentinel1__s1_vv_last_7d_mean": -7.1035333683305142, "sentinel1__s1_vv_last_7d_median": -7.1035333683305142, "sentinel1__s1_vh_last_7d_mean": -14.049540774757912, "sentinel1__s1_vh_last_7d_median": -14.049540774757912, "sentinel1__s1_vv_vh_diff_last_7d_mean": 6.9460074064274044, "sentinel1__s1_vv_vh_diff_last_7d_median": 6.9460074064274044, "sentinel1__s1_incidence_angle_last_7d_mean": 38.627635713418449, "sentinel1__s1_incidence_angle_last_7d_median": 38.627635713418449, "sentinel1__s1_obs_count_last_30d": 3, "sentinel1__s1_vv_last_30d_mean": -7.0307435196994099, "sentinel1__s1_vv_last_30d_median": -7.02954813571065, "sentinel1__s1_vh_last_30d_mean": -13.866380817182014, "sentinel1__s1_vh_last_30d_median": -13.811007482149313, "sentinel1__s1_vv_vh_diff_last_30d_mean": 6.8356372974826085, "sentinel1__s1_vv_vh_diff_last_30d_median": 6.781459346438699, "sentinel1__s1_incidence_angle_last_30d_mean": 38.63138519182808, "sentinel1__s1_incidence_angle_last_30d_median": 38.632170638881135, "sentinel1__s1_obs_count_last_90d": 8, "sentinel1__s1_vv_last_90d_mean": -6.9884131725968341, "sentinel1__s1_vv_last_90d_median": -6.9943485953838582, "sentinel1__s1_vh_last_90d_mean": -13.825708727833993, "sentinel1__s1_vh_last_90d_median": -13.82729368884555, "sentinel1__s1_vv_vh_diff_last_90d_mean": 6.8372955552371764, "sentinel1__s1_vv_vh_diff_last_90d_median": 6.8187280767604417, "sentinel1__s1_incidence_angle_last_90d_mean": 38.6296602612708, "sentinel1__s1_incidence_angle_last_90d_median": 38.6300385752849, "sentinel1__s1_obs_count_last_365d": 31, "sentinel1__s1_vv_last_365d_mean": -7.834468929758553, "sentinel1__s1_vv_last_365d_median": -8.0180723086025587, "sentinel1__s1_vh_last_365d_mean": -14.49317672314082, "sentinel1__s1_vh_last_365d_median": -14.697698908775932, "sentinel1__s1_vv_vh_diff_last_365d_mean": 6.6587077933822956, "sentinel1__s1_vv_vh_diff_last_365d_median": 6.6778975675830239, "sentinel1__s1_incidence_angle_last_365d_mean": 38.629255957408432, "sentinel1__s1_incidence_angle_last_365d_median": 38.629909645535989, "soil__soil_clay_rootzone_0_30cm_pct": 32.606206532876769, "soil__soil_sand_rootzone_0_30cm_pct": 37.34008259897486, "soil__soil_soc_rootzone_0_30cm_g_kg": 23.0039382590566, "soil__soil_bdod_rootzone_0_30cm_kg_dm3": 1.384255447464964, "lst__lst_mean_c": 34.961843290751005, "lst__lst_median_c": 33.925469403552043, "lst__lst_std_c": 3.9000513562684049, "lst__lst_valid_months": 50 }, "geometry": { "type": "Polygon", "coordinates": [ [ [ 73.903351055367082, 15.659630336652253 ], [ 73.904566653812935, 15.66001498577581 ], [ 73.905549176273468, 15.659813204576857 ], [ 73.907408923371861, 15.659308598905143 ], [ 73.907752478662374, 15.657976495290482 ], [ 73.908534128842263, 15.656375487711291 ], [ 73.909211010307146, 15.654908430639813 ], [ 73.909930772852121, 15.652814034422127 ], [ 73.910665992708218, 15.651194197591483 ], [ 73.910859557194058, 15.650767939635809 ], [ 73.910374227988768, 15.649929180818356 ], [ 73.910872159659164, 15.647993977977306 ], [ 73.911101241734727, 15.646818270932249 ], [ 73.911348470677325, 15.645100670756179 ], [ 73.911617536766187, 15.642899959021388 ], [ 73.911886007271988, 15.640739866343722 ], [ 73.912103360943206, 15.63856997308331 ], [ 73.912189256952331, 15.637301732872947 ], [ 73.912215402418681, 15.636276522189068 ], [ 73.911364847863283, 15.636109769395722 ], [ 73.911216981574256, 15.635436778337123 ], [ 73.911105686598759, 15.63570371580154 ], [ 73.910709861036807, 15.636244384816369 ], [ 73.910355145975501, 15.636546120376998 ], [ 73.910279188028326, 15.63663082535898 ], [ 73.909123175733612, 15.634896172935209 ], [ 73.908535543688814, 15.634331458092639 ], [ 73.908060272021459, 15.634030475347791 ], [ 73.907666921318082, 15.633843671613114 ], [ 73.907066529603014, 15.633780267235501 ], [ 73.906439902590037, 15.633888064960182 ], [ 73.906069396044387, 15.634022475952674 ], [ 73.905815698333413, 15.634136047090999 ], [ 73.905560103380566, 15.634082423396409 ], [ 73.905354322705193, 15.633835267352852 ], [ 73.904825916587058, 15.633072632286463 ], [ 73.904477944280302, 15.632398640719952 ], [ 73.904114325117916, 15.632108362330058 ], [ 73.903216309871098, 15.631710475033971 ], [ 73.902239701918376, 15.631270830723826 ], [ 73.900753874963726, 15.630601868076834 ], [ 73.899475069257861, 15.629823056616374 ], [ 73.898592145707795, 15.629357693165478 ], [ 73.897914780949307, 15.629437590303425 ], [ 73.897319780024247, 15.629609175781459 ], [ 73.8970228967043, 15.629798892703327 ], [ 73.896389374223219, 15.630331250764975 ], [ 73.896056813413452, 15.630425549629386 ], [ 73.895647831125842, 15.630342401847599 ], [ 73.894927854781827, 15.630462308388353 ], [ 73.894417407782868, 15.630594494876233 ], [ 73.893882999122027, 15.630766983407961 ], [ 73.893263449935191, 15.630730355332872 ], [ 73.89237602133403, 15.630540407428462 ], [ 73.891194990958624, 15.630341415638608 ], [ 73.890454624654282, 15.630280339879741 ], [ 73.890446174202395, 15.630795219202819 ], [ 73.890565015026269, 15.631501914747959 ], [ 73.89075057821789, 15.632408461186381 ], [ 73.890879631089902, 15.633350159718026 ], [ 73.88959830471137, 15.633298753025628 ], [ 73.889720499844515, 15.633802159841183 ], [ 73.889863522417528, 15.634179342588949 ], [ 73.889895939022892, 15.634478098403886 ], [ 73.889770120984181, 15.634756228619144 ], [ 73.889446318748455, 15.635166925221208 ], [ 73.888987764728526, 15.635543831226292 ], [ 73.888572250790489, 15.635858172788382 ], [ 73.888383017980928, 15.636022514832113 ], [ 73.888057941934136, 15.636509854934822 ], [ 73.887919125273271, 15.636724617852128 ], [ 73.887422994725014, 15.637128156401841 ], [ 73.887111526358112, 15.63735373632076 ], [ 73.886645367200984, 15.637626680890916 ], [ 73.886319851878014, 15.637856507724006 ], [ 73.886130846342212, 15.63800725196535 ], [ 73.885995464839013, 15.638298769410687 ], [ 73.885908151288362, 15.638789901707113 ], [ 73.886064556962467, 15.639768290774775 ], [ 73.886366981091072, 15.642348287781973 ], [ 73.8853772577352, 15.642138727960635 ], [ 73.884877771979347, 15.641886969215207 ], [ 73.884270532406873, 15.641669754979247 ], [ 73.88377663686704, 15.641648603695966 ], [ 73.883203877330089, 15.641883635324776 ], [ 73.882492985648497, 15.642288347949357 ], [ 73.881899019582676, 15.642676706127224 ], [ 73.880974893005487, 15.643294958687363 ], [ 73.880827436348227, 15.644038138165389 ], [ 73.880818365160479, 15.644589182888188 ], [ 73.880854921202655, 15.644915058761779 ], [ 73.880914483099247, 15.645263817688386 ], [ 73.880863404892224, 15.645814282999845 ], [ 73.880747605763872, 15.646612215587876 ], [ 73.882170771634222, 15.647122301383039 ], [ 73.882606979163114, 15.647255533306151 ], [ 73.88332931088982, 15.646995566577669 ], [ 73.884101536844042, 15.646831382995442 ], [ 73.88480610079273, 15.646801588040786 ], [ 73.885496845957405, 15.646762627264327 ], [ 73.887336295621978, 15.647767003262326 ], [ 73.888176623756195, 15.64827250935809 ], [ 73.88892576300762, 15.648939268141811 ], [ 73.889715348006362, 15.649412316845339 ], [ 73.890319144336374, 15.649846232128045 ], [ 73.89084803644306, 15.650012555061181 ], [ 73.891337478135725, 15.650020162845591 ], [ 73.892213798170118, 15.649758132248561 ], [ 73.892719909899498, 15.649612301294782 ], [ 73.893070312149092, 15.649567947689343 ], [ 73.893531065244858, 15.649624837944479 ], [ 73.894061013770312, 15.649723350051357 ], [ 73.894581061963009, 15.649577732731315 ], [ 73.894921340199375, 15.649298370118036 ], [ 73.895255368856326, 15.649122839371682 ], [ 73.895615415418817, 15.649065096935685 ], [ 73.896170124208467, 15.649073602642408 ], [ 73.896541434746283, 15.649183248635582 ], [ 73.897188328650373, 15.649541146948341 ], [ 73.897697179343069, 15.650077694813994 ], [ 73.898552296441821, 15.650538107410316 ], [ 73.899773315322093, 15.651157780774142 ], [ 73.901039037065829, 15.651886613266344 ], [ 73.901421185777593, 15.652186265321705 ], [ 73.90218606530938, 15.653892296358043 ], [ 73.902286460127229, 15.654305040050403 ], [ 73.902230156420188, 15.654615879841241 ], [ 73.901584178797677, 15.65504415126007 ], [ 73.901268665317062, 15.655513771729062 ], [ 73.901131436877634, 15.65592284806123 ], [ 73.901485977665772, 15.656484051152793 ], [ 73.901534793016609, 15.656633844024546 ], [ 73.901749599065681, 15.656899174371921 ], [ 73.901823378598252, 15.656950116693565 ], [ 73.902011584633456, 15.657133700626419 ], [ 73.902275877973196, 15.657512782242414 ], [ 73.902407680588297, 15.65772266970863 ], [ 73.902511526733448, 15.657927552191049 ], [ 73.902564469843057, 15.658113678281948 ], [ 73.902616743707753, 15.658335845213527 ], [ 73.902559400649906, 15.658994639367007 ], [ 73.902453898909684, 15.659341730833205 ], [ 73.903351055367082, 15.659630336652253 ] ] ] } },
{ "type": "Feature", "properties": { "gp_id": "254353", "gp_name": "AMONA", "terrain__analysis_area_km2": 5.7852661452112259e-10, "terrain__aspect_cos_max": 1, "terrain__aspect_cos_mean": 0.14146940479450629, "terrain__aspect_cos_min": -1, "terrain__aspect_cos_std": 0.73531972695081582, "terrain__aspect_sin_max": 1, "terrain__aspect_sin_mean": -0.097005058397283905, "terrain__aspect_sin_min": -1, "terrain__aspect_sin_std": 0.6552432733389536, "terrain__elevation_max": 67, "terrain__elevation_mean": 12.426463862003034, "terrain__elevation_min": -16, "terrain__elevation_std": 16.259139620700182, "terrain__geometry_status": "VALID_SINGLE", "terrain__laplacian_curvature_max": 38, "terrain__laplacian_curvature_mean": -0.018812308695166199, "terrain__laplacian_curvature_min": -42, "terrain__laplacian_curvature_std": 3.3779203042446051, "terrain__resolution": "DISSOLVE_BY_GP_ID", "terrain__slope_max": 22, "terrain__slope_mean": 3.4569569355187322, "terrain__slope_min": 0, "terrain__slope_std": 2.9151551992987965, "terrain__source_area_km2": 5.7852661452112269e-10, "terrain__source_feature_count": 1, "terrain__tpi_max": 16.394321766561475, "terrain__tpi_mean": 0.19681268324310211, "terrain__tpi_min": -16.987381703470035, "terrain__tpi_std": 3.8951780683461767, "terrain__tri_max": 10.07085480621893, "terrain__tri_mean": 2.5187303915003678, "terrain__tri_min": 0.0, "terrain__tri_std": 1.7628977317293291, "terrain__aspect_mean_deg": 325.56170860288319, "terrain__aspect_resultant_length": 0.1715330109558284, "landcover__source_feature_count": 1, "landcover__source_unique_geometry_count": 1, "landcover__geometry_status": "VALID_SINGLE", "landcover__resolution": "DISSOLVE_BY_GP_ID", "landcover__source_area_km2": 5.7852661452112269e-10, "landcover__analysis_area_km2": 5.7852661452112259e-10, "landcover__analysis_coverage_pct_of_source": 100.0, "landcover__analysis_geometry_type": "Polygon", "landcover__centroid_lat": 15.533011036837211, "landcover__centroid_lon": 73.980585055088554, "landcover__state": "goa", "landcover__district": "north goa", "landcover__block": "Bicholim", "landcover__block_lgd": 5930, "landcover__block_code11": 4, "landcover__source_layer": "Official Gram Manchitra GP", "landcover__source_snapshot": "gram_manchitra_gp_20260917T064631Z.geojson", "landcover__block_snapshot": "gram_manchitra_all_blocks_20260917T064613Z.geojson", "landcover__synthetic_geometry": false, "landcover__source_geometry_wkt": "POLYGON ((73.99244060769371 15.538635502908935, 73.99173818982021 15.538455951689144, 73.99112111459368 15.538418240010513, 73.99062648513025 15.538466336615127, 73.99002045199516 15.538660357816314, 73.98967437064206 15.538926019009567, 73.98900421037212 15.539222469293048, 73.98832380571467 15.539475938633794, 73.98786101164661 15.539712701353878, 73.98731667211032 15.540189155611968, 73.98681908269802 15.540734057314081, 73.98637276283395 15.541290366210655, 73.98621494321159 15.541550273832677, 73.98564795265538 15.542470666721531, 73.9853814817994 15.543082905823345, 73.98504319512801 15.543662111932385, 73.9846179389607 15.544085545103849, 73.98416393760266 15.544283120642728, 73.98332338039802 15.544740425632288, 73.98273112741941 15.545143436188043, 73.98239014759882 15.545427232386295, 73.98160274820115 15.54569004876656, 73.98103714284711 15.545817410411434, 73.98064197395365 15.5458274479202, 73.98032413024316 15.545689982992167, 73.97968223097206 15.545083358920886, 73.97858060987116 15.543867708960013, 73.9779982742933 15.543153885910504, 73.97745529211137 15.542325165428977, 73.97686873624829 15.541751235786174, 73.97632536419755 15.541570709300906, 73.97579842862156 15.541591548941378, 73.97517377341065 15.541962164272377, 73.97476326398707 15.54232317312534, 73.97436670539983 15.542781696712618, 73.97421538598687 15.54319131631242, 73.97404593138492 15.543706022810923, 73.97372360597953 15.544311015222934, 73.97353381531619 15.544713112696922, 73.9733286481901 15.545198563904476, 73.97311311270906 15.546026126968936, 73.97300663539842 15.546506609136513, 73.97307178661272 15.546960964073453, 73.97322704962981 15.547297189923997, 73.97336460864925 15.547752605881485, 73.97332910902585 15.548122449403424, 73.97334916571121 15.54840846135241, 73.97233729439203 15.548042963730275, 73.97177252716615 15.54794508563738, 73.97089337833694 15.547740312255009, 73.96988500865075 15.547380336718017, 73.96878712903298 15.546852985695823, 73.96801904790549 15.546292275431881, 73.96745032000753 15.545619619981153, 73.96694039672641 15.544564711976536, 73.96671641708166 15.543267701175141, 73.96656058093944 15.542307518568526, 73.966665220297 15.541530053864367, 73.96678477528151 15.540827570792967, 73.96679276489766 15.540328512676712, 73.96672633268578 15.539885383921552, 73.96660200674876 15.53938433465306, 73.96622980598048 15.538751197033351, 73.96578909968862 15.537804757192763, 73.96525485721611 15.536520983061394, 73.96613434291352 15.53513969065076, 73.96716516958352 15.533623695132821, 73.96803620482912 15.531906570836775, 73.96900126314222 15.529544708219433, 73.97023682395029 15.526007885092735, 73.97082892062204 15.524824088741093, 73.97120856932236 15.52439614114913, 73.97209883210826 15.52379506399629, 73.97315913789264 15.523345646996686, 73.97437415692512 15.522835334247599, 73.97559150708578 15.522474127676968, 73.97907572532316 15.52109427579535, 73.98137785407144 15.520491747001849, 73.98197328528954 15.520361053753744, 73.98424897122915 15.519861534088422, 73.9859901326252 15.519078910801165, 73.98687212192733 15.518708171239735, 73.98924591467573 15.521031823358301, 73.99147678276748 15.523424218657883, 73.99357351531933 15.52542896693174, 73.99453915124913 15.526486810099795, 73.99524935841445 15.527427425827703, 73.99468307932396 15.527736563973303, 73.99566748016176 15.53056402694289, 73.99704508437921 15.530720639367363, 73.99691486818888 15.531558005372647, 73.99668212458023 15.532960944715475, 73.99655625893082 15.533410268922575, 73.99705457328355 15.533814888969975, 73.99840099158757 15.534849291247758, 73.99731634864555 15.535562143420787, 73.99673604326023 15.535990106784384, 73.99618749332018 15.536346810759994, 73.99531800587184 15.53633387079617, 73.99426819690159 15.536192520397961, 73.99345643070181 15.536425684716312, 73.99297613296044 15.536765390585634, 73.99268709822113 15.53709602817374, 73.99265012266574 15.537478348644544, 73.99263711326377 15.537908765140745, 73.99259404084255 15.53829695208064, 73.99244060769371 15.538635502908935))", "landcover__water_fraction": 0.15599370323423251, "landcover__trees_fraction": 0.24260461143750389, "landcover__grass_fraction": 0.054342533970152901, "landcover__flooded_vegetation_fraction": 0.0875459949286026, "landcover__crops_fraction": 0.0807494550834955, "landcover__shrub_fraction": 0.17633939834725321, "landcover__built_fraction": 0.098827222748248594, "landcover__bare_fraction": 0.063419055764110402, "landcover__snow_ice_fraction": 0.0401381474508739, "landcover__dominant_landcover": "trees", "landcover__dominant_probability": 0.24260461143750389, "landcover__landcover_entropy": 2.046873360574117, "landcover__valid_pixel_fraction": 1, "landcover__landcover_probability_sum": 0.99996012296447401, "sentinel2__NDVI_hist_mean": 0.31660258440118583, "sentinel2__NDVI_hist_std": 0.079338140605490007, "sentinel2__NDVI_hist_min": 0.089803507715706402, "sentinel2__NDVI_hist_max": 0.63267063747703689, "sentinel2__EVI_hist_mean": 0.1665922696281861, "sentinel2__EVI_hist_std": 0.049765590511361799, "sentinel2__EVI_hist_min": 0.023874276812314001, "sentinel2__EVI_hist_max": 0.36357917657869671, "sentinel2__SAVI_hist_mean": 0.16601590032374841, "sentinel2__SAVI_hist_std": 0.044488780043232097, "sentinel2__SAVI_hist_min": 0.059543246223386498, "sentinel2__SAVI_hist_max": 0.31337989187620308, "sentinel2__NDMI_hist_mean": -0.026835141668656401, "sentinel2__NDMI_hist_std": 0.079699046122189199, "sentinel2__NDMI_hist_min": -0.184786184394956, "sentinel2__NDMI_hist_max": 0.28385420157511571, "sentinel2__NBR_hist_mean": 0.13546580229033489, "sentinel2__NBR_hist_std": 0.1119096857973545, "sentinel2__NBR_hist_min": -0.060714252371269803, "sentinel2__NBR_hist_max": 0.59406468249022759, "sentinel2__NDVI_7d_mean": null, "sentinel2__EVI_7d_mean": null, "sentinel2__SAVI_7d_mean": null, "sentinel2__NDMI_7d_mean": null, "sentinel2__NBR_7d_mean": null, "sentinel2__NDVI_30d_mean": null, "sentinel2__EVI_30d_mean": null, "sentinel2__SAVI_30d_mean": null, "sentinel2__NDMI_30d_mean": null, "sentinel2__NBR_30d_mean": null, "sentinel2__NDVI_60d_mean": null, "sentinel2__EVI_60d_mean": null, "sentinel2__SAVI_60d_mean": null, "sentinel2__NDMI_60d_mean": null, "sentinel2__NBR_60d_mean": null, "sentinel2__NDVI_30d_change": null, "sentinel2__observation_count": 350, "sentinel2__latest_observation_date": "2026-05-03", "sentinel2__days_since_latest_observation": 139, "sentinel1__s1_observation_count": 118, "sentinel1__s1_unique_image_count": 118, "sentinel1__s1_first_date": "2021-09-20", "sentinel1__s1_last_date": "2026-09-13", "sentinel1__s1_ascending_count": 0, "sentinel1__s1_descending_count": 118, "sentinel1__s1_vv_db_mean": -10.521216136331438, "sentinel1__s1_vv_db_median": -10.51909804450705, "sentinel1__s1_vv_db_std": 0.83978037084530521, "sentinel1__s1_vv_db_min": -11.906486360612432, "sentinel1__s1_vv_db_max": -8.4313912821386818, "sentinel1__s1_vv_db_count": 118, "sentinel1__s1_vh_db_mean": -17.427758889682909, "sentinel1__s1_vh_db_median": -17.255239838144576, "sentinel1__s1_vh_db_std": 0.97959448774649482, "sentinel1__s1_vh_db_min": -19.247129536802586, "sentinel1__s1_vh_db_max": -15.321281655979842, "sentinel1__s1_vh_db_count": 118, "sentinel1__s1_vv_vh_diff_db_mean": 6.9065427533514772, "sentinel1__s1_vv_vh_diff_db_median": 6.8932842468746802, "sentinel1__s1_vv_vh_diff_db_std": 0.36747259133042071, "sentinel1__s1_vv_vh_diff_db_min": 6.0885717400598356, "sentinel1__s1_vv_vh_diff_db_max": 7.9306281990018208, "sentinel1__s1_vv_vh_diff_db_count": 118, "sentinel1__s1_incidence_angle_deg_mean": 37.962330477368553, "sentinel1__s1_incidence_angle_deg_median": 37.953383202823048, "sentinel1__s1_incidence_angle_deg_std": 0.0204792190274849, "sentinel1__s1_incidence_angle_deg_min": 37.939154433620658, "sentinel1__s1_incidence_angle_deg_max": 38.01349776928388, "sentinel1__s1_incidence_angle_deg_count": 118, "sentinel1__s1_valid_fraction_mean": 1.0, "sentinel1__s1_valid_fraction_median": 1.0, "sentinel1__s1_valid_fraction_std": 0.0, "sentinel1__s1_valid_fraction_min": 1.0, "sentinel1__s1_valid_fraction_max": 1.0, "sentinel1__s1_valid_fraction_count": 118, "sentinel1__s1_vv_db_ascending_mean": null, "sentinel1__s1_vv_db_ascending_median": null, "sentinel1__s1_vv_db_ascending_std": null, "sentinel1__s1_vv_db_ascending_min": null, "sentinel1__s1_vv_db_ascending_max": null, "sentinel1__s1_vv_db_ascending_count": 0, "sentinel1__s1_vh_db_ascending_mean": null, "sentinel1__s1_vh_db_ascending_median": null, "sentinel1__s1_vh_db_ascending_std": null, "sentinel1__s1_vh_db_ascending_min": null, "sentinel1__s1_vh_db_ascending_max": null, "sentinel1__s1_vh_db_ascending_count": 0, "sentinel1__s1_vv_vh_diff_db_ascending_mean": null, "sentinel1__s1_vv_vh_diff_db_ascending_median": null, "sentinel1__s1_vv_vh_diff_db_ascending_std": null, "sentinel1__s1_vv_vh_diff_db_ascending_min": null, "sentinel1__s1_vv_vh_diff_db_ascending_max": null, "sentinel1__s1_vv_vh_diff_db_ascending_count": 0, "sentinel1__s1_incidence_angle_deg_ascending_mean": null, "sentinel1__s1_incidence_angle_deg_ascending_median": null, "sentinel1__s1_incidence_angle_deg_ascending_std": null, "sentinel1__s1_incidence_angle_deg_ascending_min": null, "sentinel1__s1_incidence_angle_deg_ascending_max": null, "sentinel1__s1_incidence_angle_deg_ascending_count": 0, "sentinel1__s1_vv_db_descending_mean": -10.521216136331438, "sentinel1__s1_vv_db_descending_median": -10.51909804450705, "sentinel1__s1_vv_db_descending_std": 0.83978037084530521, "sentinel1__s1_vv_db_descending_min": -11.906486360612432, "sentinel1__s1_vv_db_descending_max": -8.4313912821386818, "sentinel1__s1_vv_db_descending_count": 118, "sentinel1__s1_vh_db_descending_mean": -17.427758889682909, "sentinel1__s1_vh_db_descending_median": -17.255239838144576, "sentinel1__s1_vh_db_descending_std": 0.97959448774649482, "sentinel1__s1_vh_db_descending_min": -19.247129536802586, "sentinel1__s1_vh_db_descending_max": -15.321281655979842, "sentinel1__s1_vh_db_descending_count": 118, "sentinel1__s1_vv_vh_diff_db_descending_mean": 6.9065427533514772, "sentinel1__s1_vv_vh_diff_db_descending_median": 6.8932842468746802, "sentinel1__s1_vv_vh_diff_db_descending_std": 0.36747259133042071, "sentinel1__s1_vv_vh_diff_db_descending_min": 6.0885717400598356, "sentinel1__s1_vv_vh_diff_db_descending_max": 7.9306281990018208, "sentinel1__s1_vv_vh_diff_db_descending_count": 118, "sentinel1__s1_incidence_angle_deg_descending_mean": 37.962330477368553, "sentinel1__s1_incidence_angle_deg_descending_median": 37.953383202823048, "sentinel1__s1_incidence_angle_deg_descending_std": 0.0204792190274849, "sentinel1__s1_incidence_angle_deg_descending_min": 37.939154433620658, "sentinel1__s1_incidence_angle_deg_descending_max": 38.01349776928388, "sentinel1__s1_incidence_angle_deg_descending_count": 118, "sentinel1__s1_obs_count_last_7d": 1, "sentinel1__s1_vv_last_7d_mean": -10.199866416428344, "sentinel1__s1_vv_last_7d_median": -10.199866416428344, "sentinel1__s1_vh_last_7d_mean": -16.870379604727876, "sentinel1__s1_vh_last_7d_median": -16.870379604727876, "sentinel1__s1_vv_vh_diff_last_7d_mean": 6.6705131882996325, "sentinel1__s1_vv_vh_diff_last_7d_median": 6.6705131882996325, "sentinel1__s1_incidence_angle_last_7d_mean": 37.953351329595542, "sentinel1__s1_incidence_angle_last_7d_median": 37.953351329595542, "sentinel1__s1_obs_count_last_30d": 3, "sentinel1__s1_vv_last_30d_mean": -10.056712085436189, "sentinel1__s1_vv_last_30d_median": -10.12721664251011, "sentinel1__s1_vh_last_30d_mean": -16.548575841881846, "sentinel1__s1_vh_last_30d_median": -16.523218556901391, "sentinel1__s1_vv_vh_diff_last_30d_mean": 6.4918637564457944, "sentinel1__s1_vv_vh_diff_last_30d_median": 6.4090761666463179, "sentinel1__s1_incidence_angle_last_30d_mean": 37.957180322429487, "sentinel1__s1_incidence_angle_last_30d_median": 37.957968006598833, "sentinel1__s1_obs_count_last_90d": 8, "sentinel1__s1_vv_last_90d_mean": -9.7257962623451952, "sentinel1__s1_vv_last_90d_median": -9.8763366381800317, "sentinel1__s1_vh_last_90d_mean": -16.543451859498489, "sentinel1__s1_vh_last_90d_median": -16.570312111647375, "sentinel1__s1_vv_vh_diff_last_90d_mean": 6.8176555971533332, "sentinel1__s1_vv_vh_diff_last_90d_median": 6.7045899462679772, "sentinel1__s1_incidence_angle_last_90d_mean": 37.9548506892436, "sentinel1__s1_incidence_angle_last_90d_median": 37.95579842679264, "sentinel1__s1_obs_count_last_365d": 31, "sentinel1__s1_vv_last_365d_mean": -10.622039174792652, "sentinel1__s1_vv_last_365d_median": -10.535263232062309, "sentinel1__s1_vh_last_365d_mean": -17.553254642991693, "sentinel1__s1_vh_last_365d_median": -17.447033772817022, "sentinel1__s1_vv_vh_diff_last_365d_mean": 6.9312154681990643, "sentinel1__s1_vv_vh_diff_last_365d_median": 6.9338224807941629, "sentinel1__s1_incidence_angle_last_365d_mean": 37.951588410786655, "sentinel1__s1_incidence_angle_last_365d_median": 37.9519758997859, "soil__soil_clay_rootzone_0_30cm_pct": 34.44608250577285, "soil__soil_sand_rootzone_0_30cm_pct": 33.463894314591215, "soil__soil_soc_rootzone_0_30cm_g_kg": 27.34256564195751, "soil__soil_bdod_rootzone_0_30cm_kg_dm3": 1.340528906813788, "lst__lst_mean_c": 36.644228203435333, "lst__lst_median_c": 35.662008362510029, "lst__lst_std_c": 3.826372930445455, "lst__lst_valid_months": 51 }, "geometry": { "type": "Polygon", "coordinates": [ [ [ 73.965789099688621, 15.537804757192763 ], [ 73.966229805980475, 15.538751197033351 ], [ 73.966602006748758, 15.539384334653059 ], [ 73.966726332685781, 15.539885383921552 ], [ 73.966792764897662, 15.540328512676712 ], [ 73.966784775281511, 15.540827570792967 ], [ 73.966665220297003, 15.541530053864367 ], [ 73.966560580939444, 15.542307518568526 ], [ 73.966716417081656, 15.543267701175141 ], [ 73.966940396726415, 15.544564711976536 ], [ 73.967450320007529, 15.545619619981153 ], [ 73.968019047905486, 15.546292275431881 ], [ 73.968787129032975, 15.546852985695823 ], [ 73.969885008650749, 15.547380336718017 ], [ 73.970893378336939, 15.547740312255009 ], [ 73.971772527166152, 15.54794508563738 ], [ 73.972337294392034, 15.548042963730275 ], [ 73.973349165711213, 15.548408461352411 ], [ 73.973329109025855, 15.548122449403424 ], [ 73.973364608649248, 15.547752605881485 ], [ 73.973227049629813, 15.547297189923997 ], [ 73.973071786612721, 15.546960964073453 ], [ 73.97300663539842, 15.546506609136513 ], [ 73.973113112709058, 15.546026126968936 ], [ 73.973328648190105, 15.545198563904476 ], [ 73.973533815316188, 15.544713112696922 ], [ 73.973723605979529, 15.544311015222934 ], [ 73.974045931384921, 15.543706022810923 ], [ 73.974215385986867, 15.54319131631242 ], [ 73.974366705399831, 15.542781696712618 ], [ 73.974763263987072, 15.54232317312534 ], [ 73.975173773410646, 15.541962164272377 ], [ 73.975798428621559, 15.541591548941378 ], [ 73.97632536419755, 15.541570709300906 ], [ 73.976868736248292, 15.541751235786174 ], [ 73.977455292111372, 15.542325165428977 ], [ 73.977998274293299, 15.543153885910504 ], [ 73.978580609871159, 15.543867708960013 ], [ 73.97968223097206, 15.545083358920886 ], [ 73.980324130243162, 15.545689982992167 ], [ 73.980641973953652, 15.5458274479202 ], [ 73.981037142847114, 15.545817410411434 ], [ 73.981602748201155, 15.545690048766559 ], [ 73.982390147598821, 15.545427232386295 ], [ 73.982731127419413, 15.545143436188043 ], [ 73.983323380398019, 15.544740425632288 ], [ 73.984163937602659, 15.544283120642728 ], [ 73.984617938960696, 15.544085545103849 ], [ 73.985043195128014, 15.543662111932385 ], [ 73.985381481799394, 15.543082905823345 ], [ 73.985647952655384, 15.542470666721531 ], [ 73.986214943211593, 15.541550273832677 ], [ 73.986372762833952, 15.541290366210655 ], [ 73.98681908269802, 15.540734057314081 ], [ 73.987316672110325, 15.540189155611968 ], [ 73.987861011646615, 15.539712701353878 ], [ 73.988323805714671, 15.539475938633794 ], [ 73.989004210372116, 15.539222469293048 ], [ 73.989674370642064, 15.538926019009567 ], [ 73.990020451995164, 15.538660357816314 ], [ 73.99062648513025, 15.538466336615127 ], [ 73.991121114593682, 15.538418240010513 ], [ 73.991738189820211, 15.538455951689144 ], [ 73.992440607693709, 15.538635502908935 ], [ 73.992594040842548, 15.538296952080641 ], [ 73.992637113263768, 15.537908765140745 ], [ 73.992650122665736, 15.537478348644544 ], [ 73.992687098221126, 15.537096028173741 ], [ 73.992976132960436, 15.536765390585634 ], [ 73.993456430701812, 15.536425684716312 ], [ 73.994268196901587, 15.536192520397961 ], [ 73.995318005871837, 15.53633387079617 ], [ 73.996187493320178, 15.536346810759994 ], [ 73.996736043260228, 15.535990106784384 ], [ 73.997316348645555, 15.535562143420787 ], [ 73.998400991587573, 15.534849291247758 ], [ 73.997054573283549, 15.533814888969975 ], [ 73.996556258930823, 15.533410268922575 ], [ 73.996682124580232, 15.532960944715475 ], [ 73.996914868188881, 15.531558005372647 ], [ 73.997045084379209, 15.530720639367363 ], [ 73.995667480161757, 15.530564026942891 ], [ 73.994683079323963, 15.527736563973303 ], [ 73.995249358414455, 15.527427425827703 ], [ 73.994539151249128, 15.526486810099795 ], [ 73.993573515319326, 15.52542896693174 ], [ 73.991476782767478, 15.523424218657883 ], [ 73.989245914675735, 15.521031823358301 ], [ 73.986872121927334, 15.518708171239735 ], [ 73.985990132625204, 15.519078910801165 ], [ 73.98424897122915, 15.519861534088422 ], [ 73.981973285289541, 15.520361053753744 ], [ 73.98137785407144, 15.520491747001849 ], [ 73.979075725323156, 15.521094275795351 ], [ 73.975591507085781, 15.522474127676968 ], [ 73.974374156925123, 15.522835334247599 ], [ 73.973159137892637, 15.523345646996686 ], [ 73.972098832108259, 15.523795063996291 ], [ 73.971208569322357, 15.524396141149129 ], [ 73.97082892062204, 15.524824088741093 ], [ 73.970236823950287, 15.526007885092735 ], [ 73.969001263142218, 15.529544708219433 ], [ 73.968036204829119, 15.531906570836775 ], [ 73.967165169583524, 15.533623695132821 ], [ 73.96613434291352, 15.535139690650761 ], [ 73.965254857216109, 15.536520983061394 ], [ 73.965789099688621, 15.537804757192763 ] ] ] } },
{ "type": "Feature", "properties": { "gp_id": "254402", "gp_name": "CUDNEM", "terrain__analysis_area_km2": 8.4121585478106417e-10, "terrain__aspect_cos_max": 1, "terrain__aspect_cos_mean": -0.042104331692397003, "terrain__aspect_cos_min": -1, "terrain__aspect_cos_std": 0.71846147712335862, "terrain__aspect_sin_max": 1, "terrain__aspect_sin_mean": -0.12190657101622671, "terrain__aspect_sin_min": -1, "terrain__aspect_sin_std": 0.68453412036072359, "terrain__elevation_max": 116, "terrain__elevation_mean": 27.459462406113083, "terrain__elevation_min": -16, "terrain__elevation_std": 22.77209411047204, "terrain__geometry_status": "VALID_SINGLE", "terrain__laplacian_curvature_max": 34, "terrain__laplacian_curvature_mean": -0.0134349376095975, "terrain__laplacian_curvature_min": -27, "terrain__laplacian_curvature_std": 4.4468505649434977, "terrain__resolution": "DISSOLVE_BY_GP_ID", "terrain__slope_max": 32, "terrain__slope_mean": 6.0116119656574325, "terrain__slope_min": 0, "terrain__slope_std": 4.6581077388015935, "terrain__source_area_km2": 8.4121585478106458e-10, "terrain__source_feature_count": 1, "terrain__tpi_max": 43.025236593059645, "terrain__tpi_mean": 0.068157791816808797, "terrain__tpi_min": -27.94952681388018, "terrain__tpi_std": 7.6568797400126494, "terrain__tri_max": 18.583039842766848, "terrain__tri_mean": 4.4307251255072169, "terrain__tri_min": 0.55601777574472777, "terrain__tri_std": 2.9578976912618327, "terrain__aspect_mean_deg": 250.94601048835889, "terrain__aspect_resultant_length": 0.1289728142059314, "landcover__source_feature_count": 1, "landcover__source_unique_geometry_count": 1, "landcover__geometry_status": "VALID_SINGLE", "landcover__resolution": "DISSOLVE_BY_GP_ID", "landcover__source_area_km2": 8.4121585478106458e-10, "landcover__analysis_area_km2": 8.4121585478106417e-10, "landcover__analysis_coverage_pct_of_source": 99.999999999999915, "landcover__analysis_geometry_type": "Polygon", "landcover__centroid_lat": 15.537953356998209, "landcover__centroid_lon": 74.019674186848434, "landcover__state": "goa", "landcover__district": "north goa", "landcover__block": "Bicholim", "landcover__block_lgd": 5930, "landcover__block_code11": 4, "landcover__source_layer": "Official Gram Manchitra GP", "landcover__source_snapshot": "gram_manchitra_gp_20260917T064631Z.geojson", "landcover__block_snapshot": "gram_manchitra_all_blocks_20260917T064613Z.geojson", "landcover__synthetic_geometry": false, "landcover__source_geometry_wkt": "POLYGON ((74.02140388067512 15.55083569095308, 74.02137187100661 15.550798955150595, 74.02133709991693 15.550640327685333, 74.02133522333628 15.550459594364204, 74.02137862004935 15.550365347044384, 74.0214358166818 15.550284995938629, 74.02164776788489 15.550148026417789, 74.02184668722813 15.549943058772469, 74.02173816086037 15.549724708697557, 74.02149929972461 15.54950427961331, 74.02092020796321 15.549288013045766, 74.02053997715461 15.5491648266876, 74.02009376957992 15.549085935107243, 74.01986216773001 15.548992234981183, 74.01950446307546 15.548630072935133, 74.01929519873339 15.548301682369889, 74.019025213668 15.547981470579343, 74.01827916731612 15.547419282611504, 74.0178275797312 15.54708730197482, 74.01718501121525 15.546463371308903, 74.01694526074736 15.546003549086185, 74.01669005386672 15.545335689037199, 74.01653217136227 15.544705431771625, 74.01618468504407 15.544284623943565, 74.01576051044839 15.543989278346595, 74.01516965524837 15.543921756058758, 74.01472159714419 15.543969293157202, 74.01441045576408 15.54419509227776, 74.01351933598536 15.544846114255984, 74.01293242618607 15.545126543379997, 74.01242059757821 15.545371909138519, 74.01201015732491 15.545686631095572, 74.01179326987933 15.546144250589268, 74.01148861164062 15.546844543256578, 74.0113106481963 15.547189752626375, 74.01106974968154 15.547393977864013, 74.01089097865176 15.54750427534963, 74.01039118387546 15.547578147958935, 74.01002357439656 15.547839312925085, 74.00962540333343 15.548262528071918, 74.00918163827802 15.54891563934356, 74.00875297929242 15.54950556218981, 74.00786673107751 15.54984036024544, 74.00711547090371 15.54990604067901, 74.00616113757678 15.550131305376107, 74.00564445626976 15.550385670862639, 74.00528801734146 15.550823105860536, 74.00508699144886 15.550865292140115, 74.00484005086545 15.55085720036477, 74.00429641471004 15.55074959097292, 74.00375089838067 15.550470465057856, 74.00323224437331 15.550259450952941, 74.00285989807793 15.550231391015277, 74.00247571917365 15.550361223257969, 74.00228128062699 15.550570639671644, 74.00195333266622 15.550972364039419, 74.00155292210306 15.551246487960498, 74.0012490831279 15.551305235862118, 74.00063341196812 15.551336772945271, 74.00043583560624 15.55130222330497, 74.00023828978705 15.551267635580034, 74.00015101396563 15.551185050288325, 74.00010646471405 15.551057908320598, 74.0001210371846 15.55072380458957, 74.00032277633952 15.549755417801311, 73.99973290299809 15.549335567079762, 73.99961292400876 15.54939120081999, 73.99949764500498 15.549377693083555, 73.9992394269715 15.549301120956121, 73.99887669085304 15.54925058980992, 73.99852821369306 15.549182103418683, 73.99819881495311 15.549091395155388, 73.99786154068305 15.548901181324178, 73.99766942967136 15.54867241630862, 73.99750096501285 15.548421404019566, 73.99707460212113 15.547976811036188, 73.99673679515011 15.547827247780802, 73.99643449498902 15.547786624735108, 73.99585214683471 15.547773377391907, 73.99547522901287 15.547736185819712, 73.99521134530491 15.547628354108566, 73.99507449864946 15.547436530063878, 73.995073426061 15.547210628047095, 73.9952062841966 15.547063562779229, 73.99538496539479 15.546918791706574, 73.99578610808493 15.546516489965455, 73.99636109813873 15.545938171181314, 73.99682118019297 15.545141331402574, 73.99712085368014 15.544495130954493, 73.99743601771613 15.543708834692358, 73.99722890843243 15.542659615989034, 73.99686296263346 15.541671790062294, 73.99677538497806 15.541464510965868, 73.99661774232382 15.541291723268786, 73.99630303732697 15.54110165628843, 73.99591733038837 15.540922481967167, 73.99544776302305 15.540771906179057, 73.99500490077452 15.540690566422075, 73.99450136990494 15.5405484400859, 73.99410813508425 15.540428243907554, 73.99372656937909 15.54017431270897, 73.99331867225635 15.539839312863963, 73.99296985193996 15.539469208673966, 73.99244060769371 15.538635502908935, 73.99259404084255 15.53829695208064, 73.99263711326377 15.537908765140745, 73.99265012266574 15.537478348644544, 73.99268709822113 15.53709602817374, 73.99297613296044 15.536765390585634, 73.99345643070181 15.536425684716312, 73.99426819690159 15.536192520397961, 73.99531800587184 15.53633387079617, 73.99618749332018 15.536346810759994, 73.99673604326023 15.535990106784384, 73.99731634864555 15.535562143420787, 73.99840099158757 15.534849291247758, 73.9992347090196 15.534336691755499, 73.99976412125086 15.533813054105472, 74.00058048682486 15.533757409234372, 74.00097523890005 15.53355098162191, 74.00130611357203 15.533253188572429, 74.00159906676261 15.532995545900137, 74.00187797838694 15.532746724149497, 74.00210078662856 15.532506082876793, 74.00216644539097 15.532181819323633, 74.00218616430979 15.531825168726126, 74.00214803980911 15.531287034282474, 74.00202432113325 15.530860471077709, 74.00201817755502 15.530661677872198, 74.0019886122024 15.530168808689732, 74.00212967375316 15.529791338012902, 74.0025401921599 15.529472188877456, 74.00278008276496 15.52933120421717, 74.0030362023339 15.529339496773298, 74.00340495985971 15.529597989627412, 74.00369755102922 15.529959225266262, 74.00424944988865 15.530419160322706, 74.00438578180945 15.530638024201265, 74.00455038461052 15.531132907177218, 74.00469898841638 15.531460449208717, 74.00477439030637 15.53170098697518, 74.00490469004004 15.532303811914007, 74.00489098983363 15.532877325594606, 74.00502688068163 15.533127756161456, 74.0052522086976 15.533316336635908, 74.00555403095494 15.533384019055196, 74.00587995501138 15.533402490639507, 74.00633213817935 15.533391118783921, 74.00678464384244 15.533361683859301, 74.007167450121 15.533317690284509, 74.00779530423263 15.533399275292636, 74.00810194864644 15.53345793307857, 74.00860839275249 15.533546829802825, 74.00891053481011 15.533596537379937, 74.00963175711743 15.533670465175112, 74.01042838490802 15.533686794614612, 74.01117012383811 15.533630021959164, 74.01156880963592 15.533468731967064, 74.01219942067719 15.533667802888647, 74.01261795025961 15.533728142269515, 74.01294453727274 15.53370143978479, 74.01340318381914 15.533572738641196, 74.01366554039114 15.533486245431376, 74.01410267587976 15.533253231847642, 74.01446081621722 15.532996516997384, 74.01471603836922 15.532769880777748, 74.01501070734197 15.53240374696053, 74.01528673986584 15.532037392653587, 74.0158457812301 15.53234833193421, 74.01605192572319 15.532274580228652, 74.01642977689461 15.531950391610733, 74.0166513499527 15.531791012217461, 74.01739357307473 15.531413462286972, 74.0181962878497 15.531041321126224, 74.0187197792849 15.530945216185085, 74.01924143186868 15.530961950901078, 74.01950730624334 15.53094323069553, 74.0198306000326 15.53082600888255, 74.02003878729464 15.530630290820389, 74.02031962131373 15.5302549986294, 74.02045768338974 15.530067346651872, 74.0206359441764 15.529694952926306, 74.02068227209224 15.529415438430433, 74.0207045988203 15.529180850189519, 74.02098389672022 15.528904991830348, 74.02161025513693 15.5284850458256, 74.02200957155206 15.528278572254365, 74.02286289830846 15.527943270048402, 74.02358086332457 15.527628591967392, 74.02383048627742 15.527456118110297, 74.02402112225542 15.527187926904876, 74.024093425856 15.527035359018283, 74.02401492298165 15.526690737338683, 74.02387043256144 15.526399538399575, 74.02361658123856 15.525939532924491, 74.02342400579786 15.525742382955459, 74.02312718266505 15.525358564112992, 74.02300047529422 15.525117206207197, 74.02308931328592 15.52479785076371, 74.02366410301542 15.52439970977737, 74.02418893922858 15.523915013671957, 74.0243065825982 15.523839905239287, 74.02449585044205 15.523359330414163, 74.02465347782494 15.5231132165846, 74.02477557234678 15.523051724650713, 74.0252234516862 15.523022201695426, 74.02567476887819 15.523060491779212, 74.02641947224873 15.523116638092073, 74.02686546422773 15.523204541299338, 74.02709791588393 15.523239594205357, 74.0274446727701 15.523411816252505, 74.02789037908485 15.523219619987312, 74.02817727403713 15.523052160020992, 74.02877607214089 15.52289830113975, 74.02971017810258 15.522762983924965, 74.03024829590721 15.522621803391838, 74.03085461290992 15.522585593141509, 74.03151552861726 15.522635910110798, 74.03204645720471 15.52264821908354, 74.03279150373166 15.52268175737357, 74.03327692726008 15.522634681896697, 74.03387420182112 15.522580262223476, 74.03440035855775 15.522606048666265, 74.03506703426272 15.52258415286751, 74.03561861601683 15.522470345224603, 74.03614254493158 15.522342495697105, 74.03628326871579 15.522281264064192, 74.03659207357784 15.522204455960313, 74.0371416592754 15.522221625892099, 74.0376370208658 15.52242766842427, 74.03803400076289 15.522668354348998, 74.03837576391443 15.522863160755398, 74.03865244502194 15.523047912780328, 74.03927284132008 15.52330543199098, 74.03964347632484 15.523446439812663, 74.03993064526328 15.523554538646511, 74.04027525158268 15.523568589906802, 74.04049941987364 15.523535743331642, 74.04130866540068 15.523637926985288, 74.04173532114322 15.523766177322445, 74.04222301471434 15.524170873420456, 74.04262305337497 15.524460814412429, 74.04196054764955 15.525165421031618, 74.04070202590279 15.525783970225882, 74.03974817676782 15.526592189568296, 74.0377999617836 15.529305886862153, 74.03758640529112 15.529849372786341, 74.0376060415649 15.530382807765648, 74.03774491122637 15.531338113376316, 74.03799001655165 15.532059990242367, 74.03868510057913 15.533502207912038, 74.03941025121918 15.535116631224346, 74.03944419675715 15.535320818231208, 74.03902059798156 15.536195212078539, 74.03874210587044 15.537022400200856, 74.03874165761111 15.537343150049768, 74.03956711144085 15.537310024385567, 74.04077248975369 15.538312569726365, 74.03948279556829 15.53883126876067, 74.03977453782984 15.539251185898296, 74.04092917210893 15.539317821735457, 74.03989389159176 15.54085674414405, 74.03984495137506 15.541908609976332, 74.04022736059825 15.542164572019548, 74.0399521922537 15.542501976674595, 74.03961207930733 15.542790719179546, 74.03918429438251 15.542730170413401, 74.0387719317345 15.542579514592763, 74.03830432269649 15.542382958669972, 74.03803498172319 15.542622935848787, 74.03795194505159 15.54315938333083, 74.03759695780076 15.543212911337797, 74.03738512787024 15.543349906242161, 74.03723755533028 15.543546407583733, 74.03716158660335 15.543933896726825, 74.03709770470856 15.544443472668846, 74.03694554896406 15.545236334058318, 74.03678766915455 15.54550060377783, 74.03662253185585 15.545629199675178, 74.03629967015623 15.545710242362931, 74.03590849337589 15.545690986916773, 74.03546163362431 15.545657301781628, 74.03510941318456 15.545828329815459, 74.03479646708902 15.546171582374726, 74.03420998039623 15.546727705228037, 74.03394653776107 15.546881929715452, 74.03364852525881 15.546864029669337, 74.03327888468908 15.546664357894423, 74.03303763762794 15.546593013797743, 74.03284486455787 15.546703127371893, 74.0327540466793 15.546841893256634, 74.03265074760813 15.54719722315569, 74.0326971482875 15.547798783349647, 74.0325431653697 15.548410918338904, 74.03236257435317 15.548638652040664, 74.03222679220136 15.54867287326078, 74.03198960103371 15.548642223710953, 74.03178230579879 15.548485642216445, 74.03151271509378 15.54814283315857, 74.03130422599784 15.54806744363153, 74.03106595505525 15.548104573697534, 74.03065202664366 15.548346998601055, 74.02984431543912 15.548737188403305, 74.0292055953058 15.549048601840232, 74.02882935391533 15.54926892842524, 74.02835307523654 15.549623348025285, 74.02769749642027 15.55011973885588, 74.02695936871764 15.550529025382192, 74.02676832670113 15.550526189361783, 74.02667624040131 15.550457042204611, 74.02658482334644 15.550338170727965, 74.02660090498668 15.550207378705215, 74.02671660530031 15.549960735268883, 74.02692097921398 15.549706234249436, 74.0271094233027 15.54928420771866, 74.02712665388816 15.548778552077502, 74.02698013507208 15.548315641937194, 74.02681163358265 15.54806461363532, 74.02661281035911 15.547957759181012, 74.0263750721175 15.54796331791953, 74.02612736886442 15.548009362927727, 74.02597690734254 15.54808852666937, 74.02552103030216 15.548632921097818, 74.02517034508323 15.549007193217506, 74.0248543896315 15.549242038423891, 74.02430280338581 15.549645015938314, 74.02393917793518 15.549946910820827, 74.02302877761555 15.550642757816826, 74.02254051271592 15.550870418084935, 74.02210945612684 15.551013161273458, 74.02173645675626 15.551025744623542, 74.02152293889134 15.550968392580861, 74.02140388067512 15.55083569095308))", "landcover__water_fraction": 0.0874174812551516, "landcover__trees_fraction": 0.41492612003603441, "landcover__grass_fraction": 0.056222324021634601, "landcover__flooded_vegetation_fraction": 0.049164510750800201, "landcover__crops_fraction": 0.066838633359031605, "landcover__shrub_fraction": 0.17443383957950301, "landcover__built_fraction": 0.067705552807305294, "landcover__bare_fraction": 0.044577415865667297, "landcover__snow_ice_fraction": 0.038675331970389797, "landcover__dominant_landcover": "trees", "landcover__dominant_probability": 0.41492612003603441, "landcover__landcover_entropy": 1.8201942909142479, "landcover__valid_pixel_fraction": 1, "landcover__landcover_probability_sum": 0.99996120964551838, "sentinel2__NDVI_hist_mean": 0.49126853558075267, "sentinel2__NDVI_hist_std": 0.083936654713204398, "sentinel2__NDVI_hist_min": 0.18372384971398589, "sentinel2__NDVI_hist_max": 0.67433947859741061, "sentinel2__EVI_hist_mean": 0.27807065662771091, "sentinel2__EVI_hist_std": 0.059824229850571002, "sentinel2__EVI_hist_min": 0.21441017518872729, "sentinel2__EVI_hist_max": 0.55197883664160985, "sentinel2__SAVI_hist_mean": 0.26921343718846058, "sentinel2__SAVI_hist_std": 0.050024620848696001, "sentinel2__SAVI_hist_min": 0.12951441531251209, "sentinel2__SAVI_hist_max": 0.4135291233074756, "sentinel2__NDMI_hist_mean": 0.029190589694356998, "sentinel2__NDMI_hist_std": 0.071316383959558596, "sentinel2__NDMI_hist_min": -0.077887066477665495, "sentinel2__NDMI_hist_max": 0.23082807313166179, "sentinel2__NBR_hist_mean": 0.24943054283709451, "sentinel2__NBR_hist_std": 0.096247295961581505, "sentinel2__NBR_hist_min": 0.11588062395367441, "sentinel2__NBR_hist_max": 0.51015370908217006, "sentinel2__NDVI_7d_mean": null, "sentinel2__EVI_7d_mean": null, "sentinel2__SAVI_7d_mean": null, "sentinel2__NDMI_7d_mean": null, "sentinel2__NBR_7d_mean": null, "sentinel2__NDVI_30d_mean": null, "sentinel2__EVI_30d_mean": null, "sentinel2__SAVI_30d_mean": null, "sentinel2__NDMI_30d_mean": null, "sentinel2__NBR_30d_mean": null, "sentinel2__NDVI_60d_mean": null, "sentinel2__EVI_60d_mean": null, "sentinel2__SAVI_60d_mean": null, "sentinel2__NDMI_60d_mean": null, "sentinel2__NBR_60d_mean": null, "sentinel2__NDVI_30d_change": null, "sentinel2__observation_count": 350, "sentinel2__latest_observation_date": "2026-05-03", "sentinel2__days_since_latest_observation": 139, "sentinel1__s1_observation_count": 118, "sentinel1__s1_unique_image_count": 118, "sentinel1__s1_first_date": "2021-09-20", "sentinel1__s1_last_date": "2026-09-13", "sentinel1__s1_ascending_count": 0, "sentinel1__s1_descending_count": 118, "sentinel1__s1_vv_db_mean": -9.3254268697391041, "sentinel1__s1_vv_db_median": -9.3155371168740757, "sentinel1__s1_vv_db_std": 0.66356535125564298, "sentinel1__s1_vv_db_min": -10.296882726913427, "sentinel1__s1_vv_db_max": -7.9570329657385646, "sentinel1__s1_vv_db_count": 118, "sentinel1__s1_vh_db_mean": -15.915754594275397, "sentinel1__s1_vh_db_median": -15.837094657011118, "sentinel1__s1_vh_db_std": 0.59150163427389701, "sentinel1__s1_vh_db_min": -16.83890654732939, "sentinel1__s1_vh_db_max": -14.889260461889554, "sentinel1__s1_vh_db_count": 118, "sentinel1__s1_vv_vh_diff_db_mean": 6.5903277245362917, "sentinel1__s1_vv_vh_diff_db_median": 6.5855239111855628, "sentinel1__s1_vv_vh_diff_db_std": 0.1598303184587837, "sentinel1__s1_vv_vh_diff_db_min": 6.196154497400328, "sentinel1__s1_vv_vh_diff_db_max": 7.0442731254682718, "sentinel1__s1_vv_vh_diff_db_count": 118, "sentinel1__s1_incidence_angle_deg_mean": 37.717417091205597, "sentinel1__s1_incidence_angle_deg_median": 37.70922825044876, "sentinel1__s1_incidence_angle_deg_std": 0.018953578448721298, "sentinel1__s1_incidence_angle_deg_min": 37.695042995543126, "sentinel1__s1_incidence_angle_deg_max": 37.765184089242581, "sentinel1__s1_incidence_angle_deg_count": 118, "sentinel1__s1_valid_fraction_mean": 1.0, "sentinel1__s1_valid_fraction_median": 1.0, "sentinel1__s1_valid_fraction_std": 0.0, "sentinel1__s1_valid_fraction_min": 1.0, "sentinel1__s1_valid_fraction_max": 1.0, "sentinel1__s1_valid_fraction_count": 118, "sentinel1__s1_vv_db_ascending_mean": null, "sentinel1__s1_vv_db_ascending_median": null, "sentinel1__s1_vv_db_ascending_std": null, "sentinel1__s1_vv_db_ascending_min": null, "sentinel1__s1_vv_db_ascending_max": null, "sentinel1__s1_vv_db_ascending_count": 0, "sentinel1__s1_vh_db_ascending_mean": null, "sentinel1__s1_vh_db_ascending_median": null, "sentinel1__s1_vh_db_ascending_std": null, "sentinel1__s1_vh_db_ascending_min": null, "sentinel1__s1_vh_db_ascending_max": null, "sentinel1__s1_vh_db_ascending_count": 0, "sentinel1__s1_vv_vh_diff_db_ascending_mean": null, "sentinel1__s1_vv_vh_diff_db_ascending_median": null, "sentinel1__s1_vv_vh_diff_db_ascending_std": null, "sentinel1__s1_vv_vh_diff_db_ascending_min": null, "sentinel1__s1_vv_vh_diff_db_ascending_max": null, "sentinel1__s1_vv_vh_diff_db_ascending_count": 0, "sentinel1__s1_incidence_angle_deg_ascending_mean": null, "sentinel1__s1_incidence_angle_deg_ascending_median": null, "sentinel1__s1_incidence_angle_deg_ascending_std": null, "sentinel1__s1_incidence_angle_deg_ascending_min": null, "sentinel1__s1_incidence_angle_deg_ascending_max": null, "sentinel1__s1_incidence_angle_deg_ascending_count": 0, "sentinel1__s1_vv_db_descending_mean": -9.3254268697391041, "sentinel1__s1_vv_db_descending_median": -9.3155371168740757, "sentinel1__s1_vv_db_descending_std": 0.66356535125564298, "sentinel1__s1_vv_db_descending_min": -10.296882726913427, "sentinel1__s1_vv_db_descending_max": -7.9570329657385646, "sentinel1__s1_vv_db_descending_count": 118, "sentinel1__s1_vh_db_descending_mean": -15.915754594275397, "sentinel1__s1_vh_db_descending_median": -15.837094657011118, "sentinel1__s1_vh_db_descending_std": 0.59150163427389701, "sentinel1__s1_vh_db_descending_min": -16.83890654732939, "sentinel1__s1_vh_db_descending_max": -14.889260461889554, "sentinel1__s1_vh_db_descending_count": 118, "sentinel1__s1_vv_vh_diff_db_descending_mean": 6.5903277245362917, "sentinel1__s1_vv_vh_diff_db_descending_median": 6.5855239111855628, "sentinel1__s1_vv_vh_diff_db_descending_std": 0.1598303184587837, "sentinel1__s1_vv_vh_diff_db_descending_min": 6.196154497400328, "sentinel1__s1_vv_vh_diff_db_descending_max": 7.0442731254682718, "sentinel1__s1_vv_vh_diff_db_descending_count": 118, "sentinel1__s1_incidence_angle_deg_descending_mean": 37.717417091205597, "sentinel1__s1_incidence_angle_deg_descending_median": 37.70922825044876, "sentinel1__s1_incidence_angle_deg_descending_std": 0.018953578448721298, "sentinel1__s1_incidence_angle_deg_descending_min": 37.695042995543126, "sentinel1__s1_incidence_angle_deg_descending_max": 37.765184089242581, "sentinel1__s1_incidence_angle_deg_descending_count": 118, "sentinel1__s1_obs_count_last_7d": 1, "sentinel1__s1_vv_last_7d_mean": -8.6975382098966989, "sentinel1__s1_vv_last_7d_median": -8.6975382098966989, "sentinel1__s1_vh_last_7d_mean": -15.430478669731167, "sentinel1__s1_vh_last_7d_median": -15.430478669731167, "sentinel1__s1_vv_vh_diff_last_7d_mean": 6.7329404598344524, "sentinel1__s1_vv_vh_diff_last_7d_median": 6.7329404598344524, "sentinel1__s1_incidence_angle_last_7d_mean": 37.709108903043216, "sentinel1__s1_incidence_angle_last_7d_median": 37.709108903043216, "sentinel1__s1_obs_count_last_30d": 3, "sentinel1__s1_vv_last_30d_mean": -8.6239836618486407, "sentinel1__s1_vv_last_30d_median": -8.598518997600884, "sentinel1__s1_vh_last_30d_mean": -15.215204136856499, "sentinel1__s1_vh_last_30d_median": -15.194479631194731, "sentinel1__s1_vv_vh_diff_last_30d_mean": 6.5912204750079111, "sentinel1__s1_vv_vh_diff_last_30d_median": 6.6185858531464792, "sentinel1__s1_incidence_angle_last_30d_mean": 37.712917262028313, "sentinel1__s1_incidence_angle_last_30d_median": 37.713707731442369, "sentinel1__s1_obs_count_last_90d": 8, "sentinel1__s1_vv_last_90d_mean": -8.5939833416340736, "sentinel1__s1_vv_last_90d_median": -8.6221849036030136, "sentinel1__s1_vh_last_90d_mean": -15.280415386685361, "sentinel1__s1_vh_last_90d_median": -15.306566981578236, "sentinel1__s1_vv_vh_diff_last_90d_mean": 6.6864320450513244, "sentinel1__s1_vv_vh_diff_last_90d_median": 6.6816234418791911, "sentinel1__s1_incidence_angle_last_90d_mean": 37.710616876196873, "sentinel1__s1_incidence_angle_last_90d_median": 37.711548302020624, "sentinel1__s1_obs_count_last_365d": 31, "sentinel1__s1_vv_last_365d_mean": -9.3119334937661247, "sentinel1__s1_vv_last_365d_median": -9.3842302751495961, "sentinel1__s1_vh_last_365d_mean": -15.914436534277604, "sentinel1__s1_vh_last_365d_median": -15.867568917228931, "sentinel1__s1_vv_vh_diff_last_365d_mean": 6.602503040511511, "sentinel1__s1_vv_vh_diff_last_365d_median": 6.5985889575915078, "sentinel1__s1_incidence_angle_last_365d_mean": 37.707436811702081, "sentinel1__s1_incidence_angle_last_365d_median": 37.707859416282332, "soil__soil_clay_rootzone_0_30cm_pct": 34.192320697096427, "soil__soil_sand_rootzone_0_30cm_pct": 35.144261361379478, "soil__soil_soc_rootzone_0_30cm_g_kg": 22.025890528033091, "soil__soil_bdod_rootzone_0_30cm_kg_dm3": 1.4029577867357628, "lst__lst_mean_c": 35.869487943953203, "lst__lst_median_c": 34.768590027181418, "lst__lst_std_c": 3.5467888453432348, "lst__lst_valid_months": 50 }, "geometry": { "type": "Polygon", "coordinates": [ [ [ 74.042223014714338, 15.524170873420456 ], [ 74.041735321143221, 15.523766177322445 ], [ 74.041308665400678, 15.523637926985288 ], [ 74.04049941987364, 15.523535743331642 ], [ 74.040275251582685, 15.523568589906802 ], [ 74.039930645263283, 15.523554538646511 ], [ 74.039643476324841, 15.523446439812663 ], [ 74.039272841320084, 15.52330543199098 ], [ 74.038652445021938, 15.523047912780328 ], [ 74.038375763914431, 15.522863160755398 ], [ 74.038034000762892, 15.522668354348998 ], [ 74.037637020865802, 15.522427668424269 ], [ 74.037141659275406, 15.522221625892099 ], [ 74.036592073577836, 15.522204455960313 ], [ 74.036283268715792, 15.522281264064192 ], [ 74.036142544931579, 15.522342495697105 ], [ 74.035618616016833, 15.522470345224603 ], [ 74.035067034262724, 15.522584152867511 ], [ 74.034400358557747, 15.522606048666265 ], [ 74.033874201821121, 15.522580262223476 ], [ 74.033276927260076, 15.522634681896697 ], [ 74.032791503731659, 15.52268175737357 ], [ 74.032046457204714, 15.522648219083541 ], [ 74.031515528617263, 15.522635910110798 ], [ 74.03085461290992, 15.522585593141509 ], [ 74.030248295907214, 15.522621803391838 ], [ 74.029710178102576, 15.522762983924965 ], [ 74.028776072140886, 15.522898301139749 ], [ 74.028177274037134, 15.523052160020992 ], [ 74.027890379084852, 15.523219619987312 ], [ 74.027444672770102, 15.523411816252505 ], [ 74.027097915883928, 15.523239594205357 ], [ 74.026865464227726, 15.523204541299338 ], [ 74.026419472248733, 15.523116638092073 ], [ 74.02567476887819, 15.523060491779212 ], [ 74.025223451686202, 15.523022201695426 ], [ 74.024775572346783, 15.523051724650713 ], [ 74.024653477824941, 15.5231132165846 ], [ 74.024495850442051, 15.523359330414163 ], [ 74.0243065825982, 15.523839905239287 ], [ 74.02418893922858, 15.523915013671957 ], [ 74.02366410301542, 15.52439970977737 ], [ 74.023089313285922, 15.52479785076371 ], [ 74.023000475294225, 15.525117206207197 ], [ 74.02312718266505, 15.525358564112992 ], [ 74.023424005797864, 15.525742382955459 ], [ 74.023616581238556, 15.525939532924491 ], [ 74.023870432561438, 15.526399538399575 ], [ 74.02401492298165, 15.526690737338683 ], [ 74.024093425855995, 15.527035359018283 ], [ 74.024021122255419, 15.527187926904876 ], [ 74.023830486277419, 15.527456118110297 ], [ 74.023580863324568, 15.527628591967392 ], [ 74.02286289830846, 15.527943270048402 ], [ 74.022009571552061, 15.528278572254365 ], [ 74.021610255136935, 15.528485045825599 ], [ 74.020983896720224, 15.528904991830348 ], [ 74.020704598820302, 15.529180850189519 ], [ 74.020682272092245, 15.529415438430433 ], [ 74.020635944176405, 15.529694952926306 ], [ 74.020457683389736, 15.530067346651872 ], [ 74.020319621313732, 15.530254998629401 ], [ 74.020038787294638, 15.530630290820389 ], [ 74.019830600032606, 15.530826008882549 ], [ 74.019507306243341, 15.530943230695531 ], [ 74.019241431868679, 15.530961950901078 ], [ 74.018719779284893, 15.530945216185085 ], [ 74.018196287849705, 15.531041321126224 ], [ 74.017393573074727, 15.531413462286972 ], [ 74.016651349952696, 15.531791012217461 ], [ 74.016429776894611, 15.531950391610733 ], [ 74.01605192572319, 15.532274580228652 ], [ 74.015845781230098, 15.532348331934211 ], [ 74.015286739865843, 15.532037392653587 ], [ 74.015010707341972, 15.532403746960529 ], [ 74.014716038369215, 15.532769880777748 ], [ 74.014460816217223, 15.532996516997384 ], [ 74.014102675879755, 15.533253231847642 ], [ 74.013665540391145, 15.533486245431376 ], [ 74.013403183819136, 15.533572738641196 ], [ 74.012944537272745, 15.533701439784791 ], [ 74.01261795025961, 15.533728142269515 ], [ 74.012199420677192, 15.533667802888647 ], [ 74.011568809635918, 15.533468731967064 ], [ 74.011170123838113, 15.533630021959164 ], [ 74.010428384908025, 15.533686794614612 ], [ 74.009631757117432, 15.533670465175112 ], [ 74.008910534810113, 15.533596537379937 ], [ 74.008608392752492, 15.533546829802825 ], [ 74.008101948646441, 15.533457933078569 ], [ 74.00779530423263, 15.533399275292636 ], [ 74.007167450121003, 15.533317690284509 ], [ 74.006784643842437, 15.533361683859301 ], [ 74.006332138179346, 15.533391118783921 ], [ 74.00587995501138, 15.533402490639507 ], [ 74.00555403095494, 15.533384019055196 ], [ 74.005252208697598, 15.533316336635908 ], [ 74.005026880681626, 15.533127756161456 ], [ 74.004890989833626, 15.532877325594606 ], [ 74.004904690040036, 15.532303811914007 ], [ 74.004774390306366, 15.53170098697518 ], [ 74.004698988416379, 15.531460449208717 ], [ 74.004550384610525, 15.531132907177218 ], [ 74.004385781809447, 15.530638024201265 ], [ 74.004249449888647, 15.530419160322706 ], [ 74.003697551029219, 15.529959225266262 ], [ 74.003404959859708, 15.529597989627412 ], [ 74.003036202333902, 15.529339496773298 ], [ 74.002780082764957, 15.52933120421717 ], [ 74.002540192159898, 15.529472188877456 ], [ 74.00212967375316, 15.529791338012902 ], [ 74.001988612202396, 15.530168808689732 ], [ 74.002018177555016, 15.530661677872198 ], [ 74.002024321133248, 15.530860471077709 ], [ 74.002148039809114, 15.531287034282474 ], [ 74.002186164309791, 15.531825168726126 ], [ 74.002166445390969, 15.532181819323633 ], [ 74.00210078662856, 15.532506082876793 ], [ 74.001877978386943, 15.532746724149497 ], [ 74.001599066762608, 15.532995545900137 ], [ 74.001306113572028, 15.533253188572429 ], [ 74.000975238900054, 15.533550981621911 ], [ 74.000580486824859, 15.533757409234372 ], [ 73.999764121250863, 15.533813054105472 ], [ 73.999234709019603, 15.534336691755499 ], [ 73.998400991587573, 15.534849291247758 ], [ 73.997316348645555, 15.535562143420787 ], [ 73.996736043260228, 15.535990106784384 ], [ 73.996187493320178, 15.536346810759994 ], [ 73.995318005871837, 15.53633387079617 ], [ 73.994268196901587, 15.536192520397961 ], [ 73.993456430701812, 15.536425684716312 ], [ 73.992976132960436, 15.536765390585634 ], [ 73.992687098221126, 15.537096028173741 ], [ 73.992650122665736, 15.537478348644544 ], [ 73.992637113263768, 15.537908765140745 ], [ 73.992594040842548, 15.538296952080641 ], [ 73.992440607693709, 15.538635502908935 ], [ 73.992969851939961, 15.539469208673966 ], [ 73.993318672256351, 15.539839312863963 ], [ 73.993726569379092, 15.54017431270897 ], [ 73.994108135084247, 15.540428243907554 ], [ 73.994501369904938, 15.5405484400859 ], [ 73.995004900774518, 15.540690566422075 ], [ 73.995447763023051, 15.540771906179057 ], [ 73.995917330388366, 15.540922481967167 ], [ 73.996303037326967, 15.541101656288429 ], [ 73.996617742323821, 15.541291723268786 ], [ 73.996775384978065, 15.541464510965868 ], [ 73.996862962633458, 15.541671790062294 ], [ 73.997228908432433, 15.542659615989034 ], [ 73.997436017716126, 15.543708834692358 ], [ 73.997120853680144, 15.544495130954493 ], [ 73.996821180192967, 15.545141331402574 ], [ 73.996361098138735, 15.545938171181314 ], [ 73.995786108084928, 15.546516489965455 ], [ 73.995384965394791, 15.546918791706574 ], [ 73.995206284196598, 15.547063562779229 ], [ 73.995073426060998, 15.547210628047095 ], [ 73.995074498649458, 15.547436530063878 ], [ 73.995211345304909, 15.547628354108566 ], [ 73.995475229012868, 15.547736185819712 ], [ 73.995852146834707, 15.547773377391907 ], [ 73.996434494989018, 15.547786624735108 ], [ 73.996736795150113, 15.547827247780802 ], [ 73.997074602121131, 15.547976811036188 ], [ 73.997500965012847, 15.548421404019566 ], [ 73.997669429671362, 15.548672416308619 ], [ 73.997861540683047, 15.548901181324178 ], [ 73.998198814953113, 15.549091395155388 ], [ 73.998528213693064, 15.549182103418683 ], [ 73.998876690853038, 15.549250589809921 ], [ 73.999239426971499, 15.549301120956121 ], [ 73.999497645004979, 15.549377693083555 ], [ 73.999612924008758, 15.54939120081999 ], [ 73.99973290299809, 15.549335567079762 ], [ 74.000322776339516, 15.549755417801311 ], [ 74.000121037184599, 15.55072380458957 ], [ 74.000106464714051, 15.551057908320598 ], [ 74.000151013965635, 15.551185050288325 ], [ 74.000238289787049, 15.551267635580034 ], [ 74.00043583560624, 15.551302223304971 ], [ 74.000633411968124, 15.551336772945271 ], [ 74.001249083127902, 15.551305235862118 ], [ 74.001552922103059, 15.551246487960498 ], [ 74.001953332666218, 15.550972364039419 ], [ 74.002281280626988, 15.550570639671644 ], [ 74.002475719173646, 15.550361223257969 ], [ 74.002859898077929, 15.550231391015277 ], [ 74.003232244373308, 15.550259450952941 ], [ 74.003750898380673, 15.550470465057856 ], [ 74.004296414710041, 15.55074959097292 ], [ 74.004840050865454, 15.550857200364771 ], [ 74.005086991448863, 15.550865292140115 ], [ 74.005288017341456, 15.550823105860536 ], [ 74.005644456269764, 15.550385670862639 ], [ 74.006161137576782, 15.550131305376107 ], [ 74.007115470903713, 15.54990604067901 ], [ 74.007866731077513, 15.54984036024544 ], [ 74.008752979292424, 15.549505562189809 ], [ 74.009181638278022, 15.54891563934356 ], [ 74.00962540333343, 15.548262528071918 ], [ 74.010023574396556, 15.547839312925085 ], [ 74.010391183875456, 15.547578147958935 ], [ 74.010890978651759, 15.547504275349629 ], [ 74.011069749681539, 15.547393977864013 ], [ 74.0113106481963, 15.547189752626375 ], [ 74.011488611640615, 15.546844543256578 ], [ 74.011793269879334, 15.546144250589268 ], [ 74.012010157324909, 15.545686631095572 ], [ 74.012420597578213, 15.545371909138519 ], [ 74.012932426186069, 15.545126543379997 ], [ 74.013519335985364, 15.544846114255984 ], [ 74.014410455764079, 15.544195092277761 ], [ 74.014721597144188, 15.543969293157202 ], [ 74.015169655248371, 15.543921756058758 ], [ 74.015760510448388, 15.543989278346595 ], [ 74.016184685044067, 15.544284623943565 ], [ 74.016532171362272, 15.544705431771625 ], [ 74.016690053866725, 15.545335689037199 ], [ 74.016945260747363, 15.546003549086185 ], [ 74.017185011215247, 15.546463371308903 ], [ 74.017827579731204, 15.54708730197482 ], [ 74.018279167316123, 15.547419282611504 ], [ 74.019025213668002, 15.547981470579343 ], [ 74.019295198733388, 15.548301682369889 ], [ 74.019504463075464, 15.548630072935133 ], [ 74.019862167730011, 15.548992234981183 ], [ 74.020093769579915, 15.549085935107243 ], [ 74.020539977154613, 15.549164826687599 ], [ 74.020920207963215, 15.549288013045766 ], [ 74.02149929972461, 15.549504279613309 ], [ 74.021738160860366, 15.549724708697557 ], [ 74.021846687228134, 15.549943058772469 ], [ 74.021647767884886, 15.550148026417789 ], [ 74.021435816681802, 15.550284995938629 ], [ 74.021378620049347, 15.550365347044384 ], [ 74.02133522333628, 15.550459594364204 ], [ 74.021337099916934, 15.550640327685333 ], [ 74.021371871006608, 15.550798955150595 ], [ 74.021403880675123, 15.550835690953081 ], [ 74.021522938891337, 15.550968392580861 ], [ 74.021736456756258, 15.551025744623542 ], [ 74.022109456126842, 15.551013161273458 ], [ 74.022540512715921, 15.550870418084935 ], [ 74.023028777615551, 15.550642757816826 ], [ 74.023939177935176, 15.549946910820827 ], [ 74.024302803385808, 15.549645015938314 ], [ 74.0248543896315, 15.549242038423891 ], [ 74.025170345083225, 15.549007193217506 ], [ 74.025521030302158, 15.548632921097818 ], [ 74.025976907342539, 15.548088526669369 ], [ 74.026127368864422, 15.548009362927727 ], [ 74.026375072117503, 15.54796331791953 ], [ 74.026612810359111, 15.547957759181012 ], [ 74.026811633582653, 15.54806461363532 ], [ 74.02698013507208, 15.548315641937194 ], [ 74.02712665388816, 15.548778552077502 ], [ 74.027109423302704, 15.54928420771866 ], [ 74.026920979213983, 15.549706234249436 ], [ 74.026716605300308, 15.549960735268883 ], [ 74.02660090498668, 15.550207378705215 ], [ 74.02658482334644, 15.550338170727965 ], [ 74.026676240401315, 15.550457042204611 ], [ 74.026768326701131, 15.550526189361783 ], [ 74.026959368717641, 15.550529025382192 ], [ 74.027697496420274, 15.55011973885588 ], [ 74.028353075236538, 15.549623348025285 ], [ 74.028829353915327, 15.54926892842524 ], [ 74.029205595305797, 15.549048601840232 ], [ 74.029844315439121, 15.548737188403305 ], [ 74.030652026643665, 15.548346998601055 ], [ 74.031065955055254, 15.548104573697534 ], [ 74.031304225997843, 15.548067443631529 ], [ 74.031512715093783, 15.54814283315857 ], [ 74.031782305798785, 15.548485642216445 ], [ 74.031989601033715, 15.548642223710953 ], [ 74.032226792201357, 15.548672873260781 ], [ 74.032362574353172, 15.548638652040664 ], [ 74.032543165369702, 15.548410918338904 ], [ 74.032697148287497, 15.547798783349647 ], [ 74.03265074760813, 15.54719722315569 ], [ 74.032754046679301, 15.546841893256634 ], [ 74.032844864557873, 15.546703127371893 ], [ 74.033037637627942, 15.546593013797743 ], [ 74.033278884689082, 15.546664357894423 ], [ 74.033648525258812, 15.546864029669337 ], [ 74.033946537761068, 15.546881929715452 ], [ 74.034209980396227, 15.546727705228037 ], [ 74.034796467089024, 15.546171582374726 ], [ 74.035109413184557, 15.545828329815459 ], [ 74.035461633624308, 15.545657301781628 ], [ 74.035908493375885, 15.545690986916773 ], [ 74.036299670156225, 15.545710242362931 ], [ 74.036622531855855, 15.545629199675178 ], [ 74.036787669154549, 15.54550060377783 ], [ 74.036945548964056, 15.545236334058318 ], [ 74.037097704708557, 15.544443472668846 ], [ 74.037161586603347, 15.543933896726825 ], [ 74.037237555330279, 15.543546407583733 ], [ 74.037385127870238, 15.543349906242161 ], [ 74.037596957800758, 15.543212911337797 ], [ 74.037951945051589, 15.543159383330829 ], [ 74.038034981723186, 15.542622935848787 ], [ 74.03830432269649, 15.542382958669972 ], [ 74.038771931734502, 15.542579514592763 ], [ 74.039184294382508, 15.542730170413401 ], [ 74.039612079307332, 15.542790719179546 ], [ 74.039952192253693, 15.542501976674595 ], [ 74.040227360598251, 15.542164572019548 ], [ 74.039844951375059, 15.541908609976332 ], [ 74.03989389159176, 15.540856744144049 ], [ 74.040929172108932, 15.539317821735457 ], [ 74.039774537829842, 15.539251185898296 ], [ 74.03948279556829, 15.538831268760671 ], [ 74.040772489753692, 15.538312569726365 ], [ 74.039567111440846, 15.537310024385567 ], [ 74.038741657611112, 15.537343150049768 ], [ 74.03874210587044, 15.537022400200856 ], [ 74.039020597981562, 15.536195212078539 ], [ 74.039444196757145, 15.535320818231208 ], [ 74.039410251219181, 15.535116631224346 ], [ 74.03868510057913, 15.533502207912038 ], [ 74.037990016551646, 15.532059990242367 ], [ 74.037744911226369, 15.531338113376316 ], [ 74.037606041564899, 15.530382807765648 ], [ 74.037586405291123, 15.529849372786341 ], [ 74.037799961783605, 15.529305886862153 ], [ 74.039748176767816, 15.526592189568296 ], [ 74.040702025902789, 15.525783970225882 ], [ 74.041960547649552, 15.525165421031618 ], [ 74.042623053374967, 15.524460814412429 ], [ 74.042223014714338, 15.524170873420456 ] ] ] } },
{ "type": "Feature", "properties": { "gp_id": "254424", "gp_name": "KARAPUR-SARVAN", "terrain__analysis_area_km2": 1.4265360062502552e-09, "terrain__aspect_cos_max": 1, "terrain__aspect_cos_mean": -0.110047425338177, "terrain__aspect_cos_min": -1, "terrain__aspect_cos_std": 0.70621118663346139, "terrain__aspect_sin_max": 1, "terrain__aspect_sin_mean": -0.114547914230857, "terrain__aspect_sin_min": -1, "terrain__aspect_sin_std": 0.69055719624298417, "terrain__elevation_max": 157, "terrain__elevation_mean": 34.04995625333693, "terrain__elevation_min": -6, "terrain__elevation_std": 25.089955719468342, "terrain__geometry_status": "VALID_SINGLE", "terrain__laplacian_curvature_max": 53, "terrain__laplacian_curvature_mean": 0.0156228099214476, "terrain__laplacian_curvature_min": -44, "terrain__laplacian_curvature_std": 3.2262825166810249, "terrain__resolution": "DISSOLVE_BY_GP_ID", "terrain__slope_max": 32, "terrain__slope_mean": 5.0597602179706032, "terrain__slope_min": 0, "terrain__slope_std": 3.6040192354948593, "terrain__source_area_km2": 1.4265360062502564e-09, "terrain__source_feature_count": 1, "terrain__tpi_max": 31.930599369084632, "terrain__tpi_mean": -0.1253821828104684, "terrain__tpi_min": -36.842271293375518, "terrain__tpi_std": 6.0645165912552113, "terrain__tri_max": 16.006241351044022, "terrain__tri_mean": 3.7872341319849521, "terrain__tri_min": 0.54739682297888081, "terrain__tri_std": 2.3898532182704573, "terrain__aspect_mean_deg": 226.14795131279081, "terrain__aspect_resultant_length": 0.15884476849490961, "landcover__source_feature_count": 1, "landcover__source_unique_geometry_count": 1, "landcover__geometry_status": "VALID_SINGLE", "landcover__resolution": "DISSOLVE_BY_GP_ID", "landcover__source_area_km2": 1.4265360062502564e-09, "landcover__analysis_area_km2": 1.4265360062502552e-09, "landcover__analysis_coverage_pct_of_source": 99.999999999999915, "landcover__analysis_geometry_type": "Polygon", "landcover__centroid_lat": 15.573533315415744, "landcover__centroid_lon": 73.98059313672583, "landcover__state": "goa", "landcover__district": "north goa", "landcover__block": "Bicholim", "landcover__block_lgd": 5930, "landcover__block_code11": 4, "landcover__source_layer": "Official Gram Manchitra GP", "landcover__source_snapshot": "gram_manchitra_gp_20260917T064631Z.geojson", "landcover__block_snapshot": "gram_manchitra_all_blocks_20260917T064613Z.geojson", "landcover__synthetic_geometry": false, "landcover__source_geometry_wkt": "POLYGON ((73.98004209068499 15.596438561727695, 73.97978256919603 15.59663346875874, 73.97922399226081 15.5971672756894, 73.97894371879048 15.59720375142325, 73.97839361925658 15.597204564744565, 73.97809404727899 15.59727690014508, 73.97785330686767 15.59746304242149, 73.97766172496367 15.597785439735313, 73.97760127193833 15.598069185776854, 73.97754348780767 15.598474953995945, 73.97739574997772 15.598676010873124, 73.9770820753485 15.598761691910902, 73.97690094085124 15.598718290295437, 73.97669926906995 15.598502906982395, 73.97663465774315 15.598167635287822, 73.97634037055438 15.597331941205596, 73.97608488429769 15.596980233298929, 73.97558170287276 15.596674506985746, 73.97507156489426 15.596504214296935, 73.97426381416382 15.595999574632318, 73.97353752895155 15.595939062297163, 73.97288338923637 15.59688509707532, 73.97261418840027 15.596829122304237, 73.97226991715246 15.596597376223984, 73.97190645160197 15.59597336909102, 73.97154658919412 15.59534723588886, 73.97121355227726 15.594721407939165, 73.97073550481564 15.594334237718458, 73.9702005490808 15.59406576421027, 73.96905008028968 15.59403427261723, 73.96843873900958 15.594086770716421, 73.96768092293087 15.594006921235486, 73.9667271627291 15.593692787183775, 73.96613259030043 15.593506681289982, 73.9657922608601 15.593175927570282, 73.96571024557296 15.592776747304102, 73.96590622473029 15.592083450035055, 73.9660415119104 15.591689004070927, 73.96628092461171 15.59121279022977, 73.96640791405352 15.590886655909992, 73.96636876727008 15.590368017171308, 73.96628545930726 15.58994906531017, 73.96597013986275 15.589370295841825, 73.9656260527696 15.58897566382446, 73.96531903016505 15.58883354402328, 73.96490796737923 15.58882030365029, 73.96446834984548 15.588922279246896, 73.96419735956532 15.58897721092745, 73.96374964821085 15.588955507356014, 73.96333262600145 15.58901304262498, 73.96304793641319 15.589132771725412, 73.96277513782432 15.589605400395703, 73.96270003956491 15.5899997863327, 73.962749374142 15.590564681258822, 73.96279468696156 15.591079926811435, 73.96259375629039 15.591365280256802, 73.96215902738841 15.591771746146769, 73.96164479129558 15.59197167869793, 73.96106032760882 15.591995956956563, 73.96067414276648 15.591801326731442, 73.95963490876375 15.59098419774504, 73.95889704067422 15.590111577779059, 73.95831398464745 15.58968507766969, 73.9577270640684 15.589679933656509, 73.95777628905101 15.589197924774775, 73.95789532660596 15.589030508098435, 73.95844044318495 15.588888294020743, 73.95855096291436 15.588445172085342, 73.95876256107954 15.587740215316611, 73.95852543189568 15.587617512316562, 73.95802169800683 15.58759747685345, 73.95783938222499 15.587281404293227, 73.95778728712504 15.586815543680542, 73.95811858490352 15.585498407100472, 73.95892578406834 15.583925259717462, 73.9591668793142 15.582594155152584, 73.9593904879547 15.582075126857017, 73.9599123570325 15.58170197316544, 73.96032676963601 15.581136739760058, 73.96044636504473 15.58056701126817, 73.96021089594751 15.579170456164666, 73.95998594791891 15.577881066281885, 73.95983461143793 15.57659282178417, 73.95975429666163 15.575645047688363, 73.95975963265442 15.575311682205552, 73.96002608195084 15.574779928147612, 73.96077022656927 15.573671980114334, 73.96085537877336 15.573603763182895, 73.96118723081237 15.573901206248708, 73.96134910812488 15.5739445430164, 73.96149872523041 15.573871154941102, 73.96154909556503 15.573752375737474, 73.96155326644288 15.57349208995862, 73.96152241919431 15.573267504166532, 73.9614175507664 15.572589219594636, 73.96135452586437 15.572234026997618, 73.96150066199814 15.571966769834125, 73.96156512779788 15.571548590413528, 73.96156465708069 15.571286741628237, 73.96151460474967 15.570991703902752, 73.96148718816718 15.57085353321895, 73.96141104337045 15.570620310973652, 73.96100340316588 15.569928532049593, 73.96083159407956 15.569500987969931, 73.9607543066258 15.56915314640903, 73.96073063332312 15.568715419810808, 73.96076763043813 15.568496579094257, 73.9608633396434 15.568329683804581, 73.96120222998267 15.568088376252591, 73.9615836717203 15.567982035833435, 73.96252729982398 15.56774002779766, 73.96300514785958 15.56746568441215, 73.96341885887882 15.567245064047588, 73.96385561887169 15.566903521975513, 73.9643033769385 15.566538378249144, 73.96472544767981 15.566134544216712, 73.96495885514345 15.56584323142946, 73.9655296455733 15.565442846259195, 73.9663534518928 15.565177466776932, 73.96695899005614 15.564951791055178, 73.96733582523302 15.564644511335082, 73.96753335398422 15.564298364616507, 73.96761836335617 15.563922828297033, 73.96772659417825 15.563588381992226, 73.96822769420663 15.563334065707195, 73.96852753118723 15.563330785924283, 73.96942172679746 15.562986638618014, 73.96985338795272 15.562737624641354, 73.97014575544172 15.56235880307817, 73.97036047615083 15.56189020415509, 73.9706235432902 15.561083209357385, 73.97076323940173 15.560577638085823, 73.9710382658125 15.559732688054682, 73.97124335658175 15.55925364734978, 73.97143291278478 15.558927712419306, 73.97169941508182 15.558730485842414, 73.97195977829219 15.558705661050128, 73.97225308002908 15.558684569580258, 73.97275740231441 15.55863467420863, 73.97291582829963 15.558368186887748, 73.9729146227605 15.55803295009727, 73.97283127976338 15.557686840717937, 73.97278384691974 15.557357253035166, 73.97264971856636 15.557099851670808, 73.97213644007763 15.55658877960888, 73.9716315177177 15.556265134653936, 73.9712042636972 15.555814865078775, 73.97097744357954 15.5553868693462, 73.97088950569976 15.555120475611576, 73.97091699594405 15.554905925000762, 73.97120434813883 15.55463247491804, 73.97164492058174 15.554252755709555, 73.97213491204334 15.553806173606047, 73.97256156688755 15.553266679885102, 73.97288193935553 15.552913749024485, 73.97319082596428 15.552532096751264, 73.9735039130953 15.552096202379781, 73.97391554092142 15.55144986711324, 73.97443632842761 15.551711753261907, 73.9751629442199 15.551984512287497, 73.97581391288213 15.552045362962579, 73.97649866628385 15.552055653737451, 73.97716664634261 15.55187405536705, 73.97791562928714 15.551572382263393, 73.97847685984574 15.551433944102014, 73.97887149064839 15.551465373852363, 73.9793034554342 15.55163152557227, 73.97972810074712 15.551848622218493, 73.98028443279246 15.552061225346758, 73.98073052358613 15.55217011488206, 73.98133063233192 15.552115181156346, 73.98172409173141 15.551808209399372, 73.98255397425551 15.550912529927817, 73.98295999120437 15.550228959148054, 73.98357787581298 15.54988703919751, 73.98429957602403 15.549642408380736, 73.98510553102221 15.549482039632064, 73.98588579869485 15.549499292104308, 73.98663909265446 15.549753238635569, 73.98757148103726 15.549926756584405, 73.98849863673361 15.55001092266347, 73.9894461455593 15.55005698106076, 73.98999803363894 15.550231813346656, 73.99081811195002 15.550429248847047, 73.99133513821012 15.55062850589142, 73.99170487669622 15.550985186250688, 73.99191015072181 15.551326733108747, 73.99183775279809 15.552155771327318, 73.99178726927576 15.552978170154567, 73.99172425784847 15.554043624301963, 73.99176832380641 15.554587029392696, 73.99192529811413 15.555489701841271, 73.99209341602291 15.556798504694955, 73.99214114441227 15.557942194675356, 73.99197590290902 15.558410091231815, 73.9918609688583 15.558596718721374, 73.99253104468663 15.558828198708914, 73.99289490729245 15.55871693285278, 73.99329688900903 15.558678053136001, 73.99385215565245 15.558708805904777, 73.99454808858792 15.558142725239206, 73.99481616922489 15.557787366634498, 73.9950092611969 15.55729620142596, 73.99558573167428 15.556473851870741, 73.99626872437804 15.556303784628106, 73.99690794936458 15.55590159122761, 73.99735584038206 15.555406714096204, 73.9976866422905 15.554984950220812, 73.99828772031846 15.554559699589705, 73.99895278624244 15.553993172207253, 73.9999383800429 15.558750239403295, 74.00071985505129 15.560599533308604, 74.00088173416044 15.561270531924217, 74.00114404581669 15.562064994370388, 74.00151332885693 15.562585623082422, 74.00189730025038 15.563065684965483, 74.00232742977812 15.563279809091089, 74.00267338087548 15.5632127526465, 74.00315100343397 15.563066231019777, 74.00339051584828 15.562658650859817, 74.00371168871517 15.562098701051475, 74.00420320910939 15.561667835790434, 74.00482100837804 15.56150527833124, 74.00542619709675 15.561256658043357, 74.00608848902313 15.560932249368891, 74.00647488317291 15.560960608137426, 74.00663579659316 15.56110299298097, 74.00669413139106 15.56153756414078, 74.00669094506672 15.562039068347215, 74.00642129956455 15.562586177791754, 74.00628977363053 15.563239314574982, 74.00643162480043 15.563404103338726, 74.00667299493072 15.563470934722814, 74.00745567098666 15.563491539359937, 74.0079565266733 15.56364803761256, 74.00842601319026 15.564030005901868, 74.00869482236094 15.564716182343268, 74.00863060898779 15.565239273246391, 74.00824293473873 15.566226497152755, 74.00821891019476 15.56622255973785, 74.00704336583078 15.567171872614344, 74.00580268732054 15.567519443207187, 74.00487166437695 15.567153290696872, 74.0042804857834 15.567103787657503, 74.00350043460476 15.567205149239134, 74.00272649286833 15.567519008796229, 74.00218792500773 15.567971853159536, 74.00149706755367 15.568923792966073, 74.0003974002885 15.570375833742276, 73.99976758874786 15.570709875276831, 73.99820671473773 15.572141303998373, 73.99734004530443 15.575656860256847, 73.99714984860258 15.577655528243747, 73.99716382998166 15.578252067950471, 73.99737152766187 15.579551813264223, 73.99753439581616 15.580164092597432, 73.99791652386666 15.581344425388394, 73.99778230119016 15.581875504833116, 73.99739713863062 15.582353219117993, 73.99610636107698 15.583499671760391, 73.99556816332226 15.583631718054459, 73.99235276862858 15.58386844294594, 73.99087496901932 15.584171684175823, 73.99003891776414 15.582519332041851, 73.98980969824636 15.58344650381351, 73.98954900804922 15.58518651669894, 73.98908816422365 15.586318131260963, 73.9890035447205 15.587536725821623, 73.98880697537003 15.588170794038083, 73.9881077806518 15.590807823598357, 73.98798656737726 15.591397903153933, 73.98745795644325 15.591805666866604, 73.98705992012738 15.591921669404345, 73.9863765977419 15.592385819936553, 73.98550983757875 15.594708669788494, 73.98534911909296 15.595140046361523, 73.98420404917671 15.597377334019301, 73.9838550042815 15.59792785703629, 73.98359088701153 15.597824517979644, 73.98331506469346 15.597874619280356, 73.98300188683255 15.597928601136141, 73.98264456306372 15.59811756607219, 73.98232939543449 15.598293592172555, 73.98202497435099 15.598383934366575, 73.98171066910446 15.598216519124502, 73.98156794207715 15.598101486607685, 73.98140751105224 15.597931890749663, 73.9811777255958 15.597431474343795, 73.98099844072973 15.59698148962215, 73.98087569223438 15.596780908695948, 73.98059937674118 15.596568959210396, 73.98027102364021 15.59640585397292, 73.98004209068499 15.596438561727695))", "landcover__water_fraction": 0.045468823209021299, "landcover__trees_fraction": 0.48722066304890188, "landcover__grass_fraction": 0.050634732236429399, "landcover__flooded_vegetation_fraction": 0.034978355964850903, "landcover__crops_fraction": 0.055385723245627398, "landcover__shrub_fraction": 0.1575575434001131, "landcover__built_fraction": 0.088125454392389904, "landcover__bare_fraction": 0.041462145843100998, "landcover__snow_ice_fraction": 0.039128319464500599, "landcover__dominant_landcover": "trees", "landcover__dominant_probability": 0.48722066304890188, "landcover__landcover_entropy": 1.6834769584282521, "landcover__valid_pixel_fraction": 1, "landcover__landcover_probability_sum": 0.99996176080493582, "sentinel2__NDVI_hist_mean": 0.54596550995056592, "sentinel2__NDVI_hist_std": 0.1041422159289087, "sentinel2__NDVI_hist_min": 0.26658679518089701, "sentinel2__NDVI_hist_max": 0.83292935605810048, "sentinel2__EVI_hist_mean": 0.31145095689809588, "sentinel2__EVI_hist_std": 0.0818020131825581, "sentinel2__EVI_hist_min": 0.22721627714531031, "sentinel2__EVI_hist_max": 0.61590045525283466, "sentinel2__SAVI_hist_mean": 0.29934207088413711, "sentinel2__SAVI_hist_std": 0.066094297133549099, "sentinel2__SAVI_hist_min": 0.1820792718847995, "sentinel2__SAVI_hist_max": 0.51421424101039459, "sentinel2__NDMI_hist_mean": 0.027019583140948999, "sentinel2__NDMI_hist_std": 0.095748284354834595, "sentinel2__NDMI_hist_min": -0.083268929223722005, "sentinel2__NDMI_hist_max": 0.2855317937635895, "sentinel2__NBR_hist_mean": 0.25977492847567768, "sentinel2__NBR_hist_std": 0.1244362387133459, "sentinel2__NBR_hist_min": 0.1100665446574601, "sentinel2__NBR_hist_max": 0.60996171522734866, "sentinel2__NDVI_7d_mean": null, "sentinel2__EVI_7d_mean": null, "sentinel2__SAVI_7d_mean": null, "sentinel2__NDMI_7d_mean": null, "sentinel2__NBR_7d_mean": null, "sentinel2__NDVI_30d_mean": null, "sentinel2__EVI_30d_mean": null, "sentinel2__SAVI_30d_mean": null, "sentinel2__NDMI_30d_mean": null, "sentinel2__NBR_30d_mean": null, "sentinel2__NDVI_60d_mean": null, "sentinel2__EVI_60d_mean": null, "sentinel2__SAVI_60d_mean": null, "sentinel2__NDMI_60d_mean": null, "sentinel2__NBR_60d_mean": null, "sentinel2__NDVI_30d_change": null, "sentinel2__observation_count": 350, "sentinel2__latest_observation_date": "2026-05-03", "sentinel2__days_since_latest_observation": 139, "sentinel1__s1_observation_count": 118, "sentinel1__s1_unique_image_count": 118, "sentinel1__s1_first_date": "2021-09-20", "sentinel1__s1_last_date": "2026-09-13", "sentinel1__s1_ascending_count": 0, "sentinel1__s1_descending_count": 118, "sentinel1__s1_vv_db_mean": -8.2142248346578715, "sentinel1__s1_vv_db_median": -8.1769412284368581, "sentinel1__s1_vv_db_std": 0.80235852506661054, "sentinel1__s1_vv_db_min": -9.4285166011684112, "sentinel1__s1_vv_db_max": -6.8061027219085259, "sentinel1__s1_vv_db_count": 118, "sentinel1__s1_vh_db_mean": -14.757913287491164, "sentinel1__s1_vh_db_median": -14.820159458809917, "sentinel1__s1_vh_db_std": 0.59279355525417732, "sentinel1__s1_vh_db_min": -15.652149716869788, "sentinel1__s1_vh_db_max": -13.641885653194151, "sentinel1__s1_vh_db_count": 118, "sentinel1__s1_vv_vh_diff_db_mean": 6.5436884528333037, "sentinel1__s1_vv_vh_diff_db_median": 6.5066875359392968, "sentinel1__s1_vv_vh_diff_db_std": 0.29131170890289487, "sentinel1__s1_vv_vh_diff_db_min": 5.9853799245738717, "sentinel1__s1_vv_vh_diff_db_max": 7.1768064941612071, "sentinel1__s1_vv_vh_diff_db_count": 118, "sentinel1__s1_incidence_angle_deg_mean": 38.017711324540443, "sentinel1__s1_incidence_angle_deg_median": 38.009579207053967, "sentinel1__s1_incidence_angle_deg_std": 0.018862222454865001, "sentinel1__s1_incidence_angle_deg_min": 37.995314456680873, "sentinel1__s1_incidence_angle_deg_max": 38.065271556642926, "sentinel1__s1_incidence_angle_deg_count": 118, "sentinel1__s1_valid_fraction_mean": 1.0, "sentinel1__s1_valid_fraction_median": 1.0, "sentinel1__s1_valid_fraction_std": 0.0, "sentinel1__s1_valid_fraction_min": 1.0, "sentinel1__s1_valid_fraction_max": 1.0, "sentinel1__s1_valid_fraction_count": 118, "sentinel1__s1_vv_db_ascending_mean": null, "sentinel1__s1_vv_db_ascending_median": null, "sentinel1__s1_vv_db_ascending_std": null, "sentinel1__s1_vv_db_ascending_min": null, "sentinel1__s1_vv_db_ascending_max": null, "sentinel1__s1_vv_db_ascending_count": 0, "sentinel1__s1_vh_db_ascending_mean": null, "sentinel1__s1_vh_db_ascending_median": null, "sentinel1__s1_vh_db_ascending_std": null, "sentinel1__s1_vh_db_ascending_min": null, "sentinel1__s1_vh_db_ascending_max": null, "sentinel1__s1_vh_db_ascending_count": 0, "sentinel1__s1_vv_vh_diff_db_ascending_mean": null, "sentinel1__s1_vv_vh_diff_db_ascending_median": null, "sentinel1__s1_vv_vh_diff_db_ascending_std": null, "sentinel1__s1_vv_vh_diff_db_ascending_min": null, "sentinel1__s1_vv_vh_diff_db_ascending_max": null, "sentinel1__s1_vv_vh_diff_db_ascending_count": 0, "sentinel1__s1_incidence_angle_deg_ascending_mean": null, "sentinel1__s1_incidence_angle_deg_ascending_median": null, "sentinel1__s1_incidence_angle_deg_ascending_std": null, "sentinel1__s1_incidence_angle_deg_ascending_min": null, "sentinel1__s1_incidence_angle_deg_ascending_max": null, "sentinel1__s1_incidence_angle_deg_ascending_count": 0, "sentinel1__s1_vv_db_descending_mean": -8.2142248346578715, "sentinel1__s1_vv_db_descending_median": -8.1769412284368581, "sentinel1__s1_vv_db_descending_std": 0.80235852506661054, "sentinel1__s1_vv_db_descending_min": -9.4285166011684112, "sentinel1__s1_vv_db_descending_max": -6.8061027219085259, "sentinel1__s1_vv_db_descending_count": 118, "sentinel1__s1_vh_db_descending_mean": -14.757913287491164, "sentinel1__s1_vh_db_descending_median": -14.820159458809917, "sentinel1__s1_vh_db_descending_std": 0.59279355525417732, "sentinel1__s1_vh_db_descending_min": -15.652149716869788, "sentinel1__s1_vh_db_descending_max": -13.641885653194151, "sentinel1__s1_vh_db_descending_count": 118, "sentinel1__s1_vv_vh_diff_db_descending_mean": 6.5436884528333037, "sentinel1__s1_vv_vh_diff_db_descending_median": 6.5066875359392968, "sentinel1__s1_vv_vh_diff_db_descending_std": 0.29131170890289487, "sentinel1__s1_vv_vh_diff_db_descending_min": 5.9853799245738717, "sentinel1__s1_vv_vh_diff_db_descending_max": 7.1768064941612071, "sentinel1__s1_vv_vh_diff_db_descending_count": 118, "sentinel1__s1_incidence_angle_deg_descending_mean": 38.017711324540443, "sentinel1__s1_incidence_angle_deg_descending_median": 38.009579207053967, "sentinel1__s1_incidence_angle_deg_descending_std": 0.018862222454865001, "sentinel1__s1_incidence_angle_deg_descending_min": 37.995314456680873, "sentinel1__s1_incidence_angle_deg_descending_max": 38.065271556642926, "sentinel1__s1_incidence_angle_deg_descending_count": 118, "sentinel1__s1_obs_count_last_7d": 1, "sentinel1__s1_vv_last_7d_mean": -7.4264277489841692, "sentinel1__s1_vv_last_7d_median": -7.4264277489841692, "sentinel1__s1_vh_last_7d_mean": -14.264423394904185, "sentinel1__s1_vh_last_7d_median": -14.264423394904185, "sentinel1__s1_vv_vh_diff_last_7d_mean": 6.8379956459200404, "sentinel1__s1_vv_vh_diff_last_7d_median": 6.8379956459200404, "sentinel1__s1_incidence_angle_last_7d_mean": 38.010057249130782, "sentinel1__s1_incidence_angle_last_7d_median": 38.010057249130782, "sentinel1__s1_obs_count_last_30d": 3, "sentinel1__s1_vv_last_30d_mean": -7.3620565986407156, "sentinel1__s1_vv_last_30d_median": -7.3544043218483877, "sentinel1__s1_vh_last_30d_mean": -14.11836541344141, "sentinel1__s1_vh_last_30d_median": -14.119369638987598, "sentinel1__s1_vv_vh_diff_last_30d_mean": 6.7563088148007173, "sentinel1__s1_vv_vh_diff_last_30d_median": 6.7649653171392652, "sentinel1__s1_incidence_angle_last_30d_mean": 38.013870477124485, "sentinel1__s1_incidence_angle_last_30d_median": 38.014662159869069, "sentinel1__s1_obs_count_last_90d": 8, "sentinel1__s1_vv_last_90d_mean": -7.3962089335445347, "sentinel1__s1_vv_last_90d_median": -7.3298710234689883, "sentinel1__s1_vh_last_90d_mean": -14.170907332550616, "sentinel1__s1_vh_last_90d_median": -14.15526568651434, "sentinel1__s1_vv_vh_diff_last_90d_mean": 6.7746983990060983, "sentinel1__s1_vv_vh_diff_last_90d_median": 6.7846102329893387, "sentinel1__s1_incidence_angle_last_90d_mean": 38.011481444517173, "sentinel1__s1_incidence_angle_last_90d_median": 38.012493353377351, "sentinel1__s1_obs_count_last_365d": 31, "sentinel1__s1_vv_last_365d_mean": -8.2309082535476215, "sentinel1__s1_vv_last_365d_median": -8.2149578853507297, "sentinel1__s1_vh_last_365d_mean": -14.774345360426359, "sentinel1__s1_vh_last_365d_median": -14.835430741724821, "sentinel1__s1_vv_vh_diff_last_365d_mean": 6.5434371068787529, "sentinel1__s1_vv_vh_diff_last_365d_median": 6.615575773846432, "sentinel1__s1_incidence_angle_last_365d_mean": 38.007867951019179, "sentinel1__s1_incidence_angle_last_365d_median": 38.008134083770877, "soil__soil_clay_rootzone_0_30cm_pct": 34.258370020973565, "soil__soil_sand_rootzone_0_30cm_pct": 36.140395004133197, "soil__soil_soc_rootzone_0_30cm_g_kg": 23.025323695520377, "soil__soil_bdod_rootzone_0_30cm_kg_dm3": 1.3622270670959735, "lst__lst_mean_c": 35.403473543635634, "lst__lst_median_c": 34.35089147925774, "lst__lst_std_c": 4.1420118619262336, "lst__lst_valid_months": 51 }, "geometry": { "type": "Polygon", "coordinates": [ [ [ 73.980042090684989, 15.596438561727695 ], [ 73.980271023640213, 15.59640585397292 ], [ 73.980599376741182, 15.596568959210396 ], [ 73.980875692234378, 15.596780908695948 ], [ 73.980998440729735, 15.59698148962215 ], [ 73.981177725595799, 15.597431474343795 ], [ 73.98140751105224, 15.597931890749663 ], [ 73.981567942077149, 15.598101486607685 ], [ 73.981710669104459, 15.598216519124502 ], [ 73.982024974350992, 15.598383934366575 ], [ 73.98232939543449, 15.598293592172555 ], [ 73.982644563063715, 15.59811756607219 ], [ 73.983001886832554, 15.597928601136141 ], [ 73.983315064693457, 15.597874619280356 ], [ 73.98359088701153, 15.597824517979644 ], [ 73.983855004281494, 15.597927857036289 ], [ 73.984204049176711, 15.597377334019301 ], [ 73.985349119092959, 15.595140046361523 ], [ 73.985509837578746, 15.594708669788494 ], [ 73.986376597741895, 15.592385819936553 ], [ 73.987059920127379, 15.591921669404345 ], [ 73.987457956443251, 15.591805666866604 ], [ 73.987986567377263, 15.591397903153933 ], [ 73.988107780651802, 15.590807823598357 ], [ 73.988806975370025, 15.588170794038083 ], [ 73.989003544720504, 15.587536725821623 ], [ 73.989088164223645, 15.586318131260963 ], [ 73.989549008049224, 15.58518651669894 ], [ 73.989809698246361, 15.58344650381351 ], [ 73.990038917764139, 15.582519332041851 ], [ 73.990874969019316, 15.584171684175823 ], [ 73.992352768628578, 15.58386844294594 ], [ 73.995568163322261, 15.583631718054459 ], [ 73.996106361076983, 15.583499671760391 ], [ 73.997397138630618, 15.582353219117993 ], [ 73.997782301190156, 15.581875504833116 ], [ 73.997916523866664, 15.581344425388394 ], [ 73.99753439581616, 15.580164092597432 ], [ 73.997371527661869, 15.579551813264223 ], [ 73.997163829981659, 15.578252067950471 ], [ 73.997149848602575, 15.577655528243747 ], [ 73.997340045304426, 15.575656860256847 ], [ 73.998206714737734, 15.572141303998373 ], [ 73.999767588747858, 15.570709875276831 ], [ 74.000397400288506, 15.570375833742276 ], [ 74.001497067553672, 15.568923792966073 ], [ 74.002187925007732, 15.567971853159536 ], [ 74.002726492868334, 15.567519008796229 ], [ 74.00350043460476, 15.567205149239134 ], [ 74.004280485783397, 15.567103787657503 ], [ 74.00487166437695, 15.567153290696872 ], [ 74.005802687320539, 15.567519443207187 ], [ 74.007043365830782, 15.567171872614344 ], [ 74.008218910194756, 15.566222559737851 ], [ 74.008242934738732, 15.566226497152755 ], [ 74.008630608987787, 15.565239273246391 ], [ 74.008694822360937, 15.564716182343268 ], [ 74.00842601319026, 15.564030005901868 ], [ 74.007956526673297, 15.563648037612561 ], [ 74.007455670986658, 15.563491539359937 ], [ 74.006672994930724, 15.563470934722814 ], [ 74.006431624800427, 15.563404103338726 ], [ 74.006289773630527, 15.563239314574982 ], [ 74.006421299564551, 15.562586177791754 ], [ 74.006690945066723, 15.562039068347215 ], [ 74.006694131391058, 15.56153756414078 ], [ 74.006635796593159, 15.56110299298097 ], [ 74.006474883172913, 15.560960608137426 ], [ 74.006088489023128, 15.560932249368891 ], [ 74.005426197096753, 15.561256658043357 ], [ 74.004821008378045, 15.561505278331239 ], [ 74.004203209109392, 15.561667835790434 ], [ 74.003711688715171, 15.562098701051475 ], [ 74.003390515848281, 15.562658650859817 ], [ 74.00315100343397, 15.563066231019777 ], [ 74.002673380875478, 15.5632127526465 ], [ 74.00232742977812, 15.563279809091089 ], [ 74.001897300250377, 15.563065684965483 ], [ 74.00151332885693, 15.562585623082422 ], [ 74.001144045816687, 15.562064994370388 ], [ 74.000881734160444, 15.561270531924217 ], [ 74.000719855051287, 15.560599533308604 ], [ 73.999938380042906, 15.558750239403295 ], [ 73.998952786242441, 15.553993172207253 ], [ 73.998287720318459, 15.554559699589705 ], [ 73.997686642290503, 15.554984950220812 ], [ 73.997355840382056, 15.555406714096204 ], [ 73.996907949364584, 15.55590159122761 ], [ 73.996268724378041, 15.556303784628106 ], [ 73.995585731674282, 15.556473851870741 ], [ 73.995009261196898, 15.557296201425959 ], [ 73.99481616922489, 15.557787366634498 ], [ 73.994548088587919, 15.558142725239206 ], [ 73.993852155652448, 15.558708805904777 ], [ 73.993296889009031, 15.558678053136001 ], [ 73.992894907292452, 15.55871693285278 ], [ 73.992531044686629, 15.558828198708914 ], [ 73.991860968858305, 15.558596718721374 ], [ 73.991975902909019, 15.558410091231815 ], [ 73.992141144412273, 15.557942194675356 ], [ 73.992093416022911, 15.556798504694955 ], [ 73.991925298114126, 15.555489701841271 ], [ 73.991768323806411, 15.554587029392696 ], [ 73.991724257848475, 15.554043624301963 ], [ 73.991787269275761, 15.552978170154567 ], [ 73.991837752798091, 15.552155771327318 ], [ 73.991910150721807, 15.551326733108747 ], [ 73.991704876696218, 15.550985186250688 ], [ 73.991335138210118, 15.550628505891421 ], [ 73.99081811195002, 15.550429248847047 ], [ 73.98999803363894, 15.550231813346656 ], [ 73.989446145559299, 15.550056981060759 ], [ 73.98849863673361, 15.55001092266347 ], [ 73.987571481037264, 15.549926756584405 ], [ 73.986639092654457, 15.549753238635569 ], [ 73.985885798694852, 15.549499292104308 ], [ 73.985105531022214, 15.549482039632064 ], [ 73.984299576024029, 15.549642408380736 ], [ 73.983577875812983, 15.549887039197509 ], [ 73.982959991204368, 15.550228959148054 ], [ 73.982553974255509, 15.550912529927817 ], [ 73.981724091731408, 15.551808209399372 ], [ 73.981330632331918, 15.552115181156346 ], [ 73.980730523586132, 15.55217011488206 ], [ 73.980284432792459, 15.552061225346758 ], [ 73.979728100747124, 15.551848622218493 ], [ 73.979303455434206, 15.551631525572271 ], [ 73.978871490648388, 15.551465373852363 ], [ 73.978476859845742, 15.551433944102014 ], [ 73.977915629287139, 15.551572382263393 ], [ 73.97716664634261, 15.551874055367049 ], [ 73.976498666283845, 15.552055653737451 ], [ 73.975813912882131, 15.552045362962579 ], [ 73.975162944219903, 15.551984512287497 ], [ 73.974436328427615, 15.551711753261907 ], [ 73.973915540921425, 15.55144986711324 ], [ 73.9735039130953, 15.552096202379781 ], [ 73.973190825964281, 15.552532096751264 ], [ 73.972881939355531, 15.552913749024485 ], [ 73.972561566887549, 15.553266679885102 ], [ 73.972134912043344, 15.553806173606047 ], [ 73.971644920581738, 15.554252755709555 ], [ 73.971204348138826, 15.554632474918041 ], [ 73.970916995944052, 15.554905925000762 ], [ 73.970889505699759, 15.555120475611576 ], [ 73.970977443579542, 15.555386869346201 ], [ 73.971204263697203, 15.555814865078775 ], [ 73.971631517717697, 15.556265134653936 ], [ 73.972136440077634, 15.55658877960888 ], [ 73.972649718566359, 15.557099851670808 ], [ 73.972783846919739, 15.557357253035166 ], [ 73.972831279763383, 15.557686840717937 ], [ 73.972914622760499, 15.558032950097269 ], [ 73.972915828299634, 15.558368186887748 ], [ 73.972757402314414, 15.55863467420863 ], [ 73.972253080029077, 15.558684569580258 ], [ 73.971959778292188, 15.558705661050128 ], [ 73.971699415081815, 15.558730485842414 ], [ 73.971432912784778, 15.558927712419306 ], [ 73.971243356581752, 15.559253647349779 ], [ 73.971038265812496, 15.559732688054682 ], [ 73.970763239401734, 15.560577638085823 ], [ 73.970623543290202, 15.561083209357385 ], [ 73.97036047615083, 15.561890204155089 ], [ 73.97014575544172, 15.562358803078171 ], [ 73.969853387952725, 15.562737624641354 ], [ 73.969421726797464, 15.562986638618014 ], [ 73.968527531187235, 15.563330785924283 ], [ 73.968227694206632, 15.563334065707195 ], [ 73.967726594178245, 15.563588381992226 ], [ 73.967618363356166, 15.563922828297033 ], [ 73.967533353984223, 15.564298364616507 ], [ 73.967335825233022, 15.564644511335082 ], [ 73.966958990056142, 15.564951791055178 ], [ 73.9663534518928, 15.565177466776932 ], [ 73.965529645573298, 15.565442846259195 ], [ 73.96495885514345, 15.56584323142946 ], [ 73.964725447679811, 15.566134544216712 ], [ 73.964303376938503, 15.566538378249144 ], [ 73.96385561887169, 15.566903521975513 ], [ 73.963418858878825, 15.567245064047588 ], [ 73.963005147859576, 15.56746568441215 ], [ 73.962527299823975, 15.56774002779766 ], [ 73.961583671720305, 15.567982035833435 ], [ 73.961202229982675, 15.568088376252591 ], [ 73.960863339643396, 15.568329683804581 ], [ 73.960767630438127, 15.568496579094257 ], [ 73.960730633323124, 15.568715419810808 ], [ 73.960754306625802, 15.569153146409031 ], [ 73.960831594079565, 15.569500987969931 ], [ 73.961003403165876, 15.569928532049593 ], [ 73.961411043370447, 15.570620310973652 ], [ 73.961487188167183, 15.570853533218949 ], [ 73.961514604749667, 15.570991703902752 ], [ 73.961564657080686, 15.571286741628237 ], [ 73.961565127797883, 15.571548590413528 ], [ 73.961500661998144, 15.571966769834125 ], [ 73.961354525864365, 15.572234026997618 ], [ 73.961417550766399, 15.572589219594636 ], [ 73.96152241919431, 15.573267504166532 ], [ 73.961553266442877, 15.57349208995862 ], [ 73.961549095565033, 15.573752375737474 ], [ 73.961498725230413, 15.573871154941102 ], [ 73.961349108124878, 15.573944543016401 ], [ 73.961187230812371, 15.573901206248708 ], [ 73.96085537877336, 15.573603763182895 ], [ 73.960770226569267, 15.573671980114334 ], [ 73.960026081950843, 15.574779928147612 ], [ 73.959759632654425, 15.575311682205552 ], [ 73.959754296661629, 15.575645047688363 ], [ 73.959834611437927, 15.576592821784169 ], [ 73.959985947918909, 15.577881066281885 ], [ 73.960210895947512, 15.579170456164666 ], [ 73.960446365044731, 15.580567011268171 ], [ 73.960326769636012, 15.581136739760058 ], [ 73.959912357032493, 15.58170197316544 ], [ 73.959390487954707, 15.582075126857017 ], [ 73.959166879314196, 15.582594155152584 ], [ 73.958925784068342, 15.583925259717462 ], [ 73.958118584903517, 15.585498407100472 ], [ 73.957787287125043, 15.586815543680542 ], [ 73.957839382224989, 15.587281404293227 ], [ 73.958021698006831, 15.58759747685345 ], [ 73.95852543189568, 15.587617512316562 ], [ 73.958762561079539, 15.587740215316611 ], [ 73.958550962914359, 15.588445172085342 ], [ 73.958440443184955, 15.588888294020743 ], [ 73.957895326605964, 15.589030508098435 ], [ 73.957776289051012, 15.589197924774775 ], [ 73.957727064068393, 15.589679933656509 ], [ 73.958313984647447, 15.58968507766969 ], [ 73.958897040674216, 15.590111577779059 ], [ 73.959634908763746, 15.590984197745041 ], [ 73.960674142766479, 15.591801326731442 ], [ 73.96106032760882, 15.591995956956563 ], [ 73.961644791295583, 15.591971678697931 ], [ 73.96215902738841, 15.591771746146769 ], [ 73.962593756290389, 15.591365280256802 ], [ 73.962794686961558, 15.591079926811435 ], [ 73.962749374142007, 15.590564681258822 ], [ 73.962700039564908, 15.589999786332699 ], [ 73.962775137824323, 15.589605400395703 ], [ 73.96304793641319, 15.589132771725412 ], [ 73.963332626001446, 15.58901304262498 ], [ 73.96374964821085, 15.588955507356014 ], [ 73.964197359565318, 15.58897721092745 ], [ 73.964468349845475, 15.588922279246896 ], [ 73.964907967379233, 15.588820303650291 ], [ 73.965319030165048, 15.588833544023281 ], [ 73.965626052769593, 15.58897566382446 ], [ 73.965970139862748, 15.589370295841825 ], [ 73.966285459307258, 15.58994906531017 ], [ 73.966368767270083, 15.590368017171308 ], [ 73.966407914053519, 15.590886655909992 ], [ 73.966280924611709, 15.59121279022977 ], [ 73.966041511910404, 15.591689004070927 ], [ 73.96590622473029, 15.592083450035055 ], [ 73.965710245572964, 15.592776747304102 ], [ 73.965792260860098, 15.593175927570282 ], [ 73.966132590300433, 15.593506681289982 ], [ 73.9667271627291, 15.593692787183775 ], [ 73.967680922930867, 15.594006921235486 ], [ 73.968438739009585, 15.594086770716421 ], [ 73.969050080289676, 15.594034272617231 ], [ 73.970200549080801, 15.594065764210271 ], [ 73.970735504815636, 15.594334237718458 ], [ 73.971213552277263, 15.594721407939165 ], [ 73.971546589194119, 15.595347235888861 ], [ 73.971906451601967, 15.59597336909102 ], [ 73.97226991715246, 15.596597376223984 ], [ 73.972614188400271, 15.596829122304237 ], [ 73.972883389236372, 15.596885097075321 ], [ 73.973537528951553, 15.595939062297163 ], [ 73.97426381416382, 15.595999574632318 ], [ 73.975071564894264, 15.596504214296935 ], [ 73.975581702872759, 15.596674506985746 ], [ 73.976084884297691, 15.596980233298929 ], [ 73.976340370554382, 15.597331941205596 ], [ 73.976634657743148, 15.598167635287822 ], [ 73.976699269069954, 15.598502906982395 ], [ 73.976900940851237, 15.598718290295437 ], [ 73.977082075348505, 15.598761691910902 ], [ 73.977395749977717, 15.598676010873124 ], [ 73.977543487807665, 15.598474953995945 ], [ 73.977601271938326, 15.598069185776854 ], [ 73.977661724963667, 15.597785439735313 ], [ 73.977853306867672, 15.59746304242149 ], [ 73.978094047278987, 15.597276900145079 ], [ 73.978393619256579, 15.597204564744565 ], [ 73.978943718790475, 15.597203751423249 ], [ 73.979223992260813, 15.597167275689401 ], [ 73.979782569196033, 15.596633468758739 ], [ 73.980042090684989, 15.596438561727695 ] ] ] } },
{ "type": "Feature", "properties": { "gp_id": "254430", "gp_name": "LATAMBARCEM", "terrain__analysis_area_km2": 3.0521535780809872e-09, "terrain__aspect_cos_max": 1, "terrain__aspect_cos_mean": 0.029659264260347599, "terrain__aspect_cos_min": -1, "terrain__aspect_cos_std": 0.72812097927857833, "terrain__aspect_sin_max": 1, "terrain__aspect_sin_mean": -0.019758059192587201, "terrain__aspect_sin_min": -1, "terrain__aspect_sin_std": 0.68456461062316853, "terrain__elevation_max": 196, "terrain__elevation_mean": 48.627976352948821, "terrain__elevation_min": 4, "terrain__elevation_std": 25.460698797708371, "terrain__geometry_status": "VALID_SINGLE", "terrain__laplacian_curvature_max": 25, "terrain__laplacian_curvature_mean": -0.0092383483420682994, "terrain__laplacian_curvature_min": -46, "terrain__laplacian_curvature_std": 3.3665029529711994, "terrain__resolution": "DISSOLVE_BY_GP_ID", "terrain__slope_max": 38, "terrain__slope_mean": 5.6938328176136617, "terrain__slope_min": 0, "terrain__slope_std": 4.1651611785093028, "terrain__source_area_km2": 3.0521535780809892e-09, "terrain__source_feature_count": 1, "terrain__tpi_max": 55.817034700314792, "terrain__tpi_mean": 0.059562935174141698, "terrain__tpi_min": -28.00946372239769, "terrain__tpi_std": 7.1114863338162566, "terrain__tri_max": 24.948603529530931, "terrain__tri_mean": 4.3046939429667184, "terrain__tri_min": 0.0, "terrain__tri_std": 2.8931976391585299, "terrain__aspect_mean_deg": 326.32970867760491, "terrain__aspect_resultant_length": 0.0356378009916846, "landcover__source_feature_count": 1, "landcover__source_unique_geometry_count": 1, "landcover__geometry_status": "VALID_SINGLE", "landcover__resolution": "DISSOLVE_BY_GP_ID", "landcover__source_area_km2": 3.0521535780809892e-09, "landcover__analysis_area_km2": 3.0521535780809872e-09, "landcover__analysis_coverage_pct_of_source": 99.999999999999915, "landcover__analysis_geometry_type": "Polygon", "landcover__centroid_lat": 15.649809848605427, "landcover__centroid_lon": 73.937683107324006, "landcover__state": "goa", "landcover__district": "north goa", "landcover__block": "Bicholim", "landcover__block_lgd": 5930, "landcover__block_code11": 4, "landcover__source_layer": "Official Gram Manchitra GP", "landcover__source_snapshot": "gram_manchitra_gp_20260917T064631Z.geojson", "landcover__block_snapshot": "gram_manchitra_all_blocks_20260917T064613Z.geojson", "landcover__synthetic_geometry": false, "landcover__source_geometry_wkt": "POLYGON ((73.92372431959815 15.67893260012565, 73.92272487108103 15.679586013985467, 73.92219704437626 15.67992135990827, 73.92191062822604 15.680034488674936, 73.92073512159132 15.680048153863202, 73.91947960470921 15.680105764730163, 73.91833544568463 15.680192224676775, 73.91773251533057 15.680268815391445, 73.91620978738067 15.680408177622034, 73.91652955168921 15.678818208008149, 73.91481323679555 15.677102012379262, 73.91363939473909 15.676157773603515, 73.91286678789919 15.675206132921364, 73.911905832192 15.673786272643586, 73.91111216165534 15.672409580917092, 73.90968097293118 15.671520101977638, 73.9083167033058 15.670527671416393, 73.90772828613348 15.670003601057537, 73.90624950915716 15.669167616302703, 73.90534634566546 15.668503047779273, 73.90513337038294 15.668120271651457, 73.90501992573897 15.667079360245468, 73.90486968160938 15.666571008287567, 73.90421922858016 15.66613181428861, 73.9041222123261 15.666076053055173, 73.90410923077195 15.666057514699228, 73.90378960929554 15.665601052670217, 73.90367047023095 15.665183494998011, 73.90356709570133 15.664657842773492, 73.9034795728432 15.664313203825564, 73.90344781110969 15.664258360675012, 73.90317877197032 15.663314480293646, 73.90307194701168 15.66300108134728, 73.90303935343822 15.662716000670303, 73.9029555406222 15.662425484187468, 73.90293436194106 15.662294107975065, 73.90286229369909 15.662139410597055, 73.90280497309912 15.661935201817299, 73.90247192989406 15.661202588058238, 73.90230938782821 15.660590173675445, 73.90227910023012 15.660449650108621, 73.90228049890703 15.660359307609497, 73.90237166892518 15.659633262851692, 73.90242138438798 15.65944879629686, 73.90245389890968 15.659341730833205, 73.90335105536708 15.659630336652253, 73.90456665381294 15.66001498577581, 73.90554917627347 15.659813204576857, 73.90740892337186 15.659308598905143, 73.90775247866237 15.657976495290482, 73.90853412884226 15.65637548771129, 73.90921101030715 15.654908430639813, 73.90993077285212 15.652814034422127, 73.91066599270822 15.651194197591483, 73.91085955719406 15.65076793963581, 73.91037422798877 15.649929180818356, 73.91087215965916 15.647993977977306, 73.91110124173473 15.646818270932249, 73.91134847067732 15.645100670756179, 73.91161753676619 15.642899959021388, 73.91188600727199 15.640739866343722, 73.9121033609432 15.63856997308331, 73.91218925695233 15.637301732872947, 73.91221540241868 15.636276522189068, 73.91136484786328 15.636109769395722, 73.91121698157426 15.635436778337123, 73.91126102866757 15.635331132003138, 73.91128065595821 15.634983532653042, 73.91110025718118 15.634325617945894, 73.91091223080906 15.634128431795354, 73.90987818188215 15.633493600792736, 73.90892937409254 15.633063353394542, 73.90831925721619 15.632733242223855, 73.90798833313687 15.632439030758935, 73.90788291943154 15.632044286971574, 73.90789265177933 15.631732686213933, 73.9080246169895 15.631364271850094, 73.90843764528915 15.630914230972106, 73.90895055726523 15.630054631053909, 73.90906437560838 15.629654320086965, 73.9091249256518 15.629085952173739, 73.90909008179854 15.628651695279867, 73.90906756822089 15.628601657731071, 73.90903537080449 15.628573977029989, 73.90898018999152 15.628523440297613, 73.90979279342112 15.628450031080112, 73.91111339683884 15.628384574736337, 73.91293359830183 15.628276851108847, 73.91518029560719 15.628031195936972, 73.91694626128488 15.627818796022959, 73.91897956379451 15.627506534814868, 73.9202600987573 15.627322812700793, 73.9212630372293 15.627003746648876, 73.92249053296274 15.626358427430388, 73.92401161609736 15.625717521726656, 73.9249371386565 15.625293389941241, 73.9262756967018 15.624690303067235, 73.92646061220807 15.62461941776067, 73.92694890675216 15.624549068804017, 73.92737316129788 15.624549999673238, 73.92795723062426 15.624586641830323, 73.92845951103898 15.6247165568462, 73.92879172240406 15.624738290373678, 73.92924330819234 15.624817419357631, 73.92951552916446 15.624999441166118, 73.93012728456789 15.625057684373376, 73.93053965530075 15.624828018794535, 73.93137195878457 15.624289567223538, 73.93229851440627 15.623919852169115, 73.93262003402288 15.623650141330302, 73.93333013967855 15.623045403283507, 73.93399800475295 15.622839634591648, 73.93462832384171 15.62261577326722, 73.93557334523238 15.622118434666014, 73.9371813197095 15.621919838711086, 73.93828510844517 15.621816606908038, 73.93885330184555 15.621389538570694, 73.93967131492977 15.62093189286718, 73.94018648167724 15.620463897369275, 73.94103577320136 15.619759933059196, 73.94161021707944 15.619212962088259, 73.94236135598067 15.61844865822026, 73.94272951702514 15.618203331267175, 73.9430976996292 15.617958010076455, 73.94356960081761 15.617617305035052, 73.94433254627663 15.617149126342541, 73.94469197030664 15.616866655110128, 73.94523742016062 15.61734169682171, 73.94573499609821 15.61772549971713, 73.94648746630267 15.618177227189273, 73.94736412140867 15.618606750581687, 73.94803639631279 15.618905119896343, 73.9487814275684 15.619308747193877, 73.94949437908689 15.619647741635658, 73.95089532962025 15.62034134630581, 73.95162576235418 15.620624657987829, 73.95227740834615 15.620557378895723, 73.9532187735936 15.62055554567058, 73.9541376647893 15.620417295012047, 73.9548320499275 15.620371782717763, 73.95559177672286 15.620375302963064, 73.95632771073961 15.620314313342092, 73.95658411776947 15.620286193761382, 73.95706562194829 15.620133349761831, 73.95727834929578 15.61999479861514, 73.9580047279328 15.620013811780613, 73.95860387098963 15.619726613908481, 73.9588618761224 15.619602372783843, 73.95943781479716 15.61921886928186, 73.95994787462219 15.618826261149655, 73.96040365015298 15.618505955089974, 73.96057622280723 15.618674213724884, 73.96109594221657 15.618974265645598, 73.96193637814861 15.619367133901974, 73.9627424373514 15.619847595110622, 73.96386766617796 15.62056768008083, 73.9647334462791 15.621189158867626, 73.96564012577683 15.621831204273118, 73.96670458267613 15.622736160151131, 73.96754013895952 15.623437242887585, 73.96849524483761 15.6242041399511, 73.96945096785828 15.62467538408136, 73.97042253716054 15.625439983952019, 73.97142189225289 15.626218513614571, 73.97083260640967 15.627406338030463, 73.9707835610901 15.627412364372693, 73.9705727561373 15.627840676289347, 73.9701434719243 15.628712888313277, 73.96944474612661 15.629126374009719, 73.96930706673291 15.629231347036587, 73.96912488480002 15.629402479375234, 73.96852555130036 15.62996074986069, 73.9679925592827 15.630452876256301, 73.96789617544263 15.630541897986737, 73.96785779941366 15.630577227588558, 73.96758551376284 15.631348251223955, 73.96742587864527 15.631800282583976, 73.96719247567323 15.632469448071683, 73.96708853879824 15.632767432130215, 73.96707152111348 15.632816043000803, 73.96761713266422 15.633881573395103, 73.96762364455171 15.63389436707243, 73.96755060343429 15.634455144419524, 73.96752234692701 15.634672071320537, 73.96751546942521 15.634724490673404, 73.9674595672651 15.634993773422407, 73.96745330600756 15.635023756087575, 73.96738549128844 15.635311085630203, 73.96728443441224 15.635380705092786, 73.96691127783646 15.635845521970715, 73.96675039855222 15.63608329561901, 73.9667403284379 15.636114919164703, 73.96616787342981 15.63685552086135, 73.96567786759518 15.637403853046958, 73.9648156538057 15.63827104763251, 73.96403537804822 15.639160965357904, 73.96329194759046 15.639930405622547, 73.96272160182667 15.640554282400467, 73.96246641560728 15.640826894848045, 73.96196611687608 15.64143885457748, 73.96176522842575 15.641684577571617, 73.96173045643772 15.641802255162945, 73.96152868943503 15.64248625893149, 73.96149730140068 15.6430410413548, 73.96152388524487 15.6430555238864, 73.96113248568233 15.645298662926182, 73.9610829660523 15.645558578179116, 73.96108913657996 15.646044143023946, 73.96108964143318 15.646438999080269, 73.96107666706551 15.646998978237102, 73.96108743696745 15.647039361069712, 73.96109099160104 15.647464611258734, 73.96110011039947 15.648237213951441, 73.96111898130867 15.648421136144123, 73.96130788802975 15.64896907576038, 73.96143932503054 15.649343433094455, 73.9614021949649 15.649342921870403, 73.9614468861503 15.64944405164807, 73.96164969609704 15.649947575314965, 73.9617111363709 15.65014859898532, 73.96186403592046 15.65064917728945, 73.9619089292268 15.650806493960065, 73.96235086441396 15.651820532964468, 73.96256177716458 15.652338002408024, 73.96263606873691 15.652476806736741, 73.96282332615112 15.652838943843145, 73.96294224692508 15.65314324992883, 73.9631109253826 15.653161382906582, 73.96352417376949 15.654066322243777, 73.96490611415479 15.655849815427242, 73.96501011121693 15.655969262417893, 73.96599795260228 15.6570938482915, 73.96607811466497 15.65716991224361, 73.96623097199371 15.657374873128356, 73.96665498668928 15.657972903033633, 73.96691464741708 15.658325297680706, 73.96727729639899 15.65876677296355, 73.96723973693865 15.658986474872924, 73.9674995593632 15.659549345869639, 73.96766515929427 15.65991102758309, 73.96782234111281 15.66025071076245, 73.96780888075655 15.660687987660138, 73.96759398936756 15.66105558026447, 73.9673865773516 15.661440209406358, 73.96736343944484 15.662106147648384, 73.96707594441796 15.663080504324535, 73.96681720266668 15.663514488336979, 73.96671739983859 15.664162767002693, 73.96690203956209 15.6645105373274, 73.96699585871205 15.664687244168386, 73.96675651607933 15.664911647632607, 73.96637677215759 15.665267689044633, 73.96591852266653 15.666039748737104, 73.96592465277003 15.666182380653018, 73.96589394835364 15.666467615643015, 73.96588740502507 15.66652835624401, 73.96585436768389 15.666895701347832, 73.9658582708638 15.667718152209263, 73.96588971639031 15.66783205926089, 73.9659160172652 15.668123441641251, 73.96575026911215 15.668523257831009, 73.96560126106436 15.668882656671554, 73.9655697427743 15.66895843686246, 73.96566798343213 15.669302043030926, 73.96571111424386 15.669425071619433, 73.96567455371009 15.669488112054951, 73.96565771119684 15.669512476267716, 73.96559842957463 15.66955357859898, 73.96558429638026 15.669563342790815, 73.96556798117804 15.669574611959813, 73.9649911666459 15.67065342378071, 73.96483298590077 15.670920112018033, 73.96480895956022 15.670960710680372, 73.96366991105128 15.671519041583952, 73.96333356024934 15.671683909382024, 73.96296201794617 15.67248062005224, 73.96293334731554 15.672587102595934, 73.96269111300592 15.6732586740133, 73.96267700855765 15.673501308212929, 73.96265939169662 15.673609956830425, 73.96264099779285 15.6738454196308, 73.96265767321947 15.673885304159686, 73.96140245996791 15.673838238269806, 73.95899822331455 15.673693495259883, 73.95847144135047 15.674548498992374, 73.9549485793862 15.674075205751429, 73.95148968465662 15.6736796428252, 73.9499070516537 15.675223482931385, 73.94858999029313 15.676495748400953, 73.94782740416026 15.676936009884605, 73.94710271794919 15.677042531619906, 73.944823477376 15.67695380690006, 73.94355892434048 15.676988875933146, 73.94250679232688 15.67744727063538, 73.94190745523393 15.677596432331006, 73.94108838303598 15.677489054637514, 73.94045897933047 15.677470487046136, 73.9396897591392 15.677738940279788, 73.93880999676064 15.677919770735247, 73.93795340193324 15.677821038699896, 73.93600718480224 15.67761968159081, 73.93472082695976 15.6775639996048, 73.93437372512051 15.67768977877206, 73.932889665152 15.678891663146512, 73.93212958621709 15.679458426641308, 73.93044481566466 15.679238413768415, 73.92839521412252 15.679080761788638, 73.92639259357142 15.678901119855816, 73.92504534342741 15.678857875342947, 73.92407164421961 15.678797908161798, 73.92372431959815 15.67893260012565))", "landcover__water_fraction": 0.041515530407886199, "landcover__trees_fraction": 0.51518608220952056, "landcover__grass_fraction": 0.050476463416787298, "landcover__flooded_vegetation_fraction": 0.031281452485969599, "landcover__crops_fraction": 0.0576620764092226, "landcover__shrub_fraction": 0.16761760807378681, "landcover__built_fraction": 0.056643088562288599, "landcover__bare_fraction": 0.041524436334377503, "landcover__snow_ice_fraction": 0.038055318096561097, "landcover__dominant_landcover": "trees", "landcover__dominant_probability": 0.51518608220952056, "landcover__landcover_entropy": 1.61593321954979, "landcover__valid_pixel_fraction": 1, "landcover__landcover_probability_sum": 0.99996205599640076, "sentinel2__NDVI_hist_mean": 0.56451399755572496, "sentinel2__NDVI_hist_std": 0.1009330067516407, "sentinel2__NDVI_hist_min": 0.23453657207939421, "sentinel2__NDVI_hist_max": 0.81095868630783008, "sentinel2__EVI_hist_mean": 0.33087198471865142, "sentinel2__EVI_hist_std": 0.079274278903519804, "sentinel2__EVI_hist_min": 0.2399922393890693, "sentinel2__EVI_hist_max": 0.62804038990269473, "sentinel2__SAVI_hist_mean": 0.31806921783599629, "sentinel2__SAVI_hist_std": 0.065023924493210705, "sentinel2__SAVI_hist_min": 0.16254051408735401, "sentinel2__SAVI_hist_max": 0.50181645631043048, "sentinel2__NDMI_hist_mean": 0.032706129901678503, "sentinel2__NDMI_hist_std": 0.097383108137774996, "sentinel2__NDMI_hist_min": -0.089420331732261799, "sentinel2__NDMI_hist_max": 0.28380913628656701, "sentinel2__NBR_hist_mean": 0.2776768070093934, "sentinel2__NBR_hist_std": 0.1239410422341813, "sentinel2__NBR_hist_min": 0.12262830166998449, "sentinel2__NBR_hist_max": 0.58973409635945806, "sentinel2__NDVI_7d_mean": null, "sentinel2__EVI_7d_mean": null, "sentinel2__SAVI_7d_mean": null, "sentinel2__NDMI_7d_mean": null, "sentinel2__NBR_7d_mean": null, "sentinel2__NDVI_30d_mean": null, "sentinel2__EVI_30d_mean": null, "sentinel2__SAVI_30d_mean": null, "sentinel2__NDMI_30d_mean": null, "sentinel2__NBR_30d_mean": null, "sentinel2__NDVI_60d_mean": null, "sentinel2__EVI_60d_mean": null, "sentinel2__SAVI_60d_mean": null, "sentinel2__NDMI_60d_mean": null, "sentinel2__NBR_60d_mean": null, "sentinel2__NDVI_30d_change": null, "sentinel2__observation_count": 350, "sentinel2__latest_observation_date": "2026-05-03", "sentinel2__days_since_latest_observation": 139, "sentinel1__s1_observation_count": 118, "sentinel1__s1_unique_image_count": 118, "sentinel1__s1_first_date": "2021-09-20", "sentinel1__s1_last_date": "2026-09-13", "sentinel1__s1_ascending_count": 0, "sentinel1__s1_descending_count": 118, "sentinel1__s1_vv_db_mean": -8.1930569556590598, "sentinel1__s1_vv_db_median": -8.2084763516035508, "sentinel1__s1_vv_db_std": 0.83211185543906985, "sentinel1__s1_vv_db_min": -9.4284080394871523, "sentinel1__s1_vv_db_max": -6.8190370479070443, "sentinel1__s1_vv_db_count": 118, "sentinel1__s1_vh_db_mean": -14.757764771163451, "sentinel1__s1_vh_db_median": -14.89569172593513, "sentinel1__s1_vh_db_std": 0.65810145161396172, "sentinel1__s1_vh_db_min": -15.66317028921633, "sentinel1__s1_vh_db_max": -13.579620063303544, "sentinel1__s1_vh_db_count": 118, "sentinel1__s1_vv_vh_diff_db_mean": 6.5647078155043941, "sentinel1__s1_vv_vh_diff_db_median": 6.601893175849133, "sentinel1__s1_vv_vh_diff_db_std": 0.26534512781704989, "sentinel1__s1_vv_vh_diff_db_min": 6.0011568378736673, "sentinel1__s1_vv_vh_diff_db_max": 7.1960746782896301, "sentinel1__s1_vv_vh_diff_db_count": 118, "sentinel1__s1_incidence_angle_deg_mean": 38.407766093268577, "sentinel1__s1_incidence_angle_deg_median": 38.40163179246268, "sentinel1__s1_incidence_angle_deg_std": 0.015282847898042899, "sentinel1__s1_incidence_angle_deg_min": 38.38799019653186, "sentinel1__s1_incidence_angle_deg_max": 38.447256170363993, "sentinel1__s1_incidence_angle_deg_count": 118, "sentinel1__s1_valid_fraction_mean": 1.0, "sentinel1__s1_valid_fraction_median": 1.0, "sentinel1__s1_valid_fraction_std": 0.0, "sentinel1__s1_valid_fraction_min": 1.0, "sentinel1__s1_valid_fraction_max": 1.0, "sentinel1__s1_valid_fraction_count": 118, "sentinel1__s1_vv_db_ascending_mean": null, "sentinel1__s1_vv_db_ascending_median": null, "sentinel1__s1_vv_db_ascending_std": null, "sentinel1__s1_vv_db_ascending_min": null, "sentinel1__s1_vv_db_ascending_max": null, "sentinel1__s1_vv_db_ascending_count": 0, "sentinel1__s1_vh_db_ascending_mean": null, "sentinel1__s1_vh_db_ascending_median": null, "sentinel1__s1_vh_db_ascending_std": null, "sentinel1__s1_vh_db_ascending_min": null, "sentinel1__s1_vh_db_ascending_max": null, "sentinel1__s1_vh_db_ascending_count": 0, "sentinel1__s1_vv_vh_diff_db_ascending_mean": null, "sentinel1__s1_vv_vh_diff_db_ascending_median": null, "sentinel1__s1_vv_vh_diff_db_ascending_std": null, "sentinel1__s1_vv_vh_diff_db_ascending_min": null, "sentinel1__s1_vv_vh_diff_db_ascending_max": null, "sentinel1__s1_vv_vh_diff_db_ascending_count": 0, "sentinel1__s1_incidence_angle_deg_ascending_mean": null, "sentinel1__s1_incidence_angle_deg_ascending_median": null, "sentinel1__s1_incidence_angle_deg_ascending_std": null, "sentinel1__s1_incidence_angle_deg_ascending_min": null, "sentinel1__s1_incidence_angle_deg_ascending_max": null, "sentinel1__s1_incidence_angle_deg_ascending_count": 0, "sentinel1__s1_vv_db_descending_mean": -8.1930569556590598, "sentinel1__s1_vv_db_descending_median": -8.2084763516035508, "sentinel1__s1_vv_db_descending_std": 0.83211185543906985, "sentinel1__s1_vv_db_descending_min": -9.4284080394871523, "sentinel1__s1_vv_db_descending_max": -6.8190370479070443, "sentinel1__s1_vv_db_descending_count": 118, "sentinel1__s1_vh_db_descending_mean": -14.757764771163451, "sentinel1__s1_vh_db_descending_median": -14.89569172593513, "sentinel1__s1_vh_db_descending_std": 0.65810145161396172, "sentinel1__s1_vh_db_descending_min": -15.66317028921633, "sentinel1__s1_vh_db_descending_max": -13.579620063303544, "sentinel1__s1_vh_db_descending_count": 118, "sentinel1__s1_vv_vh_diff_db_descending_mean": 6.5647078155043941, "sentinel1__s1_vv_vh_diff_db_descending_median": 6.601893175849133, "sentinel1__s1_vv_vh_diff_db_descending_std": 0.26534512781704989, "sentinel1__s1_vv_vh_diff_db_descending_min": 6.0011568378736673, "sentinel1__s1_vv_vh_diff_db_descending_max": 7.1960746782896301, "sentinel1__s1_vv_vh_diff_db_descending_count": 118, "sentinel1__s1_incidence_angle_deg_descending_mean": 38.407766093268577, "sentinel1__s1_incidence_angle_deg_descending_median": 38.40163179246268, "sentinel1__s1_incidence_angle_deg_descending_std": 0.015282847898042899, "sentinel1__s1_incidence_angle_deg_descending_min": 38.38799019653186, "sentinel1__s1_incidence_angle_deg_descending_max": 38.447256170363993, "sentinel1__s1_incidence_angle_deg_descending_count": 118, "sentinel1__s1_obs_count_last_7d": 1, "sentinel1__s1_vv_last_7d_mean": -7.3063863059295251, "sentinel1__s1_vv_last_7d_median": -7.3063863059295251, "sentinel1__s1_vh_last_7d_mean": -14.09411169474151, "sentinel1__s1_vh_last_7d_median": -14.09411169474151, "sentinel1__s1_vv_vh_diff_last_7d_mean": 6.7877253888120119, "sentinel1__s1_vv_vh_diff_last_7d_median": 6.7877253888120119, "sentinel1__s1_incidence_angle_last_7d_mean": 38.395102656383841, "sentinel1__s1_incidence_angle_last_7d_median": 38.395102656383841, "sentinel1__s1_obs_count_last_30d": 3, "sentinel1__s1_vv_last_30d_mean": -7.217941462626837, "sentinel1__s1_vv_last_30d_median": -7.194575106564753, "sentinel1__s1_vh_last_30d_mean": -13.920489446031487, "sentinel1__s1_vh_last_30d_median": -13.855402977121781, "sentinel1__s1_vv_vh_diff_last_30d_mean": 6.7025479834046804, "sentinel1__s1_vv_vh_diff_last_30d_median": 6.7025400017355761, "sentinel1__s1_incidence_angle_last_30d_mean": 38.398861325827859, "sentinel1__s1_incidence_angle_last_30d_median": 38.399650033456481, "sentinel1__s1_obs_count_last_90d": 8, "sentinel1__s1_vv_last_90d_mean": -7.2617330462569916, "sentinel1__s1_vv_last_90d_median": -7.1952418853398976, "sentinel1__s1_vh_last_90d_mean": -13.97823717305786, "sentinel1__s1_vh_last_90d_median": -13.930875131211341, "sentinel1__s1_vv_vh_diff_last_90d_mean": 6.7165041268008725, "sentinel1__s1_vv_vh_diff_last_90d_median": 6.7243783745876993, "sentinel1__s1_incidence_angle_last_90d_mean": 38.397445515217491, "sentinel1__s1_incidence_angle_last_90d_median": 38.39751066628564, "sentinel1__s1_obs_count_last_365d": 31, "sentinel1__s1_vv_last_365d_mean": -8.184080957478006, "sentinel1__s1_vv_last_365d_median": -8.2665712104291948, "sentinel1__s1_vh_last_365d_mean": -14.7701401508307, "sentinel1__s1_vh_last_365d_median": -14.89170545789765, "sentinel1__s1_vv_vh_diff_last_365d_mean": 6.5860591933526971, "sentinel1__s1_vv_vh_diff_last_365d_median": 6.6146991867418068, "sentinel1__s1_incidence_angle_last_365d_mean": 38.398698270853806, "sentinel1__s1_incidence_angle_last_365d_median": 38.39920890318291, "soil__soil_clay_rootzone_0_30cm_pct": 33.44397130778011, "soil__soil_sand_rootzone_0_30cm_pct": 37.227244819755732, "soil__soil_soc_rootzone_0_30cm_g_kg": 20.2838295821456, "soil__soil_bdod_rootzone_0_30cm_kg_dm3": 1.3764955580107567, "lst__lst_mean_c": 35.093253391764684, "lst__lst_median_c": 33.983683300134707, "lst__lst_std_c": 3.985171822688379, "lst__lst_valid_months": 50 }, "geometry": { "type": "Polygon", "coordinates": [ [ [ 73.904869681609384, 15.666571008287567 ], [ 73.905019925738969, 15.667079360245468 ], [ 73.905133370382941, 15.668120271651457 ], [ 73.905346345665464, 15.668503047779273 ], [ 73.906249509157163, 15.669167616302703 ], [ 73.907728286133477, 15.670003601057537 ], [ 73.9083167033058, 15.670527671416393 ], [ 73.909680972931184, 15.671520101977638 ], [ 73.911112161655339, 15.672409580917092 ], [ 73.911905832192005, 15.673786272643586 ], [ 73.912866787899191, 15.675206132921364 ], [ 73.913639394739093, 15.676157773603515 ], [ 73.914813236795553, 15.677102012379262 ], [ 73.916529551689209, 15.678818208008149 ], [ 73.916209787380666, 15.680408177622034 ], [ 73.91773251533057, 15.680268815391445 ], [ 73.918335445684633, 15.680192224676775 ], [ 73.91947960470921, 15.680105764730163 ], [ 73.920735121591321, 15.680048153863202 ], [ 73.921910628226044, 15.680034488674936 ], [ 73.922197044376261, 15.679921359908271 ], [ 73.92272487108103, 15.679586013985467 ], [ 73.923724319598151, 15.67893260012565 ], [ 73.924071644219609, 15.678797908161798 ], [ 73.925045343427414, 15.678857875342947 ], [ 73.926392593571421, 15.678901119855816 ], [ 73.928395214122517, 15.679080761788638 ], [ 73.930444815664657, 15.679238413768415 ], [ 73.932129586217087, 15.679458426641308 ], [ 73.932889665152004, 15.678891663146512 ], [ 73.934373725120508, 15.677689778772059 ], [ 73.934720826959762, 15.6775639996048 ], [ 73.936007184802236, 15.67761968159081 ], [ 73.937953401933243, 15.677821038699896 ], [ 73.938809996760639, 15.677919770735247 ], [ 73.939689759139199, 15.677738940279788 ], [ 73.940458979330472, 15.677470487046136 ], [ 73.941088383035975, 15.677489054637514 ], [ 73.941907455233931, 15.677596432331006 ], [ 73.942506792326881, 15.67744727063538 ], [ 73.943558924340479, 15.676988875933146 ], [ 73.944823477376005, 15.676953806900061 ], [ 73.947102717949193, 15.677042531619906 ], [ 73.947827404160265, 15.676936009884605 ], [ 73.948589990293129, 15.676495748400953 ], [ 73.949907051653696, 15.675223482931385 ], [ 73.951489684656622, 15.673679642825199 ], [ 73.954948579386198, 15.674075205751429 ], [ 73.958471441350468, 15.674548498992374 ], [ 73.958998223314552, 15.673693495259883 ], [ 73.961402459967914, 15.673838238269806 ], [ 73.962657673219468, 15.673885304159686 ], [ 73.962640997792846, 15.673845419630799 ], [ 73.962659391696619, 15.673609956830425 ], [ 73.962677008557648, 15.673501308212929 ], [ 73.962691113005917, 15.673258674013301 ], [ 73.962933347315541, 15.672587102595934 ], [ 73.962962017946168, 15.672480620052241 ], [ 73.963333560249339, 15.671683909382024 ], [ 73.963669911051284, 15.671519041583952 ], [ 73.964808959560216, 15.670960710680372 ], [ 73.96483298590077, 15.670920112018033 ], [ 73.964991166645902, 15.67065342378071 ], [ 73.96556798117804, 15.669574611959813 ], [ 73.965584296380257, 15.669563342790815 ], [ 73.965598429574626, 15.669553578598981 ], [ 73.96565771119684, 15.669512476267716 ], [ 73.965674553710087, 15.669488112054951 ], [ 73.965711114243859, 15.669425071619433 ], [ 73.965667983432127, 15.669302043030926 ], [ 73.965569742774306, 15.668958436862461 ], [ 73.965601261064364, 15.668882656671554 ], [ 73.965750269112149, 15.668523257831009 ], [ 73.965916017265201, 15.668123441641251 ], [ 73.965889716390308, 15.66783205926089 ], [ 73.965858270863805, 15.667718152209263 ], [ 73.965854367683889, 15.666895701347832 ], [ 73.965887405025072, 15.66652835624401 ], [ 73.965893948353639, 15.666467615643015 ], [ 73.965924652770028, 15.666182380653018 ], [ 73.965918522666527, 15.666039748737104 ], [ 73.966376772157588, 15.665267689044633 ], [ 73.966756516079329, 15.664911647632607 ], [ 73.966995858712053, 15.664687244168386 ], [ 73.966902039562086, 15.6645105373274 ], [ 73.966717399838586, 15.664162767002693 ], [ 73.966817202666675, 15.663514488336979 ], [ 73.967075944417957, 15.663080504324535 ], [ 73.967363439444838, 15.662106147648384 ], [ 73.967386577351604, 15.661440209406358 ], [ 73.967593989367558, 15.66105558026447 ], [ 73.96780888075655, 15.660687987660138 ], [ 73.967822341112807, 15.660250710762449 ], [ 73.96766515929427, 15.659911027583091 ], [ 73.967499559363205, 15.659549345869639 ], [ 73.967239736938652, 15.658986474872924 ], [ 73.96727729639899, 15.658766772963549 ], [ 73.966914647417084, 15.658325297680706 ], [ 73.966654986689278, 15.657972903033633 ], [ 73.96623097199371, 15.657374873128356 ], [ 73.966078114664967, 15.65716991224361 ], [ 73.965997952602279, 15.657093848291501 ], [ 73.965010111216927, 15.655969262417893 ], [ 73.964906114154786, 15.655849815427242 ], [ 73.963524173769486, 15.654066322243777 ], [ 73.963110925382594, 15.653161382906582 ], [ 73.962942246925081, 15.65314324992883 ], [ 73.962823326151124, 15.652838943843145 ], [ 73.962636068736913, 15.652476806736741 ], [ 73.962561777164581, 15.652338002408024 ], [ 73.962350864413963, 15.651820532964468 ], [ 73.961908929226794, 15.650806493960065 ], [ 73.961864035920456, 15.65064917728945 ], [ 73.961711136370894, 15.65014859898532 ], [ 73.961649696097041, 15.649947575314965 ], [ 73.961446886150298, 15.64944405164807 ], [ 73.961402194964904, 15.649342921870403 ], [ 73.96143932503054, 15.649343433094455 ], [ 73.961307888029751, 15.64896907576038 ], [ 73.961118981308672, 15.648421136144123 ], [ 73.961100110399471, 15.648237213951441 ], [ 73.96109099160104, 15.647464611258734 ], [ 73.961087436967446, 15.647039361069712 ], [ 73.961076667065512, 15.646998978237102 ], [ 73.961089641433176, 15.646438999080269 ], [ 73.961089136579957, 15.646044143023946 ], [ 73.961082966052302, 15.645558578179116 ], [ 73.961132485682327, 15.645298662926182 ], [ 73.961523885244873, 15.6430555238864 ], [ 73.961497301400684, 15.643041041354801 ], [ 73.961528689435028, 15.642486258931489 ], [ 73.961730456437721, 15.641802255162945 ], [ 73.961765228425747, 15.641684577571617 ], [ 73.961966116876084, 15.64143885457748 ], [ 73.962466415607281, 15.640826894848045 ], [ 73.962721601826672, 15.640554282400467 ], [ 73.963291947590463, 15.639930405622547 ], [ 73.964035378048223, 15.639160965357904 ], [ 73.964815653805701, 15.638271047632511 ], [ 73.965677867595176, 15.637403853046958 ], [ 73.966167873429811, 15.636855520861349 ], [ 73.966740328437893, 15.636114919164703 ], [ 73.966750398552222, 15.636083295619009 ], [ 73.966911277836459, 15.635845521970715 ], [ 73.967284434412235, 15.635380705092786 ], [ 73.967385491288439, 15.635311085630203 ], [ 73.967453306007556, 15.635023756087575 ], [ 73.967459567265095, 15.634993773422407 ], [ 73.967515469425209, 15.634724490673404 ], [ 73.967522346927012, 15.634672071320537 ], [ 73.96755060343429, 15.634455144419524 ], [ 73.967623644551708, 15.633894367072431 ], [ 73.967617132664216, 15.633881573395103 ], [ 73.967071521113482, 15.632816043000803 ], [ 73.967088538798237, 15.632767432130215 ], [ 73.96719247567323, 15.632469448071683 ], [ 73.967425878645273, 15.631800282583976 ], [ 73.967585513762842, 15.631348251223955 ], [ 73.967857799413665, 15.630577227588558 ], [ 73.967896175442633, 15.630541897986737 ], [ 73.967992559282706, 15.630452876256301 ], [ 73.96852555130036, 15.62996074986069 ], [ 73.969124884800024, 15.629402479375234 ], [ 73.96930706673291, 15.629231347036587 ], [ 73.969444746126612, 15.629126374009719 ], [ 73.970143471924303, 15.628712888313277 ], [ 73.970572756137301, 15.627840676289347 ], [ 73.970783561090101, 15.627412364372693 ], [ 73.970832606409672, 15.627406338030463 ], [ 73.971421892252891, 15.626218513614571 ], [ 73.970422537160545, 15.625439983952019 ], [ 73.969450967858279, 15.62467538408136 ], [ 73.968495244837612, 15.6242041399511 ], [ 73.967540138959521, 15.623437242887585 ], [ 73.96670458267613, 15.622736160151131 ], [ 73.965640125776829, 15.621831204273118 ], [ 73.964733446279098, 15.621189158867626 ], [ 73.963867666177961, 15.62056768008083 ], [ 73.962742437351395, 15.619847595110622 ], [ 73.961936378148607, 15.619367133901974 ], [ 73.961095942216573, 15.618974265645598 ], [ 73.960576222807234, 15.618674213724884 ], [ 73.960403650152983, 15.618505955089974 ], [ 73.959947874622188, 15.618826261149655 ], [ 73.959437814797155, 15.619218869281861 ], [ 73.958861876122398, 15.619602372783843 ], [ 73.958603870989634, 15.619726613908481 ], [ 73.958004727932803, 15.620013811780613 ], [ 73.957278349295777, 15.61999479861514 ], [ 73.957065621948288, 15.620133349761831 ], [ 73.956584117769467, 15.620286193761382 ], [ 73.956327710739615, 15.620314313342092 ], [ 73.955591776722855, 15.620375302963064 ], [ 73.954832049927504, 15.620371782717763 ], [ 73.9541376647893, 15.620417295012047 ], [ 73.953218773593605, 15.62055554567058 ], [ 73.952277408346148, 15.620557378895723 ], [ 73.951625762354183, 15.620624657987829 ], [ 73.950895329620252, 15.620341346305811 ], [ 73.949494379086886, 15.619647741635658 ], [ 73.948781427568406, 15.619308747193877 ], [ 73.948036396312787, 15.618905119896343 ], [ 73.947364121408668, 15.618606750581687 ], [ 73.946487466302671, 15.618177227189273 ], [ 73.94573499609821, 15.61772549971713 ], [ 73.945237420160623, 15.617341696821709 ], [ 73.944691970306636, 15.616866655110128 ], [ 73.944332546276627, 15.617149126342541 ], [ 73.943569600817611, 15.617617305035052 ], [ 73.943097699629206, 15.617958010076455 ], [ 73.942729517025143, 15.618203331267175 ], [ 73.942361355980665, 15.61844865822026 ], [ 73.941610217079443, 15.619212962088259 ], [ 73.941035773201364, 15.619759933059196 ], [ 73.940186481677245, 15.620463897369275 ], [ 73.939671314929768, 15.62093189286718 ], [ 73.938853301845555, 15.621389538570694 ], [ 73.938285108445172, 15.621816606908038 ], [ 73.937181319709495, 15.621919838711086 ], [ 73.935573345232385, 15.622118434666014 ], [ 73.934628323841707, 15.622615773267221 ], [ 73.933998004752951, 15.622839634591648 ], [ 73.933330139678546, 15.623045403283507 ], [ 73.932620034022875, 15.623650141330302 ], [ 73.93229851440627, 15.623919852169115 ], [ 73.931371958784567, 15.624289567223538 ], [ 73.930539655300748, 15.624828018794535 ], [ 73.930127284567888, 15.625057684373376 ], [ 73.929515529164462, 15.624999441166118 ], [ 73.929243308192341, 15.624817419357631 ], [ 73.928791722404057, 15.624738290373678 ], [ 73.92845951103898, 15.624716556846201 ], [ 73.927957230624259, 15.624586641830323 ], [ 73.927373161297879, 15.624549999673238 ], [ 73.926948906752159, 15.624549068804017 ], [ 73.926460612208075, 15.62461941776067 ], [ 73.926275696701794, 15.624690303067235 ], [ 73.924937138656503, 15.625293389941241 ], [ 73.92401161609736, 15.625717521726656 ], [ 73.92249053296274, 15.626358427430388 ], [ 73.921263037229295, 15.627003746648876 ], [ 73.920260098757296, 15.627322812700793 ], [ 73.918979563794508, 15.627506534814868 ], [ 73.916946261284878, 15.627818796022959 ], [ 73.915180295607186, 15.628031195936972 ], [ 73.912933598301834, 15.628276851108847 ], [ 73.911113396838843, 15.628384574736337 ], [ 73.909792793421119, 15.628450031080112 ], [ 73.908980189991524, 15.628523440297613 ], [ 73.909035370804489, 15.628573977029989 ], [ 73.909067568220891, 15.628601657731071 ], [ 73.909090081798539, 15.628651695279867 ], [ 73.909124925651795, 15.629085952173739 ], [ 73.909064375608381, 15.629654320086965 ], [ 73.908950557265229, 15.630054631053909 ], [ 73.908437645289155, 15.630914230972106 ], [ 73.908024616989493, 15.631364271850094 ], [ 73.907892651779335, 15.631732686213933 ], [ 73.907882919431543, 15.632044286971574 ], [ 73.907988333136871, 15.632439030758935 ], [ 73.908319257216192, 15.632733242223855 ], [ 73.908929374092537, 15.633063353394542 ], [ 73.909878181882149, 15.633493600792736 ], [ 73.91091223080906, 15.634128431795354 ], [ 73.911100257181175, 15.634325617945894 ], [ 73.911280655958208, 15.634983532653042 ], [ 73.911261028667568, 15.635331132003138 ], [ 73.911216981574256, 15.635436778337123 ], [ 73.911364847863283, 15.636109769395722 ], [ 73.912215402418681, 15.636276522189068 ], [ 73.912189256952331, 15.637301732872947 ], [ 73.912103360943206, 15.63856997308331 ], [ 73.911886007271988, 15.640739866343722 ], [ 73.911617536766187, 15.642899959021388 ], [ 73.911348470677325, 15.645100670756179 ], [ 73.911101241734727, 15.646818270932249 ], [ 73.910872159659164, 15.647993977977306 ], [ 73.910374227988768, 15.649929180818356 ], [ 73.910859557194058, 15.650767939635809 ], [ 73.910665992708218, 15.651194197591483 ], [ 73.909930772852121, 15.652814034422127 ], [ 73.909211010307146, 15.654908430639813 ], [ 73.908534128842263, 15.656375487711291 ], [ 73.907752478662374, 15.657976495290482 ], [ 73.907408923371861, 15.659308598905143 ], [ 73.905549176273468, 15.659813204576857 ], [ 73.904566653812935, 15.66001498577581 ], [ 73.903351055367082, 15.659630336652253 ], [ 73.902453898909684, 15.659341730833205 ], [ 73.902421384387978, 15.659448796296861 ], [ 73.902371668925184, 15.659633262851692 ], [ 73.902280498907032, 15.660359307609497 ], [ 73.902279100230118, 15.660449650108621 ], [ 73.902309387828211, 15.660590173675445 ], [ 73.902471929894062, 15.661202588058238 ], [ 73.902804973099123, 15.661935201817299 ], [ 73.902862293699087, 15.662139410597055 ], [ 73.902934361941064, 15.662294107975065 ], [ 73.902955540622202, 15.662425484187468 ], [ 73.903039353438217, 15.662716000670303 ], [ 73.903071947011682, 15.66300108134728 ], [ 73.903178771970317, 15.663314480293646 ], [ 73.903447811109686, 15.664258360675012 ], [ 73.903479572843196, 15.664313203825564 ], [ 73.903567095701334, 15.664657842773492 ], [ 73.903670470230949, 15.665183494998011 ], [ 73.903789609295544, 15.665601052670217 ], [ 73.904109230771951, 15.666057514699228 ], [ 73.904122212326101, 15.666076053055173 ], [ 73.90421922858016, 15.66613181428861 ], [ 73.904869681609384, 15.666571008287567 ] ] ] } },
{ "type": "Feature", "properties": { "gp_id": "254437", "gp_name": "ONA MAULINGUEM CURCHIREM", "terrain__analysis_area_km2": 0.0, "terrain__aspect_cos_max": 1, "terrain__aspect_cos_mean": 0.040734332777123503, "terrain__aspect_cos_min": -1, "terrain__aspect_cos_std": 0.72975191918157944, "terrain__aspect_sin_max": 1, "terrain__aspect_sin_mean": 0.0049726733737079998, "terrain__aspect_sin_min": -1, "terrain__aspect_sin_std": 0.68272463196575861, "terrain__elevation_max": 167, "terrain__elevation_mean": 58.242777630633057, "terrain__elevation_min": 13, "terrain__elevation_std": 28.035985922947329, "terrain__geometry_status": "VALID_SINGLE", "terrain__laplacian_curvature_max": 34, "terrain__laplacian_curvature_mean": -0.00080158159597410004, "terrain__laplacian_curvature_min": -35, "terrain__laplacian_curvature_std": 3.4522511457042002, "terrain__resolution": "DISSOLVE_BY_GP_ID", "terrain__slope_max": 26, "terrain__slope_mean": 5.9982662983843564, "terrain__slope_min": 0, "terrain__slope_std": 4.0804176688674634, "terrain__source_area_km2": 1.5055301605462936e-09, "terrain__source_feature_count": 1, "terrain__tpi_max": 52.053627760252027, "terrain__tpi_mean": 0.047916829245116498, "terrain__tpi_min": -24.716088328075912, "terrain__tpi_std": 7.1816307348477224, "terrain__tri_max": 18.159289902149169, "terrain__tri_mean": 4.4926694629654627, "terrain__tri_min": 0.63955989624120479, "terrain__tri_std": 2.836712668503913, "terrain__aspect_mean_deg": 6.9599866966647834, "terrain__aspect_resultant_length": 0.041036731683688203, "landcover__source_feature_count": 1, "landcover__source_unique_geometry_count": 1, "landcover__geometry_status": "VALID_SINGLE", "landcover__resolution": "DISSOLVE_BY_GP_ID", "landcover__source_area_km2": 1.5055301605462936e-09, "landcover__analysis_area_km2": 0.0, "landcover__analysis_coverage_pct_of_source": 0.0, "landcover__analysis_geometry_type": "Polygon", "landcover__centroid_lat": 15.605876841044251, "landcover__centroid_lon": 73.985922882705935, "landcover__state": "goa", "landcover__district": "north goa", "landcover__block": "Bicholim", "landcover__block_lgd": 5930, "landcover__block_code11": 4, "landcover__source_layer": "Official Gram Manchitra GP", "landcover__source_snapshot": "gram_manchitra_gp_20260917T064631Z.geojson", "landcover__block_snapshot": "gram_manchitra_all_blocks_20260917T064613Z.geojson", "landcover__synthetic_geometry": false, "landcover__source_geometry_wkt": "POLYGON ((73.97355057967602 15.627587779646921, 73.97095409456868 15.627391409726213, 73.97083260640967 15.627406338030463, 73.97142189225289 15.626218513614571, 73.97042253716054 15.625439983952019, 73.96945096785828 15.62467538408136, 73.96849524483761 15.6242041399511, 73.96754013895952 15.623437242887585, 73.96670458267613 15.622736160151131, 73.96564012577683 15.621831204273118, 73.9647334462791 15.621189158867626, 73.96386766617796 15.62056768008083, 73.9627424373514 15.619847595110622, 73.96193637814861 15.619367133901974, 73.96109594221657 15.618974265645598, 73.96057622280723 15.618674213724884, 73.96040365015298 15.618505955089974, 73.95994787462219 15.618826261149655, 73.95943781479716 15.61921886928186, 73.9588618761224 15.619602372783843, 73.95860387098963 15.619726613908481, 73.9580047279328 15.620013811780613, 73.95727834929578 15.61999479861514, 73.95706562194829 15.620133349761831, 73.95658411776947 15.620286193761382, 73.95632771073961 15.620314313342092, 73.95559177672286 15.620375302963064, 73.9548320499275 15.620371782717763, 73.9541376647893 15.620417295012047, 73.9532187735936 15.62055554567058, 73.95227740834615 15.620557378895723, 73.95162576235418 15.620624657987829, 73.95089532962025 15.62034134630581, 73.94949437908689 15.619647741635658, 73.9487814275684 15.619308747193877, 73.94803639631279 15.618905119896343, 73.94736412140867 15.618606750581687, 73.94648746630267 15.618177227189273, 73.94573499609821 15.61772549971713, 73.94523742016062 15.61734169682171, 73.94469197030664 15.616866655110128, 73.94462492903698 15.616421893568317, 73.94468554555571 15.615853431847633, 73.9448099523411 15.615047725328552, 73.94496620799657 15.614830191067876, 73.94537595115722 15.614248643660911, 73.94604563801502 15.613526093260854, 73.94699406581725 15.61281281406757, 73.9478099337246 15.612381390731048, 73.94871336401596 15.611925414598762, 73.94964558890543 15.611191824146827, 73.95075313439563 15.610361150981031, 73.95127242171529 15.609897233177655, 73.95192004415306 15.609407285266448, 73.95246414294085 15.609191586135074, 73.95344641027988 15.608938526320284, 73.95510489522879 15.608582391245921, 73.95618267863529 15.608290784796539, 73.95718931277639 15.608064810364201, 73.9583112663454 15.607845860165174, 73.95943462487956 15.607542980084371, 73.96046928376258 15.607366646124023, 73.960922072395 15.607246894782964, 73.96183747273751 15.607040788380827, 73.96234617430989 15.606888077263617, 73.96248443132029 15.606846631842217, 73.96325902972518 15.60641444669411, 73.96433442361304 15.605963998891403, 73.96506759261534 15.605539238763136, 73.96582708495038 15.605022967905732, 73.96674258320928 15.604320315874173, 73.96732705857414 15.603905292845276, 73.96813060159579 15.603725524343222, 73.9690234093089 15.603638956809196, 73.97002820010701 15.603522131158636, 73.97055060368241 15.602907669329134, 73.97145528532693 15.601916500661737, 73.9715961348753 15.601362857986445, 73.97166585402279 15.600360446082355, 73.97185873039912 15.600081533750584, 73.97274821434571 15.598915475903171, 73.97320732262615 15.598334598054098, 73.9731209082891 15.597801572003807, 73.97288338923637 15.59688509707532, 73.97353752895155 15.595939062297163, 73.97426381416382 15.595999574632318, 73.97507156489426 15.596504214296935, 73.97558170287276 15.596674506985746, 73.97608488429769 15.596980233298929, 73.97634037055438 15.597331941205596, 73.97663465774315 15.598167635287822, 73.97669926906995 15.598502906982395, 73.97690094085124 15.598718290295437, 73.9770820753485 15.598761691910902, 73.97739574997772 15.598676010873124, 73.97754348780767 15.598474953995945, 73.97760127193833 15.598069185776854, 73.97766172496367 15.597785439735313, 73.97785330686767 15.59746304242149, 73.97809404727899 15.59727690014508, 73.97839361925658 15.597204564744565, 73.97894371879048 15.59720375142325, 73.97922399226081 15.5971672756894, 73.97978256919603 15.59663346875874, 73.98004209068499 15.596438561727695, 73.98027102364021 15.59640585397292, 73.98059937674118 15.596568959210396, 73.98087569223438 15.596780908695948, 73.98099844072973 15.59698148962215, 73.9811777255958 15.597431474343795, 73.98140751105224 15.597931890749663, 73.98156794207715 15.598101486607685, 73.98171066910446 15.598216519124502, 73.98202497435099 15.598383934366575, 73.98232939543449 15.598293592172555, 73.98264456306372 15.59811756607219, 73.98300188683255 15.597928601136141, 73.98331506469346 15.597874619280356, 73.98359088701153 15.597824517979644, 73.9838550042815 15.59792785703629, 73.98420404917671 15.597377334019301, 73.98534911909296 15.595140046361523, 73.98550983757875 15.594708669788494, 73.9863765977419 15.592385819936553, 73.98705992012738 15.591921669404345, 73.98745795644325 15.591805666866604, 73.98798656737726 15.591397903153933, 73.9881077806518 15.590807823598357, 73.98880697537003 15.588170794038083, 73.9890035447205 15.587536725821623, 73.98908816422365 15.586318131260963, 73.98954900804922 15.58518651669894, 73.98980969824636 15.58344650381351, 73.99003891776414 15.582519332041851, 73.99087496901932 15.584171684175823, 73.99235276862858 15.58386844294594, 73.99556816332226 15.583631718054459, 73.99610636107698 15.583499671760391, 73.9975918331971 15.583175698812653, 73.99832593375233 15.583014034902371, 73.99938826433936 15.583969308236552, 73.9998377381884 15.58430192590871, 74.00063410367093 15.584881666667311, 74.00123686424341 15.585383023074566, 74.0014071219392 15.58581484841932, 74.00194092603385 15.586550081900855, 74.00239745614945 15.587153308607935, 74.00291231477476 15.587608214062149, 74.00416931028386 15.588891850282403, 74.00465467811668 15.589152079347208, 74.0049979513362 15.589261099798696, 74.00527151798461 15.589346519993764, 74.0055360718358 15.589422712067787, 74.00592945937007 15.589604644151935, 74.00679611532864 15.590015803267372, 74.00732222086131 15.590262365782937, 74.00772493111158 15.59044449440338, 74.00821141195708 15.590632451274873, 74.00881739927807 15.590930598239446, 74.00933141708026 15.591141505715132, 74.00972239084139 15.591183371364076, 74.01041301114023 15.591139447259227, 74.01083379639236 15.591064402293444, 74.01124057421426 15.590980105922627, 74.01166093905483 15.590927499736612, 74.01214169403872 15.590893997658522, 74.01248881564089 15.590754470646562, 74.01354385011116 15.590363561925626, 74.01408184843987 15.590240477180684, 74.01453421935572 15.590229078182041, 74.01494362205486 15.590280270704602, 74.01562000764973 15.590547875246637, 74.01625191136668 15.59097286281703, 74.01648876656438 15.591328626972496, 74.01656305005187 15.591939716083521, 74.01685440963112 15.593570483160317, 74.01709635378491 15.594188478931542, 74.01789500997141 15.595582774872234, 74.01822974919571 15.596527508243597, 74.01927966416719 15.597943469288966, 74.01966877572072 15.598694699823792, 74.02017582978284 15.599059121043226, 74.02043486168995 15.599487648801862, 74.02074388124937 15.600590000634293, 74.02073185190942 15.60075703670397, 74.02089155260397 15.601278983745281, 74.02123902724408 15.602006957199613, 74.02134150974665 15.602609358066942, 74.0214961187902 15.60345191772187, 74.0217200669939 15.603735392039578, 74.02181302016791 15.60491669073239, 74.02182900658673 15.60511948294935, 74.02079718907497 15.60608518461452, 74.01838065807863 15.606854306984975, 74.0177024605818 15.607050071911818, 74.01589110303283 15.607646983904388, 74.0147793848681 15.608035282304735, 74.01342481884444 15.608561491776594, 74.01197775868587 15.609038309922799, 74.01106430858584 15.609359365315768, 74.01042298513484 15.609581999579655, 74.00962073209392 15.609866424047427, 74.00939225368626 15.610037706660387, 74.00931158587208 15.610047353431892, 74.00920080024133 15.610065346606135, 74.00883525419265 15.610158692715277, 74.00809528674029 15.610253922279693, 74.00726552908203 15.610355283330465, 74.00660789222547 15.610456838131391, 74.00624081993912 15.61051458107171, 74.00563181068553 15.610606622286541, 74.00517678165478 15.610674473932063, 74.00355905237198 15.61086713960625, 74.00329640833912 15.61089324807566, 74.00207271607256 15.611136948592746, 74.00127661110146 15.611086122051917, 74.0006407979164 15.611047901993757, 74.000084867418 15.611004120569264, 73.99989184731119 15.610988953146473, 73.99859317985442 15.610879522896024, 73.99793050704235 15.610835847852435, 73.99777257962216 15.610810845073269, 73.99725332464183 15.610728444633311, 73.99671570360555 15.61069746605298, 73.99670100896412 15.610696561076207, 73.9956937495956 15.61067631676257, 73.99462470500016 15.610669068295918, 73.9933585412853 15.610638109605706, 73.99133574008134 15.611798317997945, 73.99107145931802 15.611937808206674, 73.99051556115896 15.61223121594936, 73.990238106602 15.613292172842458, 73.99020870025116 15.613404620373394, 73.98922706442782 15.614760172703127, 73.98910046215988 15.614934998386815, 73.98877906022257 15.615378820996797, 73.98866473702626 15.615539344224706, 73.98816923709533 15.616234988991458, 73.9878522773271 15.616680203413962, 73.98701688363873 15.617414718106168, 73.98700170211045 15.61742806737317, 73.98682379705666 15.617584480401547, 73.98594257581406 15.618445995301412, 73.98529944135943 15.619307914927077, 73.98529096575471 15.619319942133565, 73.98517620418055 15.619473736665112, 73.98506757540481 15.619619314838467, 73.9844183279147 15.620430606017434, 73.98440177915053 15.620446899150547, 73.98432258367508 15.620525025367643, 73.98388065567444 15.620960489048818, 73.9834336450059 15.621424964050528, 73.98342108027 15.621437781864513, 73.98326317979927 15.621600109339212, 73.98326051988772 15.62160275491443, 73.98308003936397 15.621805575614617, 73.98289131230594 15.622024662302634, 73.98278441458378 15.622134879927879, 73.98277377314089 15.62214560667773, 73.982530341377 15.622391052624945, 73.98219396721886 15.62274860068744, 73.9819472700789 15.623008259077354, 73.9817249846568 15.623251873385557, 73.98147831087306 15.623490210144443, 73.9811636022829 15.623790583760247, 73.98115415020952 15.623799632084383, 73.98089487575726 15.624044928114284, 73.98084317681435 15.62409384038731, 73.98062866900597 15.624414986395912, 73.98058891226643 15.62447450841724, 73.98050788243118 15.62464930159081, 73.98028780955961 15.625073896682615, 73.98028735860534 15.62507487859137, 73.980155914418 15.625303181334386, 73.97998880082571 15.625621623691424, 73.9793765468573 15.626643619330078, 73.97905052398617 15.62712547619911, 73.97865620939051 15.627103569903037, 73.97850022861954 15.627094943033095, 73.97824923214263 15.62708120682687, 73.9781820094133 15.627077464363694, 73.9781080942351 15.627073348173157, 73.97769762703233 15.627050656352084, 73.97753844556395 15.627041842616235, 73.9772501456466 15.627009668324726, 73.97720744243293 15.627022353427549, 73.97701578596872 15.62707393904289, 73.97684401640834 15.627120008708975, 73.97667250915595 15.627127685687956, 73.97658144783391 15.62684933315971, 73.9765610578736 15.626799223366445, 73.97594007407726 15.626954195754411, 73.97355057967602 15.627587779646921))", "landcover__water_fraction": 0.034193192175060803, "landcover__trees_fraction": 0.50226099474640062, "landcover__grass_fraction": 0.055636730897936103, "landcover__flooded_vegetation_fraction": 0.030242977710244201, "landcover__crops_fraction": 0.059193315850917701, "landcover__shrub_fraction": 0.1820248158943065, "landcover__built_fraction": 0.054209049003537499, "landcover__bare_fraction": 0.043698809203055501, "landcover__snow_ice_fraction": 0.038502007265197397, "landcover__dominant_landcover": "trees", "landcover__dominant_probability": 0.50226099474640062, "landcover__landcover_entropy": 1.6255093005170425, "landcover__valid_pixel_fraction": 1, "landcover__landcover_probability_sum": 0.99996189274665681, "sentinel2__NDVI_hist_mean": 0.56195009787009675, "sentinel2__NDVI_hist_std": 0.1126664342409877, "sentinel2__NDVI_hist_min": 0.12974717908489239, "sentinel2__NDVI_hist_max": 0.84357486201078125, "sentinel2__EVI_hist_mean": 0.3187196505024073, "sentinel2__EVI_hist_std": 0.1287927910301975, "sentinel2__EVI_hist_min": -0.98335402552599804, "sentinel2__EVI_hist_max": 0.64033959068441781, "sentinel2__SAVI_hist_mean": 0.31386251250272212, "sentinel2__SAVI_hist_std": 0.068948842966508397, "sentinel2__SAVI_hist_min": 0.089866496249578903, "sentinel2__SAVI_hist_max": 0.50780978639934538, "sentinel2__NDMI_hist_mean": 0.025660687015253401, "sentinel2__NDMI_hist_std": 0.1067693891833712, "sentinel2__NDMI_hist_min": -0.1071675470580572, "sentinel2__NDMI_hist_max": 0.29191994542677902, "sentinel2__NBR_hist_mean": 0.2688016931222722, "sentinel2__NBR_hist_std": 0.1346020392203704, "sentinel2__NBR_hist_min": 0.099504680179118898, "sentinel2__NBR_hist_max": 0.59668803762440736, "sentinel2__NDVI_7d_mean": null, "sentinel2__EVI_7d_mean": null, "sentinel2__SAVI_7d_mean": null, "sentinel2__NDMI_7d_mean": null, "sentinel2__NBR_7d_mean": null, "sentinel2__NDVI_30d_mean": null, "sentinel2__EVI_30d_mean": null, "sentinel2__SAVI_30d_mean": null, "sentinel2__NDMI_30d_mean": null, "sentinel2__NBR_30d_mean": null, "sentinel2__NDVI_60d_mean": null, "sentinel2__EVI_60d_mean": null, "sentinel2__SAVI_60d_mean": null, "sentinel2__NDMI_60d_mean": null, "sentinel2__NBR_60d_mean": null, "sentinel2__NDVI_30d_change": null, "sentinel2__observation_count": 350, "sentinel2__latest_observation_date": "2026-05-03", "sentinel2__days_since_latest_observation": 139, "sentinel1__s1_observation_count": 118, "sentinel1__s1_unique_image_count": 118, "sentinel1__s1_first_date": "2021-09-20", "sentinel1__s1_last_date": "2026-09-13", "sentinel1__s1_ascending_count": 0, "sentinel1__s1_descending_count": 118, "sentinel1__s1_vv_db_mean": -8.0631727135777762, "sentinel1__s1_vv_db_median": -7.9500909959141097, "sentinel1__s1_vv_db_std": 0.93626772168164918, "sentinel1__s1_vv_db_min": -9.4743687902337328, "sentinel1__s1_vv_db_max": -6.4909001243156537, "sentinel1__s1_vv_db_count": 118, "sentinel1__s1_vh_db_mean": -14.712326054594072, "sentinel1__s1_vh_db_median": -14.712961411227898, "sentinel1__s1_vh_db_std": 0.78125690257801206, "sentinel1__s1_vh_db_min": -15.833407935548504, "sentinel1__s1_vh_db_max": -13.387646887088662, "sentinel1__s1_vh_db_count": 118, "sentinel1__s1_vv_vh_diff_db_mean": 6.6491533410163033, "sentinel1__s1_vv_vh_diff_db_median": 6.6705978723254535, "sentinel1__s1_vv_vh_diff_db_std": 0.2458146650394607, "sentinel1__s1_vv_vh_diff_db_min": 6.140222158285888, "sentinel1__s1_vv_vh_diff_db_max": 7.2584316213882651, "sentinel1__s1_vv_vh_diff_db_count": 118, "sentinel1__s1_incidence_angle_deg_mean": 38.03133008459892, "sentinel1__s1_incidence_angle_deg_median": 38.024107484338131, "sentinel1__s1_incidence_angle_deg_std": 0.0170119619506864, "sentinel1__s1_incidence_angle_deg_min": 38.00993005821482, "sentinel1__s1_incidence_angle_deg_max": 38.074701426007977, "sentinel1__s1_incidence_angle_deg_count": 118, "sentinel1__s1_valid_fraction_mean": 1.0, "sentinel1__s1_valid_fraction_median": 1.0, "sentinel1__s1_valid_fraction_std": 0.0, "sentinel1__s1_valid_fraction_min": 1.0, "sentinel1__s1_valid_fraction_max": 1.0, "sentinel1__s1_valid_fraction_count": 118, "sentinel1__s1_vv_db_ascending_mean": null, "sentinel1__s1_vv_db_ascending_median": null, "sentinel1__s1_vv_db_ascending_std": null, "sentinel1__s1_vv_db_ascending_min": null, "sentinel1__s1_vv_db_ascending_max": null, "sentinel1__s1_vv_db_ascending_count": 0, "sentinel1__s1_vh_db_ascending_mean": null, "sentinel1__s1_vh_db_ascending_median": null, "sentinel1__s1_vh_db_ascending_std": null, "sentinel1__s1_vh_db_ascending_min": null, "sentinel1__s1_vh_db_ascending_max": null, "sentinel1__s1_vh_db_ascending_count": 0, "sentinel1__s1_vv_vh_diff_db_ascending_mean": null, "sentinel1__s1_vv_vh_diff_db_ascending_median": null, "sentinel1__s1_vv_vh_diff_db_ascending_std": null, "sentinel1__s1_vv_vh_diff_db_ascending_min": null, "sentinel1__s1_vv_vh_diff_db_ascending_max": null, "sentinel1__s1_vv_vh_diff_db_ascending_count": 0, "sentinel1__s1_incidence_angle_deg_ascending_mean": null, "sentinel1__s1_incidence_angle_deg_ascending_median": null, "sentinel1__s1_incidence_angle_deg_ascending_std": null, "sentinel1__s1_incidence_angle_deg_ascending_min": null, "sentinel1__s1_incidence_angle_deg_ascending_max": null, "sentinel1__s1_incidence_angle_deg_ascending_count": 0, "sentinel1__s1_vv_db_descending_mean": -8.0631727135777762, "sentinel1__s1_vv_db_descending_median": -7.9500909959141097, "sentinel1__s1_vv_db_descending_std": 0.93626772168164918, "sentinel1__s1_vv_db_descending_min": -9.4743687902337328, "sentinel1__s1_vv_db_descending_max": -6.4909001243156537, "sentinel1__s1_vv_db_descending_count": 118, "sentinel1__s1_vh_db_descending_mean": -14.712326054594072, "sentinel1__s1_vh_db_descending_median": -14.712961411227898, "sentinel1__s1_vh_db_descending_std": 0.78125690257801206, "sentinel1__s1_vh_db_descending_min": -15.833407935548504, "sentinel1__s1_vh_db_descending_max": -13.387646887088662, "sentinel1__s1_vh_db_descending_count": 118, "sentinel1__s1_vv_vh_diff_db_descending_mean": 6.6491533410163033, "sentinel1__s1_vv_vh_diff_db_descending_median": 6.6705978723254535, "sentinel1__s1_vv_vh_diff_db_descending_std": 0.2458146650394607, "sentinel1__s1_vv_vh_diff_db_descending_min": 6.140222158285888, "sentinel1__s1_vv_vh_diff_db_descending_max": 7.2584316213882651, "sentinel1__s1_vv_vh_diff_db_descending_count": 118, "sentinel1__s1_incidence_angle_deg_descending_mean": 38.03133008459892, "sentinel1__s1_incidence_angle_deg_descending_median": 38.024107484338131, "sentinel1__s1_incidence_angle_deg_descending_std": 0.0170119619506864, "sentinel1__s1_incidence_angle_deg_descending_min": 38.00993005821482, "sentinel1__s1_incidence_angle_deg_descending_max": 38.074701426007977, "sentinel1__s1_incidence_angle_deg_descending_count": 118, "sentinel1__s1_obs_count_last_7d": 1, "sentinel1__s1_vv_last_7d_mean": -7.0470220525384031, "sentinel1__s1_vv_last_7d_median": -7.0470220525384031, "sentinel1__s1_vh_last_7d_mean": -13.928700947005431, "sentinel1__s1_vh_last_7d_median": -13.928700947005431, "sentinel1__s1_vv_vh_diff_last_7d_mean": 6.881678894467016, "sentinel1__s1_vv_vh_diff_last_7d_median": 6.881678894467016, "sentinel1__s1_incidence_angle_last_7d_mean": 38.02407334920472, "sentinel1__s1_incidence_angle_last_7d_median": 38.02407334920472, "sentinel1__s1_obs_count_last_30d": 3, "sentinel1__s1_vv_last_30d_mean": -7.010531800204455, "sentinel1__s1_vv_last_30d_median": -6.9982124185668848, "sentinel1__s1_vh_last_30d_mean": -13.77618994354841, "sentinel1__s1_vh_last_30d_median": -13.751139026588994, "sentinel1__s1_vv_vh_diff_last_30d_mean": 6.7656581433439484, "sentinel1__s1_vv_vh_diff_last_30d_median": 6.7529266080220873, "sentinel1__s1_incidence_angle_last_30d_mean": 38.027864951817577, "sentinel1__s1_incidence_angle_last_30d_median": 38.028660139763808, "sentinel1__s1_obs_count_last_90d": 8, "sentinel1__s1_vv_last_90d_mean": -7.0769265260877718, "sentinel1__s1_vv_last_90d_median": -6.9922866740374818, "sentinel1__s1_vh_last_90d_mean": -13.866673755607742, "sentinel1__s1_vh_last_90d_median": -13.810797036964519, "sentinel1__s1_vv_vh_diff_last_90d_mean": 6.7897472295199712, "sentinel1__s1_vv_vh_diff_last_90d_median": 6.8003030141185281, "sentinel1__s1_incidence_angle_last_90d_mean": 38.02556348069843, "sentinel1__s1_incidence_angle_last_90d_median": 38.0264967727081, "sentinel1__s1_obs_count_last_365d": 31, "sentinel1__s1_vv_last_365d_mean": -8.043978985448593, "sentinel1__s1_vv_last_365d_median": -7.9680381332806656, "sentinel1__s1_vh_last_365d_mean": -14.700481354249472, "sentinel1__s1_vh_last_365d_median": -14.715542189714917, "sentinel1__s1_vv_vh_diff_last_365d_mean": 6.6565023688008873, "sentinel1__s1_vv_vh_diff_last_365d_median": 6.6730871445419329, "sentinel1__s1_incidence_angle_last_365d_mean": 38.022342060608473, "sentinel1__s1_incidence_angle_last_365d_median": 38.022745066509628, "soil__soil_clay_rootzone_0_30cm_pct": 34.550842484455963, "soil__soil_sand_rootzone_0_30cm_pct": 36.823267715315936, "soil__soil_soc_rootzone_0_30cm_g_kg": 21.5182721862455, "soil__soil_bdod_rootzone_0_30cm_kg_dm3": 1.376205592807666, "lst__lst_mean_c": 35.579743032106151, "lst__lst_median_c": 34.369397853761072, "lst__lst_std_c": 4.1375030827660382, "lst__lst_valid_months": 50 }, "geometry": { "type": "Polygon", "coordinates": [ [ [ 73.973550579676015, 15.627587779646921 ], [ 73.970954094568683, 15.627391409726213 ], [ 73.970832606409672, 15.627406338030463 ], [ 73.971421892252891, 15.626218513614571 ], [ 73.970422537160545, 15.625439983952019 ], [ 73.969450967858279, 15.62467538408136 ], [ 73.968495244837612, 15.6242041399511 ], [ 73.967540138959521, 15.623437242887585 ], [ 73.96670458267613, 15.622736160151131 ], [ 73.965640125776829, 15.621831204273118 ], [ 73.964733446279098, 15.621189158867626 ], [ 73.963867666177961, 15.62056768008083 ], [ 73.962742437351395, 15.619847595110622 ], [ 73.961936378148607, 15.619367133901974 ], [ 73.961095942216573, 15.618974265645598 ], [ 73.960576222807234, 15.618674213724884 ], [ 73.960403650152983, 15.618505955089974 ], [ 73.959947874622188, 15.618826261149655 ], [ 73.959437814797155, 15.619218869281861 ], [ 73.958861876122398, 15.619602372783843 ], [ 73.958603870989634, 15.619726613908481 ], [ 73.958004727932803, 15.620013811780613 ], [ 73.957278349295777, 15.61999479861514 ], [ 73.957065621948288, 15.620133349761831 ], [ 73.956584117769467, 15.620286193761382 ], [ 73.956327710739615, 15.620314313342092 ], [ 73.955591776722855, 15.620375302963064 ], [ 73.954832049927504, 15.620371782717763 ], [ 73.9541376647893, 15.620417295012047 ], [ 73.953218773593605, 15.62055554567058 ], [ 73.952277408346148, 15.620557378895723 ], [ 73.951625762354183, 15.620624657987829 ], [ 73.950895329620252, 15.620341346305811 ], [ 73.949494379086886, 15.619647741635658 ], [ 73.948781427568406, 15.619308747193877 ], [ 73.948036396312787, 15.618905119896343 ], [ 73.947364121408668, 15.618606750581687 ], [ 73.946487466302671, 15.618177227189273 ], [ 73.94573499609821, 15.61772549971713 ], [ 73.945237420160623, 15.617341696821709 ], [ 73.944691970306636, 15.616866655110128 ], [ 73.944624929036976, 15.616421893568317 ], [ 73.944685545555714, 15.615853431847633 ], [ 73.944809952341103, 15.615047725328552 ], [ 73.944966207996572, 15.614830191067876 ], [ 73.945375951157217, 15.614248643660911 ], [ 73.946045638015022, 15.613526093260854 ], [ 73.94699406581725, 15.612812814067571 ], [ 73.947809933724599, 15.612381390731048 ], [ 73.948713364015958, 15.611925414598762 ], [ 73.949645588905426, 15.611191824146827 ], [ 73.950753134395626, 15.610361150981031 ], [ 73.951272421715288, 15.609897233177655 ], [ 73.951920044153056, 15.609407285266448 ], [ 73.952464142940855, 15.609191586135074 ], [ 73.953446410279881, 15.608938526320284 ], [ 73.955104895228786, 15.608582391245921 ], [ 73.956182678635287, 15.608290784796539 ], [ 73.957189312776393, 15.608064810364201 ], [ 73.958311266345405, 15.607845860165174 ], [ 73.959434624879563, 15.607542980084371 ], [ 73.960469283762578, 15.607366646124023 ], [ 73.960922072394993, 15.607246894782964 ], [ 73.961837472737514, 15.607040788380827 ], [ 73.962346174309886, 15.606888077263617 ], [ 73.962484431320291, 15.606846631842217 ], [ 73.96325902972518, 15.60641444669411 ], [ 73.964334423613039, 15.605963998891403 ], [ 73.965067592615341, 15.605539238763136 ], [ 73.965827084950377, 15.605022967905732 ], [ 73.966742583209282, 15.604320315874173 ], [ 73.967327058574142, 15.603905292845276 ], [ 73.968130601595789, 15.603725524343222 ], [ 73.969023409308903, 15.603638956809196 ], [ 73.970028200107009, 15.603522131158636 ], [ 73.970550603682412, 15.602907669329134 ], [ 73.971455285326925, 15.601916500661737 ], [ 73.971596134875298, 15.601362857986445 ], [ 73.971665854022788, 15.600360446082355 ], [ 73.97185873039912, 15.600081533750584 ], [ 73.972748214345714, 15.598915475903171 ], [ 73.973207322626152, 15.598334598054098 ], [ 73.973120908289104, 15.597801572003807 ], [ 73.972883389236372, 15.596885097075321 ], [ 73.973537528951553, 15.595939062297163 ], [ 73.97426381416382, 15.595999574632318 ], [ 73.975071564894264, 15.596504214296935 ], [ 73.975581702872759, 15.596674506985746 ], [ 73.976084884297691, 15.596980233298929 ], [ 73.976340370554382, 15.597331941205596 ], [ 73.976634657743148, 15.598167635287822 ], [ 73.976699269069954, 15.598502906982395 ], [ 73.976900940851237, 15.598718290295437 ], [ 73.977082075348505, 15.598761691910902 ], [ 73.977395749977717, 15.598676010873124 ], [ 73.977543487807665, 15.598474953995945 ], [ 73.977601271938326, 15.598069185776854 ], [ 73.977661724963667, 15.597785439735313 ], [ 73.977853306867672, 15.59746304242149 ], [ 73.978094047278987, 15.597276900145079 ], [ 73.978393619256579, 15.597204564744565 ], [ 73.978943718790475, 15.597203751423249 ], [ 73.979223992260813, 15.597167275689401 ], [ 73.979782569196033, 15.596633468758739 ], [ 73.980042090684989, 15.596438561727695 ], [ 73.980271023640213, 15.59640585397292 ], [ 73.980599376741182, 15.596568959210396 ], [ 73.980875692234378, 15.596780908695948 ], [ 73.980998440729735, 15.59698148962215 ], [ 73.981177725595799, 15.597431474343795 ], [ 73.98140751105224, 15.597931890749663 ], [ 73.981567942077149, 15.598101486607685 ], [ 73.981710669104459, 15.598216519124502 ], [ 73.982024974350992, 15.598383934366575 ], [ 73.98232939543449, 15.598293592172555 ], [ 73.982644563063715, 15.59811756607219 ], [ 73.983001886832554, 15.597928601136141 ], [ 73.983315064693457, 15.597874619280356 ], [ 73.98359088701153, 15.597824517979644 ], [ 73.983855004281494, 15.597927857036289 ], [ 73.984204049176711, 15.597377334019301 ], [ 73.985349119092959, 15.595140046361523 ], [ 73.985509837578746, 15.594708669788494 ], [ 73.986376597741895, 15.592385819936553 ], [ 73.987059920127379, 15.591921669404345 ], [ 73.987457956443251, 15.591805666866604 ], [ 73.987986567377263, 15.591397903153933 ], [ 73.988107780651802, 15.590807823598357 ], [ 73.988806975370025, 15.588170794038083 ], [ 73.989003544720504, 15.587536725821623 ], [ 73.989088164223645, 15.586318131260963 ], [ 73.989549008049224, 15.58518651669894 ], [ 73.989809698246361, 15.58344650381351 ], [ 73.990038917764139, 15.582519332041851 ], [ 73.990874969019316, 15.584171684175823 ], [ 73.992352768628578, 15.58386844294594 ], [ 73.995568163322261, 15.583631718054459 ], [ 73.996106361076983, 15.583499671760391 ], [ 73.997591833197106, 15.583175698812653 ], [ 73.998325933752326, 15.583014034902371 ], [ 73.999388264339359, 15.583969308236552 ], [ 73.999837738188404, 15.58430192590871 ], [ 74.000634103670933, 15.584881666667311 ], [ 74.00123686424341, 15.585383023074566 ], [ 74.001407121939195, 15.58581484841932 ], [ 74.001940926033853, 15.586550081900855 ], [ 74.002397456149453, 15.587153308607935 ], [ 74.002912314774761, 15.587608214062149 ], [ 74.004169310283856, 15.588891850282403 ], [ 74.00465467811668, 15.589152079347208 ], [ 74.004997951336193, 15.589261099798696 ], [ 74.00527151798461, 15.589346519993764 ], [ 74.005536071835806, 15.589422712067787 ], [ 74.005929459370066, 15.589604644151935 ], [ 74.00679611532864, 15.590015803267372 ], [ 74.007322220861312, 15.590262365782937 ], [ 74.007724931111582, 15.59044449440338 ], [ 74.008211411957078, 15.590632451274873 ], [ 74.008817399278072, 15.590930598239446 ], [ 74.009331417080261, 15.591141505715132 ], [ 74.009722390841389, 15.591183371364076 ], [ 74.01041301114023, 15.591139447259227 ], [ 74.010833796392362, 15.591064402293444 ], [ 74.011240574214256, 15.590980105922627 ], [ 74.011660939054835, 15.590927499736612 ], [ 74.012141694038718, 15.590893997658522 ], [ 74.012488815640893, 15.590754470646562 ], [ 74.013543850111162, 15.590363561925626 ], [ 74.014081848439872, 15.590240477180684 ], [ 74.014534219355724, 15.590229078182041 ], [ 74.014943622054858, 15.590280270704602 ], [ 74.01562000764973, 15.590547875246637 ], [ 74.01625191136668, 15.590972862817029 ], [ 74.016488766564379, 15.591328626972496 ], [ 74.016563050051872, 15.591939716083521 ], [ 74.016854409631122, 15.593570483160317 ], [ 74.017096353784908, 15.594188478931542 ], [ 74.017895009971411, 15.595582774872234 ], [ 74.018229749195712, 15.596527508243597 ], [ 74.019279664167186, 15.597943469288966 ], [ 74.019668775720717, 15.598694699823792 ], [ 74.020175829782843, 15.599059121043226 ], [ 74.020434861689949, 15.599487648801862 ], [ 74.020743881249373, 15.600590000634293 ], [ 74.020731851909417, 15.600757036703969 ], [ 74.02089155260397, 15.601278983745281 ], [ 74.021239027244079, 15.602006957199613 ], [ 74.021341509746648, 15.602609358066942 ], [ 74.021496118790196, 15.60345191772187 ], [ 74.021720066993893, 15.603735392039578 ], [ 74.021813020167912, 15.60491669073239 ], [ 74.021829006586728, 15.60511948294935 ], [ 74.020797189074969, 15.606085184614519 ], [ 74.018380658078627, 15.606854306984975 ], [ 74.017702460581802, 15.607050071911818 ], [ 74.015891103032828, 15.607646983904388 ], [ 74.014779384868106, 15.608035282304735 ], [ 74.013424818844442, 15.608561491776594 ], [ 74.011977758685873, 15.609038309922799 ], [ 74.011064308585844, 15.609359365315768 ], [ 74.010422985134838, 15.609581999579655 ], [ 74.009620732093921, 15.609866424047427 ], [ 74.009392253686258, 15.610037706660387 ], [ 74.009311585872084, 15.610047353431892 ], [ 74.009200800241331, 15.610065346606135 ], [ 74.008835254192647, 15.610158692715277 ], [ 74.008095286740286, 15.610253922279693 ], [ 74.007265529082034, 15.610355283330465 ], [ 74.006607892225475, 15.610456838131391 ], [ 74.006240819939123, 15.61051458107171 ], [ 74.005631810685529, 15.610606622286541 ], [ 74.005176781654782, 15.610674473932063 ], [ 74.003559052371983, 15.610867139606251 ], [ 74.003296408339125, 15.61089324807566 ], [ 74.002072716072561, 15.611136948592746 ], [ 74.00127661110146, 15.611086122051917 ], [ 74.000640797916404, 15.611047901993757 ], [ 74.000084867417996, 15.611004120569264 ], [ 73.99989184731119, 15.610988953146473 ], [ 73.998593179854424, 15.610879522896024 ], [ 73.997930507042355, 15.610835847852435 ], [ 73.997772579622165, 15.610810845073269 ], [ 73.997253324641832, 15.610728444633311 ], [ 73.996715703605545, 15.610697466052979 ], [ 73.996701008964124, 15.610696561076207 ], [ 73.995693749595603, 15.61067631676257 ], [ 73.994624705000163, 15.610669068295918 ], [ 73.993358541285303, 15.610638109605706 ], [ 73.99133574008134, 15.611798317997945 ], [ 73.991071459318022, 15.611937808206674 ], [ 73.990515561158958, 15.612231215949359 ], [ 73.990238106602007, 15.613292172842458 ], [ 73.990208700251159, 15.613404620373394 ], [ 73.989227064427823, 15.614760172703127 ], [ 73.989100462159882, 15.614934998386815 ], [ 73.988779060222569, 15.615378820996797 ], [ 73.988664737026255, 15.615539344224706 ], [ 73.988169237095335, 15.616234988991458 ], [ 73.987852277327093, 15.616680203413962 ], [ 73.987016883638731, 15.617414718106168 ], [ 73.987001702110447, 15.61742806737317 ], [ 73.986823797056658, 15.617584480401547 ], [ 73.985942575814065, 15.618445995301412 ], [ 73.98529944135943, 15.619307914927077 ], [ 73.985290965754714, 15.619319942133565 ], [ 73.985176204180547, 15.619473736665112 ], [ 73.985067575404813, 15.619619314838467 ], [ 73.984418327914696, 15.620430606017434 ], [ 73.984401779150531, 15.620446899150547 ], [ 73.98432258367508, 15.620525025367643 ], [ 73.98388065567444, 15.620960489048818 ], [ 73.983433645005903, 15.621424964050528 ], [ 73.983421080270006, 15.621437781864513 ], [ 73.983263179799266, 15.621600109339212 ], [ 73.983260519887722, 15.621602754914431 ], [ 73.983080039363969, 15.621805575614617 ], [ 73.982891312305938, 15.622024662302634 ], [ 73.982784414583776, 15.622134879927879 ], [ 73.982773773140892, 15.62214560667773 ], [ 73.982530341377, 15.622391052624945 ], [ 73.982193967218862, 15.622748600687441 ], [ 73.981947270078905, 15.623008259077354 ], [ 73.981724984656793, 15.623251873385557 ], [ 73.981478310873058, 15.623490210144443 ], [ 73.981163602282905, 15.623790583760247 ], [ 73.98115415020952, 15.623799632084383 ], [ 73.980894875757258, 15.624044928114284 ], [ 73.980843176814346, 15.62409384038731 ], [ 73.980628669005966, 15.624414986395912 ], [ 73.980588912266427, 15.62447450841724 ], [ 73.980507882431183, 15.624649301590811 ], [ 73.980287809559613, 15.625073896682615 ], [ 73.980287358605338, 15.62507487859137 ], [ 73.980155914418006, 15.625303181334386 ], [ 73.979988800825708, 15.625621623691424 ], [ 73.979376546857296, 15.626643619330078 ], [ 73.979050523986174, 15.62712547619911 ], [ 73.978656209390508, 15.627103569903037 ], [ 73.978500228619538, 15.627094943033095 ], [ 73.97824923214263, 15.627081206826871 ], [ 73.978182009413302, 15.627077464363694 ], [ 73.978108094235097, 15.627073348173157 ], [ 73.977697627032327, 15.627050656352084 ], [ 73.977538445563951, 15.627041842616235 ], [ 73.977250145646593, 15.627009668324726 ], [ 73.977207442432928, 15.627022353427549 ], [ 73.977015785968717, 15.627073939042891 ], [ 73.976844016408336, 15.627120008708975 ], [ 73.976672509155946, 15.627127685687956 ], [ 73.976581447833908, 15.62684933315971 ], [ 73.976561057873596, 15.626799223366445 ], [ 73.975940074077258, 15.626954195754411 ], [ 73.973550579676015, 15.627587779646921 ] ] ] } },
{ "type": "Feature", "properties": { "gp_id": "254439", "gp_name": "MAYEM", "terrain__analysis_area_km2": 1.7876912828513455e-09, "terrain__aspect_cos_max": 1, "terrain__aspect_cos_mean": -0.0718390714827572, "terrain__aspect_cos_min": -1, "terrain__aspect_cos_std": 0.71181684158190595, "terrain__aspect_sin_max": 1, "terrain__aspect_sin_mean": -0.13074099821877849, "terrain__aspect_sin_min": -1, "terrain__aspect_sin_std": 0.6860943063645063, "terrain__elevation_max": 168, "terrain__elevation_mean": 34.872329577808593, "terrain__elevation_min": -4, "terrain__elevation_std": 32.905070137972373, "terrain__geometry_status": "PARTIAL_BLOCK_INTERSECTION", "terrain__laplacian_curvature_max": 20, "terrain__laplacian_curvature_mean": 0.0097486760811299998, "terrain__laplacian_curvature_min": -25, "terrain__laplacian_curvature_std": 3.538614202487218, "terrain__resolution": "RETAIN_SOURCE_AND_CLIP_FOR_ANALYSIS", "terrain__slope_max": 28, "terrain__slope_mean": 6.2513250341515167, "terrain__slope_min": 0, "terrain__slope_std": 4.8841281107856505, "terrain__source_area_km2": 2.498645618526105e-09, "terrain__source_feature_count": 2, "terrain__tpi_max": 38.589905362775902, "terrain__tpi_mean": 0.0012706841540729001, "terrain__tpi_min": -44.92744479495299, "terrain__tpi_std": 8.6968958255425655, "terrain__tri_max": 21.596064731580299, "terrain__tri_mean": 4.7662141526183062, "terrain__tri_min": 0.377739694831149, "terrain__tri_std": 3.451537922327649, "terrain__aspect_mean_deg": 241.21225128702628, "terrain__aspect_resultant_length": 0.14917795013589419, "landcover__source_feature_count": 2, "landcover__source_unique_geometry_count": 2, "landcover__geometry_status": "PARTIAL_BLOCK_INTERSECTION", "landcover__resolution": "RETAIN_SOURCE_AND_CLIP_FOR_ANALYSIS", "landcover__source_area_km2": 2.498645618526105e-09, "landcover__analysis_area_km2": 1.7876912828513455e-09, "landcover__analysis_coverage_pct_of_source": 71.546411767902669, "landcover__analysis_geometry_type": "Polygon", "landcover__centroid_lat": 15.579719611360916, "landcover__centroid_lon": 73.916948506937203, "landcover__state": "goa", "landcover__district": "north goa", "landcover__block": "Bicholim", "landcover__block_lgd": 5930, "landcover__block_code11": 4, "landcover__source_layer": "Official Gram Manchitra GP", "landcover__source_snapshot": "gram_manchitra_gp_20260917T064631Z.geojson", "landcover__block_snapshot": "gram_manchitra_all_blocks_20260917T064613Z.geojson", "landcover__synthetic_geometry": false, "landcover__source_geometry_wkt": "MULTIPOLYGON (((73.92195068140963 15.600772861585618, 73.92232989802027 15.600783374878393, 73.92268648876389 15.600689790893366, 73.92330548099525 15.600312551705512, 73.92380351687022 15.599895735612645, 73.92428862508996 15.599172671754411, 73.92483145815153 15.598393420753215, 73.9251327971153 15.597808545781064, 73.92552242789505 15.597177860981436, 73.9257755857185 15.596536471246898, 73.92591702635833 15.596213238745497, 73.92614530264505 15.595933774810725, 73.92654514726961 15.595572044137239, 73.92704051963975 15.595018423282584, 73.92773149836643 15.594099572068785, 73.9281628846372 15.593592130002643, 73.92844973377544 15.593299410301872, 73.92872678139557 15.593011256124491, 73.92908679561872 15.59270550313414, 73.9292737143681 15.592576311958503, 73.92952338493161 15.592476369796163, 73.93034057965065 15.592246903944057, 73.93121973117482 15.592019793931106, 73.93189449800555 15.59171595082047, 73.93232904814278 15.591312296915994, 73.93363524258332 15.589787079660129, 73.93429862326781 15.589368040952229, 73.935190830008 15.58832372069104, 73.93567856759657 15.587637924172684, 73.93602735826856 15.58723523395881, 73.93690320668745 15.586318356234115, 73.93772202915375 15.585197962702937, 73.93764129306757 15.583598785879516, 73.93911557756914 15.583700625621718, 73.94020577389628 15.583725195596296, 73.94116964373825 15.582987528311724, 73.94195572261246 15.582031173980056, 73.9423911728616 15.581434941177317, 73.94307175269051 15.58112009738408, 73.94378351663623 15.580772549786175, 73.94470577112433 15.580449442170805, 73.94556881765212 15.579990549100689, 73.94655315920107 15.579370985066065, 73.94677407109911 15.579124412938787, 73.94728576855293 15.578409032622444, 73.94758798067916 15.577984122896929, 73.94808685737723 15.577306953709607, 73.94853545177561 15.576560548722139, 73.94873253406412 15.57587882582953, 73.9483120210015 15.575338418232723, 73.94786135957968 15.574628776590734, 73.94733485609332 15.5735377943695, 73.94714009415323 15.572881723049035, 73.94703889444487 15.571996988431057, 73.94714827780544 15.571177534244216, 73.94738581572277 15.569980657285182, 73.9476086131846 15.569293627862539, 73.9476513074151 15.568962018269223, 73.94780306161267 15.568305021127065, 73.94793483638003 15.567697422681915, 73.9478295466422 15.567620544110557, 73.94710004635952 15.567426796829833, 73.94617077782567 15.567251099944789, 73.94542218834322 15.567116785397516, 73.9447901382009 15.566952614015731, 73.94415474812234 15.566770822835144, 73.94363544642962 15.566587277400284, 73.94331537579558 15.566328090219292, 73.94301627543352 15.565932603970928, 73.94288733395258 15.565607416915588, 73.94266090100882 15.564806444976744, 73.9425704002355 15.56457143320565, 73.94244366771186 15.564624154309993, 73.94215081064104 15.564435303951162, 73.94192399770989 15.56408354232817, 73.94155241138927 15.563534933705531, 73.94105553344265 15.562892221362416, 73.94034668812334 15.562287265382947, 73.93973737434082 15.562062873315671, 73.93924113419808 15.562034845275587, 73.93812912138598 15.562181860905172, 73.93762772940511 15.56217423861228, 73.93705637123999 15.56221677477603, 73.936781671816 15.562212597573343, 73.93665256684169 15.562354059918412, 73.93643529132392 15.562719564147846, 73.93580082291685 15.56339630715019, 73.93551998620283 15.563771088092038, 73.93511944358733 15.564359184824026, 73.93457955699989 15.565068097785785, 73.93350851275461 15.564642006946887, 73.93299428923822 15.564419039256737, 73.9318098551462 15.563817053410892, 73.93067825636594 15.563215863682462, 73.92982544973412 15.563018462082509, 73.92864476970168 15.562611161345995, 73.92790110298701 15.56220097461678, 73.92753372168019 15.561396287292325, 73.92746575424749 15.561026441657761, 73.92726376176765 15.560449658164552, 73.9271051974419 15.559801826038129, 73.92677501087942 15.558659629684513, 73.92630665174818 15.557566549829376, 73.92611490096087 15.557010412983303, 73.9257554427949 15.556369758968861, 73.92473130498051 15.556313142280688, 73.92370566877621 15.556348698414222, 73.92245733392481 15.55643206915484, 73.9204553844152 15.556719042275834, 73.91938681772352 15.556794895953749, 73.91932014386482 15.555697699823153, 73.91856936698463 15.55572718867315, 73.91799918381591 15.555676846898228, 73.91662459703953 15.555737753598933, 73.91554645700182 15.555762217007882, 73.91467924857935 15.555810395237653, 73.91454613891551 15.556197651007967, 73.91397511312705 15.557520700808903, 73.9136518561687 15.557905043017826, 73.91254147829041 15.557314314319667, 73.91189422865347 15.55683313216465, 73.91064300212514 15.555809957340335, 73.90977512355947 15.555899079809688, 73.90878282742865 15.555842863676718, 73.90669876830886 15.5553833324094, 73.90626583334252 15.55592339607993, 73.90577957977078 15.556299928371644, 73.90461108179191 15.556787921650109, 73.90403892771947 15.557289657244835, 73.90408517927852 15.557597563250306, 73.90433645333484 15.557908638758567, 73.9050751577559 15.558335642691967, 73.90567013981635 15.558715310232481, 73.90583115294957 15.559133365165684, 73.90592342609892 15.559758299365406, 73.90585649711868 15.560714979706868, 73.90599545930662 15.56134061525836, 73.90580887383219 15.561916003850982, 73.90737605042236 15.562172385827376, 73.91042040498763 15.56247539771619, 73.9137238318842 15.563097727358626, 73.91486733963018 15.563451901609296, 73.91470542638507 15.564031064255648, 73.91472642630146 15.564613029944345, 73.91517137174316 15.566000022117612, 73.9155657977299 15.566745442584212, 73.91485030667408 15.56761187666428, 73.91411689782163 15.56833015715488, 73.91310588439352 15.569241346689239, 73.91247617256587 15.569833053599318, 73.91213728492158 15.570044373003615, 73.91103636001502 15.569613429198203, 73.91034015758498 15.569297131676812, 73.9097060583855 15.568912778733035, 73.9084564209769 15.568252791623859, 73.9073025376894 15.56765342000113, 73.90601001201419 15.567130776572423, 73.90508881214821 15.566278649287632, 73.90455169866006 15.56554035257606, 73.90411556119972 15.565707572911542, 73.90314918775307 15.566085779955136, 73.90264282090213 15.566552306291783, 73.90234441493782 15.567130540328556, 73.90186404802613 15.568848972667052, 73.90170861882073 15.569804322222465, 73.90141250984856 15.570522700627548, 73.90138939260304 15.571077986654085, 73.9011544858512 15.572325798946181, 73.90162013925682 15.572924886098777, 73.90168985391276 15.573504247919605, 73.9015975924415 15.574013361241308, 73.90110981532705 15.574484690351664, 73.89985267429091 15.574682147575638, 73.89927438113179 15.574415749407498, 73.89862886524335 15.574844019662397, 73.89785375300215 15.57463782016003, 73.89743579564654 15.575110336799979, 73.89691202932686 15.574930575106347, 73.89640794958666 15.573843068802258, 73.89665717368753 15.573417697067104, 73.89603528438934 15.572974351392581, 73.89594514833206 15.572214003014668, 73.89473775240307 15.571657673856409, 73.89430415358174 15.57194921378001, 73.89384664340416 15.571996264140108, 73.8928156119183 15.571483393692668, 73.89262514931514 15.570879599182547, 73.89161737970353 15.571505594951539, 73.89170995917841 15.572103452248305, 73.89123112119935 15.572597489640541, 73.89058574724471 15.572727561314396, 73.89003393462357 15.572551890591985, 73.88929711037639 15.572576588239015, 73.8887501747089 15.572956740908236, 73.88847288634028 15.573377092918866, 73.88870214987551 15.57389117010931, 73.88893322621097 15.574576949342063, 73.88858836656668 15.57514081193736, 73.88805979066697 15.575534736731992, 73.88762426675599 15.575939191777493, 73.8872580847001 15.576385266344118, 73.88709619481118 15.576875267972184, 73.88714511795988 15.578145532900553, 73.88719449655439 15.579393216624185, 73.8873994498814 15.579970177154205, 73.88749041238876 15.581241079716882, 73.88820812497829 15.581527788048557, 73.88894098136686 15.58260083611065, 73.88898522069965 15.583310906233926, 73.8889847778302 15.58362263421219, 73.88875873116199 15.584043814122744, 73.8885276602164 15.584487505395664, 73.8884371459684 15.584892660143044, 73.88855075320743 15.585915514604425, 73.88898893613164 15.587051794191542, 73.88935883272124 15.587518298033945, 73.88986279388385 15.588054684683298, 73.89034855068721 15.588563689270945, 73.89075827677989 15.588872754627426, 73.89140201310575 15.588851115074995, 73.89181604482357 15.588898114840532, 73.89282875067764 15.589117059296726, 73.89376998926268 15.589705390679873, 73.89434597914135 15.59039646186642, 73.89473308924843 15.591238293787155, 73.8954261853042 15.592464334958864, 73.89606904128111 15.593910996256975, 73.8963663737587 15.595392933707048, 73.89646221142307 15.5963702537191, 73.89650904329378 15.596926668237762, 73.89655834103996 15.5976142308205, 73.89634905513833 15.598153140931213, 73.89550000166777 15.598754522624324, 73.89497254956048 15.598796001693868, 73.89471394165817 15.598642921043544, 73.89407813386299 15.598755142128185, 73.89361687232082 15.59902360258106, 73.89283677442975 15.59940011388746, 73.89207649786546 15.599709149951847, 73.89170726243592 15.600046854732126, 73.89134021979397 15.600538111583894, 73.89143473334165 15.601027479351051, 73.8916882837289 15.602052547978674, 73.89185108630615 15.60320708762659, 73.89157536639598 15.603817283086123, 73.89139421932232 15.604163724878012, 73.89248250223791 15.604271872150829, 73.89295150276625 15.604147069659955, 73.89407490980945 15.603862599192176, 73.89585751767609 15.603126137685503, 73.89810851701336 15.601874991075166, 73.90083278387661 15.60006835639914, 73.90304663787686 15.599130972993269, 73.9055931362302 15.598076066965202, 73.9078850385573 15.597242269971112, 73.9092138400003 15.596885411156277, 73.9100847422952 15.59780314499725, 73.91123932267537 15.5991790173302, 73.91135140727 15.599463684641046, 73.91115835033229 15.601158418140686, 73.91105009884896 15.60174259658378, 73.91086620023559 15.60406724312783, 73.91078983086003 15.606284550360774, 73.91383589761423 15.604726345136156, 73.91558583195736 15.603602496062553, 73.91646619980044 15.603087608129092, 73.91728195541835 15.602576641778345, 73.91787155836688 15.602213117111223, 73.91872490219124 15.601782888838034, 73.91993423309134 15.601241910004598, 73.92079104800597 15.600896609695479, 73.92122574995848 15.600785361424325, 73.92195068140963 15.600772861585618)), ((74.25978535736803 15.597842943111878, 74.2596921463775 15.597408508423614, 74.25959213693692 15.596319244415293, 74.25984420600228 15.59500321920292, 74.26010945964104 15.593764164259614, 74.26024908478568 15.592930200927183, 74.26024765736268 15.592633030277762, 74.25968843903031 15.591966352172703, 74.25732343539869 15.589508261120523, 74.25557744106636 15.587575778327889, 74.25452240839272 15.586413529369256, 74.25338002533749 15.585146498078988, 74.25168724091439 15.583467470737148, 74.24924449078986 15.58088666267371, 74.24874366564592 15.580382352387044, 74.24874412109178 15.580381472370513, 74.24874128061886 15.58037861166778, 74.2488467607995 15.580174510031, 74.24922520755396 15.579442232995978, 74.24940624503319 15.579155010355214, 74.2505344167406 15.577365101425482, 74.25038723856109 15.577156489344391, 74.24990796579743 15.576477155853945, 74.2499074043504 15.57647600324402, 74.24990557807543 15.576473415063603, 74.24922318185301 15.57507284038135, 74.24901400824078 15.574708615432357, 74.24825671767648 15.573252845369572, 74.2461649833509 15.569005354347272, 74.24530561722085 15.567195889867815, 74.24522300275743 15.566760729233733, 74.24519297297579 15.566602556273299, 74.24539463757056 15.566661864008443, 74.2463806679523 15.566951849034979, 74.24586432531011 15.565864747060852, 74.24578168928716 15.565429542072687, 74.24575165231897 15.565271351646503, 74.24557862960876 15.565177983403016, 74.24551120386016 15.565141597174188, 74.24454359522997 15.565336296783476, 74.24345859655507 15.565592691804534, 74.24276731329955 15.566017004076096, 74.24193796976463 15.566647305122796, 74.24131626102785 15.567095207591013, 74.24067590865565 15.567542773323957, 74.2396817116897 15.567962983234123, 74.23890488456458 15.568178336261683, 74.23819196179217 15.56848940182856, 74.23767073231488 15.568757913084827, 74.2363166828225 15.569245541056233, 74.23633696498497 15.569453624646663, 74.2360105908726 15.57074580621338, 74.23555232161861 15.57149402357543, 74.2351423996932 15.572125419798134, 74.23463488479534 15.573053695038558, 74.23372733842338 15.574247646592134, 74.23274785765838 15.575259843014445, 74.23167145765741 15.576202984211596, 74.23096242009858 15.57655925419978, 74.22974144523577 15.576542613183756, 74.22901115982553 15.57644230238083, 74.22805048259607 15.576153611419059, 74.2264609047177 15.57551755220777, 74.22380827490511 15.574912076096368, 74.22347701934746 15.575250931002367, 74.22313254058881 15.575865191763958, 74.22297144301396 15.576043671094531, 74.22291849002292 15.576155909719919, 74.22269016612546 15.576473543996725, 74.22251763838695 15.576800955914644, 74.222184008582 15.577306933807249, 74.22188743877409 15.577822440191616, 74.22168528190254 15.578266920221512, 74.22146081806588 15.578634298990501, 74.22124232173762 15.578915920326049, 74.2211387711382 15.578986826615381, 74.22112424897333 15.579018258213111, 74.22093061891047 15.579196301284517, 74.22085946874668 15.57927667484472, 74.21992784123691 15.579878327279737, 74.21927322541464 15.580976193083233, 74.21857202565668 15.582078046376465, 74.2185952012927 15.582087389876788, 74.21956818094998 15.582489239594814, 74.22043452070155 15.582857950292816, 74.22060462119217 15.583018427140908, 74.2202902081478 15.584121009305038, 74.21978115623246 15.584511615807749, 74.21910872232654 15.585234271832372, 74.21822856558757 15.586134870653273, 74.21727990871494 15.586939610838916, 74.21827204225069 15.58731003458517, 74.21895901808443 15.587504702812868, 74.2197008261848 15.587785902713991, 74.22109622243478 15.588957057920211, 74.22219030038224 15.58969482663421, 74.22301433577213 15.590081067655817, 74.22406577608295 15.590230956671984, 74.22553809507072 15.589952894112301, 74.2266469386265 15.589674340569589, 74.22725428060696 15.589899494213967, 74.22955074008746 15.591620421925429, 74.23053304785066 15.592677404860703, 74.23182292169913 15.593417858926625, 74.23272518777387 15.593556652126466, 74.23292963894262 15.59360009636537, 74.23320344723787 15.593689655843102, 74.23353847392309 15.593734813248993, 74.23399956209043 15.593763701350897, 74.23408305241126 15.59378746284346, 74.2341949896822 15.593779946417953, 74.23439002471014 15.593832235191735, 74.23456248956658 15.593834605110544, 74.2346136010113 15.59384886701994, 74.23480480831786 15.593842394952945, 74.23508401458963 15.593873284361772, 74.23529395536312 15.593862625353143, 74.23540089081453 15.593882111636786, 74.23582989924476 15.593874392746365, 74.23608114186007 15.59390946476566, 74.23618366119355 15.593910883774559, 74.23683380969389 15.594077807606151, 74.2374373535973 15.594253196887461, 74.23776718891851 15.594325434689804, 74.23796261291697 15.594350712030964, 74.23814842763687 15.594398339572386, 74.23836190687426 15.594468974886286, 74.23862699073145 15.594508699236128, 74.23879415912096 15.594560697966706, 74.23932913282215 15.594626732710152, 74.23941329957437 15.594614368340086, 74.23976687736852 15.59465979030785, 74.2400352751108 15.594473699134696, 74.24087709714333 15.59428623810562, 74.24237806071054 15.593967783427418, 74.24388674799255 15.593432530994093, 74.24485802085076 15.592998397597547, 74.24628234734445 15.59346497272525, 74.24812534894765 15.593679625861919, 74.24929972011184 15.595252206198593, 74.24976048308903 15.596172023917363, 74.25013176757578 15.596333878204913, 74.25076003131916 15.596886761790897, 74.25153225008685 15.597481765226748, 74.25192530793943 15.597359375206828, 74.2522300640945 15.597208841603317, 74.25256660893257 15.5971310474065, 74.25277687579447 15.59709253229875, 74.25309380322335 15.597104792691255, 74.25341465269675 15.597198367063017, 74.25401309506766 15.597480020914443, 74.2544038128089 15.597565307904828, 74.25493188385542 15.597466781099067, 74.25529168338124 15.597402680203402, 74.25563991799606 15.597537225005595, 74.25604839722713 15.59771303962153, 74.25629851694829 15.597873556774704, 74.2567458429255 15.597900824578929, 74.2576930867482 15.59784715593011, 74.25841592692133 15.59785006830345, 74.25992889377738 15.598134614594773, 74.25978535736803 15.597842943111878)))", "landcover__water_fraction": 0.052411575616774397, "landcover__trees_fraction": 0.4854090593144833, "landcover__grass_fraction": 0.052305523566145297, "landcover__flooded_vegetation_fraction": 0.054364105757760302, "landcover__crops_fraction": 0.067459641134018505, "landcover__shrub_fraction": 0.14119145474765199, "landcover__built_fraction": 0.067543586927435201, "landcover__bare_fraction": 0.0414630354260987, "landcover__snow_ice_fraction": 0.037813621830565997, "landcover__dominant_landcover": "trees", "landcover__dominant_probability": 0.4854090593144833, "landcover__landcover_entropy": 1.7141867976722356, "landcover__valid_pixel_fraction": 1, "landcover__landcover_probability_sum": 0.99996160432093395, "sentinel2__NDVI_hist_mean": 0.55498139980552152, "sentinel2__NDVI_hist_std": 0.092614580586067002, "sentinel2__NDVI_hist_min": 0.27842993683492728, "sentinel2__NDVI_hist_max": 0.72902556710855393, "sentinel2__EVI_hist_mean": 337507082.76869118, "sentinel2__EVI_hist_std": 4490239685.550293, "sentinel2__EVI_hist_min": 0.23179473245428711, "sentinel2__EVI_hist_max": 59738753592.640747, "sentinel2__SAVI_hist_mean": 0.3098004818183428, "sentinel2__SAVI_hist_std": 0.0538638673753895, "sentinel2__SAVI_hist_min": 0.1960075641044379, "sentinel2__SAVI_hist_max": 0.45717240710248169, "sentinel2__NDMI_hist_mean": 0.0551306210604465, "sentinel2__NDMI_hist_std": 0.074761379750016302, "sentinel2__NDMI_hist_min": -0.039544936330653903, "sentinel2__NDMI_hist_max": 0.25916011482374918, "sentinel2__NBR_hist_mean": 0.29926748006811221, "sentinel2__NBR_hist_std": 0.096477184338526298, "sentinel2__NBR_hist_min": 0.1724326807679242, "sentinel2__NBR_hist_max": 0.54264056414908579, "sentinel2__NDVI_7d_mean": null, "sentinel2__EVI_7d_mean": null, "sentinel2__SAVI_7d_mean": null, "sentinel2__NDMI_7d_mean": null, "sentinel2__NBR_7d_mean": null, "sentinel2__NDVI_30d_mean": null, "sentinel2__EVI_30d_mean": null, "sentinel2__SAVI_30d_mean": null, "sentinel2__NDMI_30d_mean": null, "sentinel2__NBR_30d_mean": null, "sentinel2__NDVI_60d_mean": null, "sentinel2__EVI_60d_mean": null, "sentinel2__SAVI_60d_mean": null, "sentinel2__NDMI_60d_mean": null, "sentinel2__NBR_60d_mean": null, "sentinel2__NDVI_30d_change": null, "sentinel2__observation_count": 350, "sentinel2__latest_observation_date": "2026-05-03", "sentinel2__days_since_latest_observation": 139, "sentinel1__s1_observation_count": 118, "sentinel1__s1_unique_image_count": 118, "sentinel1__s1_first_date": "2021-09-20", "sentinel1__s1_last_date": "2026-09-13", "sentinel1__s1_ascending_count": 0, "sentinel1__s1_descending_count": 118, "sentinel1__s1_vv_db_mean": -8.4309551106585534, "sentinel1__s1_vv_db_median": -8.4850946499530693, "sentinel1__s1_vv_db_std": 0.69262364266435694, "sentinel1__s1_vv_db_min": -9.4528052404385008, "sentinel1__s1_vv_db_max": -7.3276261629975297, "sentinel1__s1_vv_db_count": 118, "sentinel1__s1_vh_db_mean": -14.865411553839731, "sentinel1__s1_vh_db_median": -14.992727969724154, "sentinel1__s1_vh_db_std": 0.51777546960127574, "sentinel1__s1_vh_db_min": -15.604965794803441, "sentinel1__s1_vh_db_max": -13.608297190393564, "sentinel1__s1_vh_db_count": 118, "sentinel1__s1_vv_vh_diff_db_mean": 6.4344564431811868, "sentinel1__s1_vv_vh_diff_db_median": 6.4032346347100448, "sentinel1__s1_vv_vh_diff_db_std": 0.27552474289456258, "sentinel1__s1_vv_vh_diff_db_min": 5.9134848753469385, "sentinel1__s1_vv_vh_diff_db_max": 7.1497300755782103, "sentinel1__s1_vv_vh_diff_db_count": 118, "sentinel1__s1_incidence_angle_deg_mean": 38.433641312333016, "sentinel1__s1_incidence_angle_deg_median": 38.424719408599948, "sentinel1__s1_incidence_angle_deg_std": 0.020386941193487398, "sentinel1__s1_incidence_angle_deg_min": 38.410599653987489, "sentinel1__s1_incidence_angle_deg_max": 38.484386815719056, "sentinel1__s1_incidence_angle_deg_count": 118, "sentinel1__s1_valid_fraction_mean": 1.0, "sentinel1__s1_valid_fraction_median": 1.0, "sentinel1__s1_valid_fraction_std": 0.0, "sentinel1__s1_valid_fraction_min": 1.0, "sentinel1__s1_valid_fraction_max": 1.0, "sentinel1__s1_valid_fraction_count": 118, "sentinel1__s1_vv_db_ascending_mean": null, "sentinel1__s1_vv_db_ascending_median": null, "sentinel1__s1_vv_db_ascending_std": null, "sentinel1__s1_vv_db_ascending_min": null, "sentinel1__s1_vv_db_ascending_max": null, "sentinel1__s1_vv_db_ascending_count": 0, "sentinel1__s1_vh_db_ascending_mean": null, "sentinel1__s1_vh_db_ascending_median": null, "sentinel1__s1_vh_db_ascending_std": null, "sentinel1__s1_vh_db_ascending_min": null, "sentinel1__s1_vh_db_ascending_max": null, "sentinel1__s1_vh_db_ascending_count": 0, "sentinel1__s1_vv_vh_diff_db_ascending_mean": null, "sentinel1__s1_vv_vh_diff_db_ascending_median": null, "sentinel1__s1_vv_vh_diff_db_ascending_std": null, "sentinel1__s1_vv_vh_diff_db_ascending_min": null, "sentinel1__s1_vv_vh_diff_db_ascending_max": null, "sentinel1__s1_vv_vh_diff_db_ascending_count": 0, "sentinel1__s1_incidence_angle_deg_ascending_mean": null, "sentinel1__s1_incidence_angle_deg_ascending_median": null, "sentinel1__s1_incidence_angle_deg_ascending_std": null, "sentinel1__s1_incidence_angle_deg_ascending_min": null, "sentinel1__s1_incidence_angle_deg_ascending_max": null, "sentinel1__s1_incidence_angle_deg_ascending_count": 0, "sentinel1__s1_vv_db_descending_mean": -8.4309551106585534, "sentinel1__s1_vv_db_descending_median": -8.4850946499530693, "sentinel1__s1_vv_db_descending_std": 0.69262364266435694, "sentinel1__s1_vv_db_descending_min": -9.4528052404385008, "sentinel1__s1_vv_db_descending_max": -7.3276261629975297, "sentinel1__s1_vv_db_descending_count": 118, "sentinel1__s1_vh_db_descending_mean": -14.865411553839731, "sentinel1__s1_vh_db_descending_median": -14.992727969724154, "sentinel1__s1_vh_db_descending_std": 0.51777546960127574, "sentinel1__s1_vh_db_descending_min": -15.604965794803441, "sentinel1__s1_vh_db_descending_max": -13.608297190393564, "sentinel1__s1_vh_db_descending_count": 118, "sentinel1__s1_vv_vh_diff_db_descending_mean": 6.4344564431811868, "sentinel1__s1_vv_vh_diff_db_descending_median": 6.4032346347100448, "sentinel1__s1_vv_vh_diff_db_descending_std": 0.27552474289456258, "sentinel1__s1_vv_vh_diff_db_descending_min": 5.9134848753469385, "sentinel1__s1_vv_vh_diff_db_descending_max": 7.1497300755782103, "sentinel1__s1_vv_vh_diff_db_descending_count": 118, "sentinel1__s1_incidence_angle_deg_descending_mean": 38.433641312333016, "sentinel1__s1_incidence_angle_deg_descending_median": 38.424719408599948, "sentinel1__s1_incidence_angle_deg_descending_std": 0.020386941193487398, "sentinel1__s1_incidence_angle_deg_descending_min": 38.410599653987489, "sentinel1__s1_incidence_angle_deg_descending_max": 38.484386815719056, "sentinel1__s1_incidence_angle_deg_descending_count": 118, "sentinel1__s1_obs_count_last_7d": 1, "sentinel1__s1_vv_last_7d_mean": -7.7150434533021031, "sentinel1__s1_vv_last_7d_median": -7.7150434533021031, "sentinel1__s1_vh_last_7d_mean": -14.382722031192269, "sentinel1__s1_vh_last_7d_median": -14.382722031192269, "sentinel1__s1_vv_vh_diff_last_7d_mean": 6.6676785778901184, "sentinel1__s1_vv_vh_diff_last_7d_median": 6.6676785778901184, "sentinel1__s1_incidence_angle_last_7d_mean": 38.424969914896565, "sentinel1__s1_incidence_angle_last_7d_median": 38.424969914896565, "sentinel1__s1_obs_count_last_30d": 3, "sentinel1__s1_vv_last_30d_mean": -7.640205994862316, "sentinel1__s1_vv_last_30d_median": -7.6798278846945376, "sentinel1__s1_vh_last_30d_mean": -14.263146461287135, "sentinel1__s1_vh_last_30d_median": -14.305527683041698, "sentinel1__s1_vv_vh_diff_last_30d_mean": 6.6229404664247822, "sentinel1__s1_vv_vh_diff_last_30d_median": 6.6256997983471244, "sentinel1__s1_incidence_angle_last_30d_mean": 38.428751082006421, "sentinel1__s1_incidence_angle_last_30d_median": 38.429536912740048, "sentinel1__s1_obs_count_last_90d": 8, "sentinel1__s1_vv_last_90d_mean": -7.6687160187620256, "sentinel1__s1_vv_last_90d_median": -7.6974356689983203, "sentinel1__s1_vh_last_90d_mean": -14.321862565895009, "sentinel1__s1_vh_last_90d_median": -14.344124857116984, "sentinel1__s1_vv_vh_diff_last_90d_mean": 6.6531465471329643, "sentinel1__s1_vv_vh_diff_last_90d_median": 6.6466891881186214, "sentinel1__s1_incidence_angle_last_90d_mean": 38.42641604008989, "sentinel1__s1_incidence_angle_last_90d_median": 38.42739113192566, "sentinel1__s1_obs_count_last_365d": 31, "sentinel1__s1_vv_last_365d_mean": -8.4663827917769137, "sentinel1__s1_vv_last_365d_median": -8.5059613091115303, "sentinel1__s1_vh_last_365d_mean": -14.887692167080081, "sentinel1__s1_vh_last_365d_median": -15.004284954608719, "sentinel1__s1_vv_vh_diff_last_365d_mean": 6.4213093753031751, "sentinel1__s1_vv_vh_diff_last_365d_median": 6.3955716486806526, "sentinel1__s1_incidence_angle_last_365d_mean": 38.422989537478017, "sentinel1__s1_incidence_angle_last_365d_median": 38.423313584824662, "soil__soil_clay_rootzone_0_30cm_pct": 34.260572962153219, "soil__soil_sand_rootzone_0_30cm_pct": 35.805576956561957, "soil__soil_soc_rootzone_0_30cm_g_kg": 23.383452309123008, "soil__soil_bdod_rootzone_0_30cm_kg_dm3": 1.3560989839961233, "lst__lst_mean_c": 34.559946804759882, "lst__lst_median_c": 33.996725233006757, "lst__lst_std_c": 4.0849069147991708, "lst__lst_valid_months": 51 }, "geometry": { "type": "Polygon", "coordinates": [ [ [ 73.922329898020266, 15.600783374878393 ], [ 73.922686488763887, 15.600689790893366 ], [ 73.923305480995253, 15.600312551705512 ], [ 73.923803516870223, 15.599895735612645 ], [ 73.924288625089957, 15.599172671754411 ], [ 73.92483145815153, 15.598393420753215 ], [ 73.925132797115296, 15.597808545781064 ], [ 73.925522427895046, 15.597177860981436 ], [ 73.925775585718497, 15.596536471246898 ], [ 73.925917026358334, 15.596213238745497 ], [ 73.926145302645054, 15.595933774810725 ], [ 73.926545147269607, 15.595572044137239 ], [ 73.927040519639746, 15.595018423282584 ], [ 73.927731498366427, 15.594099572068785 ], [ 73.928162884637203, 15.593592130002643 ], [ 73.928449733775437, 15.593299410301872 ], [ 73.928726781395568, 15.593011256124491 ], [ 73.929086795618716, 15.592705503134139 ], [ 73.929273714368094, 15.592576311958503 ], [ 73.929523384931613, 15.592476369796163 ], [ 73.930340579650647, 15.592246903944057 ], [ 73.931219731174821, 15.592019793931106 ], [ 73.931894498005548, 15.59171595082047 ], [ 73.932329048142776, 15.591312296915994 ], [ 73.933635242583321, 15.589787079660129 ], [ 73.934298623267807, 15.589368040952229 ], [ 73.935190830007997, 15.58832372069104 ], [ 73.935678567596568, 15.587637924172684 ], [ 73.936027358268561, 15.587235233958809 ], [ 73.936903206687447, 15.586318356234115 ], [ 73.937722029153747, 15.585197962702937 ], [ 73.937641293067571, 15.583598785879516 ], [ 73.93911557756914, 15.583700625621718 ], [ 73.940205773896281, 15.583725195596296 ], [ 73.941169643738249, 15.582987528311724 ], [ 73.941955722612462, 15.582031173980056 ], [ 73.942391172861605, 15.581434941177317 ], [ 73.943071752690514, 15.58112009738408 ], [ 73.943783516636231, 15.580772549786175 ], [ 73.944705771124333, 15.580449442170805 ], [ 73.945568817652116, 15.579990549100689 ], [ 73.946553159201073, 15.579370985066065 ], [ 73.946774071099114, 15.579124412938787 ], [ 73.947285768552931, 15.578409032622444 ], [ 73.94758798067916, 15.577984122896929 ], [ 73.948086857377234, 15.577306953709607 ], [ 73.948535451775612, 15.576560548722139 ], [ 73.948732534064121, 15.57587882582953 ], [ 73.948312021001499, 15.575338418232723 ], [ 73.947861359579676, 15.574628776590734 ], [ 73.94733485609332, 15.5735377943695 ], [ 73.947140094153227, 15.572881723049035 ], [ 73.947038894444873, 15.571996988431057 ], [ 73.947148277805439, 15.571177534244216 ], [ 73.947385815722768, 15.569980657285182 ], [ 73.947608613184599, 15.569293627862539 ], [ 73.9476513074151, 15.568962018269223 ], [ 73.947803061612674, 15.568305021127065 ], [ 73.947934836380028, 15.567697422681915 ], [ 73.947829546642197, 15.567620544110557 ], [ 73.947100046359523, 15.567426796829833 ], [ 73.946170777825671, 15.567251099944789 ], [ 73.945422188343215, 15.567116785397516 ], [ 73.944790138200901, 15.566952614015731 ], [ 73.944154748122344, 15.566770822835144 ], [ 73.943635446429624, 15.566587277400284 ], [ 73.943315375795578, 15.566328090219292 ], [ 73.943016275433521, 15.565932603970928 ], [ 73.942887333952584, 15.565607416915588 ], [ 73.942660901008821, 15.564806444976744 ], [ 73.942570400235496, 15.56457143320565 ], [ 73.942443667711856, 15.564624154309993 ], [ 73.942150810641039, 15.564435303951162 ], [ 73.941923997709893, 15.56408354232817 ], [ 73.941552411389267, 15.563534933705531 ], [ 73.94105553344265, 15.562892221362416 ], [ 73.940346688123341, 15.562287265382947 ], [ 73.939737374340822, 15.562062873315671 ], [ 73.939241134198085, 15.562034845275587 ], [ 73.938129121385984, 15.562181860905172 ], [ 73.937627729405108, 15.562174238612281 ], [ 73.93705637123999, 15.562216774776029 ], [ 73.936781671815993, 15.562212597573343 ], [ 73.936652566841687, 15.562354059918412 ], [ 73.936435291323917, 15.562719564147846 ], [ 73.935800822916846, 15.563396307150191 ], [ 73.935519986202834, 15.563771088092038 ], [ 73.935119443587325, 15.564359184824026 ], [ 73.934579556999893, 15.565068097785785 ], [ 73.933508512754614, 15.564642006946887 ], [ 73.932994289238223, 15.564419039256737 ], [ 73.931809855146199, 15.563817053410892 ], [ 73.930678256365937, 15.563215863682462 ], [ 73.929825449734125, 15.563018462082509 ], [ 73.928644769701677, 15.562611161345995 ], [ 73.927901102987008, 15.562200974616781 ], [ 73.927533721680192, 15.561396287292325 ], [ 73.927465754247493, 15.561026441657761 ], [ 73.927263761767648, 15.560449658164552 ], [ 73.927105197441904, 15.559801826038129 ], [ 73.926775010879425, 15.558659629684513 ], [ 73.926306651748178, 15.557566549829376 ], [ 73.926114900960869, 15.557010412983303 ], [ 73.925755442794895, 15.556369758968861 ], [ 73.924731304980511, 15.556313142280688 ], [ 73.923705668776208, 15.556348698414222 ], [ 73.922457333924811, 15.556432069154839 ], [ 73.920455384415206, 15.556719042275834 ], [ 73.91938681772352, 15.556794895953749 ], [ 73.919320143864823, 15.555697699823153 ], [ 73.918569366984627, 15.555727188673149 ], [ 73.917999183815908, 15.555676846898228 ], [ 73.916624597039529, 15.555737753598933 ], [ 73.915546457001824, 15.555762217007882 ], [ 73.914679248579347, 15.555810395237653 ], [ 73.914546138915512, 15.556197651007967 ], [ 73.913975113127051, 15.557520700808903 ], [ 73.913651856168698, 15.557905043017826 ], [ 73.912541478290407, 15.557314314319667 ], [ 73.911894228653466, 15.55683313216465 ], [ 73.910643002125141, 15.555809957340335 ], [ 73.90977512355947, 15.555899079809688 ], [ 73.908782827428652, 15.555842863676718 ], [ 73.906698768308857, 15.5553833324094 ], [ 73.906265833342516, 15.55592339607993 ], [ 73.90577957977078, 15.556299928371644 ], [ 73.904611081791913, 15.556787921650109 ], [ 73.904038927719469, 15.557289657244835 ], [ 73.904085179278525, 15.557597563250306 ], [ 73.904336453334835, 15.557908638758567 ], [ 73.905075157755903, 15.558335642691967 ], [ 73.905670139816351, 15.558715310232481 ], [ 73.905831152949574, 15.559133365165684 ], [ 73.905923426098923, 15.559758299365406 ], [ 73.905856497118677, 15.560714979706868 ], [ 73.905995459306624, 15.561340615258359 ], [ 73.905808873832186, 15.561916003850982 ], [ 73.907376050422357, 15.562172385827376 ], [ 73.910420404987633, 15.56247539771619 ], [ 73.913723831884198, 15.563097727358626 ], [ 73.914867339630177, 15.563451901609296 ], [ 73.914705426385069, 15.564031064255648 ], [ 73.914726426301456, 15.564613029944345 ], [ 73.915171371743156, 15.566000022117612 ], [ 73.915565797729897, 15.566745442584212 ], [ 73.914850306674083, 15.56761187666428 ], [ 73.914116897821629, 15.568330157154881 ], [ 73.913105884393516, 15.569241346689239 ], [ 73.912476172565874, 15.569833053599318 ], [ 73.912137284921585, 15.570044373003615 ], [ 73.911036360015018, 15.569613429198203 ], [ 73.910340157584983, 15.569297131676812 ], [ 73.909706058385495, 15.568912778733035 ], [ 73.908456420976904, 15.568252791623859 ], [ 73.907302537689404, 15.567653420001131 ], [ 73.906010012014193, 15.567130776572423 ], [ 73.905088812148207, 15.566278649287632 ], [ 73.904551698660057, 15.565540352576059 ], [ 73.904115561199717, 15.565707572911542 ], [ 73.903149187753073, 15.566085779955136 ], [ 73.90264282090213, 15.566552306291783 ], [ 73.902344414937815, 15.567130540328556 ], [ 73.901864048026127, 15.568848972667052 ], [ 73.901708618820734, 15.569804322222465 ], [ 73.901412509848555, 15.570522700627548 ], [ 73.901389392603036, 15.571077986654085 ], [ 73.901154485851194, 15.572325798946181 ], [ 73.901620139256821, 15.572924886098777 ], [ 73.901689853912757, 15.573504247919605 ], [ 73.901597592441505, 15.574013361241308 ], [ 73.901109815327047, 15.574484690351664 ], [ 73.899852674290912, 15.574682147575638 ], [ 73.899274381131789, 15.574415749407498 ], [ 73.898628865243353, 15.574844019662397 ], [ 73.897853753002153, 15.57463782016003 ], [ 73.897435795646544, 15.575110336799979 ], [ 73.896912029326856, 15.574930575106347 ], [ 73.89640794958666, 15.573843068802258 ], [ 73.89665717368753, 15.573417697067104 ], [ 73.896035284389342, 15.572974351392581 ], [ 73.895945148332061, 15.572214003014668 ], [ 73.894737752403074, 15.571657673856409 ], [ 73.894304153581743, 15.571949213780011 ], [ 73.89384664340416, 15.571996264140108 ], [ 73.892815611918294, 15.571483393692668 ], [ 73.892625149315137, 15.570879599182547 ], [ 73.891617379703533, 15.571505594951539 ], [ 73.891709959178414, 15.572103452248305 ], [ 73.891231121199354, 15.572597489640541 ], [ 73.890585747244714, 15.572727561314396 ], [ 73.890033934623574, 15.572551890591985 ], [ 73.88929711037639, 15.572576588239015 ], [ 73.888750174708903, 15.572956740908236 ], [ 73.888472886340281, 15.573377092918866 ], [ 73.888702149875513, 15.573891170109309 ], [ 73.888933226210966, 15.574576949342063 ], [ 73.88858836656668, 15.575140811937359 ], [ 73.888059790666972, 15.575534736731992 ], [ 73.887624266755992, 15.575939191777493 ], [ 73.887258084700093, 15.576385266344118 ], [ 73.887096194811178, 15.576875267972184 ], [ 73.887145117959875, 15.578145532900553 ], [ 73.887194496554386, 15.579393216624185 ], [ 73.8873994498814, 15.579970177154205 ], [ 73.887490412388757, 15.581241079716882 ], [ 73.888208124978291, 15.581527788048557 ], [ 73.888940981366858, 15.58260083611065 ], [ 73.888985220699652, 15.583310906233926 ], [ 73.888984777830203, 15.58362263421219 ], [ 73.888758731161985, 15.584043814122744 ], [ 73.888527660216397, 15.584487505395664 ], [ 73.888437145968396, 15.584892660143044 ], [ 73.888550753207426, 15.585915514604425 ], [ 73.888988936131639, 15.587051794191542 ], [ 73.889358832721243, 15.587518298033945 ], [ 73.88986279388385, 15.588054684683298 ], [ 73.890348550687207, 15.588563689270945 ], [ 73.890758276779891, 15.588872754627426 ], [ 73.891402013105747, 15.588851115074995 ], [ 73.891816044823571, 15.588898114840532 ], [ 73.892828750677637, 15.589117059296726 ], [ 73.89376998926268, 15.589705390679873 ], [ 73.894345979141349, 15.590396461866421 ], [ 73.894733089248433, 15.591238293787155 ], [ 73.895426185304203, 15.592464334958864 ], [ 73.896069041281109, 15.593910996256975 ], [ 73.896366373758696, 15.595392933707048 ], [ 73.896462211423071, 15.596370253719099 ], [ 73.896509043293776, 15.596926668237762 ], [ 73.896558341039963, 15.597614230820501 ], [ 73.89634905513833, 15.598153140931213 ], [ 73.89550000166777, 15.598754522624324 ], [ 73.894972549560478, 15.598796001693868 ], [ 73.894713941658168, 15.598642921043544 ], [ 73.89407813386299, 15.598755142128185 ], [ 73.89361687232082, 15.59902360258106 ], [ 73.892836774429753, 15.599400113887461 ], [ 73.89207649786546, 15.599709149951847 ], [ 73.891707262435915, 15.600046854732126 ], [ 73.891340219793975, 15.600538111583894 ], [ 73.891434733341654, 15.601027479351051 ], [ 73.891688283728897, 15.602052547978674 ], [ 73.891851086306147, 15.60320708762659 ], [ 73.891575366395983, 15.603817283086123 ], [ 73.891394219322322, 15.604163724878012 ], [ 73.892482502237911, 15.604271872150829 ], [ 73.892951502766252, 15.604147069659955 ], [ 73.894074909809447, 15.603862599192176 ], [ 73.895857517676092, 15.603126137685503 ], [ 73.898108517013355, 15.601874991075166 ], [ 73.900832783876609, 15.60006835639914 ], [ 73.903046637876855, 15.599130972993269 ], [ 73.905593136230195, 15.598076066965202 ], [ 73.907885038557296, 15.597242269971112 ], [ 73.909213840000305, 15.596885411156277 ], [ 73.910084742295197, 15.597803144997251 ], [ 73.911239322675371, 15.599179017330201 ], [ 73.911351407270004, 15.599463684641046 ], [ 73.911158350332286, 15.601158418140686 ], [ 73.91105009884896, 15.601742596583779 ], [ 73.910866200235589, 15.60406724312783 ], [ 73.910789830860026, 15.606284550360774 ], [ 73.913835897614234, 15.604726345136156 ], [ 73.915585831957358, 15.603602496062553 ], [ 73.916466199800439, 15.603087608129092 ], [ 73.917281955418346, 15.602576641778345 ], [ 73.917871558366883, 15.602213117111223 ], [ 73.918724902191244, 15.601782888838034 ], [ 73.91993423309134, 15.601241910004598 ], [ 73.920791048005967, 15.600896609695479 ], [ 73.921225749958481, 15.600785361424325 ], [ 73.921950681409626, 15.600772861585618 ], [ 73.922329898020266, 15.600783374878393 ] ] ] } },
{ "type": "Feature", "properties": { "gp_id": "254440", "gp_name": "MENCUREM DUMACEM", "terrain__analysis_area_km2": 6.2028434636076771e-10, "terrain__aspect_cos_max": 1, "terrain__aspect_cos_mean": 0.076507312936589897, "terrain__aspect_cos_min": -1, "terrain__aspect_cos_std": 0.74254112715963994, "terrain__aspect_sin_max": 1, "terrain__aspect_sin_mean": -0.147431284771878, "terrain__aspect_sin_min": -1, "terrain__aspect_sin_std": 0.64956818238108671, "terrain__elevation_max": 168, "terrain__elevation_mean": 55.377468269452883, "terrain__elevation_min": -15, "terrain__elevation_std": 35.711854682541883, "terrain__geometry_status": "VALID_SINGLE", "terrain__laplacian_curvature_max": 28, "terrain__laplacian_curvature_mean": -0.0289894668496655, "terrain__laplacian_curvature_min": -21, "terrain__laplacian_curvature_std": 3.8011045947088937, "terrain__resolution": "DISSOLVE_BY_GP_ID", "terrain__slope_max": 29, "terrain__slope_mean": 6.9340258087208557, "terrain__slope_min": 0, "terrain__slope_std": 4.9346956538763749, "terrain__source_area_km2": 6.202843463607676e-10, "terrain__source_feature_count": 1, "terrain__tpi_max": 39.432176656151121, "terrain__tpi_mean": 0.41060493783371083, "terrain__tpi_min": -28.230283911672231, "terrain__tpi_std": 8.1730421812048792, "terrain__tri_max": 21.796431435113163, "terrain__tri_mean": 5.2751182771135419, "terrain__tri_min": 0.0, "terrain__tri_std": 3.4567150384864247, "terrain__aspect_mean_deg": 297.42639668752105, "terrain__aspect_resultant_length": 0.166100429446356, "landcover__source_feature_count": 1, "landcover__source_unique_geometry_count": 1, "landcover__geometry_status": "VALID_SINGLE", "landcover__resolution": "DISSOLVE_BY_GP_ID", "landcover__source_area_km2": 6.202843463607676e-10, "landcover__analysis_area_km2": 6.2028434636076771e-10, "landcover__analysis_coverage_pct_of_source": 100.00000000000004, "landcover__analysis_geometry_type": "Polygon", "landcover__centroid_lat": 15.685925187445982, "landcover__centroid_lon": 73.900990866543481, "landcover__state": "goa", "landcover__district": "north goa", "landcover__block": "Bicholim", "landcover__block_lgd": 5930, "landcover__block_code11": 4, "landcover__source_layer": "Official Gram Manchitra GP", "landcover__source_snapshot": "gram_manchitra_gp_20260917T064631Z.geojson", "landcover__block_snapshot": "gram_manchitra_all_blocks_20260917T064613Z.geojson", "landcover__synthetic_geometry": false, "landcover__source_geometry_wkt": "POLYGON ((73.90421922858016 15.66613181428861, 73.90486968160938 15.666571008287567, 73.90501992573897 15.667079360245468, 73.90513337038294 15.668120271651457, 73.90534634566546 15.668503047779273, 73.90624950915716 15.669167616302703, 73.90772828613348 15.670003601057537, 73.9083167033058 15.670527671416393, 73.90968097293118 15.671520101977638, 73.91111216165534 15.672409580917092, 73.911905832192 15.673786272643586, 73.91286678789919 15.675206132921364, 73.91363939473909 15.676157773603515, 73.91481323679555 15.677102012379262, 73.91652955168921 15.678818208008149, 73.91620978738067 15.680408177622034, 73.91619719030543 15.682039045259943, 73.91621783179404 15.684492904132378, 73.9161364866501 15.685756637913997, 73.91596588759448 15.687358082842332, 73.91556716586406 15.688346384078125, 73.91476042663665 15.688342692032847, 73.91360197272097 15.688731645908836, 73.91254592225611 15.68942024231169, 73.91138319685126 15.69092965431376, 73.9107923748889 15.691119340267953, 73.90951361320052 15.691452158343374, 73.90891266542823 15.691691477617711, 73.90882738925664 15.691757813983678, 73.90846851230064 15.692037066635576, 73.90790892925227 15.693167108133078, 73.9075867062548 15.693763121076781, 73.90712360316627 15.694126496047891, 73.90653817019731 15.69427567495421, 73.90590805592439 15.694302097950452, 73.90532093861425 15.694550651063835, 73.90480624527899 15.694931320211678, 73.90441658844807 15.695368084364349, 73.90406402036032 15.695819051360052, 73.90386403741175 15.696353637316568, 73.90380649941949 15.697016964083181, 73.90382963103806 15.697600175220922, 73.90375358325937 15.698254190002222, 73.90357290061472 15.698748401297278, 73.90314491267063 15.69924793599189, 73.9021447868238 15.699932893257536, 73.90044931014978 15.700923403641855, 73.89860311773067 15.701432689619523, 73.8959924751745 15.701907497640295, 73.89488919578358 15.701768527149035, 73.89368953255257 15.701252984351182, 73.89070083041577 15.698044205835414, 73.88938559173694 15.69663206728945, 73.88708444035565 15.694143680997161, 73.88593933630344 15.692905367258524, 73.8848867847766 15.691393448877538, 73.88435891225778 15.69031444916975, 73.88428298215838 15.689260538134524, 73.88443939232407 15.688544494337224, 73.88486188976513 15.68668500971956, 73.88539712128278 15.684208226216674, 73.8853325952959 15.68359276469385, 73.88513745516507 15.6829842756496, 73.88593668178177 15.682318887222392, 73.88623233620639 15.682205969021982, 73.88649981587044 15.682110700295917, 73.88702001677675 15.681956082794294, 73.8874592749844 15.681904159883763, 73.88777642519545 15.681904522267422, 73.88807064501056 15.68188646535546, 73.88856904560154 15.681921280996871, 73.88909566317392 15.681947485049683, 73.89005097835944 15.681998410745969, 73.89039617756693 15.681994764424308, 73.8904290352451 15.681981704780359, 73.89063777676766 15.682052718962758, 73.8906709272966 15.68202159031421, 73.89249325776679 15.681534625094997, 73.89548567713221 15.681653093592288, 73.89569557568488 15.681367176666736, 73.89584902590173 15.681111953097593, 73.89585440231869 15.681066845234604, 73.89593025965455 15.680995784870447, 73.89605156455724 15.680708443427468, 73.89619195416816 15.680394368887141, 73.89622992685354 15.680074145394775, 73.89630525328505 15.679745447241356, 73.89634117601494 15.679547184003148, 73.89645170203256 15.679350134875497, 73.89681793529245 15.678912949823168, 73.89692205991535 15.678824153265458, 73.89733566762834 15.678631755690223, 73.89752807508408 15.678557932014437, 73.8977636070634 15.678412464976189, 73.89799355421655 15.678330167868662, 73.89822864961462 15.678211803824528, 73.89963137791393 15.676005859602162, 73.89991813362732 15.67502076881661, 73.90067442975662 15.672411835757416, 73.90298914480036 15.668625019035124, 73.90407115657693 15.667200321236864, 73.90421922858016 15.66613181428861))", "landcover__water_fraction": 0.055203265589265797, "landcover__trees_fraction": 0.49251816588733849, "landcover__grass_fraction": 0.052629542601727197, "landcover__flooded_vegetation_fraction": 0.032567314366801797, "landcover__crops_fraction": 0.059255147487521503, "landcover__shrub_fraction": 0.16346801975269071, "landcover__built_fraction": 0.062189213274246299, "landcover__bare_fraction": 0.0439055906402731, "landcover__snow_ice_fraction": 0.038225715453275501, "landcover__dominant_landcover": "trees", "landcover__dominant_probability": 0.49251816588733849, "landcover__landcover_entropy": 1.6735014205290071, "landcover__valid_pixel_fraction": 1, "landcover__landcover_probability_sum": 0.99996197505314077, "sentinel2__NDVI_hist_mean": 0.54846701052959113, "sentinel2__NDVI_hist_std": 0.090272655928378701, "sentinel2__NDVI_hist_min": 0.26298521555674148, "sentinel2__NDVI_hist_max": 0.78773455226834299, "sentinel2__EVI_hist_mean": 0.32965980457499627, "sentinel2__EVI_hist_std": 0.069907047755172799, "sentinel2__EVI_hist_min": 0.24625365461395929, "sentinel2__EVI_hist_max": 0.59330434966837364, "sentinel2__SAVI_hist_mean": 0.31529114106707429, "sentinel2__SAVI_hist_std": 0.057353818733070203, "sentinel2__SAVI_hist_min": 0.18202413019952579, "sentinel2__SAVI_hist_max": 0.49451956409392128, "sentinel2__NDMI_hist_mean": 0.040940054283500102, "sentinel2__NDMI_hist_std": 0.086411128017253494, "sentinel2__NDMI_hist_min": -0.066332106472315397, "sentinel2__NDMI_hist_max": 0.29963423755250279, "sentinel2__NBR_hist_mean": 0.28258230438970577, "sentinel2__NBR_hist_std": 0.1102602298692518, "sentinel2__NBR_hist_min": 0.1482113125024995, "sentinel2__NBR_hist_max": 0.6053857732125385, "sentinel2__NDVI_7d_mean": null, "sentinel2__EVI_7d_mean": null, "sentinel2__SAVI_7d_mean": null, "sentinel2__NDMI_7d_mean": null, "sentinel2__NBR_7d_mean": null, "sentinel2__NDVI_30d_mean": null, "sentinel2__EVI_30d_mean": null, "sentinel2__SAVI_30d_mean": null, "sentinel2__NDMI_30d_mean": null, "sentinel2__NBR_30d_mean": null, "sentinel2__NDVI_60d_mean": null, "sentinel2__EVI_60d_mean": null, "sentinel2__SAVI_60d_mean": null, "sentinel2__NDMI_60d_mean": null, "sentinel2__NBR_60d_mean": null, "sentinel2__NDVI_30d_change": null, "sentinel2__observation_count": 350, "sentinel2__latest_observation_date": "2026-05-03", "sentinel2__days_since_latest_observation": 139, "sentinel1__s1_observation_count": 118, "sentinel1__s1_unique_image_count": 118, "sentinel1__s1_first_date": "2021-09-20", "sentinel1__s1_last_date": "2026-09-13", "sentinel1__s1_ascending_count": 0, "sentinel1__s1_descending_count": 118, "sentinel1__s1_vv_db_mean": -8.6687858597412504, "sentinel1__s1_vv_db_median": -8.7681089738487081, "sentinel1__s1_vv_db_std": 0.75188851131860135, "sentinel1__s1_vv_db_min": -9.6803267082210045, "sentinel1__s1_vv_db_max": -7.3247395351538023, "sentinel1__s1_vv_db_count": 118, "sentinel1__s1_vh_db_mean": -15.334099516410417, "sentinel1__s1_vh_db_median": -15.538759011727178, "sentinel1__s1_vh_db_std": 0.63257189183553797, "sentinel1__s1_vh_db_min": -16.225820314796412, "sentinel1__s1_vh_db_max": -14.091024643581228, "sentinel1__s1_vh_db_count": 118, "sentinel1__s1_vv_vh_diff_db_mean": 6.6653136566691655, "sentinel1__s1_vv_vh_diff_db_median": 6.6832039378185462, "sentinel1__s1_vv_vh_diff_db_std": 0.24260856222465771, "sentinel1__s1_vv_vh_diff_db_min": 6.0541017386173568, "sentinel1__s1_vv_vh_diff_db_max": 7.2058992631608962, "sentinel1__s1_vv_vh_diff_db_count": 118, "sentinel1__s1_incidence_angle_deg_mean": 38.692064037917838, "sentinel1__s1_incidence_angle_deg_median": 38.686545787898702, "sentinel1__s1_incidence_angle_deg_std": 0.014327642278666401, "sentinel1__s1_incidence_angle_deg_min": 38.673295287572479, "sentinel1__s1_incidence_angle_deg_max": 38.729350300013245, "sentinel1__s1_incidence_angle_deg_count": 118, "sentinel1__s1_valid_fraction_mean": 1.0, "sentinel1__s1_valid_fraction_median": 1.0, "sentinel1__s1_valid_fraction_std": 0.0, "sentinel1__s1_valid_fraction_min": 1.0, "sentinel1__s1_valid_fraction_max": 1.0, "sentinel1__s1_valid_fraction_count": 118, "sentinel1__s1_vv_db_ascending_mean": null, "sentinel1__s1_vv_db_ascending_median": null, "sentinel1__s1_vv_db_ascending_std": null, "sentinel1__s1_vv_db_ascending_min": null, "sentinel1__s1_vv_db_ascending_max": null, "sentinel1__s1_vv_db_ascending_count": 0, "sentinel1__s1_vh_db_ascending_mean": null, "sentinel1__s1_vh_db_ascending_median": null, "sentinel1__s1_vh_db_ascending_std": null, "sentinel1__s1_vh_db_ascending_min": null, "sentinel1__s1_vh_db_ascending_max": null, "sentinel1__s1_vh_db_ascending_count": 0, "sentinel1__s1_vv_vh_diff_db_ascending_mean": null, "sentinel1__s1_vv_vh_diff_db_ascending_median": null, "sentinel1__s1_vv_vh_diff_db_ascending_std": null, "sentinel1__s1_vv_vh_diff_db_ascending_min": null, "sentinel1__s1_vv_vh_diff_db_ascending_max": null, "sentinel1__s1_vv_vh_diff_db_ascending_count": 0, "sentinel1__s1_incidence_angle_deg_ascending_mean": null, "sentinel1__s1_incidence_angle_deg_ascending_median": null, "sentinel1__s1_incidence_angle_deg_ascending_std": null, "sentinel1__s1_incidence_angle_deg_ascending_min": null, "sentinel1__s1_incidence_angle_deg_ascending_max": null, "sentinel1__s1_incidence_angle_deg_ascending_count": 0, "sentinel1__s1_vv_db_descending_mean": -8.6687858597412504, "sentinel1__s1_vv_db_descending_median": -8.7681089738487081, "sentinel1__s1_vv_db_descending_std": 0.75188851131860135, "sentinel1__s1_vv_db_descending_min": -9.6803267082210045, "sentinel1__s1_vv_db_descending_max": -7.3247395351538023, "sentinel1__s1_vv_db_descending_count": 118, "sentinel1__s1_vh_db_descending_mean": -15.334099516410417, "sentinel1__s1_vh_db_descending_median": -15.538759011727178, "sentinel1__s1_vh_db_descending_std": 0.63257189183553797, "sentinel1__s1_vh_db_descending_min": -16.225820314796412, "sentinel1__s1_vh_db_descending_max": -14.091024643581228, "sentinel1__s1_vh_db_descending_count": 118, "sentinel1__s1_vv_vh_diff_db_descending_mean": 6.6653136566691655, "sentinel1__s1_vv_vh_diff_db_descending_median": 6.6832039378185462, "sentinel1__s1_vv_vh_diff_db_descending_std": 0.24260856222465771, "sentinel1__s1_vv_vh_diff_db_descending_min": 6.0541017386173568, "sentinel1__s1_vv_vh_diff_db_descending_max": 7.2058992631608962, "sentinel1__s1_vv_vh_diff_db_descending_count": 118, "sentinel1__s1_incidence_angle_deg_descending_mean": 38.692064037917838, "sentinel1__s1_incidence_angle_deg_descending_median": 38.686545787898702, "sentinel1__s1_incidence_angle_deg_descending_std": 0.014327642278666401, "sentinel1__s1_incidence_angle_deg_descending_min": 38.673295287572479, "sentinel1__s1_incidence_angle_deg_descending_max": 38.729350300013245, "sentinel1__s1_incidence_angle_deg_descending_count": 118, "sentinel1__s1_obs_count_last_7d": 1, "sentinel1__s1_vv_last_7d_mean": -7.8609300652888958, "sentinel1__s1_vv_last_7d_median": -7.8609300652888958, "sentinel1__s1_vh_last_7d_mean": -14.684755695601019, "sentinel1__s1_vh_last_7d_median": -14.684755695601019, "sentinel1__s1_vv_vh_diff_last_7d_mean": 6.8238256303120215, "sentinel1__s1_vv_vh_diff_last_7d_median": 6.8238256303120215, "sentinel1__s1_incidence_angle_last_7d_mean": 38.677456465145831, "sentinel1__s1_incidence_angle_last_7d_median": 38.677456465145831, "sentinel1__s1_obs_count_last_30d": 3, "sentinel1__s1_vv_last_30d_mean": -7.6640940431912652, "sentinel1__s1_vv_last_30d_median": -7.7205113443683233, "sentinel1__s1_vh_last_30d_mean": -14.38787251131062, "sentinel1__s1_vh_last_30d_median": -14.387837194749618, "sentinel1__s1_vv_vh_diff_last_30d_mean": 6.7237784681193142, "sentinel1__s1_vv_vh_diff_last_30d_median": 6.6801839236646581, "sentinel1__s1_incidence_angle_last_30d_mean": 38.681197895528271, "sentinel1__s1_incidence_angle_last_30d_median": 38.681980057455462, "sentinel1__s1_obs_count_last_90d": 8, "sentinel1__s1_vv_last_90d_mean": -7.7343540380288314, "sentinel1__s1_vv_last_90d_median": -7.7078069571350456, "sentinel1__s1_vh_last_90d_mean": -14.493354253836642, "sentinel1__s1_vh_last_90d_median": -14.452872193508451, "sentinel1__s1_vv_vh_diff_last_90d_mean": 6.759000215807788, "sentinel1__s1_vv_vh_diff_last_90d_median": 6.7982564779305026, "sentinel1__s1_incidence_angle_last_90d_mean": 38.680143736045913, "sentinel1__s1_incidence_angle_last_90d_median": 38.680150512627662, "sentinel1__s1_obs_count_last_365d": 31, "sentinel1__s1_vv_last_365d_mean": -8.651058674928354, "sentinel1__s1_vv_last_365d_median": -8.8472769634082624, "sentinel1__s1_vh_last_365d_mean": -15.316603382672264, "sentinel1__s1_vh_last_365d_median": -15.52869009655066, "sentinel1__s1_vv_vh_diff_last_365d_mean": 6.6655447077438996, "sentinel1__s1_vv_vh_diff_last_365d_median": 6.7058038248977043, "sentinel1__s1_incidence_angle_last_365d_mean": 38.683163565259512, "sentinel1__s1_incidence_angle_last_365d_median": 38.683927687861868, "soil__soil_clay_rootzone_0_30cm_pct": 32.434701126640313, "soil__soil_sand_rootzone_0_30cm_pct": 37.316782491258188, "soil__soil_soc_rootzone_0_30cm_g_kg": 23.56142030068094, "soil__soil_bdod_rootzone_0_30cm_kg_dm3": 1.3708884790968281, "lst__lst_mean_c": 34.995894893314023, "lst__lst_median_c": 34.41466226684836, "lst__lst_std_c": 4.1731197833444682, "lst__lst_valid_months": 50 }, "geometry": { "type": "Polygon", "coordinates": [ [ [ 73.915965887594481, 15.687358082842332 ], [ 73.916136486650103, 15.685756637913997 ], [ 73.916217831794043, 15.684492904132378 ], [ 73.916197190305425, 15.682039045259943 ], [ 73.916209787380666, 15.680408177622034 ], [ 73.916529551689209, 15.678818208008149 ], [ 73.914813236795553, 15.677102012379262 ], [ 73.913639394739093, 15.676157773603515 ], [ 73.912866787899191, 15.675206132921364 ], [ 73.911905832192005, 15.673786272643586 ], [ 73.911112161655339, 15.672409580917092 ], [ 73.909680972931184, 15.671520101977638 ], [ 73.9083167033058, 15.670527671416393 ], [ 73.907728286133477, 15.670003601057537 ], [ 73.906249509157163, 15.669167616302703 ], [ 73.905346345665464, 15.668503047779273 ], [ 73.905133370382941, 15.668120271651457 ], [ 73.905019925738969, 15.667079360245468 ], [ 73.904869681609384, 15.666571008287567 ], [ 73.90421922858016, 15.66613181428861 ], [ 73.904071156576933, 15.667200321236864 ], [ 73.902989144800358, 15.668625019035124 ], [ 73.90067442975662, 15.672411835757416 ], [ 73.899918133627324, 15.67502076881661 ], [ 73.899631377913934, 15.676005859602162 ], [ 73.898228649614623, 15.678211803824528 ], [ 73.897993554216555, 15.678330167868662 ], [ 73.897763607063396, 15.678412464976189 ], [ 73.897528075084082, 15.678557932014437 ], [ 73.89733566762834, 15.678631755690223 ], [ 73.896922059915354, 15.678824153265458 ], [ 73.896817935292447, 15.678912949823168 ], [ 73.896451702032564, 15.679350134875497 ], [ 73.896341176014943, 15.679547184003148 ], [ 73.89630525328505, 15.679745447241356 ], [ 73.896229926853536, 15.680074145394775 ], [ 73.89619195416816, 15.680394368887141 ], [ 73.89605156455724, 15.680708443427468 ], [ 73.895930259654548, 15.680995784870447 ], [ 73.89585440231869, 15.681066845234604 ], [ 73.895849025901725, 15.681111953097593 ], [ 73.895695575684883, 15.681367176666736 ], [ 73.895485677132214, 15.681653093592288 ], [ 73.892493257766787, 15.681534625094997 ], [ 73.890670927296597, 15.682021590314211 ], [ 73.890637776767662, 15.682052718962758 ], [ 73.890429035245106, 15.681981704780359 ], [ 73.890396177566927, 15.681994764424308 ], [ 73.89005097835944, 15.681998410745969 ], [ 73.889095663173919, 15.681947485049683 ], [ 73.888569045601542, 15.681921280996871 ], [ 73.888070645010558, 15.681886465355459 ], [ 73.887776425195455, 15.681904522267422 ], [ 73.887459274984394, 15.681904159883763 ], [ 73.887020016776745, 15.681956082794294 ], [ 73.886499815870437, 15.682110700295917 ], [ 73.88623233620639, 15.682205969021982 ], [ 73.885936681781772, 15.682318887222392 ], [ 73.885137455165065, 15.6829842756496 ], [ 73.885332595295907, 15.68359276469385 ], [ 73.885397121282779, 15.684208226216674 ], [ 73.884861889765133, 15.686685009719559 ], [ 73.884439392324069, 15.688544494337224 ], [ 73.884282982158382, 15.689260538134524 ], [ 73.884358912257781, 15.690314449169749 ], [ 73.884886784776597, 15.691393448877538 ], [ 73.885939336303437, 15.692905367258524 ], [ 73.88708444035565, 15.694143680997161 ], [ 73.889385591736939, 15.69663206728945 ], [ 73.890700830415767, 15.698044205835414 ], [ 73.893689532552571, 15.701252984351182 ], [ 73.894889195783577, 15.701768527149035 ], [ 73.895992475174495, 15.701907497640295 ], [ 73.898603117730673, 15.701432689619523 ], [ 73.900449310149781, 15.700923403641855 ], [ 73.902144786823797, 15.699932893257536 ], [ 73.903144912670626, 15.69924793599189 ], [ 73.903572900614719, 15.698748401297278 ], [ 73.903753583259373, 15.698254190002222 ], [ 73.903829631038064, 15.697600175220922 ], [ 73.903806499419488, 15.697016964083181 ], [ 73.903864037411751, 15.696353637316568 ], [ 73.904064020360323, 15.695819051360052 ], [ 73.904416588448072, 15.695368084364349 ], [ 73.904806245278991, 15.694931320211678 ], [ 73.905320938614253, 15.694550651063835 ], [ 73.905908055924385, 15.694302097950452 ], [ 73.906538170197308, 15.694275674954209 ], [ 73.907123603166269, 15.694126496047891 ], [ 73.907586706254804, 15.693763121076781 ], [ 73.907908929252272, 15.693167108133078 ], [ 73.908468512300644, 15.692037066635576 ], [ 73.908827389256643, 15.691757813983678 ], [ 73.908912665428232, 15.691691477617711 ], [ 73.909513613200517, 15.691452158343374 ], [ 73.910792374888899, 15.691119340267953 ], [ 73.911383196851261, 15.690929654313759 ], [ 73.912545922256115, 15.689420242311691 ], [ 73.913601972720969, 15.688731645908836 ], [ 73.914760426636647, 15.688342692032847 ], [ 73.915567165864061, 15.688346384078125 ], [ 73.915965887594481, 15.687358082842332 ] ] ] } },
{ "type": "Feature", "properties": { "gp_id": "254448", "gp_name": "MULGAO", "terrain__analysis_area_km2": 9.7480188535725538e-10, "terrain__aspect_cos_max": 1, "terrain__aspect_cos_mean": -0.059575012159916098, "terrain__aspect_cos_min": -1, "terrain__aspect_cos_std": 0.7481820832875502, "terrain__aspect_sin_max": 1, "terrain__aspect_sin_mean": -0.095650533678949906, "terrain__aspect_sin_min": -1, "terrain__aspect_sin_std": 0.65312969111515762, "terrain__elevation_max": 166, "terrain__elevation_mean": 44.00194831814386, "terrain__elevation_min": -3, "terrain__elevation_std": 40.980454242951303, "terrain__geometry_status": "VALID_SINGLE", "terrain__laplacian_curvature_max": 36, "terrain__laplacian_curvature_mean": -0.0037733324100152001, "terrain__laplacian_curvature_min": -43, "terrain__laplacian_curvature_std": 4.4922585334856464, "terrain__resolution": "DISSOLVE_BY_GP_ID", "terrain__slope_max": 43, "terrain__slope_mean": 8.1601910216661189, "terrain__slope_min": 0, "terrain__slope_std": 6.4509939047264684, "terrain__source_area_km2": 9.7480188535725497e-10, "terrain__source_feature_count": 1, "terrain__tpi_max": 41.936908517349693, "terrain__tpi_mean": 0.035791825856745403, "terrain__tpi_min": -56.072555205047621, "terrain__tpi_std": 10.902318041926719, "terrain__tri_max": 31.236012327308561, "terrain__tri_mean": 6.4005273544838142, "terrain__tri_min": 0.3197799481205415, "terrain__tri_std": 4.7264163895400264, "terrain__aspect_mean_deg": 238.08368377995484, "terrain__aspect_resultant_length": 0.11268631978604179, "landcover__source_feature_count": 1, "landcover__source_unique_geometry_count": 1, "landcover__geometry_status": "VALID_SINGLE", "landcover__resolution": "DISSOLVE_BY_GP_ID", "landcover__source_area_km2": 9.7480188535725497e-10, "landcover__analysis_area_km2": 9.7480188535725538e-10, "landcover__analysis_coverage_pct_of_source": 100.00000000000004, "landcover__analysis_geometry_type": "Polygon", "landcover__centroid_lat": 15.611406426586329, "landcover__centroid_lon": 73.917654491870834, "landcover__state": "goa", "landcover__district": "north goa", "landcover__block": "Bicholim", "landcover__block_lgd": 5930, "landcover__block_code11": 4, "landcover__source_layer": "Official Gram Manchitra GP", "landcover__source_snapshot": "gram_manchitra_gp_20260917T064631Z.geojson", "landcover__block_snapshot": "gram_manchitra_all_blocks_20260917T064613Z.geojson", "landcover__synthetic_geometry": false, "landcover__source_geometry_wkt": "POLYGON ((73.94272951702514 15.618203331267175, 73.94236135598067 15.61844865822026, 73.94161021707944 15.619212962088259, 73.94103577320136 15.619759933059196, 73.94018648167724 15.620463897369275, 73.93967131492977 15.62093189286718, 73.93885330184555 15.621389538570694, 73.93828510844517 15.621816606908038, 73.9371813197095 15.621919838711086, 73.93557334523238 15.622118434666014, 73.93462832384171 15.62261577326722, 73.93399800475295 15.622839634591648, 73.93333013967855 15.623045403283507, 73.93262003402288 15.623650141330302, 73.93229851440627 15.623919852169115, 73.93137195878457 15.624289567223538, 73.93053965530075 15.624828018794535, 73.93012728456789 15.625057684373376, 73.92951552916446 15.624999441166118, 73.92924330819234 15.624817419357631, 73.92879172240406 15.624738290373678, 73.92845951103898 15.6247165568462, 73.92795723062426 15.624586641830323, 73.92737316129788 15.624549999673238, 73.92694890675216 15.624549068804017, 73.92646061220807 15.62461941776067, 73.9262756967018 15.624690303067235, 73.9249371386565 15.625293389941241, 73.92401161609736 15.625717521726656, 73.92249053296274 15.626358427430388, 73.9212630372293 15.627003746648876, 73.9202600987573 15.627322812700793, 73.91897956379451 15.627506534814868, 73.91694626128488 15.627818796022959, 73.91518029560719 15.628031195936972, 73.91293359830183 15.628276851108847, 73.91111339683884 15.628384574736337, 73.90979279342112 15.628450031080112, 73.90898018999152 15.628523440297613, 73.9086395856667 15.627976114671037, 73.9080885500883 15.627452563341176, 73.90762574973198 15.626672852301358, 73.90758200177767 15.62621129078585, 73.90772054984224 15.625720942391856, 73.90804380320735 15.625341877143885, 73.90863749528702 15.624962554254358, 73.90895903017501 15.624687323595744, 73.90933885943669 15.624330443329404, 73.90945213519738 15.624102087595103, 73.90940847078636 15.62379474932877, 73.9092671487242 15.623509429750342, 73.90897952074666 15.623227839331289, 73.90866294096577 15.623124084785987, 73.90774243010762 15.62324089580719, 73.90726169937827 15.622704864153285, 73.90677824136374 15.622616112397477, 73.90632021465487 15.62239676334258, 73.90613275242474 15.622167942608487, 73.90606758414245 15.621882344787808, 73.906018450788 15.621461375775992, 73.9060430421689 15.621104856707793, 73.9060448891051 15.620702734824397, 73.90583381196282 15.620211609329765, 73.90580720476243 15.618986734960037, 73.906199365198 15.618387330618969, 73.90663640816015 15.617892618727442, 73.90709623688946 15.617429814111258, 73.90718644211704 15.6170471059443, 73.90718975869704 15.616559223802836, 73.90739354690915 15.616069887903452, 73.90748628269088 15.615529148336186, 73.90738995095307 15.615148115030582, 73.90748405486897 15.614526082390682, 73.9077359343898 15.614236253653335, 73.90808022719719 15.613993121772456, 73.90874555992077 15.613506337180555, 73.90802621329578 15.613020850051166, 73.90727098526337 15.61301830991575, 73.90689079937052 15.613170639254697, 73.90626043716257 15.613228659149664, 73.9058442027757 15.613023573602302, 73.90520739515564 15.612905285970243, 73.90435884833487 15.612905846599887, 73.90307312739796 15.613130012686984, 73.90208325671841 15.61350783218859, 73.9011239063006 15.613154213172466, 73.90008906685622 15.61257354262038, 73.89976387313013 15.612220607209231, 73.89976332515779 15.611398307054541, 73.89958105698666 15.61085790037208, 73.8990275743974 15.610212248265594, 73.89832014122968 15.609568893783464, 73.89772374701761 15.609261538917027, 73.89633315405946 15.608770264021132, 73.89598518624429 15.608950028967223, 73.8948631787763 15.609994507287363, 73.89376532431137 15.609842006013201, 73.89329983709408 15.610083387363806, 73.89275217828282 15.610504011175811, 73.89039185397547 15.612848612187411, 73.88955975890084 15.612980342847075, 73.88737945068824 15.613163479123346, 73.88742245483753 15.612251486929821, 73.88749516267997 15.611800784608707, 73.88765198696902 15.611337889239415, 73.88783619370456 15.610911550909305, 73.88783664106555 15.610599815923873, 73.88765130065613 15.610244520363981, 73.88703038423346 15.610013575021586, 73.88643371962847 15.609724169901488, 73.88620461778999 15.609481163313154, 73.88607108322302 15.609099631668842, 73.88617982428816 15.60872176338124, 73.88659505615517 15.60814088128423, 73.88714362406152 15.607385809273755, 73.88785996941519 15.606917998286518, 73.8893721601268 15.606534760033417, 73.89001769218493 15.606115476924394, 73.8908629430869 15.605179728690768, 73.89139421932232 15.604163724878012, 73.89248250223791 15.604271872150829, 73.89295150276625 15.604147069659955, 73.89407490980945 15.603862599192176, 73.89585751767609 15.603126137685503, 73.89810851701336 15.601874991075166, 73.90083278387661 15.60006835639914, 73.90304663787686 15.599130972993269, 73.9055931362302 15.598076066965202, 73.9078850385573 15.597242269971112, 73.9092138400003 15.596885411156277, 73.9100847422952 15.59780314499725, 73.91123932267537 15.5991790173302, 73.91135140727 15.599463684641046, 73.91115835033229 15.601158418140686, 73.91105009884896 15.60174259658378, 73.91086620023559 15.60406724312783, 73.91078983086003 15.606284550360774, 73.91383589761423 15.604726345136156, 73.91558583195736 15.603602496062553, 73.91646619980044 15.603087608129092, 73.91728195541835 15.602576641778345, 73.91787155836688 15.602213117111223, 73.91872490219124 15.601782888838034, 73.91993423309134 15.601241910004598, 73.92079104800597 15.600896609695479, 73.92122574995848 15.600785361424325, 73.92195068140963 15.600772861585618, 73.92232989802027 15.600783374878393, 73.92268648876389 15.600689790893366, 73.92330548099525 15.600312551705512, 73.92380351687022 15.599895735612645, 73.92428862508996 15.599172671754411, 73.92483145815153 15.598393420753215, 73.9251327971153 15.597808545781064, 73.92552242789505 15.597177860981436, 73.9257755857185 15.596536471246898, 73.92591702635833 15.596213238745497, 73.92614530264505 15.595933774810725, 73.92654514726961 15.595572044137239, 73.92704051963975 15.595018423282584, 73.92773149836643 15.594099572068785, 73.9281628846372 15.593592130002643, 73.92844973377544 15.593299410301872, 73.92872678139557 15.593011256124491, 73.92908679561872 15.59270550313414, 73.9292737143681 15.592576311958503, 73.92952338493161 15.592476369796163, 73.93034057965065 15.592246903944057, 73.93121973117482 15.592019793931106, 73.93189449800555 15.59171595082047, 73.93232904814278 15.591312296915994, 73.93363524258332 15.589787079660129, 73.93429862326781 15.589368040952229, 73.935190830008 15.58832372069104, 73.93567856759657 15.587637924172684, 73.93602735826856 15.58723523395881, 73.93624714637416 15.59042975895812, 73.9363023119158 15.59107447220443, 73.93642306974448 15.592229148018022, 73.93668408603007 15.59377697688034, 73.93633161585868 15.59529003983983, 73.93555243155426 15.596311722891025, 73.9348714142458 15.597062337293632, 73.93410861790714 15.598084258979416, 73.93308476935026 15.599022690630958, 73.93184473942361 15.600140610324528, 73.93109329779013 15.600726254753274, 73.93017204941516 15.600895075660612, 73.92987331107413 15.601113095380835, 73.9279636212392 15.602053949626974, 73.92707597075412 15.602684359012017, 73.9267335967482 15.60306075631529, 73.92734339292599 15.604188577921661, 73.92796358440826 15.6053905583644, 73.92849767326886 15.606336803070935, 73.92892556329657 15.606247934348842, 73.92999600926385 15.606715752920671, 73.93213744917075 15.60817149081497, 73.93353590687919 15.609425056144627, 73.93314563110908 15.610230053681214, 73.93551164983701 15.611356750071726, 73.93601434168009 15.61145583776179, 73.93659443326638 15.611595834330743, 73.93695452743961 15.611891504991442, 73.9376135764478 15.6125284049338, 73.939070892672 15.61417958369909, 73.94054541882035 15.616047027023583, 73.94187946822126 15.617203506286092, 73.94272951702514 15.618203331267175))", "landcover__water_fraction": 0.050662238479725001, "landcover__trees_fraction": 0.4418479370643878, "landcover__grass_fraction": 0.059055273650034101, "landcover__flooded_vegetation_fraction": 0.043383430960573698, "landcover__crops_fraction": 0.066055043251877998, "landcover__shrub_fraction": 0.16595299845758521, "landcover__built_fraction": 0.090722671454782203, "landcover__bare_fraction": 0.044730488622954499, "landcover__snow_ice_fraction": 0.037551183461394098, "landcover__dominant_landcover": "trees", "landcover__dominant_probability": 0.4418479370643878, "landcover__landcover_entropy": 1.772743638830053, "landcover__valid_pixel_fraction": 1, "landcover__landcover_probability_sum": 0.9999612654033152, "sentinel2__NDVI_hist_mean": 0.52963887511553165, "sentinel2__NDVI_hist_std": 0.082415401951851694, "sentinel2__NDVI_hist_min": 0.28531999710550099, "sentinel2__NDVI_hist_max": 0.68836604578688332, "sentinel2__EVI_hist_mean": 0.3072580914502116, "sentinel2__EVI_hist_std": 0.0556073358838002, "sentinel2__EVI_hist_min": 0.22452662304934981, "sentinel2__EVI_hist_max": 0.53762651454385035, "sentinel2__SAVI_hist_mean": 0.2957426872071191, "sentinel2__SAVI_hist_std": 0.046805069255720103, "sentinel2__SAVI_hist_min": 0.17441129590837789, "sentinel2__SAVI_hist_max": 0.41479502733469509, "sentinel2__NDMI_hist_mean": 0.040335865650186001, "sentinel2__NDMI_hist_std": 0.066021724164028905, "sentinel2__NDMI_hist_min": -0.065399848404973093, "sentinel2__NDMI_hist_max": 0.21207174670275089, "sentinel2__NBR_hist_mean": 0.26872882534103831, "sentinel2__NBR_hist_std": 0.086758925628439204, "sentinel2__NBR_hist_min": 0.1204645674824807, "sentinel2__NBR_hist_max": 0.48048018004181048, "sentinel2__NDVI_7d_mean": null, "sentinel2__EVI_7d_mean": null, "sentinel2__SAVI_7d_mean": null, "sentinel2__NDMI_7d_mean": null, "sentinel2__NBR_7d_mean": null, "sentinel2__NDVI_30d_mean": null, "sentinel2__EVI_30d_mean": null, "sentinel2__SAVI_30d_mean": null, "sentinel2__NDMI_30d_mean": null, "sentinel2__NBR_30d_mean": null, "sentinel2__NDVI_60d_mean": null, "sentinel2__EVI_60d_mean": null, "sentinel2__SAVI_60d_mean": null, "sentinel2__NDMI_60d_mean": null, "sentinel2__NBR_60d_mean": null, "sentinel2__NDVI_30d_change": null, "sentinel2__observation_count": 350, "sentinel2__latest_observation_date": "2026-05-03", "sentinel2__days_since_latest_observation": 139, "sentinel1__s1_observation_count": 118, "sentinel1__s1_unique_image_count": 118, "sentinel1__s1_first_date": "2021-09-20", "sentinel1__s1_last_date": "2026-09-13", "sentinel1__s1_ascending_count": 0, "sentinel1__s1_descending_count": 118, "sentinel1__s1_vv_db_mean": -8.732582975840975, "sentinel1__s1_vv_db_median": -8.8814678254071708, "sentinel1__s1_vv_db_std": 0.61520148750424797, "sentinel1__s1_vv_db_min": -9.6568593211646032, "sentinel1__s1_vv_db_max": -7.6125229504835232, "sentinel1__s1_vv_db_count": 118, "sentinel1__s1_vh_db_mean": -15.199316557632384, "sentinel1__s1_vh_db_median": -15.387077014936969, "sentinel1__s1_vh_db_std": 0.5435954794549912, "sentinel1__s1_vh_db_min": -15.939053875847859, "sentinel1__s1_vh_db_max": -13.920681427944659, "sentinel1__s1_vh_db_count": 118, "sentinel1__s1_vv_vh_diff_db_mean": 6.4667335817914102, "sentinel1__s1_vv_vh_diff_db_median": 6.4531015971840429, "sentinel1__s1_vv_vh_diff_db_std": 0.2056855123798719, "sentinel1__s1_vv_vh_diff_db_min": 6.0315495727689763, "sentinel1__s1_vv_vh_diff_db_max": 7.0985818147495188, "sentinel1__s1_vv_vh_diff_db_count": 118, "sentinel1__s1_incidence_angle_deg_mean": 38.474830201350429, "sentinel1__s1_incidence_angle_deg_median": 38.466993241921593, "sentinel1__s1_incidence_angle_deg_std": 0.018398945445042399, "sentinel1__s1_incidence_angle_deg_min": 38.452996388242823, "sentinel1__s1_incidence_angle_deg_max": 38.521282074307443, "sentinel1__s1_incidence_angle_deg_count": 118, "sentinel1__s1_valid_fraction_mean": 1.0, "sentinel1__s1_valid_fraction_median": 1.0, "sentinel1__s1_valid_fraction_std": 0.0, "sentinel1__s1_valid_fraction_min": 1.0, "sentinel1__s1_valid_fraction_max": 1.0, "sentinel1__s1_valid_fraction_count": 118, "sentinel1__s1_vv_db_ascending_mean": null, "sentinel1__s1_vv_db_ascending_median": null, "sentinel1__s1_vv_db_ascending_std": null, "sentinel1__s1_vv_db_ascending_min": null, "sentinel1__s1_vv_db_ascending_max": null, "sentinel1__s1_vv_db_ascending_count": 0, "sentinel1__s1_vh_db_ascending_mean": null, "sentinel1__s1_vh_db_ascending_median": null, "sentinel1__s1_vh_db_ascending_std": null, "sentinel1__s1_vh_db_ascending_min": null, "sentinel1__s1_vh_db_ascending_max": null, "sentinel1__s1_vh_db_ascending_count": 0, "sentinel1__s1_vv_vh_diff_db_ascending_mean": null, "sentinel1__s1_vv_vh_diff_db_ascending_median": null, "sentinel1__s1_vv_vh_diff_db_ascending_std": null, "sentinel1__s1_vv_vh_diff_db_ascending_min": null, "sentinel1__s1_vv_vh_diff_db_ascending_max": null, "sentinel1__s1_vv_vh_diff_db_ascending_count": 0, "sentinel1__s1_incidence_angle_deg_ascending_mean": null, "sentinel1__s1_incidence_angle_deg_ascending_median": null, "sentinel1__s1_incidence_angle_deg_ascending_std": null, "sentinel1__s1_incidence_angle_deg_ascending_min": null, "sentinel1__s1_incidence_angle_deg_ascending_max": null, "sentinel1__s1_incidence_angle_deg_ascending_count": 0, "sentinel1__s1_vv_db_descending_mean": -8.732582975840975, "sentinel1__s1_vv_db_descending_median": -8.8814678254071708, "sentinel1__s1_vv_db_descending_std": 0.61520148750424797, "sentinel1__s1_vv_db_descending_min": -9.6568593211646032, "sentinel1__s1_vv_db_descending_max": -7.6125229504835232, "sentinel1__s1_vv_db_descending_count": 118, "sentinel1__s1_vh_db_descending_mean": -15.199316557632384, "sentinel1__s1_vh_db_descending_median": -15.387077014936969, "sentinel1__s1_vh_db_descending_std": 0.5435954794549912, "sentinel1__s1_vh_db_descending_min": -15.939053875847859, "sentinel1__s1_vh_db_descending_max": -13.920681427944659, "sentinel1__s1_vh_db_descending_count": 118, "sentinel1__s1_vv_vh_diff_db_descending_mean": 6.4667335817914102, "sentinel1__s1_vv_vh_diff_db_descending_median": 6.4531015971840429, "sentinel1__s1_vv_vh_diff_db_descending_std": 0.2056855123798719, "sentinel1__s1_vv_vh_diff_db_descending_min": 6.0315495727689763, "sentinel1__s1_vv_vh_diff_db_descending_max": 7.0985818147495188, "sentinel1__s1_vv_vh_diff_db_descending_count": 118, "sentinel1__s1_incidence_angle_deg_descending_mean": 38.474830201350429, "sentinel1__s1_incidence_angle_deg_descending_median": 38.466993241921593, "sentinel1__s1_incidence_angle_deg_descending_std": 0.018398945445042399, "sentinel1__s1_incidence_angle_deg_descending_min": 38.452996388242823, "sentinel1__s1_incidence_angle_deg_descending_max": 38.521282074307443, "sentinel1__s1_incidence_angle_deg_descending_count": 118, "sentinel1__s1_obs_count_last_7d": 1, "sentinel1__s1_vv_last_7d_mean": -8.2738609917398946, "sentinel1__s1_vv_last_7d_median": -8.2738609917398946, "sentinel1__s1_vh_last_7d_mean": -14.985717306046002, "sentinel1__s1_vh_last_7d_median": -14.985717306046002, "sentinel1__s1_vv_vh_diff_last_7d_mean": 6.7118563143062602, "sentinel1__s1_vv_vh_diff_last_7d_median": 6.7118563143062602, "sentinel1__s1_incidence_angle_last_7d_mean": 38.465512431479297, "sentinel1__s1_incidence_angle_last_7d_median": 38.465512431479297, "sentinel1__s1_obs_count_last_30d": 3, "sentinel1__s1_vv_last_30d_mean": -8.109806049989599, "sentinel1__s1_vv_last_30d_median": -8.0447056410129782, "sentinel1__s1_vh_last_30d_mean": -14.750252922849445, "sentinel1__s1_vh_last_30d_median": -14.67077210563618, "sentinel1__s1_vv_vh_diff_last_30d_mean": 6.6404468728598633, "sentinel1__s1_vv_vh_diff_last_30d_median": 6.62606646462309, "sentinel1__s1_incidence_angle_last_30d_mean": 38.469277279585391, "sentinel1__s1_incidence_angle_last_30d_median": 38.470064976331663, "sentinel1__s1_obs_count_last_90d": 8, "sentinel1__s1_vv_last_90d_mean": -7.9753533695331837, "sentinel1__s1_vv_last_90d_median": -7.9820736900972076, "sentinel1__s1_vh_last_90d_mean": -14.669274954161006, "sentinel1__s1_vh_last_90d_median": -14.687661594741463, "sentinel1__s1_vv_vh_diff_last_90d_mean": 6.6939215846278364, "sentinel1__s1_vv_vh_diff_last_90d_median": 6.6689613894646751, "sentinel1__s1_incidence_angle_last_90d_mean": 38.467181857690733, "sentinel1__s1_incidence_angle_last_90d_median": 38.467924316211132, "sentinel1__s1_obs_count_last_365d": 31, "sentinel1__s1_vv_last_365d_mean": -8.7239290453260896, "sentinel1__s1_vv_last_365d_median": -8.9190964009454863, "sentinel1__s1_vh_last_365d_mean": -15.3185842908807, "sentinel1__s1_vh_last_365d_median": -15.498340211179723, "sentinel1__s1_vv_vh_diff_last_365d_mean": 6.5946552455546117, "sentinel1__s1_vv_vh_diff_last_365d_median": 6.5948960456986345, "sentinel1__s1_incidence_angle_last_365d_mean": 38.464928340028798, "sentinel1__s1_incidence_angle_last_365d_median": 38.465484477066923, "soil__soil_clay_rootzone_0_30cm_pct": 34.224609675119126, "soil__soil_sand_rootzone_0_30cm_pct": 35.754358824065328, "soil__soil_soc_rootzone_0_30cm_g_kg": 25.244682318478645, "soil__soil_bdod_rootzone_0_30cm_kg_dm3": 1.3706484081190462, "lst__lst_mean_c": 34.994614086501265, "lst__lst_median_c": 34.526423347997586, "lst__lst_std_c": 3.5570174626670754, "lst__lst_valid_months": 50 }, "geometry": { "type": "Polygon", "coordinates": [ [ [ 73.909792793421119, 15.628450031080112 ], [ 73.911113396838843, 15.628384574736337 ], [ 73.912933598301834, 15.628276851108847 ], [ 73.915180295607186, 15.628031195936972 ], [ 73.916946261284878, 15.627818796022959 ], [ 73.918979563794508, 15.627506534814868 ], [ 73.920260098757296, 15.627322812700793 ], [ 73.921263037229295, 15.627003746648876 ], [ 73.92249053296274, 15.626358427430388 ], [ 73.92401161609736, 15.625717521726656 ], [ 73.924937138656503, 15.625293389941241 ], [ 73.926275696701794, 15.624690303067235 ], [ 73.926460612208075, 15.62461941776067 ], [ 73.926948906752159, 15.624549068804017 ], [ 73.927373161297879, 15.624549999673238 ], [ 73.927957230624259, 15.624586641830323 ], [ 73.92845951103898, 15.624716556846201 ], [ 73.928791722404057, 15.624738290373678 ], [ 73.929243308192341, 15.624817419357631 ], [ 73.929515529164462, 15.624999441166118 ], [ 73.930127284567888, 15.625057684373376 ], [ 73.930539655300748, 15.624828018794535 ], [ 73.931371958784567, 15.624289567223538 ], [ 73.93229851440627, 15.623919852169115 ], [ 73.932620034022875, 15.623650141330302 ], [ 73.933330139678546, 15.623045403283507 ], [ 73.933998004752951, 15.622839634591648 ], [ 73.934628323841707, 15.622615773267221 ], [ 73.935573345232385, 15.622118434666014 ], [ 73.937181319709495, 15.621919838711086 ], [ 73.938285108445172, 15.621816606908038 ], [ 73.938853301845555, 15.621389538570694 ], [ 73.939671314929768, 15.62093189286718 ], [ 73.940186481677245, 15.620463897369275 ], [ 73.941035773201364, 15.619759933059196 ], [ 73.941610217079443, 15.619212962088259 ], [ 73.942361355980665, 15.61844865822026 ], [ 73.942729517025143, 15.618203331267175 ], [ 73.941879468221259, 15.617203506286092 ], [ 73.940545418820349, 15.616047027023583 ], [ 73.939070892672007, 15.614179583699091 ], [ 73.937613576447802, 15.6125284049338 ], [ 73.93695452743961, 15.611891504991442 ], [ 73.936594433266379, 15.611595834330743 ], [ 73.936014341680092, 15.61145583776179 ], [ 73.935511649837011, 15.611356750071726 ], [ 73.933145631109085, 15.610230053681214 ], [ 73.933535906879186, 15.609425056144627 ], [ 73.932137449170753, 15.60817149081497 ], [ 73.929996009263846, 15.606715752920671 ], [ 73.928925563296573, 15.606247934348842 ], [ 73.928497673268865, 15.606336803070935 ], [ 73.927963584408261, 15.6053905583644 ], [ 73.927343392925991, 15.604188577921661 ], [ 73.926733596748207, 15.603060756315291 ], [ 73.927075970754117, 15.602684359012017 ], [ 73.927963621239201, 15.602053949626974 ], [ 73.929873311074132, 15.601113095380835 ], [ 73.930172049415162, 15.600895075660612 ], [ 73.931093297790127, 15.600726254753274 ], [ 73.93184473942361, 15.600140610324528 ], [ 73.933084769350259, 15.599022690630958 ], [ 73.934108617907143, 15.598084258979416 ], [ 73.934871414245805, 15.597062337293632 ], [ 73.935552431554257, 15.596311722891025 ], [ 73.936331615858677, 15.59529003983983 ], [ 73.93668408603007, 15.59377697688034 ], [ 73.936423069744478, 15.592229148018022 ], [ 73.936302311915796, 15.591074472204429 ], [ 73.936247146374157, 15.59042975895812 ], [ 73.936027358268561, 15.587235233958809 ], [ 73.935678567596568, 15.587637924172684 ], [ 73.935190830007997, 15.58832372069104 ], [ 73.934298623267807, 15.589368040952229 ], [ 73.933635242583321, 15.589787079660129 ], [ 73.932329048142776, 15.591312296915994 ], [ 73.931894498005548, 15.59171595082047 ], [ 73.931219731174821, 15.592019793931106 ], [ 73.930340579650647, 15.592246903944057 ], [ 73.929523384931613, 15.592476369796163 ], [ 73.929273714368094, 15.592576311958503 ], [ 73.929086795618716, 15.592705503134139 ], [ 73.928726781395568, 15.593011256124491 ], [ 73.928449733775437, 15.593299410301872 ], [ 73.928162884637203, 15.593592130002643 ], [ 73.927731498366427, 15.594099572068785 ], [ 73.927040519639746, 15.595018423282584 ], [ 73.926545147269607, 15.595572044137239 ], [ 73.926145302645054, 15.595933774810725 ], [ 73.925917026358334, 15.596213238745497 ], [ 73.925775585718497, 15.596536471246898 ], [ 73.925522427895046, 15.597177860981436 ], [ 73.925132797115296, 15.597808545781064 ], [ 73.92483145815153, 15.598393420753215 ], [ 73.924288625089957, 15.599172671754411 ], [ 73.923803516870223, 15.599895735612645 ], [ 73.923305480995253, 15.600312551705512 ], [ 73.922686488763887, 15.600689790893366 ], [ 73.922329898020266, 15.600783374878393 ], [ 73.921950681409626, 15.600772861585618 ], [ 73.921225749958481, 15.600785361424325 ], [ 73.920791048005967, 15.600896609695479 ], [ 73.91993423309134, 15.601241910004598 ], [ 73.918724902191244, 15.601782888838034 ], [ 73.917871558366883, 15.602213117111223 ], [ 73.917281955418346, 15.602576641778345 ], [ 73.916466199800439, 15.603087608129092 ], [ 73.915585831957358, 15.603602496062553 ], [ 73.913835897614234, 15.604726345136156 ], [ 73.910789830860026, 15.606284550360774 ], [ 73.910866200235589, 15.60406724312783 ], [ 73.91105009884896, 15.601742596583779 ], [ 73.911158350332286, 15.601158418140686 ], [ 73.911351407270004, 15.599463684641046 ], [ 73.911239322675371, 15.599179017330201 ], [ 73.910084742295197, 15.597803144997251 ], [ 73.909213840000305, 15.596885411156277 ], [ 73.907885038557296, 15.597242269971112 ], [ 73.905593136230195, 15.598076066965202 ], [ 73.903046637876855, 15.599130972993269 ], [ 73.900832783876609, 15.60006835639914 ], [ 73.898108517013355, 15.601874991075166 ], [ 73.895857517676092, 15.603126137685503 ], [ 73.894074909809447, 15.603862599192176 ], [ 73.892951502766252, 15.604147069659955 ], [ 73.892482502237911, 15.604271872150829 ], [ 73.891394219322322, 15.604163724878012 ], [ 73.890862943086901, 15.605179728690768 ], [ 73.890017692184927, 15.606115476924394 ], [ 73.889372160126797, 15.606534760033417 ], [ 73.887859969415189, 15.606917998286518 ], [ 73.887143624061522, 15.607385809273755 ], [ 73.886595056155173, 15.60814088128423 ], [ 73.886179824288163, 15.60872176338124 ], [ 73.886071083223015, 15.609099631668842 ], [ 73.886204617789986, 15.609481163313154 ], [ 73.886433719628471, 15.609724169901488 ], [ 73.887030384233455, 15.610013575021586 ], [ 73.887651300656131, 15.610244520363981 ], [ 73.887836641065547, 15.610599815923873 ], [ 73.887836193704558, 15.610911550909305 ], [ 73.887651986969018, 15.611337889239415 ], [ 73.887495162679969, 15.611800784608707 ], [ 73.887422454837534, 15.612251486929821 ], [ 73.887379450688243, 15.613163479123346 ], [ 73.889559758900845, 15.612980342847075 ], [ 73.890391853975473, 15.612848612187411 ], [ 73.892752178282819, 15.610504011175811 ], [ 73.893299837094077, 15.610083387363806 ], [ 73.893765324311374, 15.609842006013201 ], [ 73.894863178776305, 15.609994507287363 ], [ 73.895985186244289, 15.608950028967223 ], [ 73.896333154059462, 15.608770264021132 ], [ 73.897723747017608, 15.609261538917027 ], [ 73.898320141229675, 15.609568893783464 ], [ 73.899027574397394, 15.610212248265594 ], [ 73.899581056986662, 15.61085790037208 ], [ 73.899763325157792, 15.611398307054541 ], [ 73.899763873130127, 15.612220607209231 ], [ 73.900089066856225, 15.61257354262038 ], [ 73.901123906300597, 15.613154213172466 ], [ 73.902083256718413, 15.61350783218859 ], [ 73.90307312739796, 15.613130012686984 ], [ 73.904358848334866, 15.612905846599887 ], [ 73.905207395155642, 15.612905285970243 ], [ 73.905844202775697, 15.613023573602302 ], [ 73.906260437162572, 15.613228659149664 ], [ 73.906890799370515, 15.613170639254697 ], [ 73.907270985263366, 15.61301830991575 ], [ 73.908026213295784, 15.613020850051166 ], [ 73.908745559920774, 15.613506337180555 ], [ 73.908080227197189, 15.613993121772456 ], [ 73.907735934389805, 15.614236253653335 ], [ 73.907484054868974, 15.614526082390682 ], [ 73.907389950953075, 15.615148115030582 ], [ 73.907486282690883, 15.615529148336186 ], [ 73.907393546909148, 15.616069887903452 ], [ 73.907189758697044, 15.616559223802836 ], [ 73.907186442117037, 15.6170471059443 ], [ 73.907096236889458, 15.617429814111258 ], [ 73.906636408160153, 15.617892618727442 ], [ 73.906199365198006, 15.618387330618969 ], [ 73.905807204762425, 15.618986734960037 ], [ 73.905833811962822, 15.620211609329765 ], [ 73.906044889105104, 15.620702734824397 ], [ 73.906043042168903, 15.621104856707793 ], [ 73.906018450787997, 15.621461375775992 ], [ 73.906067584142448, 15.621882344787808 ], [ 73.906132752424739, 15.622167942608487 ], [ 73.906320214654869, 15.62239676334258 ], [ 73.906778241363739, 15.622616112397477 ], [ 73.907261699378267, 15.622704864153285 ], [ 73.907742430107618, 15.623240895807189 ], [ 73.908662940965769, 15.623124084785987 ], [ 73.908979520746655, 15.623227839331289 ], [ 73.909267148724197, 15.623509429750342 ], [ 73.90940847078636, 15.62379474932877 ], [ 73.909452135197384, 15.624102087595103 ], [ 73.909338859436687, 15.624330443329404 ], [ 73.908959030175012, 15.624687323595744 ], [ 73.908637495287024, 15.624962554254358 ], [ 73.908043803207349, 15.625341877143885 ], [ 73.907720549842239, 15.625720942391856 ], [ 73.907582001777669, 15.62621129078585 ], [ 73.907625749731977, 15.626672852301358 ], [ 73.908088550088294, 15.627452563341176 ], [ 73.908639585666705, 15.627976114671037 ], [ 73.908980189991524, 15.628523440297613 ], [ 73.909792793421119, 15.628450031080112 ] ] ] } },
{ "type": "Feature", "properties": { "gp_id": "254456", "gp_name": "NAVELIM", "terrain__analysis_area_km2": 8.6235314198040672e-10, "terrain__aspect_cos_max": 1, "terrain__aspect_cos_mean": 0.061026605223306801, "terrain__aspect_cos_min": -1, "terrain__aspect_cos_std": 0.71585930366948369, "terrain__aspect_sin_max": 1, "terrain__aspect_sin_mean": -0.030742658179034099, "terrain__aspect_sin_min": -1, "terrain__aspect_sin_std": 0.69448591371898016, "terrain__elevation_max": 75, "terrain__elevation_mean": 26.352814868713651, "terrain__elevation_min": -11, "terrain__elevation_std": 17.583295107871354, "terrain__geometry_status": "VALID_SINGLE", "terrain__laplacian_curvature_max": 28, "terrain__laplacian_curvature_mean": -0.0023893363068470002, "terrain__laplacian_curvature_min": -48, "terrain__laplacian_curvature_std": 3.878539138348553, "terrain__resolution": "DISSOLVE_BY_GP_ID", "terrain__slope_max": 22, "terrain__slope_mean": 5.1056090611137011, "terrain__slope_min": 0, "terrain__slope_std": 3.3891693693539682, "terrain__source_area_km2": 8.6235314198040662e-10, "terrain__source_feature_count": 1, "terrain__tpi_max": 22.132492113564453, "terrain__tpi_mean": -0.0689934083329376, "terrain__tpi_min": -17.769716088328273, "terrain__tpi_std": 5.911973235880577, "terrain__tri_max": 13.257712627529305, "terrain__tri_mean": 3.8080186597112631, "terrain__tri_min": 0.0, "terrain__tri_std": 2.002525497468139, "terrain__aspect_mean_deg": 333.26294068345896, "terrain__aspect_resultant_length": 0.068332697714888105, "landcover__source_feature_count": 1, "landcover__source_unique_geometry_count": 1, "landcover__geometry_status": "VALID_SINGLE", "landcover__resolution": "DISSOLVE_BY_GP_ID", "landcover__source_area_km2": 8.6235314198040662e-10, "landcover__analysis_area_km2": 8.6235314198040672e-10, "landcover__analysis_coverage_pct_of_source": 100.0, "landcover__analysis_geometry_type": "Polygon", "landcover__centroid_lat": 15.517042346433479, "landcover__centroid_lon": 74.007478094029523, "landcover__state": "goa", "landcover__district": "north goa", "landcover__block": "Bicholim", "landcover__block_lgd": 5930, "landcover__block_code11": 4, "landcover__source_layer": "Official Gram Manchitra GP", "landcover__source_snapshot": "gram_manchitra_gp_20260917T064631Z.geojson", "landcover__block_snapshot": "gram_manchitra_all_blocks_20260917T064613Z.geojson", "landcover__synthetic_geometry": false, "landcover__source_geometry_wkt": "POLYGON ((74.02308931328592 15.52479785076371, 74.02300047529422 15.525117206207197, 74.02312718266505 15.525358564112992, 74.02342400579786 15.525742382955459, 74.02361658123856 15.525939532924491, 74.02387043256144 15.526399538399575, 74.02401492298165 15.526690737338683, 74.024093425856 15.527035359018283, 74.02402112225542 15.527187926904876, 74.02383048627742 15.527456118110297, 74.02358086332457 15.527628591967392, 74.02286289830846 15.527943270048402, 74.02200957155206 15.528278572254365, 74.02161025513693 15.5284850458256, 74.02098389672022 15.528904991830348, 74.0207045988203 15.529180850189519, 74.02068227209224 15.529415438430433, 74.0206359441764 15.529694952926306, 74.02045768338974 15.530067346651872, 74.02031962131373 15.5302549986294, 74.02003878729464 15.530630290820389, 74.0198306000326 15.53082600888255, 74.01950730624334 15.53094323069553, 74.01924143186868 15.530961950901078, 74.0187197792849 15.530945216185085, 74.0181962878497 15.531041321126224, 74.01739357307473 15.531413462286972, 74.0166513499527 15.531791012217461, 74.01642977689461 15.531950391610733, 74.01605192572319 15.532274580228652, 74.0158457812301 15.53234833193421, 74.01528673986584 15.532037392653587, 74.01501070734197 15.53240374696053, 74.01471603836922 15.532769880777748, 74.01446081621722 15.532996516997384, 74.01410267587976 15.533253231847642, 74.01366554039114 15.533486245431376, 74.01340318381914 15.533572738641196, 74.01294453727274 15.53370143978479, 74.01261795025961 15.533728142269515, 74.01219942067719 15.533667802888647, 74.01156880963592 15.533468731967064, 74.01117012383811 15.533630021959164, 74.01042838490802 15.533686794614612, 74.00963175711743 15.533670465175112, 74.00891053481011 15.533596537379937, 74.00860839275249 15.533546829802825, 74.00810194864644 15.53345793307857, 74.00779530423263 15.533399275292636, 74.007167450121 15.533317690284509, 74.00678464384244 15.533361683859301, 74.00633213817935 15.533391118783921, 74.00587995501138 15.533402490639507, 74.00555403095494 15.533384019055196, 74.0052522086976 15.533316336635908, 74.00502688068163 15.533127756161456, 74.00489098983363 15.532877325594606, 74.00490469004004 15.532303811914007, 74.00477439030637 15.53170098697518, 74.00469898841638 15.531460449208717, 74.00455038461052 15.531132907177218, 74.00438578180945 15.530638024201265, 74.00424944988865 15.530419160322706, 74.00369755102922 15.529959225266262, 74.00340495985971 15.529597989627412, 74.0030362023339 15.529339496773298, 74.00278008276496 15.52933120421717, 74.0025401921599 15.529472188877456, 74.00212967375316 15.529791338012902, 74.0019886122024 15.530168808689732, 74.00201817755502 15.530661677872198, 74.00202432113325 15.530860471077709, 74.00214803980911 15.531287034282474, 74.00218616430979 15.531825168726126, 74.00216644539097 15.532181819323633, 74.00210078662856 15.532506082876793, 74.00187797838694 15.532746724149497, 74.00159906676261 15.532995545900137, 74.00130611357203 15.533253188572429, 74.00097523890005 15.53355098162191, 74.00058048682486 15.533757409234372, 73.99976412125086 15.533813054105472, 73.9992347090196 15.534336691755499, 73.99840099158757 15.534849291247758, 73.99705457328355 15.533814888969975, 73.99655625893082 15.533410268922575, 73.99668212458023 15.532960944715475, 73.99691486818888 15.531558005372647, 73.99704508437921 15.530720639367363, 73.99566748016176 15.53056402694289, 73.99468307932396 15.527736563973303, 73.99524935841445 15.527427425827703, 73.99453915124913 15.526486810099795, 73.99357351531933 15.52542896693174, 73.99147678276748 15.523424218657883, 73.98924591467573 15.521031823358301, 73.98687212192733 15.518708171239735, 73.98775405373729 15.518337304639408, 73.98931281311326 15.517597097170402, 73.98984565062067 15.517193965249273, 73.99016423005133 15.51679666217855, 73.99220374980105 15.515412990612829, 73.9957960928593 15.51307217983954, 73.99657479117515 15.512157625726012, 73.99726354567314 15.511029503935466, 73.99769630906127 15.509892901732028, 73.998246103168 15.508713035409396, 73.99854278706192 15.507045965684043, 73.99893396204565 15.504991686212426, 73.99906776970047 15.503904994896862, 73.99977392995544 15.50167471065546, 74.00179804090307 15.499676333084562, 74.00232509595499 15.49921560929632, 74.00275872981064 15.498976230857737, 74.00327168310922 15.498759593612192, 74.00387785997476 15.498479617379893, 74.00434874427025 15.498344227026282, 74.00507149281525 15.498172908582289, 74.00595264937914 15.497983462369884, 74.00605058101647 15.49796545506759, 74.00831627858841 15.497704310053798, 74.00993868629719 15.497483539705778, 74.01226514232167 15.497073361895236, 74.01317429128812 15.496938153273799, 74.01417199078539 15.496771355858824, 74.01414379356693 15.497151014706692, 74.01407828033157 15.497715934915435, 74.01413384742008 15.49841198497386, 74.0143061380034 15.498818881914747, 74.01445977956138 15.499311522989434, 74.01449262106986 15.499515375796637, 74.01461379481854 15.499646508138547, 74.01498448192557 15.50059927600424, 74.01572965062343 15.501802927894644, 74.01628706244374 15.502502333229383, 74.01691575288692 15.503415179803799, 74.01779207022633 15.504575542707423, 74.01871859800026 15.505804478684905, 74.01945722067467 15.50683635963889, 74.0197807830602 15.507297384109496, 74.0206684820543 15.508331498665422, 74.02113011639734 15.5088985038402, 74.02211344644334 15.510078551744947, 74.02247408230066 15.510553659209448, 74.02208075136025 15.510972562311766, 74.02138545533035 15.511332726927593, 74.02117737496782 15.511532932367942, 74.02166899776999 15.51197387842664, 74.02176548761129 15.512354832820671, 74.0221009670474 15.512951554759832, 74.02207885501667 15.513470759896848, 74.02183172938034 15.51377430995695, 74.02174649812449 15.51445975789547, 74.02177366856856 15.515399808704425, 74.02185902558857 15.516191616724008, 74.02174180532545 15.516835947095986, 74.02156510581075 15.51740253161396, 74.02072029418495 15.518383975145948, 74.02043653614963 15.51894901817091, 74.02026534330761 15.519465989783221, 74.02030334473909 15.520604975812685, 74.02040394167786 15.521022136057713, 74.02076176041847 15.521682432917853, 74.02069575310972 15.522322983596125, 74.02056627713117 15.523450526919191, 74.02086143568579 15.523644607260337, 74.0216717538013 15.523968257585024, 74.02218421931467 15.524572138585762, 74.02234088729686 15.524687425143203, 74.0225760392888 15.524844498170275, 74.02308931328592 15.52479785076371))", "landcover__water_fraction": 0.093769507997732607, "landcover__trees_fraction": 0.39354487633756952, "landcover__grass_fraction": 0.048911875557808203, "landcover__flooded_vegetation_fraction": 0.044392534177322397, "landcover__crops_fraction": 0.057818831441127497, "landcover__shrub_fraction": 0.180573839474964, "landcover__built_fraction": 0.087993822978671296, "landcover__bare_fraction": 0.054301511885067703, "landcover__snow_ice_fraction": 0.038654332179606503, "landcover__dominant_landcover": "trees", "landcover__dominant_probability": 0.39354487633756952, "landcover__landcover_entropy": 1.8465412189288517, "landcover__valid_pixel_fraction": 1, "landcover__landcover_probability_sum": 0.99996113202987003, "sentinel2__NDVI_hist_mean": 0.4209653020052222, "sentinel2__NDVI_hist_std": 0.090039196225193699, "sentinel2__NDVI_hist_min": 0.051834725123239299, "sentinel2__NDVI_hist_max": 0.6667718568457901, "sentinel2__EVI_hist_mean": 0.22154308436830811, "sentinel2__EVI_hist_std": 0.058291471118906403, "sentinel2__EVI_hist_min": 0.023829084078435599, "sentinel2__EVI_hist_max": 0.41867286459200498, "sentinel2__SAVI_hist_mean": 0.2169552740334805, "sentinel2__SAVI_hist_std": 0.051103995479376198, "sentinel2__SAVI_hist_min": 0.0348409487347911, "sentinel2__SAVI_hist_max": 0.35216664089464728, "sentinel2__NDMI_hist_mean": -0.00029122857578479998, "sentinel2__NDMI_hist_std": 0.071492690565471695, "sentinel2__NDMI_hist_min": -0.1229430580285316, "sentinel2__NDMI_hist_max": 0.23153557779405851, "sentinel2__NBR_hist_mean": 0.18828999658559509, "sentinel2__NBR_hist_std": 0.1006778063145865, "sentinel2__NBR_hist_min": 0.042560096038903497, "sentinel2__NBR_hist_max": 0.47928399160793178, "sentinel2__NDVI_7d_mean": null, "sentinel2__EVI_7d_mean": null, "sentinel2__SAVI_7d_mean": null, "sentinel2__NDMI_7d_mean": null, "sentinel2__NBR_7d_mean": null, "sentinel2__NDVI_30d_mean": null, "sentinel2__EVI_30d_mean": null, "sentinel2__SAVI_30d_mean": null, "sentinel2__NDMI_30d_mean": null, "sentinel2__NBR_30d_mean": null, "sentinel2__NDVI_60d_mean": null, "sentinel2__EVI_60d_mean": null, "sentinel2__SAVI_60d_mean": null, "sentinel2__NDMI_60d_mean": null, "sentinel2__NBR_60d_mean": null, "sentinel2__NDVI_30d_change": null, "sentinel2__observation_count": 350, "sentinel2__latest_observation_date": "2026-05-03", "sentinel2__days_since_latest_observation": 139, "sentinel1__s1_observation_count": 118, "sentinel1__s1_unique_image_count": 118, "sentinel1__s1_first_date": "2021-09-20", "sentinel1__s1_last_date": "2026-09-13", "sentinel1__s1_ascending_count": 0, "sentinel1__s1_descending_count": 118, "sentinel1__s1_vv_db_mean": -8.8254335114884466, "sentinel1__s1_vv_db_median": -8.8769678576134368, "sentinel1__s1_vv_db_std": 0.68944467372787399, "sentinel1__s1_vv_db_min": -9.8513424808508088, "sentinel1__s1_vv_db_max": -7.0977827045863817, "sentinel1__s1_vv_db_count": 118, "sentinel1__s1_vh_db_mean": -15.557202895009572, "sentinel1__s1_vh_db_median": -15.614005742379767, "sentinel1__s1_vh_db_std": 0.57730933806289952, "sentinel1__s1_vh_db_min": -16.453199044657229, "sentinel1__s1_vh_db_max": -14.279476963299812, "sentinel1__s1_vh_db_count": 118, "sentinel1__s1_vv_vh_diff_db_mean": 6.7317693835211241, "sentinel1__s1_vv_vh_diff_db_median": 6.7275287501683474, "sentinel1__s1_vv_vh_diff_db_std": 0.197468823457632, "sentinel1__s1_vv_vh_diff_db_min": 6.2624498133339808, "sentinel1__s1_vv_vh_diff_db_max": 7.3165056864140503, "sentinel1__s1_vv_vh_diff_db_count": 118, "sentinel1__s1_incidence_angle_deg_mean": 37.76821574678155, "sentinel1__s1_incidence_angle_deg_median": 37.759471688100433, "sentinel1__s1_incidence_angle_deg_std": 0.0201419316412642, "sentinel1__s1_incidence_angle_deg_min": 37.745265541668637, "sentinel1__s1_incidence_angle_deg_max": 37.81865972557808, "sentinel1__s1_incidence_angle_deg_count": 118, "sentinel1__s1_valid_fraction_mean": 1.0, "sentinel1__s1_valid_fraction_median": 1.0, "sentinel1__s1_valid_fraction_std": 0.0, "sentinel1__s1_valid_fraction_min": 1.0, "sentinel1__s1_valid_fraction_max": 1.0, "sentinel1__s1_valid_fraction_count": 118, "sentinel1__s1_vv_db_ascending_mean": null, "sentinel1__s1_vv_db_ascending_median": null, "sentinel1__s1_vv_db_ascending_std": null, "sentinel1__s1_vv_db_ascending_min": null, "sentinel1__s1_vv_db_ascending_max": null, "sentinel1__s1_vv_db_ascending_count": 0, "sentinel1__s1_vh_db_ascending_mean": null, "sentinel1__s1_vh_db_ascending_median": null, "sentinel1__s1_vh_db_ascending_std": null, "sentinel1__s1_vh_db_ascending_min": null, "sentinel1__s1_vh_db_ascending_max": null, "sentinel1__s1_vh_db_ascending_count": 0, "sentinel1__s1_vv_vh_diff_db_ascending_mean": null, "sentinel1__s1_vv_vh_diff_db_ascending_median": null, "sentinel1__s1_vv_vh_diff_db_ascending_std": null, "sentinel1__s1_vv_vh_diff_db_ascending_min": null, "sentinel1__s1_vv_vh_diff_db_ascending_max": null, "sentinel1__s1_vv_vh_diff_db_ascending_count": 0, "sentinel1__s1_incidence_angle_deg_ascending_mean": null, "sentinel1__s1_incidence_angle_deg_ascending_median": null, "sentinel1__s1_incidence_angle_deg_ascending_std": null, "sentinel1__s1_incidence_angle_deg_ascending_min": null, "sentinel1__s1_incidence_angle_deg_ascending_max": null, "sentinel1__s1_incidence_angle_deg_ascending_count": 0, "sentinel1__s1_vv_db_descending_mean": -8.8254335114884466, "sentinel1__s1_vv_db_descending_median": -8.8769678576134368, "sentinel1__s1_vv_db_descending_std": 0.68944467372787399, "sentinel1__s1_vv_db_descending_min": -9.8513424808508088, "sentinel1__s1_vv_db_descending_max": -7.0977827045863817, "sentinel1__s1_vv_db_descending_count": 118, "sentinel1__s1_vh_db_descending_mean": -15.557202895009572, "sentinel1__s1_vh_db_descending_median": -15.614005742379767, "sentinel1__s1_vh_db_descending_std": 0.57730933806289952, "sentinel1__s1_vh_db_descending_min": -16.453199044657229, "sentinel1__s1_vh_db_descending_max": -14.279476963299812, "sentinel1__s1_vh_db_descending_count": 118, "sentinel1__s1_vv_vh_diff_db_descending_mean": 6.7317693835211241, "sentinel1__s1_vv_vh_diff_db_descending_median": 6.7275287501683474, "sentinel1__s1_vv_vh_diff_db_descending_std": 0.197468823457632, "sentinel1__s1_vv_vh_diff_db_descending_min": 6.2624498133339808, "sentinel1__s1_vv_vh_diff_db_descending_max": 7.3165056864140503, "sentinel1__s1_vv_vh_diff_db_descending_count": 118, "sentinel1__s1_incidence_angle_deg_descending_mean": 37.76821574678155, "sentinel1__s1_incidence_angle_deg_descending_median": 37.759471688100433, "sentinel1__s1_incidence_angle_deg_descending_std": 0.0201419316412642, "sentinel1__s1_incidence_angle_deg_descending_min": 37.745265541668637, "sentinel1__s1_incidence_angle_deg_descending_max": 37.81865972557808, "sentinel1__s1_incidence_angle_deg_descending_count": 118, "sentinel1__s1_obs_count_last_7d": 1, "sentinel1__s1_vv_last_7d_mean": -8.2927145078054281, "sentinel1__s1_vv_last_7d_median": -8.2927145078054281, "sentinel1__s1_vh_last_7d_mean": -15.185755319806658, "sentinel1__s1_vh_last_7d_median": -15.185755319806658, "sentinel1__s1_vv_vh_diff_last_7d_mean": 6.8930408120012547, "sentinel1__s1_vv_vh_diff_last_7d_median": 6.8930408120012547, "sentinel1__s1_incidence_angle_last_7d_mean": 37.758779970959189, "sentinel1__s1_incidence_angle_last_7d_median": 37.758779970959189, "sentinel1__s1_obs_count_last_30d": 3, "sentinel1__s1_vv_last_30d_mean": -8.1556042977518732, "sentinel1__s1_vv_last_30d_median": -8.1338347962690367, "sentinel1__s1_vh_last_30d_mean": -14.935164168544636, "sentinel1__s1_vh_last_30d_median": -14.904812029370188, "sentinel1__s1_vv_vh_diff_last_30d_mean": 6.7795598707927844, "sentinel1__s1_vv_vh_diff_last_30d_median": 6.7709772331011964, "sentinel1__s1_incidence_angle_last_30d_mean": 37.762602393589447, "sentinel1__s1_incidence_angle_last_30d_median": 37.763390486162479, "sentinel1__s1_obs_count_last_90d": 8, "sentinel1__s1_vv_last_90d_mean": -8.019704840967222, "sentinel1__s1_vv_last_90d_median": -8.0870491927250967, "sentinel1__s1_vh_last_90d_mean": -14.942038810585609, "sentinel1__s1_vh_last_90d_median": -14.953521336061982, "sentinel1__s1_vv_vh_diff_last_90d_mean": 6.9223339696184087, "sentinel1__s1_vv_vh_diff_last_90d_median": 6.9100616363667404, "sentinel1__s1_incidence_angle_last_90d_mean": 37.760363478976473, "sentinel1__s1_incidence_angle_last_90d_median": 37.761226760574999, "sentinel1__s1_obs_count_last_365d": 31, "sentinel1__s1_vv_last_365d_mean": -8.7733795388250932, "sentinel1__s1_vv_last_365d_median": -8.8235070836001057, "sentinel1__s1_vh_last_365d_mean": -15.581215904713911, "sentinel1__s1_vh_last_365d_median": -15.631874462530291, "sentinel1__s1_vv_vh_diff_last_365d_mean": 6.8078363658888366, "sentinel1__s1_vv_vh_diff_last_365d_median": 6.7936870830515463, "sentinel1__s1_incidence_angle_last_365d_mean": 37.757546096372479, "sentinel1__s1_incidence_angle_last_365d_median": 37.757983124718393, "soil__soil_clay_rootzone_0_30cm_pct": 33.423236089062634, "soil__soil_sand_rootzone_0_30cm_pct": 35.967850131690469, "soil__soil_soc_rootzone_0_30cm_g_kg": 20.639896713543155, "soil__soil_bdod_rootzone_0_30cm_kg_dm3": 1.4010091022730855, "lst__lst_mean_c": 36.457934530538488, "lst__lst_median_c": 35.782261802108479, "lst__lst_std_c": 3.811030257883957, "lst__lst_valid_months": 51 }, "geometry": { "type": "Polygon", "coordinates": [ [ [ 73.989245914675735, 15.521031823358301 ], [ 73.991476782767478, 15.523424218657883 ], [ 73.993573515319326, 15.52542896693174 ], [ 73.994539151249128, 15.526486810099795 ], [ 73.995249358414455, 15.527427425827703 ], [ 73.994683079323963, 15.527736563973303 ], [ 73.995667480161757, 15.530564026942891 ], [ 73.997045084379209, 15.530720639367363 ], [ 73.996914868188881, 15.531558005372647 ], [ 73.996682124580232, 15.532960944715475 ], [ 73.996556258930823, 15.533410268922575 ], [ 73.997054573283549, 15.533814888969975 ], [ 73.998400991587573, 15.534849291247758 ], [ 73.999234709019603, 15.534336691755499 ], [ 73.999764121250863, 15.533813054105472 ], [ 74.000580486824859, 15.533757409234372 ], [ 74.000975238900054, 15.533550981621911 ], [ 74.001306113572028, 15.533253188572429 ], [ 74.001599066762608, 15.532995545900137 ], [ 74.001877978386943, 15.532746724149497 ], [ 74.00210078662856, 15.532506082876793 ], [ 74.002166445390969, 15.532181819323633 ], [ 74.002186164309791, 15.531825168726126 ], [ 74.002148039809114, 15.531287034282474 ], [ 74.002024321133248, 15.530860471077709 ], [ 74.002018177555016, 15.530661677872198 ], [ 74.001988612202396, 15.530168808689732 ], [ 74.00212967375316, 15.529791338012902 ], [ 74.002540192159898, 15.529472188877456 ], [ 74.002780082764957, 15.52933120421717 ], [ 74.003036202333902, 15.529339496773298 ], [ 74.003404959859708, 15.529597989627412 ], [ 74.003697551029219, 15.529959225266262 ], [ 74.004249449888647, 15.530419160322706 ], [ 74.004385781809447, 15.530638024201265 ], [ 74.004550384610525, 15.531132907177218 ], [ 74.004698988416379, 15.531460449208717 ], [ 74.004774390306366, 15.53170098697518 ], [ 74.004904690040036, 15.532303811914007 ], [ 74.004890989833626, 15.532877325594606 ], [ 74.005026880681626, 15.533127756161456 ], [ 74.005252208697598, 15.533316336635908 ], [ 74.00555403095494, 15.533384019055196 ], [ 74.00587995501138, 15.533402490639507 ], [ 74.006332138179346, 15.533391118783921 ], [ 74.006784643842437, 15.533361683859301 ], [ 74.007167450121003, 15.533317690284509 ], [ 74.00779530423263, 15.533399275292636 ], [ 74.008101948646441, 15.533457933078569 ], [ 74.008608392752492, 15.533546829802825 ], [ 74.008910534810113, 15.533596537379937 ], [ 74.009631757117432, 15.533670465175112 ], [ 74.010428384908025, 15.533686794614612 ], [ 74.011170123838113, 15.533630021959164 ], [ 74.011568809635918, 15.533468731967064 ], [ 74.012199420677192, 15.533667802888647 ], [ 74.01261795025961, 15.533728142269515 ], [ 74.012944537272745, 15.533701439784791 ], [ 74.013403183819136, 15.533572738641196 ], [ 74.013665540391145, 15.533486245431376 ], [ 74.014102675879755, 15.533253231847642 ], [ 74.014460816217223, 15.532996516997384 ], [ 74.014716038369215, 15.532769880777748 ], [ 74.015010707341972, 15.532403746960529 ], [ 74.015286739865843, 15.532037392653587 ], [ 74.015845781230098, 15.532348331934211 ], [ 74.01605192572319, 15.532274580228652 ], [ 74.016429776894611, 15.531950391610733 ], [ 74.016651349952696, 15.531791012217461 ], [ 74.017393573074727, 15.531413462286972 ], [ 74.018196287849705, 15.531041321126224 ], [ 74.018719779284893, 15.530945216185085 ], [ 74.019241431868679, 15.530961950901078 ], [ 74.019507306243341, 15.530943230695531 ], [ 74.019830600032606, 15.530826008882549 ], [ 74.020038787294638, 15.530630290820389 ], [ 74.020319621313732, 15.530254998629401 ], [ 74.020457683389736, 15.530067346651872 ], [ 74.020635944176405, 15.529694952926306 ], [ 74.020682272092245, 15.529415438430433 ], [ 74.020704598820302, 15.529180850189519 ], [ 74.020983896720224, 15.528904991830348 ], [ 74.021610255136935, 15.528485045825599 ], [ 74.022009571552061, 15.528278572254365 ], [ 74.02286289830846, 15.527943270048402 ], [ 74.023580863324568, 15.527628591967392 ], [ 74.023830486277419, 15.527456118110297 ], [ 74.024021122255419, 15.527187926904876 ], [ 74.024093425855995, 15.527035359018283 ], [ 74.02401492298165, 15.526690737338683 ], [ 74.023870432561438, 15.526399538399575 ], [ 74.023616581238556, 15.525939532924491 ], [ 74.023424005797864, 15.525742382955459 ], [ 74.02312718266505, 15.525358564112992 ], [ 74.023000475294225, 15.525117206207197 ], [ 74.023089313285922, 15.52479785076371 ], [ 74.022576039288793, 15.524844498170275 ], [ 74.022340887296863, 15.524687425143203 ], [ 74.022184219314667, 15.524572138585762 ], [ 74.0216717538013, 15.523968257585024 ], [ 74.020861435685788, 15.523644607260337 ], [ 74.020566277131167, 15.523450526919191 ], [ 74.02069575310972, 15.522322983596125 ], [ 74.020761760418466, 15.521682432917853 ], [ 74.020403941677856, 15.521022136057713 ], [ 74.020303344739091, 15.520604975812685 ], [ 74.020265343307614, 15.519465989783221 ], [ 74.020436536149631, 15.518949018170909 ], [ 74.020720294184954, 15.518383975145948 ], [ 74.021565105810751, 15.517402531613961 ], [ 74.021741805325448, 15.516835947095986 ], [ 74.021859025588569, 15.516191616724008 ], [ 74.021773668568557, 15.515399808704425 ], [ 74.021746498124486, 15.514459757895469 ], [ 74.021831729380338, 15.513774309956951 ], [ 74.022078855016673, 15.513470759896848 ], [ 74.022100967047393, 15.512951554759832 ], [ 74.02176548761129, 15.512354832820671 ], [ 74.021668997769993, 15.511973878426639 ], [ 74.02117737496782, 15.511532932367942 ], [ 74.021385455330346, 15.511332726927593 ], [ 74.022080751360249, 15.510972562311766 ], [ 74.022474082300661, 15.510553659209448 ], [ 74.022113446443342, 15.510078551744947 ], [ 74.021130116397345, 15.5088985038402 ], [ 74.020668482054305, 15.508331498665422 ], [ 74.019780783060199, 15.507297384109496 ], [ 74.019457220674667, 15.506836359638889 ], [ 74.018718598000262, 15.505804478684905 ], [ 74.017792070226335, 15.504575542707423 ], [ 74.016915752886916, 15.503415179803799 ], [ 74.016287062443737, 15.502502333229383 ], [ 74.015729650623427, 15.501802927894644 ], [ 74.014984481925566, 15.500599276004239 ], [ 74.014613794818544, 15.499646508138547 ], [ 74.014492621069863, 15.499515375796637 ], [ 74.014459779561378, 15.499311522989434 ], [ 74.014306138003406, 15.498818881914747 ], [ 74.014133847420084, 15.49841198497386 ], [ 74.014078280331574, 15.497715934915435 ], [ 74.01414379356693, 15.497151014706692 ], [ 74.014171990785385, 15.496771355858824 ], [ 74.013174291288124, 15.496938153273799 ], [ 74.012265142321667, 15.497073361895236 ], [ 74.00993868629719, 15.497483539705778 ], [ 74.00831627858841, 15.497704310053798 ], [ 74.006050581016467, 15.49796545506759 ], [ 74.00595264937914, 15.497983462369884 ], [ 74.005071492815247, 15.498172908582289 ], [ 74.004348744270246, 15.498344227026282 ], [ 74.003877859974764, 15.498479617379893 ], [ 74.003271683109219, 15.498759593612192 ], [ 74.002758729810637, 15.498976230857737 ], [ 74.002325095954987, 15.49921560929632 ], [ 74.001798040903068, 15.499676333084562 ], [ 73.999773929955438, 15.501674710655459 ], [ 73.999067769700474, 15.503904994896862 ], [ 73.998933962045655, 15.504991686212426 ], [ 73.998542787061922, 15.507045965684043 ], [ 73.998246103168, 15.508713035409396 ], [ 73.997696309061268, 15.509892901732028 ], [ 73.997263545673135, 15.511029503935466 ], [ 73.996574791175149, 15.512157625726012 ], [ 73.995796092859294, 15.51307217983954 ], [ 73.99220374980105, 15.515412990612829 ], [ 73.990164230051334, 15.51679666217855 ], [ 73.989845650620666, 15.517193965249273 ], [ 73.989312813113258, 15.517597097170402 ], [ 73.987754053737291, 15.518337304639408 ], [ 73.986872121927334, 15.518708171239735 ], [ 73.989245914675735, 15.521031823358301 ] ] ] } },
{ "type": "Feature", "properties": { "gp_id": "254464", "gp_name": "PALE, COTOMBI", "terrain__analysis_area_km2": 1.3959200341808159e-09, "terrain__aspect_cos_max": 1, "terrain__aspect_cos_mean": -0.16077951672305421, "terrain__aspect_cos_min": -1, "terrain__aspect_cos_std": 0.68696219974271944, "terrain__aspect_sin_max": 1, "terrain__aspect_sin_mean": -0.077207190090010397, "terrain__aspect_sin_min": -1, "terrain__aspect_sin_std": 0.70594449195186848, "terrain__elevation_max": 209, "terrain__elevation_mean": 50.910293465598841, "terrain__elevation_min": -25, "terrain__elevation_std": 36.418641984425498, "terrain__geometry_status": "VALID_MULTIPART", "terrain__laplacian_curvature_max": 116, "terrain__laplacian_curvature_mean": 0.058722094364504603, "terrain__laplacian_curvature_min": -64, "terrain__laplacian_curvature_std": 5.7626170320409598, "terrain__resolution": "DISSOLVE_BY_GP_ID", "terrain__slope_max": 49, "terrain__slope_mean": 8.3903676242086114, "terrain__slope_min": 0, "terrain__slope_std": 5.9786494724367936, "terrain__source_area_km2": 1.3959200341808171e-09, "terrain__source_feature_count": 2, "terrain__tpi_max": 58.470031545740937, "terrain__tpi_mean": -0.63035536355862354, "terrain__tpi_min": -49.252365930599687, "terrain__tpi_std": 10.291066536820928, "terrain__tri_max": 24.578685312692311, "terrain__tri_mean": 6.3943967063202214, "terrain__tri_min": 0.0, "terrain__tri_std": 4.0937846457815503, "terrain__aspect_mean_deg": 205.65056928310923, "terrain__aspect_resultant_length": 0.1783563937718351, "landcover__source_feature_count": 2, "landcover__source_unique_geometry_count": 2, "landcover__geometry_status": "VALID_MULTIPART", "landcover__resolution": "DISSOLVE_BY_GP_ID", "landcover__source_area_km2": 1.3959200341808171e-09, "landcover__analysis_area_km2": 1.3959200341808159e-09, "landcover__analysis_coverage_pct_of_source": 99.999999999999915, "landcover__analysis_geometry_type": "MultiPolygon", "landcover__centroid_lat": 15.472442748445625, "landcover__centroid_lon": 74.058313189084117, "landcover__state": "goa", "landcover__district": "north goa", "landcover__block": "Bicholim", "landcover__block_lgd": 5930, "landcover__block_code11": 4, "landcover__source_layer": "Official Gram Manchitra GP", "landcover__source_snapshot": "gram_manchitra_gp_20260917T064631Z.geojson", "landcover__block_snapshot": "gram_manchitra_all_blocks_20260917T064613Z.geojson", "landcover__synthetic_geometry": false, "landcover__source_geometry_wkt": "MULTIPOLYGON (((74.08221658788173 15.480092149301228, 74.08277120773818 15.480168964406728, 74.08310685336261 15.480205159583836, 74.0832048191359 15.480015360139053, 74.08330737799525 15.479649262639814, 74.08352179327719 15.479111450198177, 74.08388077264112 15.478551002616006, 74.08443556856732 15.477805292829384, 74.08499030700136 15.477362429842112, 74.08605772205289 15.476765856203754, 74.08675223205691 15.476458576705012, 74.08738618572934 15.476381736846934, 74.08794090080717 15.476264208758801, 74.08851421011309 15.476205487976893, 74.08976340465222 15.47595693630687, 74.09025748883828 15.475843973051449, 74.09081219044138 15.47570836702342, 74.09131563237774 15.475292593980953, 74.09160929703403 15.474786422886446, 74.09194958694847 15.474352460288461, 74.09221527088029 15.474004458259087, 74.09245299834213 15.473688137053124, 74.09263947332374 15.47335365960561, 74.09300770264015 15.472707319292203, 74.09329674636263 15.472160514335737, 74.09353445406153 15.471776339680241, 74.0938420893171 15.471238470415948, 74.09412180673027 15.470723247341624, 74.0944387799732 15.4702712465985, 74.09464851682912 15.469981999231461, 74.09483496216633 15.469692784359575, 74.09539895055286 15.468034012754627, 74.09111943942136 15.46691611575602, 74.0907670366236 15.466807275619706, 74.09045148990533 15.466726055644717, 74.0888244118554 15.466192768849208, 74.08776222320219 15.465888749792247, 74.08692999697354 15.465782200854616, 74.08578054238038 15.46570733189475, 74.08497133458256 15.465619167004027, 74.08380116214401 15.465372333335056, 74.08309036568387 15.46524488830497, 74.08242486317867 15.464892206950422, 74.08195442444755 15.46457840686134, 74.0815407511575 15.46420668037298, 74.0812304155662 15.463777679117445, 74.08088505556027 15.463199112158147, 74.08046005271788 15.462651044862593, 74.07997417374364 15.462124707759934, 74.07952501161003 15.461635024023067, 74.07917594066365 15.461304857865743, 74.07878523010893 15.460956033900331, 74.07829414809254 15.460465757784544, 74.07727783370598 15.460991794338398, 74.07693290399305 15.461335210420808, 74.07690483433538 15.461403061010424, 74.07684429058017 15.461583853238224, 74.07668575230558 15.462053881642627, 74.07652253111341 15.462401881248024, 74.07635945634662 15.462664005026413, 74.0760890347 15.462962272985761, 74.07574872592092 15.463242353567875, 74.07538986782951 15.463414169337927, 74.07488638996055 15.463626535399847, 74.07434568860113 15.46397446223353, 74.07386083999454 15.464670474318954, 74.07319435473241 15.465420584610236, 74.07278408695562 15.466030747425828, 74.07222461889162 15.466713126037504, 74.07177716176041 15.467006898219491, 74.07098469676284 15.467829347118863, 74.07042518198645 15.468421364827174, 74.06992181371196 15.468927510795057, 74.06886367556237 15.469311514985543, 74.0682856725591 15.46960515015206, 74.06769366392224 15.469623221393402, 74.06738610143023 15.469519205027751, 74.06677552820969 15.46923889138473, 74.06670569587446 15.468927006048776, 74.06664985569809 15.468316884667226, 74.06627254082086 15.4671823497452, 74.0663286666615 15.466224242745744, 74.06652452274965 15.465279697365915, 74.06692091874181 15.464339605647265, 74.06722865910028 15.463657279820328, 74.06809104716291 15.462572681265396, 74.06834281708929 15.462084563092933, 74.06839425282583 15.461424714804512, 74.06832442498215 15.460638256383376, 74.06801694244018 15.459711763696122, 74.06755107703215 15.459051867156242, 74.06713626018676 15.45858169514131, 74.06660039625515 15.458125195076429, 74.06607849304142 15.457862927023676, 74.06541197543993 15.457844812330972, 74.06472685372894 15.457966755299935, 74.06368741670695 15.458350742582976, 74.06309077905141 15.458612737285844, 74.06259203260905 15.45901490203402, 74.06242881411183 15.459240862431322, 74.06230284874943 15.45957530899514, 74.06210704206863 15.459765072634053, 74.06188808400631 15.459850943883312, 74.06075550965568 15.459800970076012, 74.05984198679214 15.459764694274071, 74.05870477174471 15.459678647229053, 74.05714343240726 15.459587917831277, 74.05609943733351 15.459275858651358, 74.05509279780253 15.459067721965638, 74.05428197034226 15.458823515168291, 74.05367148425832 15.458488851802269, 74.05270210774367 15.458086550965167, 74.05223610579169 15.457738361422438, 74.0515884662859 15.457250119302296, 74.05102928837778 15.456517805048742, 74.05079651692134 15.455857914787064, 74.05094127863273 15.45486358437967, 74.05123033223664 15.454339431909096, 74.05178512726455 15.453670651215162, 74.05192966619376 15.453426599969061, 74.05239594123358 15.45259055471135, 74.05270373010106 15.451808802398647, 74.05352908062453 15.450132234587809, 74.053729764259 15.44891195811669, 74.05378128623383 15.447845377169978, 74.05389349299931 15.446783293242646, 74.05408937334197 15.445807138956326, 74.05415943564593 15.445282876999304, 74.05407118784737 15.443886326791056, 74.05403864996946 15.4437281151136, 74.05393165612753 15.443136096990965, 74.05367998232092 15.442873815168918, 74.05335390105928 15.442647819612073, 74.05285052559827 15.442629664625011, 74.05259888233435 15.442647648167073, 74.05117733792312 15.44306762131573, 74.04918248510428 15.44395762842298, 74.04770965407681 15.444513090380665, 74.04670293100254 15.445037092789883, 74.04615761140425 15.445389456392656, 74.04670694916679 15.447269727849198, 74.04633398123725 15.447685378774725, 74.04625918391342 15.448159982740664, 74.04611468810334 15.448476308296836, 74.04593278734315 15.44881528421891, 74.04565767020256 15.449185755986361, 74.04553175873907 15.449429742091267, 74.04573208394575 15.450012827421938, 74.04589493233709 15.450754088110827, 74.04593214684436 15.451115649430399, 74.04553118291898 15.451644324576234, 74.04500430214021 15.452317692120536, 74.04456606082549 15.452706207833911, 74.04411388933566 15.453284621402933, 74.04409508759674 15.45384950725179, 74.04405756406902 15.45436032797, 74.04389415602728 15.455386194346042, 74.04363765197937 15.455756702855416, 74.04322219912677 15.458224264681364, 74.04292827485736 15.459001563280495, 74.042890866314 15.459263694824832, 74.04231272137692 15.460095133884952, 74.04238268935778 15.460167459390238, 74.0428577759722 15.46062411599552, 74.04300218464569 15.461030791157004, 74.04312801526079 15.461311121105496, 74.04323984293727 15.461297547000617, 74.04325380635004 15.461279501006901, 74.04343562087195 15.461279566808175, 74.04345428786357 15.46131118084612, 74.04349141703089 15.461523620926023, 74.04329099929772 15.461650108068813, 74.04379890586107 15.462124811656238, 74.0440923100059 15.462567806807975, 74.04447426288492 15.463254922354098, 74.04485621486563 15.46447083821157, 74.04424404444056 15.469627532067772, 74.04555276224872 15.47290909367042, 74.04662447663719 15.474057392109662, 74.04719776528185 15.474287985178972, 74.0488009292806 15.475223948857774, 74.04880048012298 15.476914329907757, 74.05094387656055 15.479545300659677, 74.05359575358493 15.481114152600451, 74.05649936909462 15.48313510392457, 74.05718424287063 15.484423310058968, 74.05737523907307 15.485169053125476, 74.05737520403878 15.48543583672906, 74.05730041479981 15.48606857172426, 74.05742602083609 15.487252737418551, 74.05828831188067 15.487768121038343, 74.05906663829398 15.488229290205638, 74.0598683523457 15.488807969849637, 74.06070263481806 15.489445384824862, 74.06115936705461 15.489761850745172, 74.06206824562813 15.490272743863839, 74.06273943716404 15.490783516255787, 74.06359698690054 15.491597250209715, 74.06423085523302 15.492248163734839, 74.06488809683087 15.492795142398572, 74.06555924794255 15.493396345292743, 74.06672920029388 15.494250808168985, 74.06747498613433 15.494815836722982, 74.06843513964598 15.495557185423747, 74.06945592943931 15.496492916073715, 74.070509349637 15.497180097280276, 74.07101746191454 15.49749654356738, 74.07116236016986 15.497611819276074, 74.07114799071854 15.497329247985762, 74.07113884227572 15.496701005593883, 74.0711807828197 15.496511225619159, 74.07103166877073 15.49624911701966, 74.07086385808577 15.495810634823243, 74.07055624977967 15.495376758756777, 74.07026731116012 15.494983439919055, 74.07002026457552 15.494743892101306, 74.06988974116135 15.494617351606124, 74.06987117478108 15.494472656263442, 74.06986175504699 15.494318933636206, 74.06987117478108 15.494047872971423, 74.06987124844291 15.49353255002168, 74.06982008759084 15.49303083503537, 74.06979213830742 15.49265574890369, 74.06977358091028 15.492348317280163, 74.0697641962105 15.492117926136737, 74.06983432229485 15.491589129273342, 74.06995090116084 15.491299811292542, 74.07002082422595 15.491096391013269, 74.07019804835674 15.490789104236693, 74.07042656988357 15.490269423097255, 74.07046849156292 15.49014289804229, 74.07068304428708 15.489645738732753, 74.0709720511786 15.489306781176476, 74.07143825255656 15.488674043970304, 74.07171343886743 15.488109172633237, 74.07201185201826 15.48755775526753, 74.0724594609648 15.4868391942453, 74.07277644139427 15.486378162221285, 74.07326142564648 15.485433680258, 74.07341069690064 15.484904835133845, 74.07391421968535 15.484281196053981, 74.07431041714983 15.483992064364083, 74.07494447233188 15.483648474636059, 74.07621247669476 15.483223867353775, 74.07671122403545 15.483011472918559, 74.07726598762233 15.482627308886027, 74.0776388702119 15.48220706878867, 74.07825430960632 15.481840893790395, 74.07936367777825 15.481149583178865, 74.08106520460568 15.480205125820492, 74.08221658788173 15.480092149301228)), ((74.03125534956153 15.489690952711566, 74.03307388464965 15.488317556272031, 74.03316714504753 15.48828141012773, 74.0340204430578 15.487752953192258, 74.0352376512846 15.486103559080155, 74.03536836963318 15.48546628270452, 74.03541989789622 15.485027923075727, 74.03536873524753 15.484499091631088, 74.03594733024053 15.482772819365959, 74.0371689186527 15.481855695870541, 74.03826008965191 15.480866217162593, 74.03935124268482 15.479456340862757, 74.04054993573533 15.477296347993061, 74.04098844295136 15.476537181782872, 74.04129624978518 15.475759876286913, 74.04151555819044 15.475091015854055, 74.04182377285936 15.473346549155426, 74.04184256831003 15.472745403127067, 74.04182430106871 15.471705923772506, 74.04166132601493 15.471122785217796, 74.04151723085349 15.47008325788972, 74.04188090032153 15.469509317916398, 74.04093492222505 15.46896222659911, 74.0393877169803 15.468202530267439, 74.03889811718415 15.468591036969132, 74.03829690261226 15.468414575410513, 74.03742543258207 15.46821998519798, 74.03693603311024 15.467993896072231, 74.03592010589757 15.467568662743801, 74.03482959156683 15.467215838164154, 74.03414467916328 15.466646115265998, 74.03398610675268 15.466826881272402, 74.03325421515473 15.46718816433251, 74.03266212297457 15.467477336816723, 74.03206545208138 15.467707543286304, 74.03155260388567 15.467996592104699, 74.03103985899622 15.468186343698887, 74.03042447170412 15.468452737954934, 74.0296972549389 15.468818578212412, 74.0293382432356 15.46903089198016, 74.02906316741749 15.469202573947241, 74.02866691425746 15.469491662235493, 74.02828916100239 15.469798853379608, 74.02807471877104 15.470047410713079, 74.02773901655273 15.470363540087588, 74.0275804414472 15.470630184346135, 74.02734250377956 15.470996243257497, 74.02721943997557 15.471130893971234, 74.02628369638511 15.472753972400168, 74.0266051378483 15.473409458406907, 74.02728087036795 15.473825514870903, 74.02871154705234 15.474318616334354, 74.02896796576033 15.474386569156882, 74.02927545728542 15.474472502737, 74.02946191070751 15.474558478703235, 74.02991866540194 15.474694174656957, 74.03016563832468 15.474825353041593, 74.03039398467999 15.474952021657495, 74.03068758106431 15.475159956241407, 74.03082733466799 15.475345410626206, 74.03122340187676 15.475702492938986, 74.03140973761953 15.475982867088307, 74.03147023466235 15.476222381230802, 74.03154937713717 15.476547817425518, 74.03164710755189 15.47676020377907, 74.03169835823546 15.477054100220851, 74.03166566584733 15.47720773265917, 74.03165627396105 15.47733430285408, 74.03163764469869 15.477469803927988, 74.03159552000008 15.477632541020357, 74.03155828123826 15.477754500039635, 74.03151633260947 15.477831359299874, 74.03139034389085 15.477994117751269, 74.03127842099299 15.478093473931319, 74.03116184033033 15.478170186756376, 74.03102203462437 15.478233439969783, 74.0309055051657 15.478283139218803, 74.03069575124181 15.478310202955559, 74.03050923314105 15.478341782360737, 74.03025292941746 15.478350684709932, 74.0299871718238 15.478377726794502, 74.02977738735719 15.478418388608423, 74.02929253515732 15.478485889902947, 74.02859339343968 15.4785399229549, 74.02824372421533 15.47858961520441, 74.0275725704087 15.478539560212422, 74.02607152329816 15.4786385421337, 74.02553090727872 15.478724181330302, 74.02511119281839 15.47882802771487, 74.0245611408952 15.479058304670467, 74.0242021049374 15.479220869098715, 74.02398775163924 15.479374417683795, 74.02374986697224 15.479482824407016, 74.02360068105804 15.479663515138775, 74.0233161163356 15.480079315758978, 74.02315761579023 15.480345874778404, 74.02300829512876 15.480634990787532, 74.02294764986395 15.480824894416457, 74.02292884722672 15.481082417788256, 74.02283087875847 15.481430418302363, 74.02278863907549 15.481773958040172, 74.02295628716541 15.482343455763454, 74.02311468081125 15.48265993428357, 74.02313325617467 15.482822613618936, 74.02314251331369 15.48298527637776, 74.02314238126135 15.48317967869825, 74.02314224112416 15.483333374113357, 74.0230862212847 15.483608991219327, 74.0228855358536 15.484101631316681, 74.02262875332796 15.485127455078645, 74.02248862692342 15.4857782980731, 74.02246042431508 15.486469801847539, 74.02244146267604 15.487197467829391, 74.0231452423955 15.487333224748596, 74.02421726041453 15.487546107326489, 74.02459949266964 15.487776691420592, 74.02494428494028 15.488129409089746, 74.02589023159574 15.488902618404737, 74.02694783524771 15.490254428571655, 74.0277121614173 15.49083770278342, 74.02887323302372 15.490114921690113, 74.02961875835273 15.49087000918026, 74.03030879025509 15.490517677087357, 74.03125534956153 15.489690952711566)))", "landcover__water_fraction": 0.11289794582751191, "landcover__trees_fraction": 0.4053052680332081, "landcover__grass_fraction": 0.051666967123181598, "landcover__flooded_vegetation_fraction": 0.038717328390619803, "landcover__crops_fraction": 0.058821141586717002, "landcover__shrub_fraction": 0.17935767470284461, "landcover__built_fraction": 0.0672625467750263, "landcover__bare_fraction": 0.047455724289995803, "landcover__snow_ice_fraction": 0.038476828472038198, "landcover__dominant_landcover": "trees", "landcover__dominant_probability": 0.4053052680332081, "landcover__landcover_entropy": 1.8177033030328156, "landcover__valid_pixel_fraction": 1, "landcover__landcover_probability_sum": 0.99996142520114362, "sentinel2__NDVI_hist_mean": 0.48410487722560719, "sentinel2__NDVI_hist_std": 0.082452461797420898, "sentinel2__NDVI_hist_min": -0.080929041083465103, "sentinel2__NDVI_hist_max": 0.87954363774503141, "sentinel2__EVI_hist_mean": 0.27991434758814371, "sentinel2__EVI_hist_std": 0.059804302717710298, "sentinel2__EVI_hist_min": 0.1372469563761774, "sentinel2__EVI_hist_max": 0.75004980385501308, "sentinel2__SAVI_hist_mean": 0.26213235401619112, "sentinel2__SAVI_hist_std": 0.043007399503036503, "sentinel2__SAVI_hist_min": -0.067686999381132706, "sentinel2__SAVI_hist_max": 0.39868057720699551, "sentinel2__NDMI_hist_mean": 0.050313276284303501, "sentinel2__NDMI_hist_std": 0.076340227144332404, "sentinel2__NDMI_hist_min": -0.14083620983363279, "sentinel2__NDMI_hist_max": 0.32595300602863292, "sentinel2__NBR_hist_mean": 0.28043370797495909, "sentinel2__NBR_hist_std": 0.10031309027292951, "sentinel2__NBR_hist_min": -0.070874608345776802, "sentinel2__NBR_hist_max": 0.5801078276364714, "sentinel2__NDVI_7d_mean": null, "sentinel2__EVI_7d_mean": null, "sentinel2__SAVI_7d_mean": null, "sentinel2__NDMI_7d_mean": null, "sentinel2__NBR_7d_mean": null, "sentinel2__NDVI_30d_mean": null, "sentinel2__EVI_30d_mean": null, "sentinel2__SAVI_30d_mean": null, "sentinel2__NDMI_30d_mean": null, "sentinel2__NBR_30d_mean": null, "sentinel2__NDVI_60d_mean": null, "sentinel2__EVI_60d_mean": null, "sentinel2__SAVI_60d_mean": null, "sentinel2__NDMI_60d_mean": null, "sentinel2__NBR_60d_mean": null, "sentinel2__NDVI_30d_change": null, "sentinel2__observation_count": 350, "sentinel2__latest_observation_date": "2026-05-13", "sentinel2__days_since_latest_observation": 129, "sentinel1__s1_observation_count": 118, "sentinel1__s1_unique_image_count": 118, "sentinel1__s1_first_date": "2021-09-20", "sentinel1__s1_last_date": "2026-09-13", "sentinel1__s1_ascending_count": 0, "sentinel1__s1_descending_count": 118, "sentinel1__s1_vv_db_mean": -9.4392125835114964, "sentinel1__s1_vv_db_median": -9.5407190266010566, "sentinel1__s1_vv_db_std": 0.64803379474898892, "sentinel1__s1_vv_db_min": -10.380289381004564, "sentinel1__s1_vv_db_max": -7.5219542964627157, "sentinel1__s1_vv_db_count": 118, "sentinel1__s1_vh_db_mean": -16.157048998676505, "sentinel1__s1_vh_db_median": -16.259096018541513, "sentinel1__s1_vh_db_std": 0.65287192401689087, "sentinel1__s1_vh_db_min": -17.071916403558131, "sentinel1__s1_vh_db_max": -14.186007249670208, "sentinel1__s1_vh_db_count": 118, "sentinel1__s1_vv_vh_diff_db_mean": 6.7178364151650136, "sentinel1__s1_vv_vh_diff_db_median": 6.713414388873475, "sentinel1__s1_vv_vh_diff_db_std": 0.1281117361294874, "sentinel1__s1_vv_vh_diff_db_min": 6.3611436055319652, "sentinel1__s1_vv_vh_diff_db_max": 7.0691131929736999, "sentinel1__s1_vv_vh_diff_db_count": 118, "sentinel1__s1_incidence_angle_deg_mean": 37.383591572161393, "sentinel1__s1_incidence_angle_deg_median": 37.374406583831657, "sentinel1__s1_incidence_angle_deg_std": 0.021021124219780599, "sentinel1__s1_incidence_angle_deg_min": 37.360163244894977, "sentinel1__s1_incidence_angle_deg_max": 37.435668080045069, "sentinel1__s1_incidence_angle_deg_count": 118, "sentinel1__s1_valid_fraction_mean": 1.0, "sentinel1__s1_valid_fraction_median": 1.0, "sentinel1__s1_valid_fraction_std": 0.0, "sentinel1__s1_valid_fraction_min": 1.0, "sentinel1__s1_valid_fraction_max": 1.0, "sentinel1__s1_valid_fraction_count": 118, "sentinel1__s1_vv_db_ascending_mean": null, "sentinel1__s1_vv_db_ascending_median": null, "sentinel1__s1_vv_db_ascending_std": null, "sentinel1__s1_vv_db_ascending_min": null, "sentinel1__s1_vv_db_ascending_max": null, "sentinel1__s1_vv_db_ascending_count": 0, "sentinel1__s1_vh_db_ascending_mean": null, "sentinel1__s1_vh_db_ascending_median": null, "sentinel1__s1_vh_db_ascending_std": null, "sentinel1__s1_vh_db_ascending_min": null, "sentinel1__s1_vh_db_ascending_max": null, "sentinel1__s1_vh_db_ascending_count": 0, "sentinel1__s1_vv_vh_diff_db_ascending_mean": null, "sentinel1__s1_vv_vh_diff_db_ascending_median": null, "sentinel1__s1_vv_vh_diff_db_ascending_std": null, "sentinel1__s1_vv_vh_diff_db_ascending_min": null, "sentinel1__s1_vv_vh_diff_db_ascending_max": null, "sentinel1__s1_vv_vh_diff_db_ascending_count": 0, "sentinel1__s1_incidence_angle_deg_ascending_mean": null, "sentinel1__s1_incidence_angle_deg_ascending_median": null, "sentinel1__s1_incidence_angle_deg_ascending_std": null, "sentinel1__s1_incidence_angle_deg_ascending_min": null, "sentinel1__s1_incidence_angle_deg_ascending_max": null, "sentinel1__s1_incidence_angle_deg_ascending_count": 0, "sentinel1__s1_vv_db_descending_mean": -9.4392125835114964, "sentinel1__s1_vv_db_descending_median": -9.5407190266010566, "sentinel1__s1_vv_db_descending_std": 0.64803379474898892, "sentinel1__s1_vv_db_descending_min": -10.380289381004564, "sentinel1__s1_vv_db_descending_max": -7.5219542964627157, "sentinel1__s1_vv_db_descending_count": 118, "sentinel1__s1_vh_db_descending_mean": -16.157048998676505, "sentinel1__s1_vh_db_descending_median": -16.259096018541513, "sentinel1__s1_vh_db_descending_std": 0.65287192401689087, "sentinel1__s1_vh_db_descending_min": -17.071916403558131, "sentinel1__s1_vh_db_descending_max": -14.186007249670208, "sentinel1__s1_vh_db_descending_count": 118, "sentinel1__s1_vv_vh_diff_db_descending_mean": 6.7178364151650136, "sentinel1__s1_vv_vh_diff_db_descending_median": 6.713414388873475, "sentinel1__s1_vv_vh_diff_db_descending_std": 0.1281117361294874, "sentinel1__s1_vv_vh_diff_db_descending_min": 6.3611436055319652, "sentinel1__s1_vv_vh_diff_db_descending_max": 7.0691131929736999, "sentinel1__s1_vv_vh_diff_db_descending_count": 118, "sentinel1__s1_incidence_angle_deg_descending_mean": 37.383591572161393, "sentinel1__s1_incidence_angle_deg_descending_median": 37.374406583831657, "sentinel1__s1_incidence_angle_deg_descending_std": 0.021021124219780599, "sentinel1__s1_incidence_angle_deg_descending_min": 37.360163244894977, "sentinel1__s1_incidence_angle_deg_descending_max": 37.435668080045069, "sentinel1__s1_incidence_angle_deg_descending_count": 118, "sentinel1__s1_obs_count_last_7d": 1, "sentinel1__s1_vv_last_7d_mean": -9.0677814707811919, "sentinel1__s1_vv_last_7d_median": -9.0677814707811919, "sentinel1__s1_vh_last_7d_mean": -15.723165374358642, "sentinel1__s1_vh_last_7d_median": -15.723165374358642, "sentinel1__s1_vv_vh_diff_last_7d_mean": 6.6553839035774622, "sentinel1__s1_vv_vh_diff_last_7d_median": 6.6553839035774622, "sentinel1__s1_incidence_angle_last_7d_mean": 37.373629023758411, "sentinel1__s1_incidence_angle_last_7d_median": 37.373629023758411, "sentinel1__s1_obs_count_last_30d": 3, "sentinel1__s1_vv_last_30d_mean": -8.8640294911002968, "sentinel1__s1_vv_last_30d_median": -8.8115792185073545, "sentinel1__s1_vh_last_30d_mean": -15.389070016895509, "sentinel1__s1_vh_last_30d_median": -15.370173286783579, "sentinel1__s1_vv_vh_diff_last_30d_mean": 6.5250405257952098, "sentinel1__s1_vv_vh_diff_last_30d_median": 6.558594068276201, "sentinel1__s1_incidence_angle_last_30d_mean": 37.377438110034007, "sentinel1__s1_incidence_angle_last_30d_median": 37.378229211856009, "sentinel1__s1_obs_count_last_90d": 8, "sentinel1__s1_vv_last_90d_mean": -8.8597230630524173, "sentinel1__s1_vv_last_90d_median": -8.8400987511218325, "sentinel1__s1_vh_last_90d_mean": -15.4249716372563, "sentinel1__s1_vh_last_90d_median": -15.457256066541984, "sentinel1__s1_vv_vh_diff_last_90d_mean": 6.5652485742038778, "sentinel1__s1_vv_vh_diff_last_90d_median": 6.5945769224976214, "sentinel1__s1_incidence_angle_last_90d_mean": 37.375219275651411, "sentinel1__s1_incidence_angle_last_90d_median": 37.376075767964657, "sentinel1__s1_obs_count_last_365d": 31, "sentinel1__s1_vv_last_365d_mean": -9.4838368371798545, "sentinel1__s1_vv_last_365d_median": -9.6348810929735098, "sentinel1__s1_vh_last_365d_mean": -16.175864165290374, "sentinel1__s1_vh_last_365d_median": -16.267109901771878, "sentinel1__s1_vv_vh_diff_last_365d_mean": 6.6920273281105276, "sentinel1__s1_vv_vh_diff_last_365d_median": 6.6805811575377945, "sentinel1__s1_incidence_angle_last_365d_mean": 37.372456086084838, "sentinel1__s1_incidence_angle_last_365d_median": 37.372913119652047, "soil__soil_clay_rootzone_0_30cm_pct": 33.064194799658722, "soil__soil_sand_rootzone_0_30cm_pct": 37.323052009426419, "soil__soil_soc_rootzone_0_30cm_g_kg": 22.259424997370218, "soil__soil_bdod_rootzone_0_30cm_kg_dm3": 1.3890402219926443, "lst__lst_mean_c": 35.532052919037852, "lst__lst_median_c": 35.181338476427797, "lst__lst_std_c": 4.0904558345309114, "lst__lst_valid_months": 52 }, "geometry": { "type": "MultiPolygon", "coordinates": [ [ [ [ 74.082771207738176, 15.480168964406728 ], [ 74.083106853362608, 15.480205159583836 ], [ 74.083204819135901, 15.480015360139053 ], [ 74.083307377995254, 15.479649262639814 ], [ 74.083521793277185, 15.479111450198177 ], [ 74.083880772641123, 15.478551002616006 ], [ 74.084435568567315, 15.477805292829384 ], [ 74.084990307001362, 15.477362429842112 ], [ 74.086057722052885, 15.476765856203754 ], [ 74.086752232056909, 15.476458576705012 ], [ 74.087386185729343, 15.476381736846934 ], [ 74.087940900807169, 15.476264208758801 ], [ 74.08851421011309, 15.476205487976893 ], [ 74.089763404652217, 15.47595693630687 ], [ 74.090257488838276, 15.475843973051449 ], [ 74.090812190441383, 15.475708367023421 ], [ 74.091315632377743, 15.475292593980953 ], [ 74.091609297034026, 15.474786422886446 ], [ 74.091949586948473, 15.474352460288461 ], [ 74.092215270880288, 15.474004458259087 ], [ 74.092452998342125, 15.473688137053124 ], [ 74.092639473323743, 15.47335365960561 ], [ 74.093007702640151, 15.472707319292203 ], [ 74.093296746362626, 15.472160514335737 ], [ 74.093534454061526, 15.471776339680241 ], [ 74.093842089317107, 15.471238470415948 ], [ 74.094121806730271, 15.470723247341624 ], [ 74.094438779973203, 15.4702712465985 ], [ 74.094648516829125, 15.469981999231461 ], [ 74.094834962166331, 15.469692784359575 ], [ 74.095398950552863, 15.468034012754627 ], [ 74.091119439421362, 15.466916115756019 ], [ 74.090767036623603, 15.466807275619706 ], [ 74.090451489905334, 15.466726055644717 ], [ 74.088824411855398, 15.466192768849208 ], [ 74.087762223202191, 15.465888749792247 ], [ 74.086929996973538, 15.465782200854616 ], [ 74.085780542380377, 15.46570733189475 ], [ 74.084971334582562, 15.465619167004027 ], [ 74.083801162144013, 15.465372333335056 ], [ 74.083090365683873, 15.465244888304969 ], [ 74.082424863178673, 15.464892206950422 ], [ 74.081954424447545, 15.464578406861341 ], [ 74.081540751157505, 15.46420668037298 ], [ 74.081230415566196, 15.463777679117445 ], [ 74.080885055560273, 15.463199112158147 ], [ 74.080460052717882, 15.462651044862593 ], [ 74.079974173743636, 15.462124707759934 ], [ 74.079525011610031, 15.461635024023067 ], [ 74.079175940663646, 15.461304857865743 ], [ 74.078785230108934, 15.460956033900331 ], [ 74.078294148092539, 15.460465757784544 ], [ 74.077277833705978, 15.460991794338398 ], [ 74.076932903993054, 15.461335210420808 ], [ 74.07690483433538, 15.461403061010424 ], [ 74.076844290580169, 15.461583853238224 ], [ 74.076685752305579, 15.462053881642627 ], [ 74.076522531113412, 15.462401881248024 ], [ 74.076359456346623, 15.462664005026413 ], [ 74.076089034700004, 15.462962272985761 ], [ 74.075748725920917, 15.463242353567875 ], [ 74.075389867829514, 15.463414169337927 ], [ 74.074886389960554, 15.463626535399847 ], [ 74.074345688601127, 15.46397446223353 ], [ 74.073860839994538, 15.464670474318954 ], [ 74.073194354732408, 15.465420584610236 ], [ 74.072784086955622, 15.466030747425828 ], [ 74.072224618891624, 15.466713126037504 ], [ 74.071777161760409, 15.467006898219491 ], [ 74.070984696762835, 15.467829347118863 ], [ 74.070425181986451, 15.468421364827174 ], [ 74.069921813711957, 15.468927510795057 ], [ 74.068863675562369, 15.469311514985543 ], [ 74.068285672559099, 15.469605150152059 ], [ 74.067693663922242, 15.469623221393402 ], [ 74.06738610143023, 15.469519205027751 ], [ 74.066775528209689, 15.46923889138473 ], [ 74.066705695874461, 15.468927006048776 ], [ 74.066649855698088, 15.468316884667226 ], [ 74.066272540820862, 15.467182349745199 ], [ 74.066328666661505, 15.466224242745744 ], [ 74.066524522749646, 15.465279697365915 ], [ 74.066920918741815, 15.464339605647265 ], [ 74.06722865910028, 15.463657279820328 ], [ 74.068091047162909, 15.462572681265396 ], [ 74.068342817089288, 15.462084563092933 ], [ 74.068394252825826, 15.461424714804512 ], [ 74.068324424982151, 15.460638256383376 ], [ 74.068016942440181, 15.459711763696122 ], [ 74.067551077032149, 15.459051867156242 ], [ 74.067136260186757, 15.45858169514131 ], [ 74.066600396255154, 15.458125195076429 ], [ 74.066078493041417, 15.457862927023676 ], [ 74.065411975439929, 15.457844812330972 ], [ 74.064726853728942, 15.457966755299935 ], [ 74.063687416706955, 15.458350742582976 ], [ 74.063090779051407, 15.458612737285844 ], [ 74.062592032609047, 15.459014902034021 ], [ 74.062428814111826, 15.459240862431322 ], [ 74.062302848749425, 15.45957530899514 ], [ 74.062107042068632, 15.459765072634053 ], [ 74.061888084006313, 15.459850943883312 ], [ 74.060755509655678, 15.459800970076012 ], [ 74.059841986792136, 15.459764694274071 ], [ 74.058704771744715, 15.459678647229053 ], [ 74.057143432407258, 15.459587917831277 ], [ 74.056099437333515, 15.459275858651358 ], [ 74.05509279780253, 15.459067721965638 ], [ 74.054281970342259, 15.458823515168291 ], [ 74.053671484258317, 15.458488851802269 ], [ 74.05270210774367, 15.458086550965167 ], [ 74.052236105791692, 15.457738361422438 ], [ 74.051588466285907, 15.457250119302296 ], [ 74.051029288377777, 15.456517805048742 ], [ 74.050796516921338, 15.455857914787064 ], [ 74.050941278632735, 15.45486358437967 ], [ 74.051230332236642, 15.454339431909096 ], [ 74.051785127264552, 15.453670651215162 ], [ 74.051929666193757, 15.453426599969061 ], [ 74.052395941233584, 15.45259055471135 ], [ 74.052703730101058, 15.451808802398647 ], [ 74.053529080624529, 15.450132234587809 ], [ 74.053729764259003, 15.448911958116691 ], [ 74.053781286233828, 15.447845377169978 ], [ 74.053893492999308, 15.446783293242646 ], [ 74.054089373341967, 15.445807138956326 ], [ 74.054159435645929, 15.445282876999304 ], [ 74.05407118784737, 15.443886326791056 ], [ 74.054038649969456, 15.443728115113601 ], [ 74.053931656127531, 15.443136096990965 ], [ 74.053679982320915, 15.442873815168918 ], [ 74.053353901059282, 15.442647819612073 ], [ 74.052850525598274, 15.442629664625011 ], [ 74.052598882334351, 15.442647648167073 ], [ 74.051177337923122, 15.443067621315731 ], [ 74.049182485104282, 15.44395762842298 ], [ 74.047709654076812, 15.444513090380665 ], [ 74.046702931002542, 15.445037092789883 ], [ 74.046157611404254, 15.445389456392656 ], [ 74.04670694916679, 15.447269727849198 ], [ 74.046333981237254, 15.447685378774725 ], [ 74.046259183913421, 15.448159982740664 ], [ 74.046114688103344, 15.448476308296836 ], [ 74.045932787343148, 15.448815284218909 ], [ 74.045657670202559, 15.449185755986361 ], [ 74.045531758739074, 15.449429742091267 ], [ 74.045732083945751, 15.450012827421938 ], [ 74.045894932337092, 15.450754088110827 ], [ 74.045932146844365, 15.451115649430399 ], [ 74.045531182918978, 15.451644324576234 ], [ 74.045004302140214, 15.452317692120536 ], [ 74.044566060825488, 15.452706207833911 ], [ 74.044113889335662, 15.453284621402933 ], [ 74.044095087596745, 15.453849507251791 ], [ 74.044057564069021, 15.454360327970001 ], [ 74.043894156027278, 15.455386194346042 ], [ 74.043637651979367, 15.455756702855416 ], [ 74.043222199126774, 15.458224264681364 ], [ 74.04292827485736, 15.459001563280495 ], [ 74.042890866313996, 15.459263694824832 ], [ 74.042312721376916, 15.460095133884952 ], [ 74.04238268935778, 15.460167459390238 ], [ 74.042857775972195, 15.46062411599552 ], [ 74.043002184645687, 15.461030791157004 ], [ 74.043128015260791, 15.461311121105496 ], [ 74.043239842937268, 15.461297547000617 ], [ 74.043253806350037, 15.461279501006901 ], [ 74.043435620871946, 15.461279566808175 ], [ 74.043454287863568, 15.461311180846121 ], [ 74.043491417030893, 15.461523620926023 ], [ 74.043290999297724, 15.461650108068813 ], [ 74.043798905861067, 15.462124811656238 ], [ 74.044092310005894, 15.462567806807975 ], [ 74.044474262884918, 15.463254922354098 ], [ 74.044856214865632, 15.46447083821157 ], [ 74.044244044440561, 15.469627532067772 ], [ 74.045552762248718, 15.47290909367042 ], [ 74.046624476637191, 15.474057392109662 ], [ 74.047197765281851, 15.474287985178972 ], [ 74.048800929280603, 15.475223948857774 ], [ 74.048800480122978, 15.476914329907757 ], [ 74.050943876560552, 15.479545300659677 ], [ 74.053595753584929, 15.481114152600451 ], [ 74.056499369094624, 15.483135103924569 ], [ 74.057184242870633, 15.484423310058968 ], [ 74.057375239073068, 15.485169053125476 ], [ 74.057375204038777, 15.48543583672906 ], [ 74.057300414799812, 15.48606857172426 ], [ 74.05742602083609, 15.487252737418551 ], [ 74.058288311880673, 15.487768121038343 ], [ 74.059066638293984, 15.488229290205638 ], [ 74.059868352345703, 15.488807969849637 ], [ 74.060702634818057, 15.489445384824862 ], [ 74.061159367054614, 15.489761850745172 ], [ 74.062068245628126, 15.490272743863839 ], [ 74.062739437164041, 15.490783516255787 ], [ 74.063596986900535, 15.491597250209715 ], [ 74.064230855233021, 15.492248163734839 ], [ 74.06488809683087, 15.492795142398572 ], [ 74.065559247942545, 15.493396345292743 ], [ 74.066729200293878, 15.494250808168985 ], [ 74.067474986134329, 15.494815836722982 ], [ 74.068435139645985, 15.495557185423747 ], [ 74.069455929439314, 15.496492916073715 ], [ 74.070509349637007, 15.497180097280276 ], [ 74.071017461914536, 15.497496543567379 ], [ 74.071162360169865, 15.497611819276074 ], [ 74.071147990718543, 15.497329247985762 ], [ 74.071138842275715, 15.496701005593883 ], [ 74.071180782819695, 15.496511225619159 ], [ 74.071031668770729, 15.49624911701966 ], [ 74.070863858085772, 15.495810634823243 ], [ 74.070556249779671, 15.495376758756777 ], [ 74.070267311160123, 15.494983439919055 ], [ 74.070020264575518, 15.494743892101306 ], [ 74.069889741161347, 15.494617351606124 ], [ 74.069871174781085, 15.494472656263442 ], [ 74.069861755046986, 15.494318933636206 ], [ 74.069871174781085, 15.494047872971423 ], [ 74.069871248442908, 15.49353255002168 ], [ 74.069820087590841, 15.49303083503537 ], [ 74.06979213830742, 15.49265574890369 ], [ 74.06977358091028, 15.492348317280163 ], [ 74.0697641962105, 15.492117926136737 ], [ 74.069834322294852, 15.491589129273342 ], [ 74.069950901160837, 15.491299811292542 ], [ 74.070020824225949, 15.491096391013269 ], [ 74.070198048356744, 15.490789104236693 ], [ 74.070426569883566, 15.490269423097255 ], [ 74.07046849156292, 15.49014289804229 ], [ 74.07068304428708, 15.489645738732753 ], [ 74.0709720511786, 15.489306781176476 ], [ 74.071438252556561, 15.488674043970304 ], [ 74.071713438867434, 15.488109172633237 ], [ 74.072011852018264, 15.487557755267529 ], [ 74.072459460964794, 15.486839194245301 ], [ 74.072776441394268, 15.486378162221285 ], [ 74.073261425646479, 15.485433680258 ], [ 74.073410696900638, 15.484904835133845 ], [ 74.073914219685349, 15.484281196053981 ], [ 74.074310417149832, 15.483992064364083 ], [ 74.074944472331879, 15.483648474636059 ], [ 74.076212476694764, 15.483223867353775 ], [ 74.076711224035449, 15.483011472918559 ], [ 74.077265987622326, 15.482627308886027 ], [ 74.077638870211899, 15.48220706878867 ], [ 74.078254309606322, 15.481840893790395 ], [ 74.079363677778247, 15.481149583178865 ], [ 74.081065204605679, 15.480205125820492 ], [ 74.082216587881732, 15.480092149301228 ], [ 74.082771207738176, 15.480168964406728 ] ] ], [ [ [ 74.033073884649653, 15.488317556272031 ], [ 74.033167145047528, 15.48828141012773 ], [ 74.034020443057798, 15.487752953192258 ], [ 74.035237651284604, 15.486103559080155 ], [ 74.035368369633176, 15.48546628270452 ], [ 74.035419897896219, 15.485027923075727 ], [ 74.03536873524753, 15.484499091631088 ], [ 74.035947330240532, 15.482772819365959 ], [ 74.037168918652696, 15.481855695870541 ], [ 74.038260089651914, 15.480866217162593 ], [ 74.039351242684816, 15.479456340862757 ], [ 74.040549935735328, 15.477296347993061 ], [ 74.04098844295136, 15.476537181782872 ], [ 74.041296249785177, 15.475759876286913 ], [ 74.04151555819044, 15.475091015854055 ], [ 74.04182377285936, 15.473346549155426 ], [ 74.041842568310031, 15.472745403127067 ], [ 74.041824301068715, 15.471705923772506 ], [ 74.041661326014932, 15.471122785217796 ], [ 74.041517230853486, 15.470083257889719 ], [ 74.04188090032153, 15.469509317916398 ], [ 74.040934922225048, 15.46896222659911 ], [ 74.039387716980301, 15.468202530267439 ], [ 74.038898117184146, 15.468591036969132 ], [ 74.038296902612259, 15.468414575410513 ], [ 74.037425432582069, 15.46821998519798 ], [ 74.036936033110237, 15.467993896072231 ], [ 74.035920105897574, 15.467568662743801 ], [ 74.034829591566833, 15.467215838164154 ], [ 74.034144679163276, 15.466646115265998 ], [ 74.033986106752678, 15.466826881272402 ], [ 74.033254215154727, 15.46718816433251 ], [ 74.032662122974571, 15.467477336816723 ], [ 74.032065452081383, 15.467707543286304 ], [ 74.031552603885672, 15.467996592104699 ], [ 74.031039858996223, 15.468186343698887 ], [ 74.030424471704123, 15.468452737954934 ], [ 74.029697254938895, 15.468818578212412 ], [ 74.0293382432356, 15.469030891980159 ], [ 74.02906316741749, 15.469202573947241 ], [ 74.028666914257457, 15.469491662235493 ], [ 74.028289161002391, 15.469798853379608 ], [ 74.028074718771038, 15.470047410713079 ], [ 74.027739016552729, 15.470363540087588 ], [ 74.027580441447199, 15.470630184346135 ], [ 74.027342503779565, 15.470996243257497 ], [ 74.027219439975568, 15.471130893971234 ], [ 74.026283696385107, 15.472753972400168 ], [ 74.026605137848307, 15.473409458406907 ], [ 74.027280870367946, 15.473825514870903 ], [ 74.028711547052339, 15.474318616334354 ], [ 74.02896796576033, 15.474386569156882 ], [ 74.029275457285422, 15.474472502736999 ], [ 74.029461910707511, 15.474558478703235 ], [ 74.029918665401937, 15.474694174656957 ], [ 74.030165638324675, 15.474825353041593 ], [ 74.030393984679989, 15.474952021657495 ], [ 74.030687581064313, 15.475159956241407 ], [ 74.03082733466799, 15.475345410626206 ], [ 74.031223401876758, 15.475702492938986 ], [ 74.031409737619526, 15.475982867088307 ], [ 74.031470234662351, 15.476222381230802 ], [ 74.031549377137168, 15.476547817425518 ], [ 74.03164710755189, 15.476760203779071 ], [ 74.03169835823546, 15.477054100220851 ], [ 74.031665665847328, 15.477207732659171 ], [ 74.031656273961048, 15.47733430285408 ], [ 74.031637644698691, 15.477469803927988 ], [ 74.031595520000081, 15.477632541020357 ], [ 74.031558281238262, 15.477754500039635 ], [ 74.031516332609471, 15.477831359299874 ], [ 74.031390343890848, 15.477994117751269 ], [ 74.03127842099299, 15.478093473931319 ], [ 74.031161840330327, 15.478170186756376 ], [ 74.031022034624371, 15.478233439969783 ], [ 74.030905505165705, 15.478283139218803 ], [ 74.030695751241808, 15.478310202955559 ], [ 74.030509233141046, 15.478341782360737 ], [ 74.030252929417458, 15.478350684709932 ], [ 74.029987171823805, 15.478377726794502 ], [ 74.029777387357186, 15.478418388608423 ], [ 74.029292535157325, 15.478485889902947 ], [ 74.028593393439678, 15.4785399229549 ], [ 74.028243724215329, 15.47858961520441 ], [ 74.027572570408694, 15.478539560212422 ], [ 74.026071523298157, 15.4786385421337 ], [ 74.025530907278721, 15.478724181330302 ], [ 74.025111192818386, 15.47882802771487 ], [ 74.024561140895202, 15.479058304670467 ], [ 74.024202104937402, 15.479220869098715 ], [ 74.02398775163924, 15.479374417683795 ], [ 74.023749866972238, 15.479482824407016 ], [ 74.023600681058042, 15.479663515138775 ], [ 74.023316116335593, 15.480079315758978 ], [ 74.023157615790225, 15.480345874778404 ], [ 74.023008295128761, 15.480634990787532 ], [ 74.022947649863951, 15.480824894416457 ], [ 74.022928847226723, 15.481082417788256 ], [ 74.022830878758469, 15.481430418302363 ], [ 74.022788639075486, 15.481773958040172 ], [ 74.022956287165414, 15.482343455763454 ], [ 74.023114680811247, 15.48265993428357 ], [ 74.023133256174674, 15.482822613618936 ], [ 74.023142513313687, 15.482985276377759 ], [ 74.023142381261351, 15.483179678698249 ], [ 74.023142241124162, 15.483333374113357 ], [ 74.0230862212847, 15.483608991219327 ], [ 74.022885535853604, 15.484101631316681 ], [ 74.022628753327965, 15.485127455078645 ], [ 74.022488626923419, 15.4857782980731 ], [ 74.022460424315085, 15.486469801847539 ], [ 74.022441462676042, 15.487197467829391 ], [ 74.023145242395501, 15.487333224748596 ], [ 74.024217260414531, 15.487546107326489 ], [ 74.024599492669637, 15.487776691420592 ], [ 74.024944284940275, 15.488129409089746 ], [ 74.025890231595739, 15.488902618404737 ], [ 74.026947835247711, 15.490254428571655 ], [ 74.027712161417298, 15.49083770278342 ], [ 74.028873233023717, 15.490114921690113 ], [ 74.029618758352726, 15.490870009180259 ], [ 74.030308790255091, 15.490517677087357 ], [ 74.031255349561533, 15.489690952711566 ], [ 74.033073884649653, 15.488317556272031 ] ] ] ] } },
{ "type": "Feature", "properties": { "gp_id": "254472", "gp_name": "PILIGAO", "terrain__analysis_area_km2": 6.0855027087253658e-10, "terrain__aspect_cos_max": 1, "terrain__aspect_cos_mean": -0.022475131402063302, "terrain__aspect_cos_min": -1, "terrain__aspect_cos_std": 0.7415574132112176, "terrain__aspect_sin_max": 1, "terrain__aspect_sin_mean": 0.14270092444029589, "terrain__aspect_sin_min": -1, "terrain__aspect_sin_std": 0.65548573965773582, "terrain__elevation_max": 142, "terrain__elevation_mean": 21.128870693560891, "terrain__elevation_min": -3, "terrain__elevation_std": 26.287105874069404, "terrain__geometry_status": "VALID_SINGLE", "terrain__laplacian_curvature_max": 21, "terrain__laplacian_curvature_mean": 0.025606486664594801, "terrain__laplacian_curvature_min": -51, "terrain__laplacian_curvature_std": 3.9084244997332842, "terrain__resolution": "DISSOLVE_BY_GP_ID", "terrain__slope_max": 27, "terrain__slope_mean": 5.8819738009742739, "terrain__slope_min": 0, "terrain__slope_std": 5.3106923110580704, "terrain__source_area_km2": 6.0855027087253668e-10, "terrain__source_feature_count": 1, "terrain__tpi_max": 41.971608832807448, "terrain__tpi_mean": -0.34292638743139769, "terrain__tpi_min": -31.817034700315787, "terrain__tpi_std": 7.9073253385201561, "terrain__tri_max": 18.877727850539863, "terrain__tri_mean": 4.4443153148904617, "terrain__tri_min": 0.0, "terrain__tri_std": 3.8214387641047711, "terrain__aspect_mean_deg": 98.95045514617378, "terrain__aspect_resultant_length": 0.14445997842881969, "landcover__source_feature_count": 1, "landcover__source_unique_geometry_count": 1, "landcover__geometry_status": "VALID_SINGLE", "landcover__resolution": "DISSOLVE_BY_GP_ID", "landcover__source_area_km2": 6.0855027087253668e-10, "landcover__analysis_area_km2": 6.0855027087253658e-10, "landcover__analysis_coverage_pct_of_source": 100.0, "landcover__analysis_geometry_type": "Polygon", "landcover__centroid_lat": 15.555300231909966, "landcover__centroid_lon": 73.958207888025839, "landcover__state": "goa", "landcover__district": "north goa", "landcover__block": "Bicholim", "landcover__block_lgd": 5930, "landcover__block_code11": 4, "landcover__source_layer": "Official Gram Manchitra GP", "landcover__source_snapshot": "gram_manchitra_gp_20260917T064631Z.geojson", "landcover__block_snapshot": "gram_manchitra_all_blocks_20260917T064613Z.geojson", "landcover__synthetic_geometry": false, "landcover__source_geometry_wkt": "POLYGON ((73.9663534518928 15.565177466776932, 73.9655296455733 15.565442846259195, 73.96495885514345 15.56584323142946, 73.96472544767981 15.566134544216712, 73.9643033769385 15.566538378249144, 73.96385561887169 15.566903521975513, 73.96341885887882 15.567245064047588, 73.96300514785958 15.56746568441215, 73.96252729982398 15.56774002779766, 73.9615836717203 15.567982035833435, 73.96120222998267 15.568088376252591, 73.9608633396434 15.568329683804581, 73.96024986576283 15.568054752762068, 73.95965978491057 15.567840597262096, 73.95895306500523 15.567497135943979, 73.95846184015673 15.567334037048402, 73.95753148915294 15.567133383908379, 73.95661549143077 15.567093501962002, 73.95556675325231 15.566869229365546, 73.95436946067535 15.566512192314985, 73.95396049904897 15.566287316790152, 73.95329062983319 15.566043951595995, 73.95265476634246 15.565885027810845, 73.9515465695737 15.565755450260676, 73.95066022164578 15.565810487650806, 73.9498741266019 15.566408147759951, 73.94890073371958 15.567083815962045, 73.948472257092 15.567394543097585, 73.94793483638003 15.567697422681915, 73.9478295466422 15.567620544110557, 73.94710004635952 15.567426796829833, 73.94617077782567 15.567251099944789, 73.94542218834322 15.567116785397516, 73.9447901382009 15.566952614015731, 73.94415474812234 15.566770822835144, 73.94363544642962 15.566587277400284, 73.94331537579558 15.566328090219292, 73.94301627543352 15.565932603970928, 73.94288733395258 15.565607416915588, 73.94266090100882 15.564806444976744, 73.9425704002355 15.56457143320565, 73.94247989766559 15.564336420300677, 73.94235368885974 15.563617777116109, 73.94221438800695 15.562362540663736, 73.94219231370548 15.56148386522476, 73.94227809473027 15.560017269821863, 73.94234863673456 15.559691596584349, 73.94251090032269 15.559300563016247, 73.94281887064983 15.558288056121077, 73.94318219875808 15.557573331121946, 73.94380239293527 15.556661574989544, 73.94423190891366 15.55602005707663, 73.94420670039014 15.555379182761182, 73.9440374856384 15.5548494420491, 73.94388309578378 15.554659879137017, 73.94366712461981 15.554145118668432, 73.94341796968922 15.553848189652442, 73.9433033689135 15.553710962876583, 73.94330912980942 15.553511513230742, 73.94338423525538 15.553263845633246, 73.94355799458415 15.553039847013384, 73.94378483895632 15.552673774317535, 73.94374824069334 15.552180853075406, 73.94376626898277 15.55169336813109, 73.94375973194245 15.551469096923492, 73.94387332480845 15.551314944240534, 73.94402696726475 15.551235980787963, 73.9442854898271 15.551266998624406, 73.94452993309402 15.551226365872195, 73.94474680706485 15.55116314194802, 73.94663896897198 15.550462445097859, 73.94650086018355 15.54984513225292, 73.94708868087454 15.549464402039177, 73.9479408523975 15.547853308006921, 73.94925338265574 15.548280036816974, 73.95115633512604 15.54847594235904, 73.95237381823738 15.5478302629851, 73.95572354879525 15.54587046432576, 73.95676764987023 15.54499170637158, 73.95827752742 15.542963446767859, 73.96221252116527 15.538794235687996, 73.96306239389936 15.538106761169956, 73.9642284161213 15.537460254777756, 73.96512573517379 15.536723776103669, 73.96525485721611 15.536520983061394, 73.96578909968862 15.537804757192763, 73.96622980598048 15.538751197033351, 73.96660200674876 15.53938433465306, 73.96672633268578 15.539885383921552, 73.96679276489766 15.540328512676712, 73.96678477528151 15.540827570792967, 73.966665220297 15.541530053864367, 73.96656058093944 15.542307518568526, 73.96671641708166 15.543267701175141, 73.96694039672641 15.544564711976536, 73.96745032000753 15.545619619981153, 73.96801904790549 15.546292275431881, 73.96878712903298 15.546852985695823, 73.96988500865075 15.547380336718017, 73.97089337833694 15.547740312255009, 73.97177252716615 15.54794508563738, 73.97233729439203 15.548042963730275, 73.97334916571121 15.54840846135241, 73.97336931222809 15.548694532619454, 73.97352981062663 15.549872853858265, 73.97362299287104 15.550634102636856, 73.97391554092142 15.55144986711324, 73.9735039130953 15.552096202379781, 73.97319082596428 15.552532096751264, 73.97288193935553 15.552913749024485, 73.97256156688755 15.553266679885102, 73.97213491204334 15.553806173606047, 73.97164492058174 15.554252755709555, 73.97120434813883 15.55463247491804, 73.97091699594405 15.554905925000762, 73.97088950569976 15.555120475611576, 73.97097744357954 15.5553868693462, 73.9712042636972 15.555814865078775, 73.9716315177177 15.556265134653936, 73.97213644007763 15.55658877960888, 73.97264971856636 15.557099851670808, 73.97278384691974 15.557357253035166, 73.97283127976338 15.557686840717937, 73.9729146227605 15.55803295009727, 73.97291582829963 15.558368186887748, 73.97275740231441 15.55863467420863, 73.97225308002908 15.558684569580258, 73.97195977829219 15.558705661050128, 73.97169941508182 15.558730485842414, 73.97143291278478 15.558927712419306, 73.97124335658175 15.55925364734978, 73.9710382658125 15.559732688054682, 73.97076323940173 15.560577638085823, 73.9706235432902 15.561083209357385, 73.97036047615083 15.56189020415509, 73.97014575544172 15.56235880307817, 73.96985338795272 15.562737624641354, 73.96942172679746 15.562986638618014, 73.96852753118723 15.563330785924283, 73.96822769420663 15.563334065707195, 73.96772659417825 15.563588381992226, 73.96761836335617 15.563922828297033, 73.96753335398422 15.564298364616507, 73.96733582523302 15.564644511335082, 73.96695899005614 15.564951791055178, 73.9663534518928 15.565177466776932))", "landcover__water_fraction": 0.11710127257250361, "landcover__trees_fraction": 0.45487800895387581, "landcover__grass_fraction": 0.041453493986406798, "landcover__flooded_vegetation_fraction": 0.059782519762267498, "landcover__crops_fraction": 0.061278601937673899, "landcover__shrub_fraction": 0.1089156232868035, "landcover__built_fraction": 0.078600842607886107, "landcover__bare_fraction": 0.0405928063002459, "landcover__snow_ice_fraction": 0.037358746693851898, "landcover__dominant_landcover": "trees", "landcover__dominant_probability": 0.45487800895387581, "landcover__landcover_entropy": 1.775239671435912, "landcover__valid_pixel_fraction": 1, "landcover__landcover_probability_sum": 0.99996191610151541, "sentinel2__NDVI_hist_mean": 0.5095496611212843, "sentinel2__NDVI_hist_std": 0.070853740954708394, "sentinel2__NDVI_hist_min": 0.31361551999119619, "sentinel2__NDVI_hist_max": 0.65836383403483789, "sentinel2__EVI_hist_mean": 0.29571155356879431, "sentinel2__EVI_hist_std": 0.055779720753751802, "sentinel2__EVI_hist_min": 0.18245262943906509, "sentinel2__EVI_hist_max": 0.52142892562105403, "sentinel2__SAVI_hist_mean": 0.2814991448951249, "sentinel2__SAVI_hist_std": 0.043609515755766097, "sentinel2__SAVI_hist_min": 0.18146324507032791, "sentinel2__SAVI_hist_max": 0.45009144255539668, "sentinel2__NDMI_hist_mean": 0.1067082027388451, "sentinel2__NDMI_hist_std": 0.068960463748555995, "sentinel2__NDMI_hist_min": -0.0001276498319768, "sentinel2__NDMI_hist_max": 0.27491158907895452, "sentinel2__NBR_hist_mean": 0.33900866776955618, "sentinel2__NBR_hist_std": 0.088294900093145404, "sentinel2__NBR_hist_min": 0.2150385594809173, "sentinel2__NBR_hist_max": 0.54132884218477184, "sentinel2__NDVI_7d_mean": null, "sentinel2__EVI_7d_mean": null, "sentinel2__SAVI_7d_mean": null, "sentinel2__NDMI_7d_mean": null, "sentinel2__NBR_7d_mean": null, "sentinel2__NDVI_30d_mean": null, "sentinel2__EVI_30d_mean": null, "sentinel2__SAVI_30d_mean": null, "sentinel2__NDMI_30d_mean": null, "sentinel2__NBR_30d_mean": null, "sentinel2__NDVI_60d_mean": null, "sentinel2__EVI_60d_mean": null, "sentinel2__SAVI_60d_mean": null, "sentinel2__NDMI_60d_mean": null, "sentinel2__NBR_60d_mean": null, "sentinel2__NDVI_30d_change": null, "sentinel2__observation_count": 350, "sentinel2__latest_observation_date": "2026-05-03", "sentinel2__days_since_latest_observation": 139, "sentinel1__s1_observation_count": 118, "sentinel1__s1_unique_image_count": 118, "sentinel1__s1_first_date": "2021-09-20", "sentinel1__s1_last_date": "2026-09-13", "sentinel1__s1_ascending_count": 0, "sentinel1__s1_descending_count": 118, "sentinel1__s1_vv_db_mean": -8.7546688156989223, "sentinel1__s1_vv_db_median": -8.7654412823751446, "sentinel1__s1_vv_db_std": 0.62603067355165964, "sentinel1__s1_vv_db_min": -9.6731768852895463, "sentinel1__s1_vv_db_max": -7.3825163132387983, "sentinel1__s1_vv_db_count": 118, "sentinel1__s1_vh_db_mean": -15.43114022141922, "sentinel1__s1_vh_db_median": -15.471362681264283, "sentinel1__s1_vh_db_std": 0.50485849252228709, "sentinel1__s1_vh_db_min": -16.308078583049934, "sentinel1__s1_vh_db_max": -13.944674614059169, "sentinel1__s1_vh_db_count": 118, "sentinel1__s1_vv_vh_diff_db_mean": 6.6764714057202807, "sentinel1__s1_vv_vh_diff_db_median": 6.6594487592734923, "sentinel1__s1_vv_vh_diff_db_std": 0.23548540712760721, "sentinel1__s1_vv_vh_diff_db_min": 6.1739626040424449, "sentinel1__s1_vv_vh_diff_db_max": 7.5867044527958871, "sentinel1__s1_vv_vh_diff_db_count": 118, "sentinel1__s1_incidence_angle_deg_mean": 38.136238035521451, "sentinel1__s1_incidence_angle_deg_median": 38.12731441760279, "sentinel1__s1_incidence_angle_deg_std": 0.020440171129607901, "sentinel1__s1_incidence_angle_deg_min": 38.11305839024697, "sentinel1__s1_incidence_angle_deg_max": 38.187226193441163, "sentinel1__s1_incidence_angle_deg_count": 118, "sentinel1__s1_valid_fraction_mean": 1.0, "sentinel1__s1_valid_fraction_median": 1.0, "sentinel1__s1_valid_fraction_std": 0.0, "sentinel1__s1_valid_fraction_min": 1.0, "sentinel1__s1_valid_fraction_max": 1.0, "sentinel1__s1_valid_fraction_count": 118, "sentinel1__s1_vv_db_ascending_mean": null, "sentinel1__s1_vv_db_ascending_median": null, "sentinel1__s1_vv_db_ascending_std": null, "sentinel1__s1_vv_db_ascending_min": null, "sentinel1__s1_vv_db_ascending_max": null, "sentinel1__s1_vv_db_ascending_count": 0, "sentinel1__s1_vh_db_ascending_mean": null, "sentinel1__s1_vh_db_ascending_median": null, "sentinel1__s1_vh_db_ascending_std": null, "sentinel1__s1_vh_db_ascending_min": null, "sentinel1__s1_vh_db_ascending_max": null, "sentinel1__s1_vh_db_ascending_count": 0, "sentinel1__s1_vv_vh_diff_db_ascending_mean": null, "sentinel1__s1_vv_vh_diff_db_ascending_median": null, "sentinel1__s1_vv_vh_diff_db_ascending_std": null, "sentinel1__s1_vv_vh_diff_db_ascending_min": null, "sentinel1__s1_vv_vh_diff_db_ascending_max": null, "sentinel1__s1_vv_vh_diff_db_ascending_count": 0, "sentinel1__s1_incidence_angle_deg_ascending_mean": null, "sentinel1__s1_incidence_angle_deg_ascending_median": null, "sentinel1__s1_incidence_angle_deg_ascending_std": null, "sentinel1__s1_incidence_angle_deg_ascending_min": null, "sentinel1__s1_incidence_angle_deg_ascending_max": null, "sentinel1__s1_incidence_angle_deg_ascending_count": 0, "sentinel1__s1_vv_db_descending_mean": -8.7546688156989223, "sentinel1__s1_vv_db_descending_median": -8.7654412823751446, "sentinel1__s1_vv_db_descending_std": 0.62603067355165964, "sentinel1__s1_vv_db_descending_min": -9.6731768852895463, "sentinel1__s1_vv_db_descending_max": -7.3825163132387983, "sentinel1__s1_vv_db_descending_count": 118, "sentinel1__s1_vh_db_descending_mean": -15.43114022141922, "sentinel1__s1_vh_db_descending_median": -15.471362681264283, "sentinel1__s1_vh_db_descending_std": 0.50485849252228709, "sentinel1__s1_vh_db_descending_min": -16.308078583049934, "sentinel1__s1_vh_db_descending_max": -13.944674614059169, "sentinel1__s1_vh_db_descending_count": 118, "sentinel1__s1_vv_vh_diff_db_descending_mean": 6.6764714057202807, "sentinel1__s1_vv_vh_diff_db_descending_median": 6.6594487592734923, "sentinel1__s1_vv_vh_diff_db_descending_std": 0.23548540712760721, "sentinel1__s1_vv_vh_diff_db_descending_min": 6.1739626040424449, "sentinel1__s1_vv_vh_diff_db_descending_max": 7.5867044527958871, "sentinel1__s1_vv_vh_diff_db_descending_count": 118, "sentinel1__s1_incidence_angle_deg_descending_mean": 38.136238035521451, "sentinel1__s1_incidence_angle_deg_descending_median": 38.12731441760279, "sentinel1__s1_incidence_angle_deg_descending_std": 0.020440171129607901, "sentinel1__s1_incidence_angle_deg_descending_min": 38.11305839024697, "sentinel1__s1_incidence_angle_deg_descending_max": 38.187226193441163, "sentinel1__s1_incidence_angle_deg_descending_count": 118, "sentinel1__s1_obs_count_last_7d": 1, "sentinel1__s1_vv_last_7d_mean": -8.3509484826976124, "sentinel1__s1_vv_last_7d_median": -8.3509484826976124, "sentinel1__s1_vh_last_7d_mean": -15.092964499290815, "sentinel1__s1_vh_last_7d_median": -15.092964499290815, "sentinel1__s1_vv_vh_diff_last_7d_mean": 6.7420160165933112, "sentinel1__s1_vv_vh_diff_last_7d_median": 6.7420160165933112, "sentinel1__s1_incidence_angle_last_7d_mean": 38.127747918682431, "sentinel1__s1_incidence_angle_last_7d_median": 38.127747918682431, "sentinel1__s1_obs_count_last_30d": 3, "sentinel1__s1_vv_last_30d_mean": -8.3180387141684786, "sentinel1__s1_vv_last_30d_median": -8.3509484826976124, "sentinel1__s1_vh_last_30d_mean": -14.966069218834434, "sentinel1__s1_vh_last_30d_median": -14.991047156376144, "sentinel1__s1_vv_vh_diff_last_30d_mean": 6.6480305046659121, "sentinel1__s1_vv_vh_diff_last_30d_median": 6.6085981678024392, "sentinel1__s1_incidence_angle_last_30d_mean": 38.131568036595247, "sentinel1__s1_incidence_angle_last_30d_median": 38.13235568954709, "sentinel1__s1_obs_count_last_90d": 8, "sentinel1__s1_vv_last_90d_mean": -8.1656863874466961, "sentinel1__s1_vv_last_90d_median": -8.2443468276474263, "sentinel1__s1_vh_last_90d_mean": -14.96887700968821, "sentinel1__s1_vh_last_90d_median": -15.010444225414254, "sentinel1__s1_vv_vh_diff_last_90d_mean": 6.8031906222414893, "sentinel1__s1_vv_vh_diff_last_90d_median": 6.7154771001647102, "sentinel1__s1_incidence_angle_last_90d_mean": 38.129179269718897, "sentinel1__s1_incidence_angle_last_90d_median": 38.130188640918213, "sentinel1__s1_obs_count_last_365d": 31, "sentinel1__s1_vv_last_365d_mean": -8.8205509888578, "sentinel1__s1_vv_last_365d_median": -8.8941905577860148, "sentinel1__s1_vh_last_365d_mean": -15.497516759952967, "sentinel1__s1_vh_last_365d_median": -15.477658850892274, "sentinel1__s1_vv_vh_diff_last_365d_mean": 6.6769657710951504, "sentinel1__s1_vv_vh_diff_last_365d_median": 6.6276352261624689, "sentinel1__s1_incidence_angle_last_365d_mean": 38.125588997960371, "sentinel1__s1_incidence_angle_last_365d_median": 38.125860178159343, "soil__soil_clay_rootzone_0_30cm_pct": 34.407042884944673, "soil__soil_sand_rootzone_0_30cm_pct": 35.452989326955283, "soil__soil_soc_rootzone_0_30cm_g_kg": 29.8080401753571, "soil__soil_bdod_rootzone_0_30cm_kg_dm3": 1.3363623458105758, "lst__lst_mean_c": 33.987989889724332, "lst__lst_median_c": 33.862079037553265, "lst__lst_std_c": 3.1857385820796842, "lst__lst_valid_months": 50 }, "geometry": { "type": "Polygon", "coordinates": [ [ [ 73.947088680874543, 15.549464402039177 ], [ 73.946500860183548, 15.549845132252919 ], [ 73.946638968971982, 15.550462445097859 ], [ 73.944746807064845, 15.55116314194802 ], [ 73.944529933094017, 15.551226365872195 ], [ 73.944285489827095, 15.551266998624406 ], [ 73.944026967264747, 15.551235980787963 ], [ 73.94387332480845, 15.551314944240534 ], [ 73.94375973194245, 15.551469096923492 ], [ 73.94376626898277, 15.55169336813109 ], [ 73.943748240693338, 15.552180853075406 ], [ 73.943784838956319, 15.552673774317535 ], [ 73.943557994584154, 15.553039847013384 ], [ 73.94338423525538, 15.553263845633246 ], [ 73.943309129809421, 15.553511513230742 ], [ 73.943303368913504, 15.553710962876583 ], [ 73.943417969689222, 15.553848189652442 ], [ 73.943667124619807, 15.554145118668432 ], [ 73.943883095783775, 15.554659879137017 ], [ 73.944037485638404, 15.5548494420491 ], [ 73.94420670039014, 15.555379182761182 ], [ 73.944231908913665, 15.55602005707663 ], [ 73.943802392935268, 15.556661574989544 ], [ 73.94318219875808, 15.557573331121946 ], [ 73.94281887064983, 15.558288056121077 ], [ 73.942510900322688, 15.559300563016247 ], [ 73.942348636734565, 15.559691596584349 ], [ 73.94227809473027, 15.560017269821863 ], [ 73.942192313705476, 15.56148386522476 ], [ 73.942214388006946, 15.562362540663736 ], [ 73.94235368885974, 15.563617777116109 ], [ 73.942479897665592, 15.564336420300677 ], [ 73.942570400235496, 15.56457143320565 ], [ 73.942660901008821, 15.564806444976744 ], [ 73.942887333952584, 15.565607416915588 ], [ 73.943016275433521, 15.565932603970928 ], [ 73.943315375795578, 15.566328090219292 ], [ 73.943635446429624, 15.566587277400284 ], [ 73.944154748122344, 15.566770822835144 ], [ 73.944790138200901, 15.566952614015731 ], [ 73.945422188343215, 15.567116785397516 ], [ 73.946170777825671, 15.567251099944789 ], [ 73.947100046359523, 15.567426796829833 ], [ 73.947829546642197, 15.567620544110557 ], [ 73.947934836380028, 15.567697422681915 ], [ 73.948472257092007, 15.567394543097585 ], [ 73.948900733719583, 15.567083815962045 ], [ 73.949874126601898, 15.566408147759951 ], [ 73.950660221645776, 15.565810487650806 ], [ 73.951546569573694, 15.565755450260676 ], [ 73.952654766342462, 15.565885027810845 ], [ 73.953290629833191, 15.566043951595995 ], [ 73.953960499048975, 15.566287316790152 ], [ 73.954369460675352, 15.566512192314985 ], [ 73.955566753252313, 15.566869229365546 ], [ 73.956615491430767, 15.567093501962002 ], [ 73.957531489152942, 15.567133383908379 ], [ 73.95846184015673, 15.567334037048402 ], [ 73.958953065005232, 15.567497135943979 ], [ 73.959659784910571, 15.567840597262096 ], [ 73.960249865762833, 15.568054752762068 ], [ 73.960863339643396, 15.568329683804581 ], [ 73.961202229982675, 15.568088376252591 ], [ 73.961583671720305, 15.567982035833435 ], [ 73.962527299823975, 15.56774002779766 ], [ 73.963005147859576, 15.56746568441215 ], [ 73.963418858878825, 15.567245064047588 ], [ 73.96385561887169, 15.566903521975513 ], [ 73.964303376938503, 15.566538378249144 ], [ 73.964725447679811, 15.566134544216712 ], [ 73.96495885514345, 15.56584323142946 ], [ 73.965529645573298, 15.565442846259195 ], [ 73.9663534518928, 15.565177466776932 ], [ 73.966958990056142, 15.564951791055178 ], [ 73.967335825233022, 15.564644511335082 ], [ 73.967533353984223, 15.564298364616507 ], [ 73.967618363356166, 15.563922828297033 ], [ 73.967726594178245, 15.563588381992226 ], [ 73.968227694206632, 15.563334065707195 ], [ 73.968527531187235, 15.563330785924283 ], [ 73.969421726797464, 15.562986638618014 ], [ 73.969853387952725, 15.562737624641354 ], [ 73.97014575544172, 15.562358803078171 ], [ 73.97036047615083, 15.561890204155089 ], [ 73.970623543290202, 15.561083209357385 ], [ 73.970763239401734, 15.560577638085823 ], [ 73.971038265812496, 15.559732688054682 ], [ 73.971243356581752, 15.559253647349779 ], [ 73.971432912784778, 15.558927712419306 ], [ 73.971699415081815, 15.558730485842414 ], [ 73.971959778292188, 15.558705661050128 ], [ 73.972253080029077, 15.558684569580258 ], [ 73.972757402314414, 15.55863467420863 ], [ 73.972915828299634, 15.558368186887748 ], [ 73.972914622760499, 15.558032950097269 ], [ 73.972831279763383, 15.557686840717937 ], [ 73.972783846919739, 15.557357253035166 ], [ 73.972649718566359, 15.557099851670808 ], [ 73.972136440077634, 15.55658877960888 ], [ 73.971631517717697, 15.556265134653936 ], [ 73.971204263697203, 15.555814865078775 ], [ 73.970977443579542, 15.555386869346201 ], [ 73.970889505699759, 15.555120475611576 ], [ 73.970916995944052, 15.554905925000762 ], [ 73.971204348138826, 15.554632474918041 ], [ 73.971644920581738, 15.554252755709555 ], [ 73.972134912043344, 15.553806173606047 ], [ 73.972561566887549, 15.553266679885102 ], [ 73.972881939355531, 15.552913749024485 ], [ 73.973190825964281, 15.552532096751264 ], [ 73.9735039130953, 15.552096202379781 ], [ 73.973915540921425, 15.55144986711324 ], [ 73.973622992871043, 15.550634102636856 ], [ 73.97352981062663, 15.549872853858265 ], [ 73.973369312228087, 15.548694532619454 ], [ 73.973349165711213, 15.548408461352411 ], [ 73.972337294392034, 15.548042963730275 ], [ 73.971772527166152, 15.54794508563738 ], [ 73.970893378336939, 15.547740312255009 ], [ 73.969885008650749, 15.547380336718017 ], [ 73.968787129032975, 15.546852985695823 ], [ 73.968019047905486, 15.546292275431881 ], [ 73.967450320007529, 15.545619619981153 ], [ 73.966940396726415, 15.544564711976536 ], [ 73.966716417081656, 15.543267701175141 ], [ 73.966560580939444, 15.542307518568526 ], [ 73.966665220297003, 15.541530053864367 ], [ 73.966784775281511, 15.540827570792967 ], [ 73.966792764897662, 15.540328512676712 ], [ 73.966726332685781, 15.539885383921552 ], [ 73.966602006748758, 15.539384334653059 ], [ 73.966229805980475, 15.538751197033351 ], [ 73.965789099688621, 15.537804757192763 ], [ 73.965254857216109, 15.536520983061394 ], [ 73.965125735173785, 15.536723776103669 ], [ 73.964228416121301, 15.537460254777756 ], [ 73.963062393899364, 15.538106761169956 ], [ 73.96221252116527, 15.538794235687996 ], [ 73.958277527419995, 15.542963446767859 ], [ 73.95676764987023, 15.544991706371579 ], [ 73.955723548795248, 15.545870464325761 ], [ 73.952373818237376, 15.5478302629851 ], [ 73.951156335126043, 15.54847594235904 ], [ 73.949253382655741, 15.548280036816974 ], [ 73.947940852397494, 15.547853308006921 ], [ 73.947088680874543, 15.549464402039177 ] ] ] } },
{ "type": "Feature", "properties": { "gp_id": "254485", "gp_name": "SALEM", "terrain__analysis_area_km2": 9.4243195787443106e-10, "terrain__aspect_cos_max": 1, "terrain__aspect_cos_mean": 0.1117718973649289, "terrain__aspect_cos_min": -1, "terrain__aspect_cos_std": 0.71705535298044831, "terrain__aspect_sin_max": 1, "terrain__aspect_sin_mean": 0.015983155946851599, "terrain__aspect_sin_min": -1, "terrain__aspect_sin_std": 0.68789228037500416, "terrain__elevation_max": 165, "terrain__elevation_mean": 30.043916047818627, "terrain__elevation_min": -1, "terrain__elevation_std": 25.662852240717658, "terrain__geometry_status": "VALID_SINGLE", "terrain__laplacian_curvature_max": 18, "terrain__laplacian_curvature_mean": -0.032470330956263699, "terrain__laplacian_curvature_min": -19, "terrain__laplacian_curvature_std": 3.3259104830976205, "terrain__resolution": "DISSOLVE_BY_GP_ID", "terrain__slope_max": 29, "terrain__slope_mean": 5.1471599075928811, "terrain__slope_min": 0, "terrain__slope_std": 4.5376435688557901, "terrain__source_area_km2": 9.4243195787443106e-10, "terrain__source_feature_count": 1, "terrain__tpi_max": 37.640378548895328, "terrain__tpi_mean": 0.27712603350969878, "terrain__tpi_min": -25.097791798107501, "terrain__tpi_std": 6.5967231560936925, "terrain__tri_max": 20.857594276454531, "terrain__tri_mean": 3.8300672597380929, "terrain__tri_min": 0.54739682297888037, "terrain__tri_std": 3.3006961750390915, "terrain__aspect_mean_deg": 8.1380103869852967, "terrain__aspect_resultant_length": 0.1129088938683644, "landcover__source_feature_count": 1, "landcover__source_unique_geometry_count": 1, "landcover__geometry_status": "VALID_SINGLE", "landcover__resolution": "DISSOLVE_BY_GP_ID", "landcover__source_area_km2": 9.4243195787443106e-10, "landcover__analysis_area_km2": 9.4243195787443106e-10, "landcover__analysis_coverage_pct_of_source": 99.999999999999957, "landcover__analysis_geometry_type": "Polygon", "landcover__centroid_lat": 15.687256134019862, "landcover__centroid_lon": 73.942435028297766, "landcover__state": "goa", "landcover__district": "north goa", "landcover__block": "Bicholim", "landcover__block_lgd": 5930, "landcover__block_code11": 4, "landcover__source_layer": "Official Gram Manchitra GP", "landcover__source_snapshot": "gram_manchitra_gp_20260917T064631Z.geojson", "landcover__block_snapshot": "gram_manchitra_all_blocks_20260917T064613Z.geojson", "landcover__synthetic_geometry": false, "landcover__source_geometry_wkt": "POLYGON ((73.96274669626413 15.693774678626673, 73.96268465591565 15.693866964307372, 73.96267726188258 15.693875795052866, 73.96235587521663 15.694261522957559, 73.96205653769933 15.69471643339962, 73.96154098467629 15.694958230017832, 73.96111629893923 15.69509755540448, 73.96117948014809 15.695660952109087, 73.96106739914674 15.695841434589855, 73.96063833771586 15.696633297056374, 73.9604678509497 15.697002540725395, 73.96035411255663 15.697098375002604, 73.95995392926724 15.697435567914374, 73.9594689746594 15.697803017379192, 73.95909145496631 15.698089059149632, 73.9591922692974 15.698237583956114, 73.95981774736508 15.699097849219761, 73.95952638419257 15.699984889410695, 73.9592255258275 15.700057080372106, 73.95898005039633 15.699828143345382, 73.95881316228116 15.699623595217629, 73.95826576487967 15.699026726817397, 73.95765393491604 15.699019586123727, 73.9575947745664 15.699392980850485, 73.95753502402356 15.699898630704077, 73.95746836543623 15.700311136106327, 73.95711786706687 15.700500398229677, 73.95624326820459 15.700259434068283, 73.95627141062579 15.700040217627109, 73.95615405561541 15.69952979614347, 73.95535193283021 15.699324894011673, 73.95503993715228 15.699838336759685, 73.95488272658764 15.699891463232094, 73.95472372478235 15.699753032732188, 73.95411070095776 15.699470999063909, 73.9539157198287 15.699366166758061, 73.9529404809085 15.699526867921477, 73.95243827505394 15.699269435880542, 73.95231870210311 15.698801340390908, 73.95214129291935 15.69822901976044, 73.95186369463192 15.697828185943932, 73.95203787976216 15.697209049418719, 73.951571689164 15.69652218992002, 73.95152272379447 15.69645004700132, 73.95085753030975 15.69647285565115, 73.95043860636686 15.697066919156237, 73.95032745961339 15.697224531292377, 73.94986414811574 15.69732831135849, 73.94937841377025 15.697195489157497, 73.94893344856563 15.697276245342755, 73.94771614511738 15.697587154627733, 73.94650816977503 15.697810780778651, 73.94606815698256 15.697793263186616, 73.9453189027468 15.696984614871928, 73.94465642307252 15.696269611759396, 73.94438411226888 15.696558267423512, 73.94369516822637 15.696936473293036, 73.94378631039677 15.69727382040914, 73.94375849406399 15.697488837706839, 73.94346548697452 15.697500466824911, 73.94028143719603 15.699697828104497, 73.9391314382238 15.700141201225845, 73.9377785259986 15.700436971297073, 73.93655678217792 15.700413877707136, 73.93430011626782 15.700352457081795, 73.92937437598555 15.698339082143663, 73.92675570967725 15.696735777607142, 73.92552437634087 15.695009068578434, 73.92510073893773 15.6946682878259, 73.92465420168134 15.694309050277553, 73.92338132485636 15.693702246748334, 73.92178535726137 15.69288711067948, 73.92077093832003 15.692166759768249, 73.91782960704309 15.688909256308653, 73.91665239540599 15.688443993635426, 73.91602433827511 15.688348488258486, 73.91556716586406 15.688346384078125, 73.91596588759448 15.687358082842332, 73.9161364866501 15.685756637913997, 73.91621783179404 15.684492904132378, 73.91619719030543 15.682039045259943, 73.91620978738067 15.680408177622034, 73.91773251533057 15.680268815391445, 73.91833544568463 15.680192224676775, 73.91947960470921 15.680105764730163, 73.92073512159132 15.680048153863202, 73.92191062822604 15.680034488674936, 73.92219704437626 15.67992135990827, 73.92272487108103 15.679586013985467, 73.92372431959815 15.67893260012565, 73.92407164421961 15.678797908161798, 73.92504534342741 15.678857875342947, 73.92639259357142 15.678901119855816, 73.92839521412252 15.679080761788638, 73.93044481566466 15.679238413768415, 73.93212958621709 15.679458426641308, 73.932889665152 15.678891663146512, 73.93437372512051 15.67768977877206, 73.93472082695976 15.6775639996048, 73.93600718480224 15.67761968159081, 73.93795340193324 15.677821038699896, 73.93880999676064 15.677919770735247, 73.9396897591392 15.677738940279788, 73.94045897933047 15.677470487046136, 73.94108838303598 15.677489054637514, 73.94190745523393 15.677596432331006, 73.94250679232688 15.67744727063538, 73.94355892434048 15.676988875933146, 73.944823477376 15.67695380690006, 73.94710271794919 15.677042531619906, 73.94782740416026 15.676936009884605, 73.94858999029313 15.676495748400953, 73.9499070516537 15.675223482931385, 73.95148968465662 15.6736796428252, 73.9549485793862 15.674075205751429, 73.95847144135047 15.674548498992374, 73.95899822331455 15.673693495259883, 73.96140245996791 15.673838238269806, 73.96265767321947 15.673885304159686, 73.96269826629054 15.673982399092019, 73.96273455104149 15.674130827280287, 73.96278542982253 15.67425350094155, 73.96297446769768 15.674526521663523, 73.9629548448986 15.674742789374376, 73.96316076840615 15.675275973189452, 73.96333123091783 15.675664714121083, 73.96297518275665 15.676320375939916, 73.96257785071995 15.677100774710516, 73.96281579198083 15.677908386995849, 73.96308235626161 15.678785307570205, 73.96317480278583 15.679090259138956, 73.96326143541351 15.679442824064745, 73.96338005704847 15.679446421133354, 73.96344070680487 15.67960544021735, 73.96347203914367 15.679864101862798, 73.96350416289823 15.680092813075968, 73.96360821385927 15.68075832379021, 73.96363118108613 15.68102152806039, 73.96367883940691 15.681574508121606, 73.96369281719271 15.681735466334194, 73.96371377758325 15.682093764282351, 73.96369661526974 15.682274389363632, 73.96372563893826 15.68265339232147, 73.96377494297262 15.683447731949746, 73.96379132644678 15.683614820614602, 73.96384085416166 15.68408371117946, 73.96385514456118 15.684218104734995, 73.96391762059258 15.685179108791687, 73.96397380033213 15.685884985857248, 73.96399527635563 15.685930037304132, 73.96403445098686 15.686667966843299, 73.96407827619629 15.687602358205213, 73.96412328179204 15.688168078712977, 73.96414684190701 15.688331649625859, 73.96415900419761 15.688485252151988, 73.96413036410975 15.688747507229744, 73.96405181721791 15.689465655348114, 73.96393500389163 15.690469606051971, 73.96388638527183 15.690975338573523, 73.96387506470262 15.691092908210909, 73.96383415542459 15.691554701171768, 73.96383190873806 15.69158005385308, 73.96380234338542 15.691917995324106, 73.9637604657235 15.692321784651524, 73.96371896176076 15.692451922127137, 73.96365034125282 15.69266716158237, 73.96360989999705 15.692793616386043, 73.96354796744643 15.692852874616529, 73.96346567278323 15.69285997401431, 73.96333535418498 15.692945372597904, 73.96332713819339 15.692949797071376, 73.96315417477194 15.693042118583403, 73.96302267578741 15.693068088568522, 73.96300338805993 15.693071932738329, 73.96294753800208 15.693098095576739, 73.96282692300554 15.693140087392358, 73.96270805433387 15.693218681380463, 73.9626864103254 15.693636640929443, 73.96274669626413 15.693774678626673))", "landcover__water_fraction": 0.035743181016251402, "landcover__trees_fraction": 0.46645076804894031, "landcover__grass_fraction": 0.052748015252080102, "landcover__flooded_vegetation_fraction": 0.033945151722568803, "landcover__crops_fraction": 0.080438281931862393, "landcover__shrub_fraction": 0.17275286453812669, "landcover__built_fraction": 0.078380170051944698, "landcover__bare_fraction": 0.040136695526038699, "landcover__snow_ice_fraction": 0.039366330874566202, "landcover__dominant_landcover": "trees", "landcover__dominant_probability": 0.46645076804894031, "landcover__landcover_entropy": 1.7068858996455529, "landcover__valid_pixel_fraction": 1, "landcover__landcover_probability_sum": 0.99996145896237998, "sentinel2__NDVI_hist_mean": 0.56819742640275517, "sentinel2__NDVI_hist_std": 0.084897966382224493, "sentinel2__NDVI_hist_min": 0.26503929034101759, "sentinel2__NDVI_hist_max": 0.77506107520900513, "sentinel2__EVI_hist_mean": 0.34391153790016521, "sentinel2__EVI_hist_std": 0.070247341180504297, "sentinel2__EVI_hist_min": 0.26040070543871607, "sentinel2__EVI_hist_max": 0.62768186310662122, "sentinel2__SAVI_hist_mean": 0.32954362173662921, "sentinel2__SAVI_hist_std": 0.055782972246595203, "sentinel2__SAVI_hist_min": 0.1848782867463534, "sentinel2__SAVI_hist_max": 0.49863458079850292, "sentinel2__NDMI_hist_mean": 0.042734657240964799, "sentinel2__NDMI_hist_std": 0.082538884801225704, "sentinel2__NDMI_hist_min": -0.0575133786976946, "sentinel2__NDMI_hist_max": 0.2771031359744458, "sentinel2__NBR_hist_mean": 0.27944618542318561, "sentinel2__NBR_hist_std": 0.1055754881626437, "sentinel2__NBR_hist_min": 0.15402779534079331, "sentinel2__NBR_hist_max": 0.58483612126915807, "sentinel2__NDVI_7d_mean": null, "sentinel2__EVI_7d_mean": null, "sentinel2__SAVI_7d_mean": null, "sentinel2__NDMI_7d_mean": null, "sentinel2__NBR_7d_mean": null, "sentinel2__NDVI_30d_mean": null, "sentinel2__EVI_30d_mean": null, "sentinel2__SAVI_30d_mean": null, "sentinel2__NDMI_30d_mean": null, "sentinel2__NBR_30d_mean": null, "sentinel2__NDVI_60d_mean": null, "sentinel2__EVI_60d_mean": null, "sentinel2__SAVI_60d_mean": null, "sentinel2__NDMI_60d_mean": null, "sentinel2__NBR_60d_mean": null, "sentinel2__NDVI_30d_change": null, "sentinel2__observation_count": 350, "sentinel2__latest_observation_date": "2026-05-03", "sentinel2__days_since_latest_observation": 139, "sentinel1__s1_observation_count": 118, "sentinel1__s1_unique_image_count": 118, "sentinel1__s1_first_date": "2021-09-20", "sentinel1__s1_last_date": "2026-09-13", "sentinel1__s1_ascending_count": 0, "sentinel1__s1_descending_count": 118, "sentinel1__s1_vv_db_mean": -8.3560688185265022, "sentinel1__s1_vv_db_median": -8.3545845016988682, "sentinel1__s1_vv_db_std": 0.81753714826230317, "sentinel1__s1_vv_db_min": -9.6123238139298568, "sentinel1__s1_vv_db_max": -7.033661176646369, "sentinel1__s1_vv_db_count": 118, "sentinel1__s1_vh_db_mean": -14.969707628071411, "sentinel1__s1_vh_db_median": -14.96461477751493, "sentinel1__s1_vh_db_std": 0.75898419285699603, "sentinel1__s1_vh_db_min": -16.10943319576414, "sentinel1__s1_vh_db_max": -13.524178795629243, "sentinel1__s1_vh_db_count": 118, "sentinel1__s1_vv_vh_diff_db_mean": 6.6136388095449172, "sentinel1__s1_vv_vh_diff_db_median": 6.6089554585759291, "sentinel1__s1_vv_vh_diff_db_std": 0.16696259818475789, "sentinel1__s1_vv_vh_diff_db_min": 6.177404168584367, "sentinel1__s1_vv_vh_diff_db_max": 7.0086703459164292, "sentinel1__s1_vv_vh_diff_db_count": 118, "sentinel1__s1_incidence_angle_deg_mean": 38.437386794265208, "sentinel1__s1_incidence_angle_deg_median": 38.432707944738418, "sentinel1__s1_incidence_angle_deg_std": 0.0135703208943025, "sentinel1__s1_incidence_angle_deg_min": 38.418739000958404, "sentinel1__s1_incidence_angle_deg_max": 38.4753034308822, "sentinel1__s1_incidence_angle_deg_count": 118, "sentinel1__s1_valid_fraction_mean": 1.0, "sentinel1__s1_valid_fraction_median": 1.0, "sentinel1__s1_valid_fraction_std": 0.0, "sentinel1__s1_valid_fraction_min": 1.0, "sentinel1__s1_valid_fraction_max": 1.0, "sentinel1__s1_valid_fraction_count": 118, "sentinel1__s1_vv_db_ascending_mean": null, "sentinel1__s1_vv_db_ascending_median": null, "sentinel1__s1_vv_db_ascending_std": null, "sentinel1__s1_vv_db_ascending_min": null, "sentinel1__s1_vv_db_ascending_max": null, "sentinel1__s1_vv_db_ascending_count": 0, "sentinel1__s1_vh_db_ascending_mean": null, "sentinel1__s1_vh_db_ascending_median": null, "sentinel1__s1_vh_db_ascending_std": null, "sentinel1__s1_vh_db_ascending_min": null, "sentinel1__s1_vh_db_ascending_max": null, "sentinel1__s1_vh_db_ascending_count": 0, "sentinel1__s1_vv_vh_diff_db_ascending_mean": null, "sentinel1__s1_vv_vh_diff_db_ascending_median": null, "sentinel1__s1_vv_vh_diff_db_ascending_std": null, "sentinel1__s1_vv_vh_diff_db_ascending_min": null, "sentinel1__s1_vv_vh_diff_db_ascending_max": null, "sentinel1__s1_vv_vh_diff_db_ascending_count": 0, "sentinel1__s1_incidence_angle_deg_ascending_mean": null, "sentinel1__s1_incidence_angle_deg_ascending_median": null, "sentinel1__s1_incidence_angle_deg_ascending_std": null, "sentinel1__s1_incidence_angle_deg_ascending_min": null, "sentinel1__s1_incidence_angle_deg_ascending_max": null, "sentinel1__s1_incidence_angle_deg_ascending_count": 0, "sentinel1__s1_vv_db_descending_mean": -8.3560688185265022, "sentinel1__s1_vv_db_descending_median": -8.3545845016988682, "sentinel1__s1_vv_db_descending_std": 0.81753714826230317, "sentinel1__s1_vv_db_descending_min": -9.6123238139298568, "sentinel1__s1_vv_db_descending_max": -7.033661176646369, "sentinel1__s1_vv_db_descending_count": 118, "sentinel1__s1_vh_db_descending_mean": -14.969707628071411, "sentinel1__s1_vh_db_descending_median": -14.96461477751493, "sentinel1__s1_vh_db_descending_std": 0.75898419285699603, "sentinel1__s1_vh_db_descending_min": -16.10943319576414, "sentinel1__s1_vh_db_descending_max": -13.524178795629243, "sentinel1__s1_vh_db_descending_count": 118, "sentinel1__s1_vv_vh_diff_db_descending_mean": 6.6136388095449172, "sentinel1__s1_vv_vh_diff_db_descending_median": 6.6089554585759291, "sentinel1__s1_vv_vh_diff_db_descending_std": 0.16696259818475789, "sentinel1__s1_vv_vh_diff_db_descending_min": 6.177404168584367, "sentinel1__s1_vv_vh_diff_db_descending_max": 7.0086703459164292, "sentinel1__s1_vv_vh_diff_db_descending_count": 118, "sentinel1__s1_incidence_angle_deg_descending_mean": 38.437386794265208, "sentinel1__s1_incidence_angle_deg_descending_median": 38.432707944738418, "sentinel1__s1_incidence_angle_deg_descending_std": 0.0135703208943025, "sentinel1__s1_incidence_angle_deg_descending_min": 38.418739000958404, "sentinel1__s1_incidence_angle_deg_descending_max": 38.4753034308822, "sentinel1__s1_incidence_angle_deg_descending_count": 118, "sentinel1__s1_obs_count_last_7d": 1, "sentinel1__s1_vv_last_7d_mean": -7.4545633841724657, "sentinel1__s1_vv_last_7d_median": -7.4545633841724657, "sentinel1__s1_vh_last_7d_mean": -14.224519336046646, "sentinel1__s1_vh_last_7d_median": -14.224519336046646, "sentinel1__s1_vv_vh_diff_last_7d_mean": 6.7699559518742811, "sentinel1__s1_vv_vh_diff_last_7d_median": 6.7699559518742811, "sentinel1__s1_incidence_angle_last_7d_mean": 38.419741267208039, "sentinel1__s1_incidence_angle_last_7d_median": 38.419741267208039, "sentinel1__s1_obs_count_last_30d": 3, "sentinel1__s1_vv_last_30d_mean": -7.2787601494579137, "sentinel1__s1_vv_last_30d_median": -7.3480558875549082, "sentinel1__s1_vh_last_30d_mean": -13.941434883910736, "sentinel1__s1_vh_last_30d_median": -13.946893357443264, "sentinel1__s1_vv_vh_diff_last_30d_mean": 6.6626747344529171, "sentinel1__s1_vv_vh_diff_last_30d_median": 6.6192307815958564, "sentinel1__s1_incidence_angle_last_30d_mean": 38.423488559666268, "sentinel1__s1_incidence_angle_last_30d_median": 38.424274751812128, "sentinel1__s1_obs_count_last_90d": 8, "sentinel1__s1_vv_last_90d_mean": -7.4157547946983868, "sentinel1__s1_vv_last_90d_median": -7.3915209344568442, "sentinel1__s1_vh_last_90d_mean": -14.099174909289944, "sentinel1__s1_vh_last_90d_median": -14.063078132632954, "sentinel1__s1_vv_vh_diff_last_90d_mean": 6.6834201145916099, "sentinel1__s1_vv_vh_diff_last_90d_median": 6.6766732388905226, "sentinel1__s1_incidence_angle_last_90d_mean": 38.422894839186469, "sentinel1__s1_incidence_angle_last_90d_median": 38.4224417241944, "sentinel1__s1_obs_count_last_365d": 31, "sentinel1__s1_vv_last_365d_mean": -8.314197517518279, "sentinel1__s1_vv_last_365d_median": -8.4847562522681041, "sentinel1__s1_vh_last_365d_mean": -14.956667444349986, "sentinel1__s1_vh_last_365d_median": -15.028605688443086, "sentinel1__s1_vv_vh_diff_last_365d_mean": 6.6424699268317173, "sentinel1__s1_vv_vh_diff_last_365d_median": 6.6278120462796384, "sentinel1__s1_incidence_angle_last_365d_mean": 38.4283868822329, "sentinel1__s1_incidence_angle_last_365d_median": 38.42866135897691, "soil__soil_clay_rootzone_0_30cm_pct": 33.589166598969541, "soil__soil_sand_rootzone_0_30cm_pct": 36.019824914410897, "soil__soil_soc_rootzone_0_30cm_g_kg": 20.303633497961084, "soil__soil_bdod_rootzone_0_30cm_kg_dm3": 1.3725734429323335, "lst__lst_mean_c": 35.660034196336078, "lst__lst_median_c": 35.176816160828906, "lst__lst_std_c": 3.872946155093413, "lst__lst_valid_months": 50 }, "geometry": { "type": "Polygon", "coordinates": [ [ [ 73.962746696264134, 15.693774678626673 ], [ 73.962686410325404, 15.693636640929443 ], [ 73.962708054333874, 15.693218681380463 ], [ 73.962826923005537, 15.693140087392358 ], [ 73.962947538002084, 15.693098095576739 ], [ 73.963003388059931, 15.693071932738329 ], [ 73.963022675787414, 15.693068088568522 ], [ 73.963154174771944, 15.693042118583403 ], [ 73.963327138193392, 15.692949797071376 ], [ 73.963335354184977, 15.692945372597904 ], [ 73.963465672783229, 15.69285997401431 ], [ 73.963547967446431, 15.692852874616529 ], [ 73.963609899997053, 15.692793616386043 ], [ 73.963650341252816, 15.692667161582371 ], [ 73.963718961760762, 15.692451922127137 ], [ 73.963760465723496, 15.692321784651524 ], [ 73.963802343385424, 15.691917995324106 ], [ 73.963831908738058, 15.69158005385308 ], [ 73.963834155424593, 15.691554701171768 ], [ 73.96387506470262, 15.691092908210909 ], [ 73.963886385271834, 15.690975338573523 ], [ 73.963935003891635, 15.690469606051971 ], [ 73.964051817217907, 15.689465655348114 ], [ 73.964130364109749, 15.688747507229744 ], [ 73.964159004197612, 15.688485252151988 ], [ 73.964146841907009, 15.688331649625859 ], [ 73.964123281792041, 15.688168078712977 ], [ 73.96407827619629, 15.687602358205213 ], [ 73.964034450986858, 15.686667966843299 ], [ 73.963995276355632, 15.685930037304132 ], [ 73.963973800332127, 15.685884985857248 ], [ 73.963917620592582, 15.685179108791687 ], [ 73.96385514456118, 15.684218104734995 ], [ 73.96384085416166, 15.68408371117946 ], [ 73.963791326446781, 15.683614820614602 ], [ 73.96377494297262, 15.683447731949746 ], [ 73.963725638938257, 15.68265339232147 ], [ 73.96369661526974, 15.682274389363632 ], [ 73.963713777583251, 15.682093764282351 ], [ 73.963692817192708, 15.681735466334194 ], [ 73.96367883940691, 15.681574508121606 ], [ 73.963631181086129, 15.68102152806039 ], [ 73.963608213859274, 15.68075832379021 ], [ 73.963504162898232, 15.680092813075968 ], [ 73.963472039143667, 15.679864101862798 ], [ 73.963440706804874, 15.679605440217349 ], [ 73.963380057048468, 15.679446421133354 ], [ 73.963261435413514, 15.679442824064745 ], [ 73.963174802785829, 15.679090259138956 ], [ 73.963082356261609, 15.678785307570205 ], [ 73.96281579198083, 15.677908386995849 ], [ 73.962577850719953, 15.677100774710516 ], [ 73.962975182756651, 15.676320375939916 ], [ 73.963331230917831, 15.675664714121083 ], [ 73.963160768406155, 15.675275973189452 ], [ 73.962954844898604, 15.674742789374376 ], [ 73.962974467697677, 15.674526521663523 ], [ 73.962785429822532, 15.67425350094155 ], [ 73.962734551041493, 15.674130827280287 ], [ 73.962698266290545, 15.673982399092019 ], [ 73.962657673219468, 15.673885304159686 ], [ 73.961402459967914, 15.673838238269806 ], [ 73.958998223314552, 15.673693495259883 ], [ 73.958471441350468, 15.674548498992374 ], [ 73.954948579386198, 15.674075205751429 ], [ 73.951489684656622, 15.673679642825199 ], [ 73.949907051653696, 15.675223482931385 ], [ 73.948589990293129, 15.676495748400953 ], [ 73.947827404160265, 15.676936009884605 ], [ 73.947102717949193, 15.677042531619906 ], [ 73.944823477376005, 15.676953806900061 ], [ 73.943558924340479, 15.676988875933146 ], [ 73.942506792326881, 15.67744727063538 ], [ 73.941907455233931, 15.677596432331006 ], [ 73.941088383035975, 15.677489054637514 ], [ 73.940458979330472, 15.677470487046136 ], [ 73.939689759139199, 15.677738940279788 ], [ 73.938809996760639, 15.677919770735247 ], [ 73.937953401933243, 15.677821038699896 ], [ 73.936007184802236, 15.67761968159081 ], [ 73.934720826959762, 15.6775639996048 ], [ 73.934373725120508, 15.677689778772059 ], [ 73.932889665152004, 15.678891663146512 ], [ 73.932129586217087, 15.679458426641308 ], [ 73.930444815664657, 15.679238413768415 ], [ 73.928395214122517, 15.679080761788638 ], [ 73.926392593571421, 15.678901119855816 ], [ 73.925045343427414, 15.678857875342947 ], [ 73.924071644219609, 15.678797908161798 ], [ 73.923724319598151, 15.67893260012565 ], [ 73.92272487108103, 15.679586013985467 ], [ 73.922197044376261, 15.679921359908271 ], [ 73.921910628226044, 15.680034488674936 ], [ 73.920735121591321, 15.680048153863202 ], [ 73.91947960470921, 15.680105764730163 ], [ 73.918335445684633, 15.680192224676775 ], [ 73.91773251533057, 15.680268815391445 ], [ 73.916209787380666, 15.680408177622034 ], [ 73.916197190305425, 15.682039045259943 ], [ 73.916217831794043, 15.684492904132378 ], [ 73.916136486650103, 15.685756637913997 ], [ 73.915965887594481, 15.687358082842332 ], [ 73.915567165864061, 15.688346384078125 ], [ 73.916024338275108, 15.688348488258486 ], [ 73.91665239540599, 15.688443993635426 ], [ 73.917829607043089, 15.688909256308653 ], [ 73.920770938320032, 15.692166759768249 ], [ 73.921785357261371, 15.692887110679481 ], [ 73.923381324856365, 15.693702246748334 ], [ 73.924654201681335, 15.694309050277553 ], [ 73.925100738937729, 15.6946682878259 ], [ 73.925524376340874, 15.695009068578434 ], [ 73.926755709677252, 15.696735777607142 ], [ 73.929374375985546, 15.698339082143663 ], [ 73.934300116267821, 15.700352457081795 ], [ 73.936556782177917, 15.700413877707136 ], [ 73.937778525998596, 15.700436971297073 ], [ 73.939131438223797, 15.700141201225845 ], [ 73.940281437196035, 15.699697828104497 ], [ 73.943465486974517, 15.697500466824911 ], [ 73.943758494063985, 15.697488837706839 ], [ 73.943786310396774, 15.697273820409141 ], [ 73.94369516822637, 15.696936473293036 ], [ 73.944384112268878, 15.696558267423512 ], [ 73.944656423072516, 15.696269611759396 ], [ 73.945318902746806, 15.696984614871928 ], [ 73.946068156982562, 15.697793263186616 ], [ 73.946508169775029, 15.697810780778651 ], [ 73.947716145117383, 15.697587154627733 ], [ 73.948933448565626, 15.697276245342755 ], [ 73.949378413770248, 15.697195489157497 ], [ 73.949864148115736, 15.69732831135849 ], [ 73.950327459613391, 15.697224531292377 ], [ 73.950438606366859, 15.697066919156237 ], [ 73.950857530309747, 15.69647285565115 ], [ 73.951522723794469, 15.696450047001321 ], [ 73.951571689163998, 15.696522189920019 ], [ 73.952037879762159, 15.697209049418719 ], [ 73.951863694631925, 15.697828185943932 ], [ 73.95214129291935, 15.69822901976044 ], [ 73.952318702103113, 15.698801340390908 ], [ 73.952438275053936, 15.699269435880542 ], [ 73.952940480908495, 15.699526867921477 ], [ 73.9539157198287, 15.699366166758061 ], [ 73.954110700957756, 15.699470999063909 ], [ 73.954723724782355, 15.699753032732188 ], [ 73.954882726587641, 15.699891463232094 ], [ 73.955039937152279, 15.699838336759685 ], [ 73.955351932830212, 15.699324894011673 ], [ 73.956154055615414, 15.699529796143469 ], [ 73.956271410625789, 15.700040217627109 ], [ 73.956243268204588, 15.700259434068283 ], [ 73.95711786706687, 15.700500398229677 ], [ 73.957468365436227, 15.700311136106327 ], [ 73.957535024023557, 15.699898630704077 ], [ 73.957594774566402, 15.699392980850485 ], [ 73.957653934916038, 15.699019586123727 ], [ 73.95826576487967, 15.699026726817397 ], [ 73.95881316228116, 15.699623595217629 ], [ 73.958980050396335, 15.699828143345382 ], [ 73.959225525827506, 15.700057080372106 ], [ 73.959526384192571, 15.699984889410695 ], [ 73.959817747365079, 15.699097849219761 ], [ 73.959192269297404, 15.698237583956114 ], [ 73.959091454966313, 15.698089059149632 ], [ 73.959468974659401, 15.697803017379192 ], [ 73.959953929267243, 15.697435567914374 ], [ 73.96035411255663, 15.697098375002604 ], [ 73.960467850949698, 15.697002540725395 ], [ 73.960638337715864, 15.696633297056374 ], [ 73.961067399146742, 15.695841434589855 ], [ 73.96117948014809, 15.695660952109087 ], [ 73.961116298939231, 15.69509755540448 ], [ 73.96154098467629, 15.694958230017832 ], [ 73.962056537699326, 15.69471643339962 ], [ 73.96235587521663, 15.694261522957559 ], [ 73.962677261882575, 15.693875795052866 ], [ 73.962684655915652, 15.693866964307372 ], [ 73.962746696264134, 15.693774678626673 ] ] ] } },
{ "type": "Feature", "properties": { "gp_id": "254511", "gp_name": "SURLA", "terrain__analysis_area_km2": 1.4386285547523383e-09, "terrain__aspect_cos_max": 1, "terrain__aspect_cos_mean": 0.034969691406463901, "terrain__aspect_cos_min": -1, "terrain__aspect_cos_std": 0.69835377158042766, "terrain__aspect_sin_max": 1, "terrain__aspect_sin_mean": -0.095818364008487006, "terrain__aspect_sin_min": -1, "terrain__aspect_sin_std": 0.70858844761181861, "terrain__elevation_max": 165, "terrain__elevation_mean": 44.972204271569034, "terrain__elevation_min": -42, "terrain__elevation_std": 28.622566336006788, "terrain__geometry_status": "VALID_SINGLE", "terrain__laplacian_curvature_max": 91, "terrain__laplacian_curvature_mean": 0.026420523615272001, "terrain__laplacian_curvature_min": -64, "terrain__laplacian_curvature_std": 4.7528418921699718, "terrain__resolution": "DISSOLVE_BY_GP_ID", "terrain__slope_max": 42, "terrain__slope_mean": 6.666780904095198, "terrain__slope_min": 0, "terrain__slope_std": 4.668958696576059, "terrain__source_area_km2": 1.4386285547523375e-09, "terrain__source_feature_count": 1, "terrain__tpi_max": 35.205047318611634, "terrain__tpi_mean": -0.30330310708512592, "terrain__tpi_min": -51.410094637224006, "terrain__tpi_std": 8.0951518114987433, "terrain__tri_max": 20.872183356082829, "terrain__tri_mean": 4.9883419820966779, "terrain__tri_min": 0.0, "terrain__tri_std": 3.0582281864109171, "terrain__aspect_mean_deg": 290.04996541499401, "terrain__aspect_resultant_length": 0.1020001872465254, "landcover__source_feature_count": 1, "landcover__source_unique_geometry_count": 1, "landcover__geometry_status": "VALID_SINGLE", "landcover__resolution": "DISSOLVE_BY_GP_ID", "landcover__source_area_km2": 1.4386285547523375e-09, "landcover__analysis_area_km2": 1.4386285547523383e-09, "landcover__analysis_coverage_pct_of_source": 100.00000000000004, "landcover__analysis_geometry_type": "Polygon", "landcover__centroid_lat": 15.496438302599616, "landcover__centroid_lon": 74.037128487164409, "landcover__state": "goa", "landcover__district": "north goa", "landcover__block": "Bicholim", "landcover__block_lgd": 5930, "landcover__block_code11": 4, "landcover__source_layer": "Official Gram Manchitra GP", "landcover__source_snapshot": "gram_manchitra_gp_20260917T064631Z.geojson", "landcover__block_snapshot": "gram_manchitra_all_blocks_20260917T064613Z.geojson", "landcover__synthetic_geometry": false, "landcover__source_geometry_wkt": "POLYGON ((74.02308931328592 15.52479785076371, 74.0225760392888 15.524844498170275, 74.02234088729686 15.524687425143203, 74.02218421931467 15.524572138585762, 74.0216717538013 15.523968257585024, 74.02086143568579 15.523644607260337, 74.02056627713117 15.523450526919191, 74.02069575310972 15.522322983596125, 74.02076176041847 15.521682432917853, 74.02040394167786 15.521022136057713, 74.02030334473909 15.520604975812685, 74.02026534330761 15.519465989783221, 74.02043653614963 15.51894901817091, 74.02072029418495 15.518383975145948, 74.02156510581075 15.51740253161396, 74.02174180532545 15.516835947095986, 74.02185902558857 15.516191616724008, 74.02177366856856 15.515399808704425, 74.02174649812449 15.51445975789547, 74.02183172938034 15.51377430995695, 74.02207885501667 15.513470759896848, 74.0221009670474 15.512951554759832, 74.02176548761129 15.512354832820671, 74.02166899776999 15.51197387842664, 74.02117737496782 15.511532932367942, 74.02138545533035 15.511332726927593, 74.02208075136025 15.510972562311766, 74.02247408230066 15.510553659209448, 74.02211344644334 15.510078551744947, 74.02113011639734 15.5088985038402, 74.0206684820543 15.508331498665422, 74.0197807830602 15.507297384109496, 74.01945722067467 15.50683635963889, 74.01871859800026 15.505804478684905, 74.01779207022633 15.504575542707423, 74.01691575288692 15.503415179803799, 74.01628706244374 15.502502333229383, 74.01572965062343 15.501802927894644, 74.01498448192557 15.50059927600424, 74.01461379481854 15.499646508138547, 74.01449262106986 15.499515375796637, 74.01445977956138 15.499311522989434, 74.0143061380034 15.498818881914747, 74.01413384742008 15.49841198497386, 74.01407828033157 15.497715934915435, 74.01414379356693 15.497151014706692, 74.01417199078539 15.496771355858824, 74.01559855677907 15.496604701142818, 74.01581762263922 15.496595746774341, 74.01603208822675 15.496537133047513, 74.01628860305446 15.49649202531093, 74.0165076590331 15.496401652258328, 74.01678285612378 15.496248148346453, 74.01709990662182 15.496067525777798, 74.01731900841459 15.495954608999286, 74.01739835390867 15.495904855132395, 74.01797192192939 15.495426008934885, 74.01831706184808 15.495051031895303, 74.01859223917579 15.494775400609377, 74.01904926695805 15.494282997167211, 74.0195157045929 15.493835704340809, 74.02000065920073 15.493442751346453, 74.0202245238611 15.493257464681234, 74.0207515366922 15.492606841738416, 74.0210407412131 15.492281493140641, 74.02123661796249 15.491974297290488, 74.02144663060119 15.49161730193518, 74.02174986501016 15.491111169057518, 74.02201124062188 15.490324839031635, 74.02216530887964 15.489845882084692, 74.02227258479255 15.489461748062068, 74.02236136619038 15.488878700242058, 74.0223990586014 15.488060712821834, 74.02244146267604 15.487197467829391, 74.0231452423955 15.487333224748596, 74.02421726041453 15.487546107326489, 74.02459949266964 15.487776691420592, 74.02494428494028 15.488129409089746, 74.02589023159574 15.488902618404737, 74.02694783524771 15.490254428571655, 74.0277121614173 15.49083770278342, 74.02887323302372 15.490114921690113, 74.02961875835273 15.49087000918026, 74.03030879025509 15.490517677087357, 74.03125534956153 15.489690952711566, 74.03307388464965 15.488317556272031, 74.03316714504753 15.48828141012773, 74.0340204430578 15.487752953192258, 74.0352376512846 15.486103559080155, 74.03536836963318 15.48546628270452, 74.03541989789622 15.485027923075727, 74.03536873524753 15.484499091631088, 74.03594733024053 15.482772819365959, 74.0371689186527 15.481855695870541, 74.03826008965191 15.480866217162593, 74.03935124268482 15.479456340862757, 74.04054993573533 15.477296347993061, 74.04098844295136 15.476537181782872, 74.04129624978518 15.475759876286913, 74.04151555819044 15.475091015854055, 74.04182377285936 15.473346549155426, 74.04184256831003 15.472745403127067, 74.04182430106871 15.471705923772506, 74.04166132601493 15.471122785217796, 74.04151723085349 15.47008325788972, 74.04188090032153 15.469509317916398, 74.04093492222505 15.46896222659911, 74.0393877169803 15.468202530267439, 74.03889811718415 15.468591036969132, 74.03829690261226 15.468414575410513, 74.03742543258207 15.46821998519798, 74.03693603311024 15.467993896072231, 74.03592010589757 15.467568662743801, 74.03482959156683 15.467215838164154, 74.03414467916328 15.466646115265998, 74.03424249401964 15.466537693161463, 74.03465751029101 15.46617625658818, 74.03501190555205 15.46577408929439, 74.03511450483558 15.465579797028866, 74.03515189092109 15.46529055522903, 74.03524988184722 15.464910893314586, 74.03527339884305 15.464544873860474, 74.03527349316613 15.464083795629866, 74.03525034537789 15.46366356376806, 74.03509204425855 15.463066929007011, 74.0350130958198 15.462185517387427, 74.0349575655622 15.46126354333586, 74.03495769671623 15.46078439877675, 74.03509319140714 15.459961906316057, 74.03505611344382 15.45940603293613, 74.0349585429292 15.458750659314074, 74.03487938338638 15.458343829024216, 74.03491681528597 15.457846691161134, 74.03525267920102 15.457290900419968, 74.03553244871647 15.456830002585527, 74.03590539867972 15.456405333367766, 74.03628312139206 15.45594891509081, 74.03701513516091 15.455216915730439, 74.03752795910209 15.45481496439818, 74.03806398473044 15.454625148604851, 74.03867443308512 15.454530474851158, 74.03915462931688 15.454300214774726, 74.03935035694595 15.45416460069982, 74.03952757838184 15.4540109762745, 74.03966746403788 15.453798596026964, 74.03986335785525 15.453531930966063, 74.04010116975873 15.453052972000194, 74.04033898884872 15.452664364291756, 74.04075401589989 15.45203178002626, 74.04095452436289 15.45166573522151, 74.04127154162327 15.451150600266834, 74.04143011133893 15.450861412785668, 74.04158405113756 15.450535985581032, 74.04163540512742 15.450405030787392, 74.04182657021316 15.450002826818663, 74.04219020105361 15.449514795060765, 74.04244197277663 15.449202965750054, 74.04303409010963 15.448611049844084, 74.04373334681162 15.447843009902886, 74.04477761227827 15.446763128075242, 74.04533705698609 15.446171144593007, 74.04562152738544 15.44573279528981, 74.04615761140425 15.445389456392656, 74.04670694916679 15.447269727849198, 74.04633398123725 15.447685378774725, 74.04625918391342 15.448159982740664, 74.04611468810334 15.448476308296836, 74.04593278734315 15.44881528421891, 74.04565767020256 15.449185755986361, 74.04553175873907 15.449429742091267, 74.04573208394575 15.450012827421938, 74.04589493233709 15.450754088110827, 74.04593214684436 15.451115649430399, 74.04553118291898 15.451644324576234, 74.04500430214021 15.452317692120536, 74.04456606082549 15.452706207833911, 74.04411388933566 15.453284621402933, 74.04409508759674 15.45384950725179, 74.04405756406902 15.45436032797, 74.04389415602728 15.455386194346042, 74.04363765197937 15.455756702855416, 74.04322219912677 15.458224264681364, 74.04292827485736 15.459001563280495, 74.042890866314 15.459263694824832, 74.04231272137692 15.460095133884952, 74.04238268935778 15.460167459390238, 74.0428577759722 15.46062411599552, 74.04300218464569 15.461030791157004, 74.04312801526079 15.461311121105496, 74.04323984293727 15.461297547000617, 74.04325380635004 15.461279501006901, 74.04343562087195 15.461279566808175, 74.04345428786357 15.46131118084612, 74.04349141703089 15.461523620926023, 74.04329099929772 15.461650108068813, 74.04379890586107 15.462124811656238, 74.0440923100059 15.462567806807975, 74.04447426288492 15.463254922354098, 74.04485621486563 15.46447083821157, 74.04424404444056 15.469627532067772, 74.04555276224872 15.47290909367042, 74.04662447663719 15.474057392109662, 74.04719776528185 15.474287985178972, 74.0488009292806 15.475223948857774, 74.04880048012298 15.476914329907757, 74.05094387656055 15.479545300659677, 74.05359575358493 15.481114152600451, 74.05649936909462 15.48313510392457, 74.05718424287063 15.484423310058968, 74.05737523907307 15.485169053125476, 74.05737520403878 15.48543583672906, 74.05730041479981 15.48606857172426, 74.05742602083609 15.487252737418551, 74.05737007106524 15.487325036986071, 74.0567593136901 15.48801634167266, 74.05610655199057 15.488612920954147, 74.05579412601958 15.489073833724397, 74.05474030068169 15.489959480032498, 74.05441392028108 15.49033000803366, 74.05401297881357 15.490804455384708, 74.05343012221283 15.491405531619549, 74.05275865130089 15.49187985184463, 74.05246481686304 15.492304649980245, 74.05197530689844 15.492815353291855, 74.0517047666742 15.493118068035415, 74.05142964324538 15.49350219439817, 74.0511591946493 15.493999325388213, 74.05099601477964 15.493927015169792, 74.0507209021306 15.494157436326509, 74.05011946208158 15.494668021657949, 74.04981171543494 15.494930055218532, 74.04952261062704 15.49509263313947, 74.04914024811626 15.495336637854397, 74.0490842507347 15.495427078028852, 74.048977046687 15.49556717084135, 74.0488465142897 15.495652912966337, 74.04870190439358 15.495955766387945, 74.04844543088838 15.496326322594951, 74.04823083235017 15.496606500846212, 74.0478671377293 15.496977044632834, 74.0476479380202 15.497347578232826, 74.04744738464143 15.497808597911506, 74.04752188821614 15.49812499735657, 74.0478295046071 15.498228970770521, 74.048155885906 15.498265257142045, 74.04843087638415 15.498301444823015, 74.04877583574148 15.498369343020014, 74.04897626335607 15.498459703092976, 74.04946566103128 15.498654272648825, 74.04990375412399 15.499146940951094, 74.05013683280426 15.499341322014411, 74.05033718675699 15.499517657639464, 74.05127258808932 15.501363216159005, 74.0514941611474 15.503606525418828, 74.05133438858759 15.505745961057722, 74.05207835444128 15.508190321244033, 74.05194430334299 15.5108955656264, 74.05008252964532 15.513172432352912, 74.04801688239556 15.515066786279396, 74.0471989151254 15.516125405336055, 74.0453032938061 15.519964831806941, 74.04396437643472 15.522764240701402, 74.0435904652741 15.52343186315779, 74.04262305337497 15.524460814412429, 74.04222301471434 15.524170873420456, 74.04173532114322 15.523766177322445, 74.04130866540068 15.523637926985288, 74.04049941987364 15.523535743331642, 74.04027525158268 15.523568589906802, 74.03993064526328 15.523554538646511, 74.03964347632484 15.523446439812663, 74.03927284132008 15.52330543199098, 74.03865244502194 15.523047912780328, 74.03837576391443 15.522863160755398, 74.03803400076289 15.522668354348998, 74.0376370208658 15.52242766842427, 74.0371416592754 15.522221625892099, 74.03659207357784 15.522204455960313, 74.03628326871579 15.522281264064192, 74.03614254493158 15.522342495697105, 74.03561861601683 15.522470345224603, 74.03506703426272 15.52258415286751, 74.03440035855775 15.522606048666265, 74.03387420182112 15.522580262223476, 74.03327692726008 15.522634681896697, 74.03279150373166 15.52268175737357, 74.03204645720471 15.52264821908354, 74.03151552861726 15.522635910110798, 74.03085461290992 15.522585593141509, 74.03024829590721 15.522621803391838, 74.02971017810258 15.522762983924965, 74.02877607214089 15.52289830113975, 74.02817727403713 15.523052160020992, 74.02789037908485 15.523219619987312, 74.0274446727701 15.523411816252505, 74.02709791588393 15.523239594205357, 74.02686546422773 15.523204541299338, 74.02641947224873 15.523116638092073, 74.02567476887819 15.523060491779212, 74.0252234516862 15.523022201695426, 74.02477557234678 15.523051724650713, 74.02465347782494 15.5231132165846, 74.02449585044205 15.523359330414163, 74.0243065825982 15.523839905239287, 74.02418893922858 15.523915013671957, 74.02366410301542 15.52439970977737, 74.02308931328592 15.52479785076371))", "landcover__water_fraction": 0.064880124368548495, "landcover__trees_fraction": 0.48284781966014889, "landcover__grass_fraction": 0.053844704873383401, "landcover__flooded_vegetation_fraction": 0.033339295298098398, "landcover__crops_fraction": 0.054640488674847297, "landcover__shrub_fraction": 0.1760471122665373, "landcover__built_fraction": 0.052491082208566499, "landcover__bare_fraction": 0.044880634458493697, "landcover__snow_ice_fraction": 0.0369906825946466, "landcover__dominant_landcover": "trees", "landcover__dominant_probability": 0.48284781966014889, "landcover__landcover_entropy": 1.6803192714426338, "landcover__valid_pixel_fraction": 1, "landcover__landcover_probability_sum": 0.99996194440327102, "sentinel2__NDVI_hist_mean": 0.52711406041142161, "sentinel2__NDVI_hist_std": 0.092410990576269794, "sentinel2__NDVI_hist_min": 0.1550220748686226, "sentinel2__NDVI_hist_max": 0.71739394060652095, "sentinel2__EVI_hist_mean": 0.29868498047432201, "sentinel2__EVI_hist_std": 0.070707036433297205, "sentinel2__EVI_hist_min": 0.22960291430723909, "sentinel2__EVI_hist_max": 0.8117478058998483, "sentinel2__SAVI_hist_mean": 0.28465958710670031, "sentinel2__SAVI_hist_std": 0.051763222631893903, "sentinel2__SAVI_hist_min": 0.1038966126396475, "sentinel2__SAVI_hist_max": 0.4337194625896354, "sentinel2__NDMI_hist_mean": 0.034624050938766297, "sentinel2__NDMI_hist_std": 0.079411298438595498, "sentinel2__NDMI_hist_min": -0.080006147035450406, "sentinel2__NDMI_hist_max": 0.25664194920583222, "sentinel2__NBR_hist_mean": 0.26266741250086678, "sentinel2__NBR_hist_std": 0.10456401956302221, "sentinel2__NBR_hist_min": 0.12487194647422881, "sentinel2__NBR_hist_max": 0.53044779589994961, "sentinel2__NDVI_7d_mean": null, "sentinel2__EVI_7d_mean": null, "sentinel2__SAVI_7d_mean": null, "sentinel2__NDMI_7d_mean": null, "sentinel2__NBR_7d_mean": null, "sentinel2__NDVI_30d_mean": null, "sentinel2__EVI_30d_mean": null, "sentinel2__SAVI_30d_mean": null, "sentinel2__NDMI_30d_mean": null, "sentinel2__NBR_30d_mean": null, "sentinel2__NDVI_60d_mean": null, "sentinel2__EVI_60d_mean": null, "sentinel2__SAVI_60d_mean": null, "sentinel2__NDMI_60d_mean": null, "sentinel2__NBR_60d_mean": null, "sentinel2__NDVI_30d_change": null, "sentinel2__observation_count": 350, "sentinel2__latest_observation_date": "2026-05-03", "sentinel2__days_since_latest_observation": 139, "sentinel1__s1_observation_count": 118, "sentinel1__s1_unique_image_count": 118, "sentinel1__s1_first_date": "2021-09-20", "sentinel1__s1_last_date": "2026-09-13", "sentinel1__s1_ascending_count": 0, "sentinel1__s1_descending_count": 118, "sentinel1__s1_vv_db_mean": -8.7334364309367558, "sentinel1__s1_vv_db_median": -8.7641212769251862, "sentinel1__s1_vv_db_std": 0.71802055496636707, "sentinel1__s1_vv_db_min": -9.7415375832880535, "sentinel1__s1_vv_db_max": -7.4174892665991248, "sentinel1__s1_vv_db_count": 118, "sentinel1__s1_vh_db_mean": -15.359793779082056, "sentinel1__s1_vh_db_median": -15.437057865138208, "sentinel1__s1_vh_db_std": 0.59504266342081513, "sentinel1__s1_vh_db_min": -16.208574401457508, "sentinel1__s1_vh_db_max": -14.1068030737858, "sentinel1__s1_vh_db_count": 118, "sentinel1__s1_vv_vh_diff_db_mean": 6.6263573481452953, "sentinel1__s1_vv_vh_diff_db_median": 6.6181289278436592, "sentinel1__s1_vv_vh_diff_db_std": 0.18687581226923891, "sentinel1__s1_vv_vh_diff_db_min": 6.2178420588657053, "sentinel1__s1_vv_vh_diff_db_max": 7.0289652651780354, "sentinel1__s1_vv_vh_diff_db_count": 118, "sentinel1__s1_incidence_angle_deg_mean": 37.550947555475886, "sentinel1__s1_incidence_angle_deg_median": 37.542157754350001, "sentinel1__s1_incidence_angle_deg_std": 0.020276771363526701, "sentinel1__s1_incidence_angle_deg_min": 37.527945684937592, "sentinel1__s1_incidence_angle_deg_max": 37.601549754601599, "sentinel1__s1_incidence_angle_deg_count": 118, "sentinel1__s1_valid_fraction_mean": 1.0, "sentinel1__s1_valid_fraction_median": 1.0, "sentinel1__s1_valid_fraction_std": 0.0, "sentinel1__s1_valid_fraction_min": 1.0, "sentinel1__s1_valid_fraction_max": 1.0, "sentinel1__s1_valid_fraction_count": 118, "sentinel1__s1_vv_db_ascending_mean": null, "sentinel1__s1_vv_db_ascending_median": null, "sentinel1__s1_vv_db_ascending_std": null, "sentinel1__s1_vv_db_ascending_min": null, "sentinel1__s1_vv_db_ascending_max": null, "sentinel1__s1_vv_db_ascending_count": 0, "sentinel1__s1_vh_db_ascending_mean": null, "sentinel1__s1_vh_db_ascending_median": null, "sentinel1__s1_vh_db_ascending_std": null, "sentinel1__s1_vh_db_ascending_min": null, "sentinel1__s1_vh_db_ascending_max": null, "sentinel1__s1_vh_db_ascending_count": 0, "sentinel1__s1_vv_vh_diff_db_ascending_mean": null, "sentinel1__s1_vv_vh_diff_db_ascending_median": null, "sentinel1__s1_vv_vh_diff_db_ascending_std": null, "sentinel1__s1_vv_vh_diff_db_ascending_min": null, "sentinel1__s1_vv_vh_diff_db_ascending_max": null, "sentinel1__s1_vv_vh_diff_db_ascending_count": 0, "sentinel1__s1_incidence_angle_deg_ascending_mean": null, "sentinel1__s1_incidence_angle_deg_ascending_median": null, "sentinel1__s1_incidence_angle_deg_ascending_std": null, "sentinel1__s1_incidence_angle_deg_ascending_min": null, "sentinel1__s1_incidence_angle_deg_ascending_max": null, "sentinel1__s1_incidence_angle_deg_ascending_count": 0, "sentinel1__s1_vv_db_descending_mean": -8.7334364309367558, "sentinel1__s1_vv_db_descending_median": -8.7641212769251862, "sentinel1__s1_vv_db_descending_std": 0.71802055496636707, "sentinel1__s1_vv_db_descending_min": -9.7415375832880535, "sentinel1__s1_vv_db_descending_max": -7.4174892665991248, "sentinel1__s1_vv_db_descending_count": 118, "sentinel1__s1_vh_db_descending_mean": -15.359793779082056, "sentinel1__s1_vh_db_descending_median": -15.437057865138208, "sentinel1__s1_vh_db_descending_std": 0.59504266342081513, "sentinel1__s1_vh_db_descending_min": -16.208574401457508, "sentinel1__s1_vh_db_descending_max": -14.1068030737858, "sentinel1__s1_vh_db_descending_count": 118, "sentinel1__s1_vv_vh_diff_db_descending_mean": 6.6263573481452953, "sentinel1__s1_vv_vh_diff_db_descending_median": 6.6181289278436592, "sentinel1__s1_vv_vh_diff_db_descending_std": 0.18687581226923891, "sentinel1__s1_vv_vh_diff_db_descending_min": 6.2178420588657053, "sentinel1__s1_vv_vh_diff_db_descending_max": 7.0289652651780354, "sentinel1__s1_vv_vh_diff_db_descending_count": 118, "sentinel1__s1_incidence_angle_deg_descending_mean": 37.550947555475886, "sentinel1__s1_incidence_angle_deg_descending_median": 37.542157754350001, "sentinel1__s1_incidence_angle_deg_descending_std": 0.020276771363526701, "sentinel1__s1_incidence_angle_deg_descending_min": 37.527945684937592, "sentinel1__s1_incidence_angle_deg_descending_max": 37.601549754601599, "sentinel1__s1_incidence_angle_deg_descending_count": 118, "sentinel1__s1_obs_count_last_7d": 1, "sentinel1__s1_vv_last_7d_mean": -8.1007050635970046, "sentinel1__s1_vv_last_7d_median": -8.1007050635970046, "sentinel1__s1_vh_last_7d_mean": -14.951911347002282, "sentinel1__s1_vh_last_7d_median": -14.951911347002282, "sentinel1__s1_vv_vh_diff_last_7d_mean": 6.8512062834052028, "sentinel1__s1_vv_vh_diff_last_7d_median": 6.8512062834052028, "sentinel1__s1_incidence_angle_last_7d_mean": 37.541167858418227, "sentinel1__s1_incidence_angle_last_7d_median": 37.541167858418227, "sentinel1__s1_obs_count_last_30d": 3, "sentinel1__s1_vv_last_30d_mean": -7.9584389304021492, "sentinel1__s1_vv_last_30d_median": -7.9367285600866264, "sentinel1__s1_vh_last_30d_mean": -14.650061910722949, "sentinel1__s1_vh_last_30d_median": -14.593558890553462, "sentinel1__s1_vv_vh_diff_last_30d_mean": 6.6916229803207861, "sentinel1__s1_vv_vh_diff_last_30d_median": 6.6568303304668524, "sentinel1__s1_incidence_angle_last_30d_mean": 37.544974714476695, "sentinel1__s1_incidence_angle_last_30d_median": 37.545763987092215, "sentinel1__s1_obs_count_last_90d": 8, "sentinel1__s1_vv_last_90d_mean": -7.9980908826950001, "sentinel1__s1_vv_last_90d_median": -7.9859891351391932, "sentinel1__s1_vh_last_90d_mean": -14.711885773793201, "sentinel1__s1_vh_last_90d_median": -14.70050054824819, "sentinel1__s1_vv_vh_diff_last_90d_mean": 6.7137948910981891, "sentinel1__s1_vv_vh_diff_last_90d_median": 6.7088692849247247, "sentinel1__s1_incidence_angle_last_90d_mean": 37.54278368601495, "sentinel1__s1_incidence_angle_last_90d_median": 37.543611245909332, "sentinel1__s1_obs_count_last_365d": 31, "sentinel1__s1_vv_last_365d_mean": -8.7600980386633456, "sentinel1__s1_vv_last_365d_median": -8.9057544135549307, "sentinel1__s1_vh_last_365d_mean": -15.371067265646801, "sentinel1__s1_vh_last_365d_median": -15.459264951417818, "sentinel1__s1_vv_vh_diff_last_365d_mean": 6.6109692269834612, "sentinel1__s1_vv_vh_diff_last_365d_median": 6.606714064620328, "sentinel1__s1_incidence_angle_last_365d_mean": 37.54016388813951, "sentinel1__s1_incidence_angle_last_365d_median": 37.540665476215295, "soil__soil_clay_rootzone_0_30cm_pct": 33.386863752206409, "soil__soil_sand_rootzone_0_30cm_pct": 36.752609146184696, "soil__soil_soc_rootzone_0_30cm_g_kg": 18.92953801588742, "soil__soil_bdod_rootzone_0_30cm_kg_dm3": 1.4121427653522445, "lst__lst_mean_c": 35.57181709998342, "lst__lst_median_c": 34.751291738402642, "lst__lst_std_c": 3.7499087544454079, "lst__lst_valid_months": 52 }, "geometry": { "type": "Polygon", "coordinates": [ [ [ 74.01414379356693, 15.497151014706692 ], [ 74.014078280331574, 15.497715934915435 ], [ 74.014133847420084, 15.49841198497386 ], [ 74.014306138003406, 15.498818881914747 ], [ 74.014459779561378, 15.499311522989434 ], [ 74.014492621069863, 15.499515375796637 ], [ 74.014613794818544, 15.499646508138547 ], [ 74.014984481925566, 15.500599276004239 ], [ 74.015729650623427, 15.501802927894644 ], [ 74.016287062443737, 15.502502333229383 ], [ 74.016915752886916, 15.503415179803799 ], [ 74.017792070226335, 15.504575542707423 ], [ 74.018718598000262, 15.505804478684905 ], [ 74.019457220674667, 15.506836359638889 ], [ 74.019780783060199, 15.507297384109496 ], [ 74.020668482054305, 15.508331498665422 ], [ 74.021130116397345, 15.5088985038402 ], [ 74.022113446443342, 15.510078551744947 ], [ 74.022474082300661, 15.510553659209448 ], [ 74.022080751360249, 15.510972562311766 ], [ 74.021385455330346, 15.511332726927593 ], [ 74.02117737496782, 15.511532932367942 ], [ 74.021668997769993, 15.511973878426639 ], [ 74.02176548761129, 15.512354832820671 ], [ 74.022100967047393, 15.512951554759832 ], [ 74.022078855016673, 15.513470759896848 ], [ 74.021831729380338, 15.513774309956951 ], [ 74.021746498124486, 15.514459757895469 ], [ 74.021773668568557, 15.515399808704425 ], [ 74.021859025588569, 15.516191616724008 ], [ 74.021741805325448, 15.516835947095986 ], [ 74.021565105810751, 15.517402531613961 ], [ 74.020720294184954, 15.518383975145948 ], [ 74.020436536149631, 15.518949018170909 ], [ 74.020265343307614, 15.519465989783221 ], [ 74.020303344739091, 15.520604975812685 ], [ 74.020403941677856, 15.521022136057713 ], [ 74.020761760418466, 15.521682432917853 ], [ 74.02069575310972, 15.522322983596125 ], [ 74.020566277131167, 15.523450526919191 ], [ 74.020861435685788, 15.523644607260337 ], [ 74.0216717538013, 15.523968257585024 ], [ 74.022184219314667, 15.524572138585762 ], [ 74.022340887296863, 15.524687425143203 ], [ 74.022576039288793, 15.524844498170275 ], [ 74.023089313285922, 15.52479785076371 ], [ 74.02366410301542, 15.52439970977737 ], [ 74.02418893922858, 15.523915013671957 ], [ 74.0243065825982, 15.523839905239287 ], [ 74.024495850442051, 15.523359330414163 ], [ 74.024653477824941, 15.5231132165846 ], [ 74.024775572346783, 15.523051724650713 ], [ 74.025223451686202, 15.523022201695426 ], [ 74.02567476887819, 15.523060491779212 ], [ 74.026419472248733, 15.523116638092073 ], [ 74.026865464227726, 15.523204541299338 ], [ 74.027097915883928, 15.523239594205357 ], [ 74.027444672770102, 15.523411816252505 ], [ 74.027890379084852, 15.523219619987312 ], [ 74.028177274037134, 15.523052160020992 ], [ 74.028776072140886, 15.522898301139749 ], [ 74.029710178102576, 15.522762983924965 ], [ 74.030248295907214, 15.522621803391838 ], [ 74.03085461290992, 15.522585593141509 ], [ 74.031515528617263, 15.522635910110798 ], [ 74.032046457204714, 15.522648219083541 ], [ 74.032791503731659, 15.52268175737357 ], [ 74.033276927260076, 15.522634681896697 ], [ 74.033874201821121, 15.522580262223476 ], [ 74.034400358557747, 15.522606048666265 ], [ 74.035067034262724, 15.522584152867511 ], [ 74.035618616016833, 15.522470345224603 ], [ 74.036142544931579, 15.522342495697105 ], [ 74.036283268715792, 15.522281264064192 ], [ 74.036592073577836, 15.522204455960313 ], [ 74.037141659275406, 15.522221625892099 ], [ 74.037637020865802, 15.522427668424269 ], [ 74.038034000762892, 15.522668354348998 ], [ 74.038375763914431, 15.522863160755398 ], [ 74.038652445021938, 15.523047912780328 ], [ 74.039272841320084, 15.52330543199098 ], [ 74.039643476324841, 15.523446439812663 ], [ 74.039930645263283, 15.523554538646511 ], [ 74.040275251582685, 15.523568589906802 ], [ 74.04049941987364, 15.523535743331642 ], [ 74.041308665400678, 15.523637926985288 ], [ 74.041735321143221, 15.523766177322445 ], [ 74.042223014714338, 15.524170873420456 ], [ 74.042623053374967, 15.524460814412429 ], [ 74.043590465274093, 15.523431863157789 ], [ 74.043964376434715, 15.522764240701402 ], [ 74.0453032938061, 15.519964831806941 ], [ 74.047198915125406, 15.516125405336055 ], [ 74.048016882395558, 15.515066786279396 ], [ 74.050082529645323, 15.513172432352912 ], [ 74.051944303342992, 15.5108955656264 ], [ 74.052078354441278, 15.508190321244033 ], [ 74.051334388587591, 15.505745961057722 ], [ 74.051494161147403, 15.503606525418828 ], [ 74.051272588089319, 15.501363216159005 ], [ 74.050337186756991, 15.499517657639464 ], [ 74.050136832804256, 15.499341322014411 ], [ 74.049903754123989, 15.499146940951094 ], [ 74.049465661031277, 15.498654272648825 ], [ 74.048976263356067, 15.498459703092976 ], [ 74.04877583574148, 15.498369343020014 ], [ 74.048430876384145, 15.498301444823015 ], [ 74.048155885905999, 15.498265257142045 ], [ 74.047829504607094, 15.498228970770521 ], [ 74.047521888216139, 15.49812499735657 ], [ 74.04744738464143, 15.497808597911506 ], [ 74.047647938020205, 15.497347578232826 ], [ 74.047867137729298, 15.496977044632834 ], [ 74.048230832350171, 15.496606500846212 ], [ 74.048445430888378, 15.496326322594951 ], [ 74.048701904393582, 15.495955766387945 ], [ 74.048846514289707, 15.495652912966337 ], [ 74.048977046687, 15.495567170841349 ], [ 74.049084250734694, 15.495427078028852 ], [ 74.049140248116259, 15.495336637854397 ], [ 74.049522610627037, 15.495092633139469 ], [ 74.049811715434942, 15.494930055218532 ], [ 74.050119462081582, 15.494668021657949 ], [ 74.050720902130607, 15.494157436326509 ], [ 74.050996014779642, 15.493927015169792 ], [ 74.051159194649301, 15.493999325388213 ], [ 74.051429643245385, 15.49350219439817 ], [ 74.051704766674206, 15.493118068035415 ], [ 74.051975306898441, 15.492815353291855 ], [ 74.052464816863036, 15.492304649980245 ], [ 74.052758651300891, 15.491879851844629 ], [ 74.053430122212831, 15.491405531619549 ], [ 74.054012978813574, 15.490804455384708 ], [ 74.054413920281078, 15.490330008033659 ], [ 74.054740300681686, 15.489959480032498 ], [ 74.055794126019578, 15.489073833724397 ], [ 74.056106551990567, 15.488612920954147 ], [ 74.056759313690094, 15.48801634167266 ], [ 74.057370071065236, 15.487325036986071 ], [ 74.05742602083609, 15.487252737418551 ], [ 74.057300414799812, 15.48606857172426 ], [ 74.057375204038777, 15.48543583672906 ], [ 74.057375239073068, 15.485169053125476 ], [ 74.057184242870633, 15.484423310058968 ], [ 74.056499369094624, 15.483135103924569 ], [ 74.053595753584929, 15.481114152600451 ], [ 74.050943876560552, 15.479545300659677 ], [ 74.048800480122978, 15.476914329907757 ], [ 74.048800929280603, 15.475223948857774 ], [ 74.047197765281851, 15.474287985178972 ], [ 74.046624476637191, 15.474057392109662 ], [ 74.045552762248718, 15.47290909367042 ], [ 74.044244044440561, 15.469627532067772 ], [ 74.044856214865632, 15.46447083821157 ], [ 74.044474262884918, 15.463254922354098 ], [ 74.044092310005894, 15.462567806807975 ], [ 74.043798905861067, 15.462124811656238 ], [ 74.043290999297724, 15.461650108068813 ], [ 74.043491417030893, 15.461523620926023 ], [ 74.043454287863568, 15.461311180846121 ], [ 74.043435620871946, 15.461279566808175 ], [ 74.043253806350037, 15.461279501006901 ], [ 74.043239842937268, 15.461297547000617 ], [ 74.043128015260791, 15.461311121105496 ], [ 74.043002184645687, 15.461030791157004 ], [ 74.042857775972195, 15.46062411599552 ], [ 74.04238268935778, 15.460167459390238 ], [ 74.042312721376916, 15.460095133884952 ], [ 74.042890866313996, 15.459263694824832 ], [ 74.04292827485736, 15.459001563280495 ], [ 74.043222199126774, 15.458224264681364 ], [ 74.043637651979367, 15.455756702855416 ], [ 74.043894156027278, 15.455386194346042 ], [ 74.044057564069021, 15.454360327970001 ], [ 74.044095087596745, 15.453849507251791 ], [ 74.044113889335662, 15.453284621402933 ], [ 74.044566060825488, 15.452706207833911 ], [ 74.045004302140214, 15.452317692120536 ], [ 74.045531182918978, 15.451644324576234 ], [ 74.045932146844365, 15.451115649430399 ], [ 74.045894932337092, 15.450754088110827 ], [ 74.045732083945751, 15.450012827421938 ], [ 74.045531758739074, 15.449429742091267 ], [ 74.045657670202559, 15.449185755986361 ], [ 74.045932787343148, 15.448815284218909 ], [ 74.046114688103344, 15.448476308296836 ], [ 74.046259183913421, 15.448159982740664 ], [ 74.046333981237254, 15.447685378774725 ], [ 74.04670694916679, 15.447269727849198 ], [ 74.046157611404254, 15.445389456392656 ], [ 74.045621527385435, 15.44573279528981 ], [ 74.045337056986085, 15.446171144593007 ], [ 74.044777612278267, 15.446763128075242 ], [ 74.043733346811621, 15.447843009902886 ], [ 74.043034090109629, 15.448611049844084 ], [ 74.042441972776629, 15.449202965750054 ], [ 74.042190201053614, 15.449514795060765 ], [ 74.041826570213161, 15.450002826818663 ], [ 74.041635405127423, 15.450405030787392 ], [ 74.041584051137562, 15.450535985581032 ], [ 74.041430111338926, 15.450861412785668 ], [ 74.041271541623274, 15.451150600266834 ], [ 74.040954524362888, 15.451665735221511 ], [ 74.040754015899893, 15.45203178002626 ], [ 74.040338988848717, 15.452664364291756 ], [ 74.040101169758728, 15.453052972000194 ], [ 74.039863357855253, 15.453531930966063 ], [ 74.039667464037876, 15.453798596026964 ], [ 74.039527578381836, 15.4540109762745 ], [ 74.039350356945945, 15.454164600699819 ], [ 74.039154629316883, 15.454300214774726 ], [ 74.03867443308512, 15.454530474851158 ], [ 74.038063984730442, 15.454625148604851 ], [ 74.037527959102093, 15.45481496439818 ], [ 74.037015135160914, 15.455216915730439 ], [ 74.03628312139206, 15.45594891509081 ], [ 74.035905398679716, 15.456405333367766 ], [ 74.035532448716467, 15.456830002585527 ], [ 74.035252679201022, 15.457290900419968 ], [ 74.034916815285968, 15.457846691161134 ], [ 74.034879383386382, 15.458343829024216 ], [ 74.034958542929203, 15.458750659314074 ], [ 74.035056113443815, 15.45940603293613 ], [ 74.035093191407142, 15.459961906316057 ], [ 74.034957696716233, 15.460784398776751 ], [ 74.034957565562195, 15.461263543335861 ], [ 74.035013095819806, 15.462185517387427 ], [ 74.035092044258548, 15.463066929007011 ], [ 74.035250345377889, 15.46366356376806 ], [ 74.03527349316613, 15.464083795629866 ], [ 74.035273398843046, 15.464544873860474 ], [ 74.035249881847221, 15.464910893314586 ], [ 74.035151890921085, 15.46529055522903 ], [ 74.035114504835576, 15.465579797028866 ], [ 74.035011905552054, 15.46577408929439 ], [ 74.034657510291012, 15.466176256588181 ], [ 74.034242494019637, 15.466537693161463 ], [ 74.034144679163276, 15.466646115265998 ], [ 74.034829591566833, 15.467215838164154 ], [ 74.035920105897574, 15.467568662743801 ], [ 74.036936033110237, 15.467993896072231 ], [ 74.037425432582069, 15.46821998519798 ], [ 74.038296902612259, 15.468414575410513 ], [ 74.038898117184146, 15.468591036969132 ], [ 74.039387716980301, 15.468202530267439 ], [ 74.040934922225048, 15.46896222659911 ], [ 74.04188090032153, 15.469509317916398 ], [ 74.041517230853486, 15.470083257889719 ], [ 74.041661326014932, 15.471122785217796 ], [ 74.041824301068715, 15.471705923772506 ], [ 74.041842568310031, 15.472745403127067 ], [ 74.04182377285936, 15.473346549155426 ], [ 74.04151555819044, 15.475091015854055 ], [ 74.041296249785177, 15.475759876286913 ], [ 74.04098844295136, 15.476537181782872 ], [ 74.040549935735328, 15.477296347993061 ], [ 74.039351242684816, 15.479456340862757 ], [ 74.038260089651914, 15.480866217162593 ], [ 74.037168918652696, 15.481855695870541 ], [ 74.035947330240532, 15.482772819365959 ], [ 74.03536873524753, 15.484499091631088 ], [ 74.035419897896219, 15.485027923075727 ], [ 74.035368369633176, 15.48546628270452 ], [ 74.035237651284604, 15.486103559080155 ], [ 74.034020443057798, 15.487752953192258 ], [ 74.033167145047528, 15.48828141012773 ], [ 74.033073884649653, 15.488317556272031 ], [ 74.031255349561533, 15.489690952711566 ], [ 74.030308790255091, 15.490517677087357 ], [ 74.029618758352726, 15.490870009180259 ], [ 74.028873233023717, 15.490114921690113 ], [ 74.027712161417298, 15.49083770278342 ], [ 74.026947835247711, 15.490254428571655 ], [ 74.025890231595739, 15.488902618404737 ], [ 74.024944284940275, 15.488129409089746 ], [ 74.024599492669637, 15.487776691420592 ], [ 74.024217260414531, 15.487546107326489 ], [ 74.023145242395501, 15.487333224748596 ], [ 74.022441462676042, 15.487197467829391 ], [ 74.022399058601394, 15.488060712821834 ], [ 74.022361366190381, 15.488878700242058 ], [ 74.022272584792546, 15.489461748062068 ], [ 74.022165308879636, 15.489845882084692 ], [ 74.022011240621879, 15.490324839031635 ], [ 74.021749865010165, 15.491111169057518 ], [ 74.02144663060119, 15.491617301935181 ], [ 74.021236617962487, 15.491974297290488 ], [ 74.021040741213099, 15.492281493140641 ], [ 74.020751536692202, 15.492606841738416 ], [ 74.020224523861103, 15.493257464681234 ], [ 74.020000659200733, 15.493442751346453 ], [ 74.019515704592905, 15.493835704340809 ], [ 74.019049266958049, 15.494282997167211 ], [ 74.018592239175788, 15.494775400609377 ], [ 74.01831706184808, 15.495051031895303 ], [ 74.017971921929387, 15.495426008934885 ], [ 74.017398353908675, 15.495904855132395 ], [ 74.017319008414589, 15.495954608999286 ], [ 74.017099906621823, 15.496067525777798 ], [ 74.016782856123783, 15.496248148346453 ], [ 74.016507659033095, 15.496401652258328 ], [ 74.016288603054463, 15.49649202531093 ], [ 74.016032088226751, 15.496537133047513 ], [ 74.015817622639219, 15.496595746774341 ], [ 74.015598556779068, 15.496604701142818 ], [ 74.014171990785385, 15.496771355858824 ], [ 74.01414379356693, 15.497151014706692 ] ] ] } },
{ "type": "Feature", "properties": { "gp_id": "254525", "gp_name": "VELGUEM", "terrain__analysis_area_km2": 2.9326340772440206e-10, "terrain__aspect_cos_max": 1, "terrain__aspect_cos_mean": -0.1317804115341307, "terrain__aspect_cos_min": -1, "terrain__aspect_cos_std": 0.69113129696106324, "terrain__aspect_sin_max": 1, "terrain__aspect_sin_mean": -0.12946051506612349, "terrain__aspect_sin_min": -1, "terrain__aspect_sin_std": 0.69862439792000186, "terrain__elevation_max": 192, "terrain__elevation_mean": 72.651672657730501, "terrain__elevation_min": 30, "terrain__elevation_std": 38.3004636806427, "terrain__geometry_status": "VALID_SINGLE", "terrain__laplacian_curvature_max": 32, "terrain__laplacian_curvature_mean": 0.1165824421201081, "terrain__laplacian_curvature_min": -27, "terrain__laplacian_curvature_std": 5.5796856235711134, "terrain__resolution": "DISSOLVE_BY_GP_ID", "terrain__slope_max": 36, "terrain__slope_mean": 9.0663789143046323, "terrain__slope_min": 0, "terrain__slope_std": 6.8400676773090696, "terrain__source_area_km2": 2.9326340772440206e-10, "terrain__source_feature_count": 1, "terrain__tpi_max": 35.085173501576691, "terrain__tpi_mean": -1.156223539543674, "terrain__tpi_min": -44.470031545741861, "terrain__tpi_std": 11.039546890250362, "terrain__tri_max": 23.637924746597427, "terrain__tri_mean": 6.9822766979048314, "terrain__tri_min": 0.66328910557489029, "terrain__tri_std": 4.8941464814260449, "terrain__aspect_mean_deg": 224.49120995548344, "terrain__aspect_resultant_length": 0.18473251426127141, "landcover__source_feature_count": 1, "landcover__source_unique_geometry_count": 1, "landcover__geometry_status": "VALID_SINGLE", "landcover__resolution": "DISSOLVE_BY_GP_ID", "landcover__source_area_km2": 2.9326340772440206e-10, "landcover__analysis_area_km2": 2.9326340772440206e-10, "landcover__analysis_coverage_pct_of_source": 100.0, "landcover__analysis_geometry_type": "Polygon", "landcover__centroid_lat": 15.49879847224522, "landcover__centroid_lon": 74.058645526495923, "landcover__state": "goa", "landcover__district": "north goa", "landcover__block": "Bicholim", "landcover__block_lgd": 5930, "landcover__block_code11": 4, "landcover__source_layer": "Official Gram Manchitra GP", "landcover__source_snapshot": "gram_manchitra_gp_20260917T064631Z.geojson", "landcover__block_snapshot": "gram_manchitra_all_blocks_20260917T064613Z.geojson", "landcover__synthetic_geometry": false, "landcover__source_geometry_wkt": "POLYGON ((74.06844572359665 15.50168028189478, 74.0672591712772 15.501581704869663, 74.06646197395472 15.502514366400021, 74.06541180296338 15.503542656715396, 74.064492730308 15.504220601613339, 74.06377146398322 15.5047657913675, 74.06295635874558 15.505955562150278, 74.06239447870503 15.506435246096846, 74.06085135809985 15.507094962052157, 74.05814722697373 15.50811279809584, 74.0559328402725 15.509092488800645, 74.05410757680288 15.509910641388904, 74.05194430334299 15.5108955656264, 74.05207835444128 15.508190321244033, 74.05133438858759 15.505745961057722, 74.0514941611474 15.503606525418828, 74.05127258808932 15.501363216159005, 74.05033718675699 15.499517657639464, 74.05013683280426 15.499341322014411, 74.04990375412399 15.499146940951094, 74.04946566103128 15.498654272648825, 74.04897626335607 15.498459703092976, 74.04877583574148 15.498369343020014, 74.04843087638415 15.498301444823015, 74.048155885906 15.498265257142045, 74.0478295046071 15.498228970770521, 74.04752188821614 15.49812499735657, 74.04744738464143 15.497808597911506, 74.0476479380202 15.497347578232826, 74.0478671377293 15.496977044632834, 74.04823083235017 15.496606500846212, 74.04844543088838 15.496326322594951, 74.04870190439358 15.495955766387945, 74.0488465142897 15.495652912966337, 74.048977046687 15.49556717084135, 74.0490842507347 15.495427078028852, 74.04914024811626 15.495336637854397, 74.04952261062704 15.49509263313947, 74.04981171543494 15.494930055218532, 74.05011946208158 15.494668021657949, 74.0507209021306 15.494157436326509, 74.05099601477964 15.493927015169792, 74.0511591946493 15.493999325388213, 74.05142964324538 15.49350219439817, 74.0517047666742 15.493118068035415, 74.05197530689844 15.492815353291855, 74.05246481686304 15.492304649980245, 74.05275865130089 15.49187985184463, 74.05343012221283 15.491405531619549, 74.05401297881357 15.490804455384708, 74.05441392028108 15.49033000803366, 74.05474030068169 15.489959480032498, 74.05579412601958 15.489073833724397, 74.05610655199057 15.488612920954147, 74.0567593136901 15.48801634167266, 74.05737007106524 15.487325036986071, 74.05742602083609 15.487252737418551, 74.05828831188067 15.487768121038343, 74.05906663829398 15.488229290205638, 74.0598683523457 15.488807969849637, 74.06070263481806 15.489445384824862, 74.06115936705461 15.489761850745172, 74.06206824562813 15.490272743863839, 74.06273943716404 15.490783516255787, 74.06359698690054 15.491597250209715, 74.06423085523302 15.492248163734839, 74.06488809683087 15.492795142398572, 74.06555924794255 15.493396345292743, 74.06672920029388 15.494250808168985, 74.06747498613433 15.494815836722982, 74.06843513964598 15.495557185423747, 74.06945592943931 15.496492916073715, 74.070509349637 15.497180097280276, 74.07101746191454 15.49749654356738, 74.07116236016986 15.497611819276074, 74.07116663525228 15.497695469133582, 74.07105933238992 15.498065948640532, 74.07095202773094 15.498377921619225, 74.0707048158563 15.498816166374068, 74.07037383787808 15.499241040279667, 74.0699589213197 15.499598047569524, 74.06987029083884 15.499837582835012, 74.06913467123242 15.50081393160085, 74.06844572359665 15.50168028189478))", "landcover__water_fraction": 0.058198403053025198, "landcover__trees_fraction": 0.42818236530320308, "landcover__grass_fraction": 0.055087689925247603, "landcover__flooded_vegetation_fraction": 0.036359484387814403, "landcover__crops_fraction": 0.064090512642244399, "landcover__shrub_fraction": 0.203751781783333, "landcover__built_fraction": 0.068351484821627603, "landcover__bare_fraction": 0.0476130464633217, "landcover__snow_ice_fraction": 0.038326449089101697, "landcover__dominant_landcover": "trees", "landcover__dominant_probability": 0.42818236530320308, "landcover__landcover_entropy": 1.7625123597656005, "landcover__valid_pixel_fraction": 1, "landcover__landcover_probability_sum": 0.99996121746891897, "sentinel2__NDVI_hist_mean": 0.51916506986955591, "sentinel2__NDVI_hist_std": 0.102780674289005, "sentinel2__NDVI_hist_min": -0.035443532261330901, "sentinel2__NDVI_hist_max": 0.68902745287264655, "sentinel2__EVI_hist_mean": 0.31294543236880018, "sentinel2__EVI_hist_std": 0.28555785438007281, "sentinel2__EVI_hist_min": -0.0046947427859264004, "sentinel2__EVI_hist_max": 5.072757014145985, "sentinel2__SAVI_hist_mean": 0.27754668377138447, "sentinel2__SAVI_hist_std": 0.053809935663900701, "sentinel2__SAVI_hist_min": -0.024869900529226899, "sentinel2__SAVI_hist_max": 0.4164039080110673, "sentinel2__NDMI_hist_mean": 0.016703394156573501, "sentinel2__NDMI_hist_std": 0.073256901171553604, "sentinel2__NDMI_hist_min": -0.16162965247275321, "sentinel2__NDMI_hist_max": 0.22314508027185631, "sentinel2__NBR_hist_mean": 0.2424060998833352, "sentinel2__NBR_hist_std": 0.096057779274691002, "sentinel2__NBR_hist_min": -0.0064319037994415998, "sentinel2__NBR_hist_max": 0.5009335753223223, "sentinel2__NDVI_7d_mean": null, "sentinel2__EVI_7d_mean": null, "sentinel2__SAVI_7d_mean": null, "sentinel2__NDMI_7d_mean": null, "sentinel2__NBR_7d_mean": null, "sentinel2__NDVI_30d_mean": null, "sentinel2__EVI_30d_mean": null, "sentinel2__SAVI_30d_mean": null, "sentinel2__NDMI_30d_mean": null, "sentinel2__NBR_30d_mean": null, "sentinel2__NDVI_60d_mean": null, "sentinel2__EVI_60d_mean": null, "sentinel2__SAVI_60d_mean": null, "sentinel2__NDMI_60d_mean": null, "sentinel2__NBR_60d_mean": null, "sentinel2__NDVI_30d_change": null, "sentinel2__observation_count": 350, "sentinel2__latest_observation_date": "2026-05-13", "sentinel2__days_since_latest_observation": 129, "sentinel1__s1_observation_count": 118, "sentinel1__s1_unique_image_count": 118, "sentinel1__s1_first_date": "2021-09-20", "sentinel1__s1_last_date": "2026-09-13", "sentinel1__s1_ascending_count": 0, "sentinel1__s1_descending_count": 118, "sentinel1__s1_vv_db_mean": -8.9710152140649324, "sentinel1__s1_vv_db_median": -9.0573588500891624, "sentinel1__s1_vv_db_std": 0.68838313602723278, "sentinel1__s1_vv_db_min": -9.8915362164773288, "sentinel1__s1_vv_db_max": -7.5470808762727684, "sentinel1__s1_vv_db_count": 118, "sentinel1__s1_vh_db_mean": -15.615451818936911, "sentinel1__s1_vh_db_median": -15.71276241643411, "sentinel1__s1_vh_db_std": 0.67020072051688451, "sentinel1__s1_vh_db_min": -16.590619532998012, "sentinel1__s1_vh_db_max": -14.376148715297139, "sentinel1__s1_vh_db_count": 118, "sentinel1__s1_vv_vh_diff_db_mean": 6.6444366048719843, "sentinel1__s1_vv_vh_diff_db_median": 6.6377927893511082, "sentinel1__s1_vv_vh_diff_db_std": 0.12990215696001259, "sentinel1__s1_vv_vh_diff_db_min": 6.3776699813525823, "sentinel1__s1_vv_vh_diff_db_max": 7.0097626612834292, "sentinel1__s1_vv_vh_diff_db_count": 118, "sentinel1__s1_incidence_angle_deg_mean": 37.415869334456957, "sentinel1__s1_incidence_angle_deg_median": 37.407102894434111, "sentinel1__s1_incidence_angle_deg_std": 0.0201380717098089, "sentinel1__s1_incidence_angle_deg_min": 37.392891078892568, "sentinel1__s1_incidence_angle_deg_max": 37.465936498071372, "sentinel1__s1_incidence_angle_deg_count": 118, "sentinel1__s1_valid_fraction_mean": 1.0, "sentinel1__s1_valid_fraction_median": 1.0, "sentinel1__s1_valid_fraction_std": 0.0, "sentinel1__s1_valid_fraction_min": 1.0, "sentinel1__s1_valid_fraction_max": 1.0, "sentinel1__s1_valid_fraction_count": 118, "sentinel1__s1_vv_db_ascending_mean": null, "sentinel1__s1_vv_db_ascending_median": null, "sentinel1__s1_vv_db_ascending_std": null, "sentinel1__s1_vv_db_ascending_min": null, "sentinel1__s1_vv_db_ascending_max": null, "sentinel1__s1_vv_db_ascending_count": 0, "sentinel1__s1_vh_db_ascending_mean": null, "sentinel1__s1_vh_db_ascending_median": null, "sentinel1__s1_vh_db_ascending_std": null, "sentinel1__s1_vh_db_ascending_min": null, "sentinel1__s1_vh_db_ascending_max": null, "sentinel1__s1_vh_db_ascending_count": 0, "sentinel1__s1_vv_vh_diff_db_ascending_mean": null, "sentinel1__s1_vv_vh_diff_db_ascending_median": null, "sentinel1__s1_vv_vh_diff_db_ascending_std": null, "sentinel1__s1_vv_vh_diff_db_ascending_min": null, "sentinel1__s1_vv_vh_diff_db_ascending_max": null, "sentinel1__s1_vv_vh_diff_db_ascending_count": 0, "sentinel1__s1_incidence_angle_deg_ascending_mean": null, "sentinel1__s1_incidence_angle_deg_ascending_median": null, "sentinel1__s1_incidence_angle_deg_ascending_std": null, "sentinel1__s1_incidence_angle_deg_ascending_min": null, "sentinel1__s1_incidence_angle_deg_ascending_max": null, "sentinel1__s1_incidence_angle_deg_ascending_count": 0, "sentinel1__s1_vv_db_descending_mean": -8.9710152140649324, "sentinel1__s1_vv_db_descending_median": -9.0573588500891624, "sentinel1__s1_vv_db_descending_std": 0.68838313602723278, "sentinel1__s1_vv_db_descending_min": -9.8915362164773288, "sentinel1__s1_vv_db_descending_max": -7.5470808762727684, "sentinel1__s1_vv_db_descending_count": 118, "sentinel1__s1_vh_db_descending_mean": -15.615451818936911, "sentinel1__s1_vh_db_descending_median": -15.71276241643411, "sentinel1__s1_vh_db_descending_std": 0.67020072051688451, "sentinel1__s1_vh_db_descending_min": -16.590619532998012, "sentinel1__s1_vh_db_descending_max": -14.376148715297139, "sentinel1__s1_vh_db_descending_count": 118, "sentinel1__s1_vv_vh_diff_db_descending_mean": 6.6444366048719843, "sentinel1__s1_vv_vh_diff_db_descending_median": 6.6377927893511082, "sentinel1__s1_vv_vh_diff_db_descending_std": 0.12990215696001259, "sentinel1__s1_vv_vh_diff_db_descending_min": 6.3776699813525823, "sentinel1__s1_vv_vh_diff_db_descending_max": 7.0097626612834292, "sentinel1__s1_vv_vh_diff_db_descending_count": 118, "sentinel1__s1_incidence_angle_deg_descending_mean": 37.415869334456957, "sentinel1__s1_incidence_angle_deg_descending_median": 37.407102894434111, "sentinel1__s1_incidence_angle_deg_descending_std": 0.0201380717098089, "sentinel1__s1_incidence_angle_deg_descending_min": 37.392891078892568, "sentinel1__s1_incidence_angle_deg_descending_max": 37.465936498071372, "sentinel1__s1_incidence_angle_deg_descending_count": 118, "sentinel1__s1_obs_count_last_7d": 1, "sentinel1__s1_vv_last_7d_mean": -8.4047544506583076, "sentinel1__s1_vv_last_7d_median": -8.4047544506583076, "sentinel1__s1_vh_last_7d_mean": -15.127968119239814, "sentinel1__s1_vh_last_7d_median": -15.127968119239814, "sentinel1__s1_vv_vh_diff_last_7d_mean": 6.7232136685812982, "sentinel1__s1_vv_vh_diff_last_7d_median": 6.7232136685812982, "sentinel1__s1_incidence_angle_last_7d_mean": 37.406730391169873, "sentinel1__s1_incidence_angle_last_7d_median": 37.406730391169873, "sentinel1__s1_obs_count_last_30d": 3, "sentinel1__s1_vv_last_30d_mean": -8.1776344237434397, "sentinel1__s1_vv_last_30d_median": -8.1305405811923688, "sentinel1__s1_vh_last_30d_mean": -14.776810720578112, "sentinel1__s1_vh_last_30d_median": -14.756795300966488, "sentinel1__s1_vv_vh_diff_last_30d_mean": 6.5991762968345711, "sentinel1__s1_vv_vh_diff_last_30d_median": 6.6262547197740753, "sentinel1__s1_incidence_angle_last_30d_mean": 37.41052365636363, "sentinel1__s1_incidence_angle_last_30d_median": 37.411315087217659, "sentinel1__s1_obs_count_last_90d": 8, "sentinel1__s1_vv_last_90d_mean": -8.1833350607379369, "sentinel1__s1_vv_last_90d_median": -8.0929467280203404, "sentinel1__s1_vh_last_90d_mean": -14.756689932807678, "sentinel1__s1_vh_last_90d_median": -14.740456475999007, "sentinel1__s1_vv_vh_diff_last_90d_mean": 6.5733548720696815, "sentinel1__s1_vv_vh_diff_last_90d_median": 6.5549689397928717, "sentinel1__s1_incidence_angle_last_90d_mean": 37.408264581902458, "sentinel1__s1_incidence_angle_last_90d_median": 37.409168968422144, "sentinel1__s1_obs_count_last_365d": 31, "sentinel1__s1_vv_last_365d_mean": -8.9598110597784366, "sentinel1__s1_vv_last_365d_median": -9.1795505018319705, "sentinel1__s1_vh_last_365d_mean": -15.543649395354349, "sentinel1__s1_vh_last_365d_median": -15.712625350739383, "sentinel1__s1_vv_vh_diff_last_365d_mean": 6.5838383355758987, "sentinel1__s1_vv_vh_diff_last_365d_median": 6.5678097129536512, "sentinel1__s1_incidence_angle_last_365d_mean": 37.405248372431437, "sentinel1__s1_incidence_angle_last_365d_median": 37.405701724347679, "soil__soil_clay_rootzone_0_30cm_pct": 33.881063418057494, "soil__soil_sand_rootzone_0_30cm_pct": 37.419986974171842, "soil__soil_soc_rootzone_0_30cm_g_kg": 18.765596490549004, "soil__soil_bdod_rootzone_0_30cm_kg_dm3": 1.4155249598611002, "lst__lst_mean_c": 35.696096516435432, "lst__lst_median_c": 34.885948870134655, "lst__lst_std_c": 3.7196792550223226, "lst__lst_valid_months": 51 }, "geometry": { "type": "Polygon", "coordinates": [ [ [ 74.068445723596653, 15.50168028189478 ], [ 74.069134671232419, 15.500813931600851 ], [ 74.069870290838836, 15.499837582835012 ], [ 74.069958921319696, 15.499598047569524 ], [ 74.07037383787808, 15.499241040279667 ], [ 74.070704815856303, 15.498816166374068 ], [ 74.070952027730939, 15.498377921619225 ], [ 74.071059332389922, 15.498065948640532 ], [ 74.071166635252283, 15.497695469133582 ], [ 74.071162360169865, 15.497611819276074 ], [ 74.071017461914536, 15.497496543567379 ], [ 74.070509349637007, 15.497180097280276 ], [ 74.069455929439314, 15.496492916073715 ], [ 74.068435139645985, 15.495557185423747 ], [ 74.067474986134329, 15.494815836722982 ], [ 74.066729200293878, 15.494250808168985 ], [ 74.065559247942545, 15.493396345292743 ], [ 74.06488809683087, 15.492795142398572 ], [ 74.064230855233021, 15.492248163734839 ], [ 74.063596986900535, 15.491597250209715 ], [ 74.062739437164041, 15.490783516255787 ], [ 74.062068245628126, 15.490272743863839 ], [ 74.061159367054614, 15.489761850745172 ], [ 74.060702634818057, 15.489445384824862 ], [ 74.059868352345703, 15.488807969849637 ], [ 74.059066638293984, 15.488229290205638 ], [ 74.058288311880673, 15.487768121038343 ], [ 74.05742602083609, 15.487252737418551 ], [ 74.057370071065236, 15.487325036986071 ], [ 74.056759313690094, 15.48801634167266 ], [ 74.056106551990567, 15.488612920954147 ], [ 74.055794126019578, 15.489073833724397 ], [ 74.054740300681686, 15.489959480032498 ], [ 74.054413920281078, 15.490330008033659 ], [ 74.054012978813574, 15.490804455384708 ], [ 74.053430122212831, 15.491405531619549 ], [ 74.052758651300891, 15.491879851844629 ], [ 74.052464816863036, 15.492304649980245 ], [ 74.051975306898441, 15.492815353291855 ], [ 74.051704766674206, 15.493118068035415 ], [ 74.051429643245385, 15.49350219439817 ], [ 74.051159194649301, 15.493999325388213 ], [ 74.050996014779642, 15.493927015169792 ], [ 74.050720902130607, 15.494157436326509 ], [ 74.050119462081582, 15.494668021657949 ], [ 74.049811715434942, 15.494930055218532 ], [ 74.049522610627037, 15.495092633139469 ], [ 74.049140248116259, 15.495336637854397 ], [ 74.049084250734694, 15.495427078028852 ], [ 74.048977046687, 15.495567170841349 ], [ 74.048846514289707, 15.495652912966337 ], [ 74.048701904393582, 15.495955766387945 ], [ 74.048445430888378, 15.496326322594951 ], [ 74.048230832350171, 15.496606500846212 ], [ 74.047867137729298, 15.496977044632834 ], [ 74.047647938020205, 15.497347578232826 ], [ 74.04744738464143, 15.497808597911506 ], [ 74.047521888216139, 15.49812499735657 ], [ 74.047829504607094, 15.498228970770521 ], [ 74.048155885905999, 15.498265257142045 ], [ 74.048430876384145, 15.498301444823015 ], [ 74.04877583574148, 15.498369343020014 ], [ 74.048976263356067, 15.498459703092976 ], [ 74.049465661031277, 15.498654272648825 ], [ 74.049903754123989, 15.499146940951094 ], [ 74.050136832804256, 15.499341322014411 ], [ 74.050337186756991, 15.499517657639464 ], [ 74.051272588089319, 15.501363216159005 ], [ 74.051494161147403, 15.503606525418828 ], [ 74.051334388587591, 15.505745961057722 ], [ 74.052078354441278, 15.508190321244033 ], [ 74.051944303342992, 15.5108955656264 ], [ 74.054107576802878, 15.509910641388904 ], [ 74.055932840272504, 15.509092488800645 ], [ 74.05814722697373, 15.508112798095841 ], [ 74.060851358099853, 15.507094962052157 ], [ 74.062394478705031, 15.506435246096846 ], [ 74.062956358745581, 15.505955562150278 ], [ 74.063771463983215, 15.5047657913675 ], [ 74.064492730308004, 15.504220601613339 ], [ 74.065411802963382, 15.503542656715396 ], [ 74.066461973954716, 15.502514366400021 ], [ 74.0672591712772, 15.501581704869663 ], [ 74.068445723596653, 15.50168028189478 ] ] ] } },
{ "type": "Feature", "properties": { "gp_id": "272873", "gp_name": "HARVALEM", "terrain__analysis_area_km2": 6.1239596848441953e-10, "terrain__aspect_cos_max": 1, "terrain__aspect_cos_mean": -0.091791968938134599, "terrain__aspect_cos_min": -1, "terrain__aspect_cos_std": 0.71551728946794368, "terrain__aspect_sin_max": 1, "terrain__aspect_sin_mean": -0.054825849448447303, "terrain__aspect_sin_min": -1, "terrain__aspect_sin_std": 0.69025948717831342, "terrain__elevation_max": 117, "terrain__elevation_mean": 55.854814816881962, "terrain__elevation_min": 7, "terrain__elevation_std": 17.364080099572355, "terrain__geometry_status": "VALID_SINGLE", "terrain__laplacian_curvature_max": 23, "terrain__laplacian_curvature_mean": 0.0220733272218788, "terrain__laplacian_curvature_min": -22, "terrain__laplacian_curvature_std": 3.6393519774330794, "terrain__resolution": "DISSOLVE_BY_GP_ID", "terrain__slope_max": 26, "terrain__slope_mean": 4.9890947280100404, "terrain__slope_min": 0, "terrain__slope_std": 3.6022218871441765, "terrain__source_area_km2": 6.1239596848441964e-10, "terrain__source_feature_count": 1, "terrain__tpi_max": 30.372239747633728, "terrain__tpi_mean": -0.2618563047242522, "terrain__tpi_min": -19.037854889590044, "terrain__tpi_std": 5.9858938168507834, "terrain__tri_max": 16.446576938212452, "terrain__tri_mean": 3.6424890588584167, "terrain__tri_min": 0.60320192015631002, "terrain__tri_std": 2.3039528208234099, "terrain__aspect_mean_deg": 210.84918490456457, "terrain__aspect_resultant_length": 0.1069188445938474, "landcover__source_feature_count": 1, "landcover__source_unique_geometry_count": 1, "landcover__geometry_status": "VALID_SINGLE", "landcover__resolution": "DISSOLVE_BY_GP_ID", "landcover__source_area_km2": 6.1239596848441964e-10, "landcover__analysis_area_km2": 6.1239596848441953e-10, "landcover__analysis_coverage_pct_of_source": 100.0, "landcover__analysis_geometry_type": "Polygon", "landcover__centroid_lat": 15.55831694819156, "landcover__centroid_lon": 74.037500544631882, "landcover__state": "goa", "landcover__district": "north goa", "landcover__block": "Bicholim", "landcover__block_lgd": 5930, "landcover__block_code11": 4, "landcover__source_layer": "Official Gram Manchitra GP", "landcover__source_snapshot": "gram_manchitra_gp_20260917T064631Z.geojson", "landcover__block_snapshot": "gram_manchitra_all_blocks_20260917T064613Z.geojson", "landcover__synthetic_geometry": false, "landcover__source_geometry_wkt": "POLYGON ((74.05527253272459 15.566383684751385, 74.05312716179 15.568617434726738, 74.05151976492964 15.570369572946182, 74.04904028898133 15.570663130089914, 74.0460455196231 15.571116374241681, 74.04330716807452 15.571261558367885, 74.04217309174074 15.57045439178958, 74.04108531457665 15.569674898578215, 74.03957419016528 15.56913773965315, 74.0381287927883 15.568569884283042, 74.03694998125167 15.567942763264147, 74.0351547430721 15.566800457209943, 74.03405030844773 15.565894278587479, 74.03353102382303 15.565421328852926, 74.03317391744645 15.56500491532495, 74.03105870026099 15.564951290870564, 74.02990586171416 15.56505628807045, 74.02918101380635 15.565208258381245, 74.02847288264766 15.565785230163547, 74.02765782591902 15.56633789394454, 74.02644273861459 15.566550493353082, 74.02472316283648 15.564745148946797, 74.02363361239803 15.564082992815088, 74.02300871015042 15.563807278122919, 74.022527221243 15.56378428334844, 74.02249081971104 15.563546630143808, 74.0222106405638 15.562684192575857, 74.02209430963283 15.56237066660203, 74.02176401167927 15.561444183817978, 74.02146486460484 15.560612920019462, 74.02114491973491 15.559912531398737, 74.02090932307692 15.559475330335065, 74.02073845812001 15.558781533899932, 74.02036805937216 15.55773253998689, 74.02012808163052 15.556698957934913, 74.01979880685808 15.556590189355965, 74.01974540470938 15.556431248748888, 74.01950639535161 15.555921699877777, 74.01932361334414 15.555390548210418, 74.01924050301068 15.555041328420332, 74.01905400018128 15.554758508678868, 74.01882477617194 15.554515739966112, 74.01844001875259 15.554080797426494, 74.0183355312103 15.55391217691582, 74.01830098559775 15.55373986525751, 74.01817734507532 15.55359355064435, 74.01801641099384 15.553460126352514, 74.01793913072657 15.553332519328329, 74.0179086472957 15.553196523702402, 74.01802305942526 15.55303554933084, 74.01822538607838 15.552912062317231, 74.01848273903423 15.552848078204638, 74.01859573541888 15.552777419068828, 74.0189112677641 15.552569862098295, 74.0191952701412 15.552587579909504, 74.01940078222029 15.552558979399539, 74.01979800556086 15.552487971398737, 74.02004371814724 15.552274798396395, 74.02021972416254 15.552046979577483, 74.02056002216185 15.551744771028055, 74.02085286575793 15.551496110390183, 74.02103873527508 15.551232274155783, 74.02140388067512 15.55083569095308, 74.02152293889134 15.550968392580861, 74.02173645675626 15.551025744623542, 74.02210945612684 15.551013161273458, 74.02254051271592 15.550870418084935, 74.02302877761555 15.550642757816826, 74.02393917793518 15.549946910820827, 74.02430280338581 15.549645015938314, 74.0248543896315 15.549242038423891, 74.02517034508323 15.549007193217506, 74.02552103030216 15.548632921097818, 74.02597690734254 15.54808852666937, 74.02612736886442 15.548009362927727, 74.0263750721175 15.54796331791953, 74.02661281035911 15.547957759181012, 74.02681163358265 15.54806461363532, 74.02698013507208 15.548315641937194, 74.02712665388816 15.548778552077502, 74.0271094233027 15.54928420771866, 74.02692097921398 15.549706234249436, 74.02671660530031 15.549960735268883, 74.02660090498668 15.550207378705215, 74.02658482334644 15.550338170727965, 74.02667624040131 15.550457042204611, 74.02676832670113 15.550526189361783, 74.02695936871764 15.550529025382192, 74.02769749642027 15.55011973885588, 74.02835307523654 15.549623348025285, 74.02882935391533 15.54926892842524, 74.0292055953058 15.549048601840232, 74.02984431543912 15.548737188403305, 74.03065202664366 15.548346998601055, 74.03106595505525 15.548104573697534, 74.03130422599784 15.54806744363153, 74.03151271509378 15.54814283315857, 74.03178230579879 15.548485642216445, 74.03198960103371 15.548642223710953, 74.03222679220136 15.54867287326078, 74.03236257435317 15.548638652040664, 74.0325431653697 15.548410918338904, 74.0326971482875 15.547798783349647, 74.03265074760813 15.54719722315569, 74.0327540466793 15.546841893256634, 74.03284486455787 15.546703127371893, 74.03303763762794 15.546593013797743, 74.03327888468908 15.546664357894423, 74.03364852525881 15.546864029669337, 74.03394653776107 15.546881929715452, 74.03420998039623 15.546727705228037, 74.03479646708902 15.546171582374726, 74.03510941318456 15.545828329815459, 74.03546163362431 15.545657301781628, 74.03590849337589 15.545690986916773, 74.03629967015623 15.545710242362931, 74.03662253185585 15.545629199675178, 74.03678766915455 15.54550060377783, 74.03694554896406 15.545236334058318, 74.03709770470856 15.544443472668846, 74.03716158660335 15.543933896726825, 74.03723755533028 15.543546407583733, 74.03738512787024 15.543349906242161, 74.03759695780076 15.543212911337797, 74.03795194505159 15.54315938333083, 74.03803498172319 15.542622935848787, 74.03830432269649 15.542382958669972, 74.0387719317345 15.542579514592763, 74.03918429438251 15.542730170413401, 74.03961207930733 15.542790719179546, 74.0399521922537 15.542501976674595, 74.04022736059825 15.542164572019548, 74.0407903985672 15.54254135276136, 74.04249476496925 15.545620289841413, 74.04328934819424 15.546964716651237, 74.043269850261 15.548518533280134, 74.04342226382201 15.549505569113279, 74.04400660803286 15.550584878619585, 74.04556140583838 15.552202356288538, 74.04720371212903 15.55388440479473, 74.04870086683944 15.554714950649997, 74.05020069493611 15.556268361759585, 74.05146211285134 15.55787701008442, 74.05336777104726 15.560014625183825, 74.05434810970337 15.561117700240246, 74.05484321707051 15.561947148154715, 74.05529114761391 15.564022830211053, 74.05573743603695 15.565899617903677, 74.05527253272459 15.566383684751385))", "landcover__water_fraction": 0.036793551348666999, "landcover__trees_fraction": 0.39559845794032727, "landcover__grass_fraction": 0.044476978070267598, "landcover__flooded_vegetation_fraction": 0.0324112812244889, "landcover__crops_fraction": 0.064694580566865501, "landcover__shrub_fraction": 0.17515811745343349, "landcover__built_fraction": 0.17043395303348541, "landcover__bare_fraction": 0.042203712802936798, "landcover__snow_ice_fraction": 0.038190851512172899, "landcover__dominant_landcover": "trees", "landcover__dominant_probability": 0.39559845794032727, "landcover__landcover_entropy": 1.7801195881360563, "landcover__valid_pixel_fraction": 1, "landcover__landcover_probability_sum": 0.99996148395264517, "sentinel2__NDVI_hist_mean": 0.4992690686565881, "sentinel2__NDVI_hist_std": 0.10064853321036731, "sentinel2__NDVI_hist_min": 0.1659481418692946, "sentinel2__NDVI_hist_max": 0.73686988657345542, "sentinel2__EVI_hist_mean": 0.27894864928061941, "sentinel2__EVI_hist_std": 0.073671171370381705, "sentinel2__EVI_hist_min": 0.1950219313037368, "sentinel2__EVI_hist_max": 0.5731729483525515, "sentinel2__SAVI_hist_mean": 0.27247066043976392, "sentinel2__SAVI_hist_std": 0.061210256301933198, "sentinel2__SAVI_hist_min": 0.11520383616225489, "sentinel2__SAVI_hist_max": 0.45252203538991509, "sentinel2__NDMI_hist_mean": -0.0062555068845337996, "sentinel2__NDMI_hist_std": 0.088093025958584897, "sentinel2__NDMI_hist_min": -0.11116470044056551, "sentinel2__NDMI_hist_max": 0.242606113337304, "sentinel2__NBR_hist_mean": 0.19974160830511911, "sentinel2__NBR_hist_std": 0.1170844798454919, "sentinel2__NBR_hist_min": 0.0497388908213496, "sentinel2__NBR_hist_max": 0.51015290166767724, "sentinel2__NDVI_7d_mean": null, "sentinel2__EVI_7d_mean": null, "sentinel2__SAVI_7d_mean": null, "sentinel2__NDMI_7d_mean": null, "sentinel2__NBR_7d_mean": null, "sentinel2__NDVI_30d_mean": null, "sentinel2__EVI_30d_mean": null, "sentinel2__SAVI_30d_mean": null, "sentinel2__NDMI_30d_mean": null, "sentinel2__NBR_30d_mean": null, "sentinel2__NDVI_60d_mean": null, "sentinel2__EVI_60d_mean": null, "sentinel2__SAVI_60d_mean": null, "sentinel2__NDMI_60d_mean": null, "sentinel2__NBR_60d_mean": null, "sentinel2__NDVI_30d_change": null, "sentinel2__observation_count": 350, "sentinel2__latest_observation_date": "2026-05-03", "sentinel2__days_since_latest_observation": 139, "sentinel1__s1_observation_count": 118, "sentinel1__s1_unique_image_count": 118, "sentinel1__s1_first_date": "2021-09-20", "sentinel1__s1_last_date": "2026-09-13", "sentinel1__s1_ascending_count": 0, "sentinel1__s1_descending_count": 118, "sentinel1__s1_vv_db_mean": -8.0280795432291576, "sentinel1__s1_vv_db_median": -8.049650873884989, "sentinel1__s1_vv_db_std": 0.87660616444530282, "sentinel1__s1_vv_db_min": -9.3095639970692847, "sentinel1__s1_vv_db_max": -6.5221005706192896, "sentinel1__s1_vv_db_count": 118, "sentinel1__s1_vh_db_mean": -14.9401795044836, "sentinel1__s1_vh_db_median": -14.974313098890503, "sentinel1__s1_vh_db_std": 0.74175252234284417, "sentinel1__s1_vh_db_min": -16.070214050506461, "sentinel1__s1_vh_db_max": -13.707752324644565, "sentinel1__s1_vh_db_count": 118, "sentinel1__s1_vv_vh_diff_db_mean": 6.912099961254432, "sentinel1__s1_vv_vh_diff_db_median": 6.8980365472745815, "sentinel1__s1_vv_vh_diff_db_std": 0.19785774042997109, "sentinel1__s1_vv_vh_diff_db_min": 6.5263837580809065, "sentinel1__s1_vv_vh_diff_db_max": 7.3735473161390681, "sentinel1__s1_vv_vh_diff_db_count": 118, "sentinel1__s1_incidence_angle_deg_mean": 37.631103620979694, "sentinel1__s1_incidence_angle_deg_median": 37.623472780390152, "sentinel1__s1_incidence_angle_deg_std": 0.017739518284785798, "sentinel1__s1_incidence_angle_deg_min": 37.609305115250372, "sentinel1__s1_incidence_angle_deg_max": 37.675993123620607, "sentinel1__s1_incidence_angle_deg_count": 118, "sentinel1__s1_valid_fraction_mean": 1.0, "sentinel1__s1_valid_fraction_median": 1.0, "sentinel1__s1_valid_fraction_std": 0.0, "sentinel1__s1_valid_fraction_min": 1.0, "sentinel1__s1_valid_fraction_max": 1.0, "sentinel1__s1_valid_fraction_count": 118, "sentinel1__s1_vv_db_ascending_mean": null, "sentinel1__s1_vv_db_ascending_median": null, "sentinel1__s1_vv_db_ascending_std": null, "sentinel1__s1_vv_db_ascending_min": null, "sentinel1__s1_vv_db_ascending_max": null, "sentinel1__s1_vv_db_ascending_count": 0, "sentinel1__s1_vh_db_ascending_mean": null, "sentinel1__s1_vh_db_ascending_median": null, "sentinel1__s1_vh_db_ascending_std": null, "sentinel1__s1_vh_db_ascending_min": null, "sentinel1__s1_vh_db_ascending_max": null, "sentinel1__s1_vh_db_ascending_count": 0, "sentinel1__s1_vv_vh_diff_db_ascending_mean": null, "sentinel1__s1_vv_vh_diff_db_ascending_median": null, "sentinel1__s1_vv_vh_diff_db_ascending_std": null, "sentinel1__s1_vv_vh_diff_db_ascending_min": null, "sentinel1__s1_vv_vh_diff_db_ascending_max": null, "sentinel1__s1_vv_vh_diff_db_ascending_count": 0, "sentinel1__s1_incidence_angle_deg_ascending_mean": null, "sentinel1__s1_incidence_angle_deg_ascending_median": null, "sentinel1__s1_incidence_angle_deg_ascending_std": null, "sentinel1__s1_incidence_angle_deg_ascending_min": null, "sentinel1__s1_incidence_angle_deg_ascending_max": null, "sentinel1__s1_incidence_angle_deg_ascending_count": 0, "sentinel1__s1_vv_db_descending_mean": -8.0280795432291576, "sentinel1__s1_vv_db_descending_median": -8.049650873884989, "sentinel1__s1_vv_db_descending_std": 0.87660616444530282, "sentinel1__s1_vv_db_descending_min": -9.3095639970692847, "sentinel1__s1_vv_db_descending_max": -6.5221005706192896, "sentinel1__s1_vv_db_descending_count": 118, "sentinel1__s1_vh_db_descending_mean": -14.9401795044836, "sentinel1__s1_vh_db_descending_median": -14.974313098890503, "sentinel1__s1_vh_db_descending_std": 0.74175252234284417, "sentinel1__s1_vh_db_descending_min": -16.070214050506461, "sentinel1__s1_vh_db_descending_max": -13.707752324644565, "sentinel1__s1_vh_db_descending_count": 118, "sentinel1__s1_vv_vh_diff_db_descending_mean": 6.912099961254432, "sentinel1__s1_vv_vh_diff_db_descending_median": 6.8980365472745815, "sentinel1__s1_vv_vh_diff_db_descending_std": 0.19785774042997109, "sentinel1__s1_vv_vh_diff_db_descending_min": 6.5263837580809065, "sentinel1__s1_vv_vh_diff_db_descending_max": 7.3735473161390681, "sentinel1__s1_vv_vh_diff_db_descending_count": 118, "sentinel1__s1_incidence_angle_deg_descending_mean": 37.631103620979694, "sentinel1__s1_incidence_angle_deg_descending_median": 37.623472780390152, "sentinel1__s1_incidence_angle_deg_descending_std": 0.017739518284785798, "sentinel1__s1_incidence_angle_deg_descending_min": 37.609305115250372, "sentinel1__s1_incidence_angle_deg_descending_max": 37.675993123620607, "sentinel1__s1_incidence_angle_deg_descending_count": 118, "sentinel1__s1_obs_count_last_7d": 1, "sentinel1__s1_vv_last_7d_mean": -7.2152724796980676, "sentinel1__s1_vv_last_7d_median": -7.2152724796980676, "sentinel1__s1_vh_last_7d_mean": -14.294213213831318, "sentinel1__s1_vh_last_7d_median": -14.294213213831318, "sentinel1__s1_vv_vh_diff_last_7d_mean": 7.0789407341332931, "sentinel1__s1_vv_vh_diff_last_7d_median": 7.0789407341332931, "sentinel1__s1_incidence_angle_last_7d_mean": 37.624382994948114, "sentinel1__s1_incidence_angle_last_7d_median": 37.624382994948114, "sentinel1__s1_obs_count_last_30d": 3, "sentinel1__s1_vv_last_30d_mean": -7.1011313928332944, "sentinel1__s1_vv_last_30d_median": -7.0727533250911971, "sentinel1__s1_vh_last_30d_mean": -14.080168078667716, "sentinel1__s1_vh_last_30d_median": -14.06393503908772, "sentinel1__s1_vv_vh_diff_last_30d_mean": 6.9790366858344202, "sentinel1__s1_vv_vh_diff_last_30d_median": 6.9911817139964914, "sentinel1__s1_incidence_angle_last_30d_mean": 37.62816428318007, "sentinel1__s1_incidence_angle_last_30d_median": 37.628959097036471, "sentinel1__s1_obs_count_last_90d": 8, "sentinel1__s1_vv_last_90d_mean": -7.1245012504840517, "sentinel1__s1_vv_last_90d_median": -7.0572745292622301, "sentinel1__s1_vh_last_90d_mean": -14.140770353068149, "sentinel1__s1_vh_last_90d_median": -14.07538417445795, "sentinel1__s1_vv_vh_diff_last_90d_mean": 7.0162691025840935, "sentinel1__s1_vv_vh_diff_last_90d_median": 7.0181096451956844, "sentinel1__s1_incidence_angle_last_90d_mean": 37.625751633398266, "sentinel1__s1_incidence_angle_last_90d_median": 37.62680843433921, "sentinel1__s1_obs_count_last_365d": 31, "sentinel1__s1_vv_last_365d_mean": -8.0184599572885862, "sentinel1__s1_vv_last_365d_median": -8.1602746570676281, "sentinel1__s1_vh_last_365d_mean": -14.906638733875344, "sentinel1__s1_vh_last_365d_median": -14.995615678805866, "sentinel1__s1_vv_vh_diff_last_365d_mean": 6.8881787765867637, "sentinel1__s1_vv_vh_diff_last_365d_median": 6.8966022849644357, "sentinel1__s1_incidence_angle_last_365d_mean": 37.621903963178731, "sentinel1__s1_incidence_angle_last_365d_median": 37.622098095845352, "soil__soil_clay_rootzone_0_30cm_pct": 34.695834758443183, "soil__soil_sand_rootzone_0_30cm_pct": 36.285231827127518, "soil__soil_soc_rootzone_0_30cm_g_kg": 19.851443915788188, "soil__soil_bdod_rootzone_0_30cm_kg_dm3": 1.4065230400758315, "lst__lst_mean_c": 37.061820247010608, "lst__lst_median_c": 35.83349967629907, "lst__lst_std_c": 3.9122743013051289, "lst__lst_valid_months": 50 }, "geometry": { "type": "Polygon", "coordinates": [ [ [ 74.055272532724587, 15.566383684751385 ], [ 74.055737436036949, 15.565899617903677 ], [ 74.055291147613914, 15.564022830211053 ], [ 74.054843217070513, 15.561947148154715 ], [ 74.054348109703369, 15.561117700240246 ], [ 74.053367771047263, 15.560014625183825 ], [ 74.05146211285134, 15.55787701008442 ], [ 74.050200694936109, 15.556268361759585 ], [ 74.04870086683944, 15.554714950649997 ], [ 74.047203712129033, 15.553884404794729 ], [ 74.045561405838384, 15.552202356288538 ], [ 74.044006608032859, 15.550584878619585 ], [ 74.043422263822009, 15.549505569113279 ], [ 74.043269850260998, 15.548518533280134 ], [ 74.043289348194236, 15.546964716651237 ], [ 74.042494764969248, 15.545620289841413 ], [ 74.040790398567196, 15.54254135276136 ], [ 74.040227360598251, 15.542164572019548 ], [ 74.039952192253693, 15.542501976674595 ], [ 74.039612079307332, 15.542790719179546 ], [ 74.039184294382508, 15.542730170413401 ], [ 74.038771931734502, 15.542579514592763 ], [ 74.03830432269649, 15.542382958669972 ], [ 74.038034981723186, 15.542622935848787 ], [ 74.037951945051589, 15.543159383330829 ], [ 74.037596957800758, 15.543212911337797 ], [ 74.037385127870238, 15.543349906242161 ], [ 74.037237555330279, 15.543546407583733 ], [ 74.037161586603347, 15.543933896726825 ], [ 74.037097704708557, 15.544443472668846 ], [ 74.036945548964056, 15.545236334058318 ], [ 74.036787669154549, 15.54550060377783 ], [ 74.036622531855855, 15.545629199675178 ], [ 74.036299670156225, 15.545710242362931 ], [ 74.035908493375885, 15.545690986916773 ], [ 74.035461633624308, 15.545657301781628 ], [ 74.035109413184557, 15.545828329815459 ], [ 74.034796467089024, 15.546171582374726 ], [ 74.034209980396227, 15.546727705228037 ], [ 74.033946537761068, 15.546881929715452 ], [ 74.033648525258812, 15.546864029669337 ], [ 74.033278884689082, 15.546664357894423 ], [ 74.033037637627942, 15.546593013797743 ], [ 74.032844864557873, 15.546703127371893 ], [ 74.032754046679301, 15.546841893256634 ], [ 74.03265074760813, 15.54719722315569 ], [ 74.032697148287497, 15.547798783349647 ], [ 74.032543165369702, 15.548410918338904 ], [ 74.032362574353172, 15.548638652040664 ], [ 74.032226792201357, 15.548672873260781 ], [ 74.031989601033715, 15.548642223710953 ], [ 74.031782305798785, 15.548485642216445 ], [ 74.031512715093783, 15.54814283315857 ], [ 74.031304225997843, 15.548067443631529 ], [ 74.031065955055254, 15.548104573697534 ], [ 74.030652026643665, 15.548346998601055 ], [ 74.029844315439121, 15.548737188403305 ], [ 74.029205595305797, 15.549048601840232 ], [ 74.028829353915327, 15.54926892842524 ], [ 74.028353075236538, 15.549623348025285 ], [ 74.027697496420274, 15.55011973885588 ], [ 74.026959368717641, 15.550529025382192 ], [ 74.026768326701131, 15.550526189361783 ], [ 74.026676240401315, 15.550457042204611 ], [ 74.02658482334644, 15.550338170727965 ], [ 74.02660090498668, 15.550207378705215 ], [ 74.026716605300308, 15.549960735268883 ], [ 74.026920979213983, 15.549706234249436 ], [ 74.027109423302704, 15.54928420771866 ], [ 74.02712665388816, 15.548778552077502 ], [ 74.02698013507208, 15.548315641937194 ], [ 74.026811633582653, 15.54806461363532 ], [ 74.026612810359111, 15.547957759181012 ], [ 74.026375072117503, 15.54796331791953 ], [ 74.026127368864422, 15.548009362927727 ], [ 74.025976907342539, 15.548088526669369 ], [ 74.025521030302158, 15.548632921097818 ], [ 74.025170345083225, 15.549007193217506 ], [ 74.0248543896315, 15.549242038423891 ], [ 74.024302803385808, 15.549645015938314 ], [ 74.023939177935176, 15.549946910820827 ], [ 74.023028777615551, 15.550642757816826 ], [ 74.022540512715921, 15.550870418084935 ], [ 74.022109456126842, 15.551013161273458 ], [ 74.021736456756258, 15.551025744623542 ], [ 74.021522938891337, 15.550968392580861 ], [ 74.021403880675123, 15.550835690953081 ], [ 74.021038735275084, 15.551232274155783 ], [ 74.020852865757931, 15.551496110390183 ], [ 74.020560022161845, 15.551744771028055 ], [ 74.020219724162544, 15.552046979577483 ], [ 74.020043718147235, 15.552274798396395 ], [ 74.019798005560858, 15.552487971398737 ], [ 74.019400782220288, 15.552558979399539 ], [ 74.019195270141196, 15.552587579909504 ], [ 74.018911267764096, 15.552569862098295 ], [ 74.018595735418884, 15.552777419068828 ], [ 74.018482739034226, 15.552848078204638 ], [ 74.018225386078385, 15.552912062317231 ], [ 74.018023059425261, 15.55303554933084 ], [ 74.017908647295698, 15.553196523702402 ], [ 74.017939130726575, 15.553332519328329 ], [ 74.018016410993837, 15.553460126352514 ], [ 74.018177345075316, 15.553593550644351 ], [ 74.018300985597747, 15.55373986525751 ], [ 74.018335531210298, 15.553912176915819 ], [ 74.018440018752585, 15.554080797426494 ], [ 74.01882477617194, 15.554515739966112 ], [ 74.019054000181285, 15.554758508678868 ], [ 74.019240503010678, 15.555041328420332 ], [ 74.019323613344142, 15.555390548210418 ], [ 74.019506395351613, 15.555921699877777 ], [ 74.019745404709383, 15.556431248748888 ], [ 74.019798806858077, 15.556590189355965 ], [ 74.020128081630517, 15.556698957934913 ], [ 74.02036805937216, 15.55773253998689 ], [ 74.020738458120007, 15.558781533899932 ], [ 74.020909323076921, 15.559475330335065 ], [ 74.021144919734908, 15.559912531398737 ], [ 74.021464864604837, 15.560612920019462 ], [ 74.021764011679267, 15.561444183817978 ], [ 74.022094309632834, 15.56237066660203 ], [ 74.022210640563799, 15.562684192575857 ], [ 74.022490819711038, 15.563546630143808 ], [ 74.022527221242996, 15.56378428334844 ], [ 74.023008710150421, 15.563807278122919 ], [ 74.023633612398029, 15.564082992815088 ], [ 74.02472316283648, 15.564745148946797 ], [ 74.026442738614591, 15.566550493353082 ], [ 74.027657825919022, 15.56633789394454 ], [ 74.028472882647662, 15.565785230163547 ], [ 74.029181013806351, 15.565208258381245 ], [ 74.029905861714155, 15.565056288070449 ], [ 74.031058700260985, 15.564951290870564 ], [ 74.033173917446447, 15.56500491532495 ], [ 74.033531023823031, 15.565421328852926 ], [ 74.034050308447732, 15.565894278587479 ], [ 74.035154743072098, 15.566800457209943 ], [ 74.036949981251666, 15.567942763264147 ], [ 74.038128792788299, 15.568569884283042 ], [ 74.039574190165283, 15.569137739653151 ], [ 74.041085314576648, 15.569674898578215 ], [ 74.042173091740736, 15.57045439178958 ], [ 74.04330716807452, 15.571261558367885 ], [ 74.046045519623107, 15.571116374241681 ], [ 74.049040288981331, 15.570663130089914 ], [ 74.051519764929637, 15.570369572946182 ], [ 74.053127161790002, 15.568617434726738 ], [ 74.055272532724587, 15.566383684751385 ] ] ] } }
]
}
