{
"type": "FeatureCollection",
"name": "gram_manchitra_block_20260917T042829Z",
"crs": { "type": "name", "properties": { "name": "urn:ogc:def:crs:OGC:1.3:CRS84" } },
"features": [
{ "type": "Feature", "properties": { "block_name": "SINNAR", "state": "MAHARASHTRA", "district": "Nashik", "block_lgd": 4490, "blkcode11": "0205", "dtcode11": "516", "stcode11": "27" }, "geometry": { "type": "Polygon", "coordinates": [ [ [ 73.944354745443931, 19.974181621397928 ], [ 73.944012056129324, 19.974376215676585 ], [ 73.942298756880106, 19.974843784340756 ], [ 73.939395836666435, 19.975345486397984 ], [ 73.939362327709702, 19.975228682960548 ], [ 73.939329623643474, 19.975114684113493 ], [ 73.939330390804727, 19.975109302713417 ], [ 73.939345287567107, 19.975004831414623 ], [ 73.939365341557505, 19.974864189623322 ], [ 73.939380788987123, 19.974755858134429 ], [ 73.939383085080962, 19.974737675815565 ], [ 73.939397356615885, 19.974624684679235 ], [ 73.939465216250795, 19.974087279145433 ], [ 73.939512405650959, 19.973749649034453 ], [ 73.939591642448931, 19.972893270620478 ], [ 73.939571809444075, 19.97289119283386 ], [ 73.939629437267868, 19.972049806036704 ], [ 73.939587605420044, 19.972029183407258 ], [ 73.93954372002348, 19.971714856410188 ], [ 73.939524168191312, 19.971399670139935 ], [ 73.939510025115482, 19.97107044429854 ], [ 73.939474471593158, 19.97078823159848 ], [ 73.93944381838071, 19.970012446750609 ], [ 73.939399927594252, 19.969062760692715 ], [ 73.939393463317472, 19.96892296719475 ], [ 73.939406702688117, 19.968635477945782 ], [ 73.939367413970842, 19.968524097599055 ], [ 73.939367416665803, 19.968501008281851 ], [ 73.939367484039437, 19.967934307045471 ], [ 73.939370098136919, 19.967460117038929 ], [ 73.939357231567115, 19.967223804181767 ], [ 73.939341844324588, 19.96694125700202 ], [ 73.93934382960137, 19.966417481314583 ], [ 73.939344694679008, 19.966187880094736 ], [ 73.93937040086918, 19.965909784018024 ], [ 73.939408298994366, 19.965499702607435 ], [ 73.939408646642377, 19.965492505580148 ], [ 73.939416843769365, 19.965323203102294 ], [ 73.939447606576266, 19.964687507057526 ], [ 73.939479103306766, 19.964261881699969 ], [ 73.939495867666594, 19.964035300898288 ], [ 73.939523291435577, 19.96384647501225 ], [ 73.939581865185346, 19.962982757861489 ], [ 73.939585964198002, 19.962922294765022 ], [ 73.939668618187312, 19.962241541687263 ], [ 73.939746700650119, 19.962052379293883 ], [ 73.939840002370445, 19.961308222951551 ], [ 73.939848442940885, 19.961240907330264 ], [ 73.939892900564303, 19.961099457041968 ], [ 73.939985264443507, 19.960508233722454 ], [ 73.940017418740766, 19.96050794242106 ], [ 73.940110618951493, 19.95990944361079 ], [ 73.940127327615784, 19.959903835404674 ], [ 73.9401298572716, 19.959887476024768 ], [ 73.940190718132129, 19.959493914850384 ], [ 73.940218965656229, 19.959340359967651 ], [ 73.940337733716561, 19.958499806875423 ], [ 73.940447715355106, 19.95776538789762 ], [ 73.940495521897901, 19.957403537599824 ], [ 73.940498831291407, 19.95737849278586 ], [ 73.940563071614008, 19.956967970388973 ], [ 73.940674428573274, 19.956039321095332 ], [ 73.940768669931401, 19.955364240411456 ], [ 73.940775990302654, 19.955311791779941 ], [ 73.940880770695699, 19.954607113192917 ], [ 73.940913186402724, 19.954411274386736 ], [ 73.940976339763836, 19.954029705040575 ], [ 73.939168447016883, 19.953787419974937 ], [ 73.938583812650194, 19.95373194368813 ], [ 73.937848473318184, 19.953611345603967 ], [ 73.937067210312236, 19.953483211252351 ], [ 73.937068176001134, 19.953388172662891 ], [ 73.937076863608269, 19.952532723988202 ], [ 73.937057545338092, 19.952449356053599 ], [ 73.93696208137284, 19.952296642088879 ], [ 73.936859848601927, 19.952199465617923 ], [ 73.936476852778853, 19.95179719387566 ], [ 73.936409753118696, 19.951773618269836 ], [ 73.9363891529526, 19.950057465142688 ], [ 73.936387340152351, 19.949906493411753 ], [ 73.936357624781067, 19.949907014411824 ], [ 73.935814410833814, 19.949916544406289 ], [ 73.935176812696284, 19.949935771586411 ], [ 73.935013998440965, 19.949916517385237 ], [ 73.933993018204788, 19.949795762703204 ], [ 73.933825097027054, 19.949790208179824 ], [ 73.933781070594975, 19.949786196391845 ], [ 73.932763233563975, 19.949693425349484 ], [ 73.932343484967689, 19.949655158386879 ], [ 73.93234247076974, 19.949646115601183 ], [ 73.932258655258778, 19.948898713932671 ], [ 73.93218316263895, 19.948293983203342 ], [ 73.932183475252671, 19.948235879691794 ], [ 73.932183800442772, 19.948175072333029 ], [ 73.932185374291166, 19.947881795624504 ], [ 73.932181551959602, 19.947802131391988 ], [ 73.932173505749645, 19.947634436286329 ], [ 73.932160902386201, 19.947399584983458 ], [ 73.932119949090691, 19.946822885113978 ], [ 73.932060271311457, 19.945891365020422 ], [ 73.932053566286157, 19.945544864604166 ], [ 73.93205140404126, 19.94543184664645 ], [ 73.932037349898636, 19.945146747407613 ], [ 73.931800271918775, 19.944953013862534 ], [ 73.931785515293583, 19.944940956174172 ], [ 73.931745925640698, 19.944491412063584 ], [ 73.931707969125014, 19.944313758356738 ], [ 73.931700789789247, 19.944223243817163 ], [ 73.931654852640563, 19.943644156085618 ], [ 73.931644672033457, 19.943442898397823 ], [ 73.931691034983558, 19.94337370893621 ], [ 73.931848032647451, 19.943139412006854 ], [ 73.932015651991293, 19.942889265322307 ], [ 73.932020681658528, 19.94288175735209 ], [ 73.932224707025881, 19.94263029461025 ], [ 73.9322630992245, 19.942582975145356 ], [ 73.932283134350257, 19.942559940299006 ], [ 73.932592795306803, 19.942203928290482 ], [ 73.93328480799434, 19.941408339787309 ], [ 73.933313591812677, 19.941374348821501 ], [ 73.933341072175551, 19.941341895599777 ], [ 73.933538239803994, 19.941109066697468 ], [ 73.933680384722962, 19.94094121079214 ], [ 73.933725427149625, 19.940883610404395 ], [ 73.933822565574573, 19.940759391604846 ], [ 73.933896357683565, 19.940665025988519 ], [ 73.933974913558558, 19.940564568392269 ], [ 73.934107731269933, 19.940432658007513 ], [ 73.934110656184515, 19.940429752223316 ], [ 73.934246002653396, 19.940295327768705 ], [ 73.934343613592176, 19.94019838289287 ], [ 73.934348532766691, 19.940193496844543 ], [ 73.934620852553493, 19.939840341384247 ], [ 73.934729996063865, 19.939669964252015 ], [ 73.935012548560081, 19.939228881037927 ], [ 73.935013845727354, 19.939226856853757 ], [ 73.935298497586388, 19.938737864035414 ], [ 73.935453668975299, 19.938471302333571 ], [ 73.935517773652279, 19.938361179224319 ], [ 73.935590906397877, 19.938235821782978 ], [ 73.935817219865726, 19.937847893305516 ], [ 73.936401818299814, 19.937264412876736 ], [ 73.936403349029021, 19.937262886063866 ], [ 73.936487647833616, 19.937060773233259 ], [ 73.936740792182391, 19.936450156740701 ], [ 73.936807150732406, 19.936308479027666 ], [ 73.93683913255316, 19.936240193413752 ], [ 73.936849742554983, 19.936060967287744 ], [ 73.936893672867299, 19.935697440762745 ], [ 73.936923303796959, 19.935346066405529 ], [ 73.936914801242807, 19.935104564221174 ], [ 73.936953250035273, 19.934896355642476 ], [ 73.937063785036031, 19.934297772395528 ], [ 73.937054360810379, 19.934177372279418 ], [ 73.937039597897012, 19.933988758110843 ], [ 73.937032776090746, 19.933901591984618 ], [ 73.936948979444409, 19.932831030753324 ], [ 73.936937118089389, 19.932679487716207 ], [ 73.936933402657374, 19.932632031839038 ], [ 73.936884634018924, 19.932670556276982 ], [ 73.936769760155343, 19.932761301229895 ], [ 73.936286408141967, 19.933143124653867 ], [ 73.935853068933767, 19.933485443309703 ], [ 73.935815254351894, 19.933532283292887 ], [ 73.935688092433523, 19.933689794404611 ], [ 73.935589530178859, 19.933811881348024 ], [ 73.935504353720233, 19.933917384868476 ], [ 73.935336843970916, 19.934132318590002 ], [ 73.934852867628422, 19.934753315218714 ], [ 73.934729289089745, 19.934911880723973 ], [ 73.934652822696123, 19.935009997616181 ], [ 73.934350592603622, 19.935397798789769 ], [ 73.934024461934698, 19.935463656026787 ], [ 73.93363664844675, 19.935560206056124 ], [ 73.93333579636986, 19.935635107658541 ], [ 73.932905536586446, 19.93567010986315 ], [ 73.932357605585636, 19.935492816117982 ], [ 73.932191994874799, 19.935439230118295 ], [ 73.932021684178395, 19.935475514295618 ], [ 73.931621118206706, 19.9355608546208 ], [ 73.931373462564324, 19.935613618050869 ], [ 73.931331751989063, 19.935622505410468 ], [ 73.931060628758189, 19.935680265635522 ], [ 73.931050242436882, 19.935682479874156 ], [ 73.931053993801527, 19.935701814348068 ], [ 73.931057601435711, 19.93571859340976 ], [ 73.931061522581899, 19.935735302377509 ], [ 73.931065758138502, 19.935751935339887 ], [ 73.931070302715497, 19.935768489763479 ], [ 73.931075156312986, 19.935784957203467 ], [ 73.931080320727574, 19.935801335970954 ], [ 73.931085790569327, 19.93581761762108 ], [ 73.931091564939976, 19.935833801309411 ], [ 73.931103635602426, 19.935865290418171 ], [ 73.931112207326876, 19.935886182941765 ], [ 73.931121170716779, 19.935906921766641 ], [ 73.931130523975526, 19.935927500981428 ], [ 73.931140264408143, 19.935947912985892 ], [ 73.931150385726454, 19.935968152713155 ], [ 73.931160888828742, 19.935988213407441 ], [ 73.931171768325157, 19.936008088312956 ], [ 73.931183023317359, 19.936027772362841 ], [ 73.931194646618806, 19.936047259645864 ], [ 73.93119967808272, 19.936055701938741 ], [ 73.931204309796314, 19.936063819949883 ], [ 73.931208786999719, 19.936072018186419 ], [ 73.931213108794552, 19.936080291581526 ], [ 73.931217274282517, 19.93608863929061 ], [ 73.931221280768682, 19.936097057091292 ], [ 73.931225129151343, 19.936105544139103 ], [ 73.931228816735597, 19.936114097056073 ], [ 73.93123234172478, 19.936122714153203 ], [ 73.931235704118876, 19.936131391208125 ], [ 73.931238903019604, 19.936140127376316 ], [ 73.931241938426965, 19.936148916746408 ], [ 73.931244805849332, 19.936157759318363 ], [ 73.931247508880034, 19.936166653403216 ], [ 73.931250043027447, 19.936175593089629 ], [ 73.931252410088234, 19.936184578377539 ], [ 73.931254607367407, 19.936193605889017 ], [ 73.931256635763319, 19.936202672246186 ], [ 73.931258492581009, 19.936211774071019 ], [ 73.931260182312059, 19.936220911363602 ], [ 73.931261698668251, 19.936230078212482 ], [ 73.931263043446236, 19.936239272928759 ], [ 73.93126416364538, 19.936248259902008 ], [ 73.931264896670655, 19.936255372970219 ], [ 73.931265497643579, 19.936262500394299 ], [ 73.931265966564169, 19.936269639640777 ], [ 73.931266299839152, 19.936276790709684 ], [ 73.931266501960067, 19.936283949378605 ], [ 73.93126657023204, 19.936291113114095 ], [ 73.931266504655028, 19.93629828022717 ], [ 73.93126630612737, 19.936305449873355 ], [ 73.931265972852373, 19.936312617830268 ], [ 73.93126550842338, 19.936319782408937 ], [ 73.931264909247076, 19.936326942764861 ], [ 73.931264177120113, 19.936334096364639 ], [ 73.931263313839139, 19.936341239830288 ], [ 73.93126231670918, 19.936348370628416 ], [ 73.931261188425168, 19.936355489603489 ], [ 73.931259928088849, 19.936362590844148 ], [ 73.931258535700138, 19.936369674350349 ], [ 73.931257013055713, 19.936376737588738 ], [ 73.931255359257307, 19.936383778025789 ], [ 73.931253576101469, 19.936390794817086 ], [ 73.931251663588213, 19.936397784584695 ], [ 73.931249621717569, 19.936404745639621 ], [ 73.931247451387861, 19.936411674603995 ], [ 73.931245152599047, 19.936418572322257 ], [ 73.931242729842722, 19.936425432883102 ], [ 73.93124017862732, 19.936432257130971 ], [ 73.931237503444407, 19.936439043376897 ], [ 73.93123470159901, 19.936445785709566 ], [ 73.931231777582767, 19.936452484973429 ], [ 73.931228731395635, 19.936459138635087 ], [ 73.931225562139318, 19.936465745850033 ], [ 73.931222270712112, 19.936472302395867 ], [ 73.931218861605629, 19.936478808272604 ], [ 73.9312153339215, 19.936485260946828 ], [ 73.930474156438436, 19.935797740158169 ], [ 73.930456350032884, 19.935781223739419 ], [ 73.930161558889253, 19.935736037078847 ], [ 73.93015331864315, 19.935734773730299 ], [ 73.929925916417204, 19.935704565678538 ], [ 73.929394173956112, 19.935633923690766 ], [ 73.929365816837532, 19.935628354312986 ], [ 73.929228157206765, 19.935601315593253 ], [ 73.92879532195343, 19.935516295349945 ], [ 73.928615486420057, 19.935457015834995 ], [ 73.928052406230307, 19.935271405344807 ], [ 73.927770037888735, 19.935178325981802 ], [ 73.927629707566624, 19.935132066649597 ], [ 73.927508239170521, 19.935092022733919 ], [ 73.92750618472347, 19.935091344610246 ], [ 73.927495049207209, 19.935087675310847 ], [ 73.927549334399842, 19.934821357418013 ], [ 73.927462030730624, 19.934786943634457 ], [ 73.927190067575012, 19.934679741580911 ], [ 73.926941718433241, 19.934581844895629 ], [ 73.926725928728942, 19.934496781879076 ], [ 73.926532150444061, 19.934327443619498 ], [ 73.926264248571812, 19.934093334259728 ], [ 73.926241608331708, 19.934073548629605 ], [ 73.926074644758074, 19.933870407346898 ], [ 73.925859599757146, 19.933608764219237 ], [ 73.925702856316477, 19.93341805417548 ], [ 73.925281340734031, 19.933021542203956 ], [ 73.925202448889124, 19.932971720143087 ], [ 73.925114254989495, 19.932916021195304 ], [ 73.92444677080077, 19.932494451601904 ], [ 73.923672853318919, 19.932005651602804 ], [ 73.923348534551877, 19.931800811894504 ], [ 73.922500986657724, 19.931246051974458 ], [ 73.922363390807348, 19.931155986825363 ], [ 73.922282397803016, 19.931103515795762 ], [ 73.922117246131265, 19.930996515614261 ], [ 73.922028405444621, 19.930938957203757 ], [ 73.921974378068484, 19.930903954795497 ], [ 73.919552702420489, 19.929764518170298 ], [ 73.918758335689475, 19.929426646285801 ], [ 73.91830704185368, 19.92923469228479 ], [ 73.918051986788328, 19.929195779374776 ], [ 73.917744365007479, 19.929148844364406 ], [ 73.917252185249836, 19.929073752203593 ], [ 73.915714970169333, 19.928839213643489 ], [ 73.915712019203625, 19.928838764358222 ], [ 73.915648638568754, 19.928831323281898 ], [ 73.914034233052533, 19.928641808382515 ], [ 73.913829824104596, 19.928641100672877 ], [ 73.913390391623778, 19.928599831399044 ], [ 73.912885934591159, 19.928251205385553 ], [ 73.912701074780429, 19.928077072818809 ], [ 73.912178505016712, 19.927668925903077 ], [ 73.912044488054434, 19.92755208802242 ], [ 73.911001361651543, 19.926838012596839 ], [ 73.910831728284876, 19.926721887731901 ], [ 73.911138891924935, 19.926186513182905 ], [ 73.911672443592963, 19.925298240219551 ], [ 73.911677122018958, 19.92529186478615 ], [ 73.911681671087564, 19.925285411654819 ], [ 73.911686087205524, 19.925278885892784 ], [ 73.911690373067742, 19.925272284121839 ], [ 73.9116945259793, 19.925265611409209 ], [ 73.911698543245251, 19.925258868599467 ], [ 73.911702424865581, 19.925252058226221 ], [ 73.911706169942008, 19.925245183667602 ], [ 73.911709776677881, 19.925238244923609 ], [ 73.911713245073173, 19.925231245372395 ], [ 73.911716570636372, 19.925224185858514 ], [ 73.91171975785899, 19.925217069760084 ], [ 73.911722799554539, 19.925209898766212 ], [ 73.911725702011225, 19.925202675410485 ], [ 73.911728458042518, 19.925195401381995 ], [ 73.911731069445054, 19.925188080058874 ], [ 73.911733534422183, 19.925180710596607 ], [ 73.911735853872258, 19.925173299751481 ], [ 73.911738025998602, 19.925165848368099 ], [ 73.911741236577427, 19.925153659954614 ], [ 73.911922944199858, 19.924493367802626 ], [ 73.912056717718684, 19.92390934484246 ], [ 73.91217293007206, 19.923259080758843 ], [ 73.912264662435632, 19.922780011011522 ], [ 73.912298838840599, 19.922601522116814 ], [ 73.912311499696216, 19.922384006107677 ], [ 73.912274545700356, 19.922053410354614 ], [ 73.912184511152702, 19.921211309176709 ], [ 73.912220307220139, 19.921059777800714 ], [ 73.912402907767941, 19.920147312950718 ], [ 73.912437647416624, 19.91994006689924 ], [ 73.912497592893828, 19.919635858861504 ], [ 73.912543512974523, 19.919482963682238 ], [ 73.912685214125744, 19.918879978409638 ], [ 73.912728114070461, 19.918697013929922 ], [ 73.9127618997083, 19.918552920860151 ], [ 73.91278568530042, 19.918471540860569 ], [ 73.912939951187496, 19.917772850676016 ], [ 73.912956005878257, 19.917700135673122 ], [ 73.912959455408952, 19.917626538894122 ], [ 73.913027472248999, 19.917268096584483 ], [ 73.913048150568528, 19.917118362926644 ], [ 73.913088436415762, 19.916826658614394 ], [ 73.913142373062058, 19.916765949806948 ], [ 73.913402950071458, 19.916651633403923 ], [ 73.913761350022043, 19.916031552132118 ], [ 73.913954183279245, 19.915741734320918 ], [ 73.913994060393037, 19.915658288692715 ], [ 73.914001463409278, 19.915642803104944 ], [ 73.914183665105099, 19.915245972048865 ], [ 73.914306292327907, 19.914993365664788 ], [ 73.914303367413368, 19.914943477110466 ], [ 73.914344337776811, 19.914839054676769 ], [ 73.914422102236017, 19.914640861660718 ], [ 73.914626323436096, 19.914114773961536 ], [ 73.914676290427138, 19.913986055203608 ], [ 73.91486701803332, 19.913481631934314 ], [ 73.915062406997492, 19.912964883410829 ], [ 73.915063287346484, 19.912963260078097 ], [ 73.915096936440392, 19.912901231357164 ], [ 73.915313681053831, 19.91245980738065 ], [ 73.915562288012097, 19.911965673366915 ], [ 73.915677750272181, 19.911742557304603 ], [ 73.915754079223575, 19.911595061708237 ], [ 73.915923072091431, 19.911211955631508 ], [ 73.916201339623726, 19.910608796926493 ], [ 73.916469260360614, 19.910390389394607 ], [ 73.916565242653746, 19.910312146337127 ], [ 73.916787552330376, 19.910124304393523 ], [ 73.916808468703465, 19.910098859334617 ], [ 73.916953223228347, 19.909964964843571 ], [ 73.917006810429967, 19.90991674958914 ], [ 73.917275542345536, 19.909674961078938 ], [ 73.917309128557378, 19.90948241888762 ], [ 73.917348822414851, 19.909338595304153 ], [ 73.917378659957009, 19.909230479844194 ], [ 73.917466253782052, 19.908952615407955 ], [ 73.917725361147646, 19.908542316841139 ], [ 73.917739652445505, 19.9085196883679 ], [ 73.918054748209499, 19.90798351735776 ], [ 73.91809189893641, 19.907892841800887 ], [ 73.918094954106664, 19.907881772884163 ], [ 73.918339483611859, 19.906995937764037 ], [ 73.918354033624524, 19.90694612861726 ], [ 73.918422752947109, 19.906710884900857 ], [ 73.918438945080126, 19.906655454587405 ], [ 73.918478443104831, 19.906547142181946 ], [ 73.918597409692836, 19.906116989122907 ], [ 73.91864717995287, 19.905945013049781 ], [ 73.918729452158175, 19.905660730298749 ], [ 73.918774790130556, 19.905586815399094 ], [ 73.918968326768606, 19.905163688042453 ], [ 73.919065720315089, 19.904950757298099 ], [ 73.919170107246075, 19.904673240943417 ], [ 73.919210786555354, 19.904579510921657 ], [ 73.919382246197017, 19.904275059643101 ], [ 73.919434641334306, 19.904173767208064 ], [ 73.919501900894545, 19.904047333595969 ], [ 73.919540195176808, 19.903975347132356 ], [ 73.919593895566166, 19.903874400813827 ], [ 73.91992809759796, 19.90325557698597 ], [ 73.919967309060098, 19.903130215356548 ], [ 73.920236226926932, 19.902125212999088 ], [ 73.920292205443857, 19.901923904979448 ], [ 73.920299882446287, 19.901897836928274 ], [ 73.920408715139573, 19.901528244849843 ], [ 73.920461964574685, 19.901347207259615 ], [ 73.920548017789002, 19.901054633419236 ], [ 73.920617108115835, 19.900914848146083 ], [ 73.920777068423519, 19.900460719791823 ], [ 73.920799852394055, 19.900397305128717 ], [ 73.920990611441269, 19.89986636385963 ], [ 73.92103362637036, 19.899746636072294 ], [ 73.921084479100273, 19.899585948947582 ], [ 73.921171162931927, 19.899312039255538 ], [ 73.92133742761628, 19.898883049083814 ], [ 73.921403589435258, 19.898663060170524 ], [ 73.921420335828785, 19.898620238993988 ], [ 73.921503131751905, 19.898408523392384 ], [ 73.921529507186975, 19.898280030057517 ], [ 73.921336152906889, 19.89839690814658 ], [ 73.921286371867112, 19.898428815227334 ], [ 73.921248421639632, 19.898453137889195 ], [ 73.920342945884371, 19.899033483347626 ], [ 73.920269383744056, 19.899080630863882 ], [ 73.920220303390209, 19.899112087592446 ], [ 73.919468050578018, 19.899572630073692 ], [ 73.918730830173814, 19.90002117936325 ], [ 73.91857442360137, 19.900116342118828 ], [ 73.917570615560194, 19.900754369996509 ], [ 73.917315756327554, 19.900907984354951 ], [ 73.917221158338251, 19.900977192404977 ], [ 73.916632328839185, 19.901402017757043 ], [ 73.916502282430443, 19.901418858741017 ], [ 73.916304862375398, 19.901459080963487 ], [ 73.91607593301346, 19.901505721801598 ], [ 73.915993599722725, 19.90152748718349 ], [ 73.915952249371855, 19.901518596217944 ], [ 73.915904203877204, 19.901495730233453 ], [ 73.915713618204833, 19.901405023929417 ], [ 73.915487379297161, 19.901297348188688 ], [ 73.914688290122697, 19.901254986379858 ], [ 73.914657627028788, 19.901253361237657 ], [ 73.913629254556156, 19.901232611954402 ], [ 73.913351482893901, 19.901227007578029 ], [ 73.912570266600312, 19.901203356009468 ], [ 73.912320321152279, 19.901188109737365 ], [ 73.912279241194341, 19.901185603604841 ], [ 73.912096158251245, 19.901181505271449 ], [ 73.911995134612695, 19.901202670138421 ], [ 73.911551904953214, 19.901220796729326 ], [ 73.911324353606901, 19.901230103288601 ], [ 73.910920375833754, 19.901256717950261 ], [ 73.910760520628926, 19.901234269194237 ], [ 73.910702470596959, 19.901229506952564 ], [ 73.909896876721518, 19.901163407394769 ], [ 73.909275519226014, 19.90109252698085 ], [ 73.909214216394389, 19.90105144394693 ], [ 73.908802029816172, 19.900989852318162 ], [ 73.908418477935939, 19.900852387298094 ], [ 73.908202766385074, 19.900775075419546 ], [ 73.908109101745353, 19.900757442910201 ], [ 73.907974132568853, 19.900751679718809 ], [ 73.907768091382025, 19.900734460251119 ], [ 73.907450373435708, 19.900695091807357 ], [ 73.907077947190288, 19.90067066812944 ], [ 73.906959247401886, 19.900662883635636 ], [ 73.906889164436691, 19.900652521203416 ], [ 73.906513302135281, 19.900691507021541 ], [ 73.905693614591385, 19.900746012819742 ], [ 73.90504225156873, 19.900789331777041 ], [ 73.904827639555791, 19.900807540348385 ], [ 73.904506254686495, 19.900841930275121 ], [ 73.904129372797229, 19.900882260762035 ], [ 73.903330430048157, 19.901009805954239 ], [ 73.902788716287432, 19.901064945144995 ], [ 73.90273503566101, 19.901070409311959 ], [ 73.902557413576488, 19.901064706103501 ], [ 73.902503991664872, 19.901062990579707 ], [ 73.902480687569764, 19.901062357077574 ], [ 73.902458777659987, 19.901061761585556 ], [ 73.902381040150232, 19.901059649067051 ], [ 73.902366403000997, 19.9010592512277 ], [ 73.902365257649038, 19.901059219974893 ], [ 73.902290552851682, 19.901055433321321 ], [ 73.902264498115159, 19.901054113102781 ], [ 73.902182707406865, 19.901049966619787 ], [ 73.902039234777916, 19.901027321026408 ], [ 73.901870234723489, 19.901000647199258 ], [ 73.901295752217848, 19.900902296344722 ], [ 73.901264119841713, 19.900896878628817 ], [ 73.901139739107506, 19.900901395081426 ], [ 73.901074104599587, 19.900894183285512 ], [ 73.9007024580918, 19.900781315004558 ], [ 73.900055909140804, 19.900584957587935 ], [ 73.899593342346478, 19.900541940122714 ], [ 73.89946445296782, 19.900489247766274 ], [ 73.899457989589365, 19.900460664043429 ], [ 73.898909446835845, 19.900437623903489 ], [ 73.898833696399535, 19.900411060629139 ], [ 73.89872310210994, 19.90039805519838 ], [ 73.898400028407877, 19.900331843796458 ], [ 73.898382099831451, 19.90032526210101 ], [ 73.898254292024404, 19.900278344706724 ], [ 73.897995245744241, 19.900215566010068 ], [ 73.897745440433383, 19.900182762245439 ], [ 73.89762969700061, 19.900184078247865 ], [ 73.897293382131309, 19.900187901243296 ], [ 73.897183332220777, 19.900202709225891 ], [ 73.897139779200842, 19.900201725180565 ], [ 73.896963647421401, 19.900208253666694 ], [ 73.896770010172034, 19.900201757278165 ], [ 73.896624654674241, 19.900267278636051 ], [ 73.896515065599459, 19.900316675995054 ], [ 73.896296145266405, 19.900289005333264 ], [ 73.896149851927433, 19.900270513736533 ], [ 73.89599762341939, 19.900245303601714 ], [ 73.895834775926375, 19.900229500597195 ], [ 73.895771350375753, 19.900223346302496 ], [ 73.895656717260636, 19.900198468961772 ], [ 73.895640817080107, 19.900196255070863 ], [ 73.895109171637074, 19.900122219364441 ], [ 73.89500135134513, 19.900107203584326 ], [ 73.894877917435181, 19.900102666836869 ], [ 73.89485308889904, 19.900101754588267 ], [ 73.894626189729635, 19.900146611029339 ], [ 73.894543868116983, 19.900162885370435 ], [ 73.894131156024343, 19.900048324684068 ], [ 73.893824741579223, 19.899963269273638 ], [ 73.893539342321887, 19.899884047148792 ], [ 73.893259692282356, 19.899806421422404 ], [ 73.892445273357566, 19.899733187976388 ], [ 73.892445520394276, 19.899732796046443 ], [ 73.892279583594984, 19.899654114399528 ], [ 73.892475868179503, 19.899189179821928 ], [ 73.892492499588712, 19.899144954929973 ], [ 73.892576211793397, 19.898922374899545 ], [ 73.892656092683382, 19.898709979732992 ], [ 73.892751486580053, 19.898456333326656 ], [ 73.892814883384588, 19.898287769900236 ], [ 73.892855465675865, 19.898202098613236 ], [ 73.89282582935634, 19.897892254413936 ], [ 73.892819913051866, 19.897830397168892 ], [ 73.892789389196821, 19.897319838095438 ], [ 73.892778137797919, 19.897131645386821 ], [ 73.892755642186572, 19.89684031305385 ], [ 73.892749772594499, 19.896758224169123 ], [ 73.892744277599888, 19.896681339394867 ], [ 73.892726401125742, 19.896499116223634 ], [ 73.892876935411152, 19.895924468246474 ], [ 73.892922939035174, 19.895748855654514 ], [ 73.892928904746967, 19.895724635630337 ], [ 73.893060693887378, 19.895189566684738 ], [ 73.893096512412669, 19.895046740374621 ], [ 73.893210865253423, 19.89459072670002 ], [ 73.893267834612089, 19.894363550982522 ], [ 73.89333830834444, 19.894082520668039 ], [ 73.893398614944417, 19.8938420350018 ], [ 73.893444070596118, 19.893660772375544 ], [ 73.893446451131624, 19.893634414917788 ], [ 73.893439036437258, 19.893587382349356 ], [ 73.893297762884117, 19.892691297708748 ], [ 73.893335567584543, 19.892572869579276 ], [ 73.89345689135186, 19.8921928226316 ], [ 73.89355709842178, 19.891878924693394 ], [ 73.893617510124642, 19.891689680599285 ], [ 73.893772422798776, 19.891204416357798 ], [ 73.893876563591348, 19.890878193629021 ], [ 73.893937067820659, 19.890735019626923 ], [ 73.894011176136672, 19.890559658920505 ], [ 73.894117341731871, 19.890308437338362 ], [ 73.894211494156835, 19.890085644684238 ], [ 73.894295095868728, 19.889887819378053 ], [ 73.894513807792649, 19.889370283393603 ], [ 73.894712157604005, 19.888900935289275 ], [ 73.894972125555654, 19.88828578413527 ], [ 73.895021540082823, 19.888156912589832 ], [ 73.895035445105094, 19.887679345784324 ], [ 73.895067169109353, 19.887085126869511 ], [ 73.895158349009023, 19.885444890590509 ], [ 73.89512921933931, 19.885392985588233 ], [ 73.895166259573386, 19.884082452138447 ], [ 73.895169030876019, 19.883984458245884 ], [ 73.894697962425909, 19.884055670706427 ], [ 73.893585598372496, 19.88417975833611 ], [ 73.893326213427457, 19.884198473983759 ], [ 73.893237787762473, 19.884185096371894 ], [ 73.892078926011663, 19.884533794150812 ], [ 73.891811950302497, 19.884614139880359 ], [ 73.891704675287883, 19.884639687872564 ], [ 73.89009198196058, 19.885115403693156 ], [ 73.889987179109653, 19.885141766792582 ], [ 73.889886510305644, 19.885167089995011 ], [ 73.889198409781173, 19.885392864788525 ], [ 73.88906957609808, 19.885459701641437 ], [ 73.888782403566367, 19.885624540697052 ], [ 73.888434602837819, 19.885824190076779 ], [ 73.887961729672242, 19.886071201782435 ], [ 73.887654895713922, 19.886252464648365 ], [ 73.887239067365542, 19.886425035698846 ], [ 73.886874802314452, 19.886576218418263 ], [ 73.886681528882733, 19.88663442399708 ], [ 73.886392861554413, 19.886767303410604 ], [ 73.885926270307621, 19.88702038735817 ], [ 73.885273545439034, 19.887363240034848 ], [ 73.884637704406202, 19.887699903398222 ], [ 73.883278504872308, 19.888419689363541 ], [ 73.882533711670249, 19.888795278407972 ], [ 73.882269806402689, 19.888928372260601 ], [ 73.881990050361978, 19.889090252828879 ], [ 73.881388183613211, 19.889384080399299 ], [ 73.880595879414074, 19.889895454884662 ], [ 73.880492977398262, 19.889961873386227 ], [ 73.879443827791448, 19.89063799959467 ], [ 73.879014004589251, 19.890910903023169 ], [ 73.878124699407422, 19.891471351703242 ], [ 73.877926866127325, 19.89160021886206 ], [ 73.87740542464762, 19.891939902377946 ], [ 73.876886610740101, 19.892257776275923 ], [ 73.876621271761366, 19.892420356244184 ], [ 73.876509889649299, 19.892488605029499 ], [ 73.876435786723192, 19.892460370418927 ], [ 73.875935363126189, 19.892046092712185 ], [ 73.875214978048717, 19.891440160388253 ], [ 73.875165110770681, 19.891410445639512 ], [ 73.874756377316402, 19.891342219197007 ], [ 73.874537960039888, 19.891192226172336 ], [ 73.874365350554683, 19.891070735646206 ], [ 73.873922863801937, 19.890759296166173 ], [ 73.873878603807881, 19.890686301815911 ], [ 73.872968769426876, 19.889476168813498 ], [ 73.872931394121139, 19.889426453831927 ], [ 73.872795620952473, 19.889250380411664 ], [ 73.872746973586587, 19.889187290703997 ], [ 73.872709328786286, 19.889138471048859 ], [ 73.872492758446015, 19.888856579123821 ], [ 73.872474801123474, 19.888833205314359 ], [ 73.872203721910097, 19.888803203711319 ], [ 73.871463046585291, 19.888721253420009 ], [ 73.871206359281075, 19.888692285752064 ], [ 73.870878865867823, 19.888655333636926 ], [ 73.870155358246421, 19.888573726232007 ], [ 73.869674882638591, 19.888519550758758 ], [ 73.869148758241323, 19.888460246025449 ], [ 73.869097700695519, 19.88845449167853 ], [ 73.868925505333635, 19.888440054281329 ], [ 73.868887505698822, 19.88814584398245 ], [ 73.868867943985194, 19.88799438737626 ], [ 73.868837642912325, 19.887759783684515 ], [ 73.868832361716798, 19.887718889791717 ], [ 73.868746186331563, 19.886969285379653 ], [ 73.868733547035546, 19.886859328300957 ], [ 73.868619073820554, 19.885863554615444 ], [ 73.868603966852419, 19.885732153603289 ], [ 73.868602636447491, 19.885715557618141 ], [ 73.868581703904724, 19.885454545270488 ], [ 73.868559308006382, 19.885229795251476 ], [ 73.86850268988897, 19.884661636350998 ], [ 73.868463285289053, 19.884312832413841 ], [ 73.868411701330487, 19.883856202410936 ], [ 73.868382794442951, 19.88357096934044 ], [ 73.868381587107223, 19.883559069165894 ], [ 73.868362340702248, 19.8834099777361 ], [ 73.868332684619773, 19.883180246616739 ], [ 73.868315545662469, 19.883047490064278 ], [ 73.868301840066167, 19.882811908408698 ], [ 73.868198252635835, 19.881508170931756 ], [ 73.868197395643037, 19.881502171347851 ], [ 73.86810748775784, 19.880125221128875 ], [ 73.868056640417791, 19.879346460190938 ], [ 73.867972362274472, 19.878845897040179 ], [ 73.867835915369355, 19.877941566613437 ], [ 73.867691153657915, 19.877807128756363 ], [ 73.867041932218953, 19.877218735701966 ], [ 73.867008888589552, 19.877217809804765 ], [ 73.866985747987826, 19.877216704810696 ], [ 73.866962628047361, 19.877215224726839 ], [ 73.86693953415805, 19.877213368708418 ], [ 73.866916474404675, 19.877211139289823 ], [ 73.866893453278905, 19.877208535626234 ], [ 73.866870481560454, 19.87720555940723 ], [ 73.866847566435865, 19.877202208943185 ], [ 73.866824710600085, 19.877198489302842 ], [ 73.866801923934617, 19.877194399641411 ], [ 73.86677921362589, 19.877189939958868 ], [ 73.866756585962193, 19.87718511278954 ], [ 73.866734048130056, 19.877179922357396 ], [ 73.866711606417624, 19.877174363593625 ], [ 73.866695284028907, 19.87716993939199 ], [ 73.866685768175088, 19.877167132131643 ], [ 73.866676305321903, 19.877164171962992 ], [ 73.86666689636759, 19.877161058886053 ], [ 73.866657545803818, 19.877157793745553 ], [ 73.866648256325462, 19.877154377386315 ], [ 73.866639030627496, 19.877150810653148 ], [ 73.866629871404854, 19.877147097769999 ], [ 73.866620781352495, 19.877143235357646 ], [ 73.86661176316538, 19.877139227640129 ], [ 73.866602820436697, 19.877135072927796 ], [ 73.866593953166557, 19.877130774599841 ], [ 73.866585169439702, 19.877126336035417 ], [ 73.866576464764591, 19.877121753855352 ], [ 73.866567847226065, 19.8771170331284 ], [ 73.866559318620759, 19.877112173854567 ], [ 73.866550879846983, 19.877107177723413 ], [ 73.86654253539632, 19.877102045579754 ], [ 73.866534286167038, 19.87709677995791 ], [ 73.866526134854183, 19.877091383392315 ], [ 73.866518085050927, 19.87708585419335 ], [ 73.866510137655609, 19.877080196584959 ], [ 73.866502297159798, 19.877074412256746 ], [ 73.866494563563521, 19.877068502898322 ], [ 73.866486942256643, 19.877062469354414 ], [ 73.866479431442556, 19.877056313314633 ], [ 73.866472039206059, 19.877050038158131 ], [ 73.866464761055653, 19.87704364388496 ], [ 73.866457604177782, 19.877037136408607 ], [ 73.86645056767415, 19.877030512349915 ], [ 73.866443655138042, 19.877023777622433 ], [ 73.866436869264376, 19.877016931381373 ], [ 73.866430210951492, 19.877009977005905 ], [ 73.866423682894336, 19.877002920409563 ], [ 73.866417286889501, 19.876995755678784 ], [ 73.866411025631976, 19.876988491261525 ], [ 73.866404900020072, 19.876981128002587 ], [ 73.866398910952043, 19.876973667591532 ], [ 73.866393062919542, 19.876966113407523 ], [ 73.866387355922555, 19.876958464605764 ], [ 73.866381792655986, 19.876950726255043 ], [ 73.86637637222158, 19.876942900889727 ], [ 73.866371100009175, 19.876934991044234 ], [ 73.866365975120473, 19.876926996718502 ], [ 73.86636100025045, 19.876918921291733 ], [ 73.866356176297359, 19.87691076814308 ], [ 73.866351935350906, 19.876903605097745 ], [ 73.866347690811182, 19.876896725904345 ], [ 73.866343321405637, 19.876889915984123 ], [ 73.866338821744378, 19.876883176181877 ], [ 73.866334199912245, 19.87687650987683 ], [ 73.866329454112616, 19.876869917913776 ], [ 73.866324587040395, 19.876863402827109 ], [ 73.866319598695611, 19.87685696715123 ], [ 73.866314491773224, 19.876850610886184 ], [ 73.86630926806987, 19.876844339100764 ], [ 73.866303927585491, 19.876838151794963 ], [ 73.866298473015078, 19.8768320506584 ], [ 73.866292907053591, 19.876826038225463 ], [ 73.866281276565601, 19.876813253039895 ], [ 73.866275637840559, 19.876806720210148 ], [ 73.866270121286391, 19.876800097831421 ], [ 73.866264729598072, 19.876793387593334 ], [ 73.866259463673856, 19.876786593719839 ], [ 73.866254324412125, 19.876779715366183 ], [ 73.866249313609487, 19.876772755911471 ], [ 73.866247658912727, 19.876770369354062 ], [ 73.866099132361967, 19.875890755336691 ], [ 73.866172701688797, 19.875875689950089 ], [ 73.866186678576298, 19.875872827754545 ], [ 73.866273346238273, 19.87585508264808 ], [ 73.866359306027817, 19.87578776696353 ], [ 73.866485795108019, 19.8757510796415 ], [ 73.867623478177677, 19.875201860283379 ], [ 73.868004442909921, 19.875073495962486 ], [ 73.868009794174057, 19.875071980376667 ], [ 73.868156164768124, 19.875030475791707 ], [ 73.868673703966223, 19.874722624788422 ], [ 73.868808971383402, 19.874516008624653 ], [ 73.86890501386371, 19.874369307952001 ], [ 73.868694766764705, 19.873402073949958 ], [ 73.868645901108195, 19.873098793632202 ], [ 73.868623644448718, 19.872654948094048 ], [ 73.868591698560607, 19.872017831791698 ], [ 73.868672980822424, 19.871652746409115 ], [ 73.86876758509996, 19.871227820984675 ], [ 73.868923991672389, 19.870525306399283 ], [ 73.868952027194112, 19.870426382410457 ], [ 73.869163846344833, 19.869482432585343 ], [ 73.8691746764339, 19.869385041327639 ], [ 73.869156237614391, 19.869095547872803 ], [ 73.869136479169683, 19.868700359108157 ], [ 73.869134346569211, 19.868672328934288 ], [ 73.869079213366959, 19.867947067372782 ], [ 73.86906639171292, 19.867778410652246 ], [ 73.869073990561887, 19.867347551605178 ], [ 73.869180208259394, 19.86673405633028 ], [ 73.869312399845043, 19.86603772307846 ], [ 73.869319296211501, 19.866001393408865 ], [ 73.869361288857746, 19.865902747934854 ], [ 73.869375583748862, 19.865869168244483 ], [ 73.869424179910808, 19.865755009410083 ], [ 73.869774650432376, 19.864348218620936 ], [ 73.869798102749485, 19.863977662804722 ], [ 73.869801079766333, 19.863930618053647 ], [ 73.869816950302479, 19.863679862020764 ], [ 73.869826660192388, 19.863526444745862 ], [ 73.869880300394627, 19.862869285166479 ], [ 73.869875270727348, 19.862709604056477 ], [ 73.869871452887381, 19.862588388244269 ], [ 73.86988339419247, 19.862383881129567 ], [ 73.869912832882648, 19.861879710857913 ], [ 73.86993179182673, 19.86155503641276 ], [ 73.870067764421393, 19.860979786875106 ], [ 73.870138981958775, 19.860536761592119 ], [ 73.870180968316845, 19.860243077396792 ], [ 73.870205936091864, 19.860084655905489 ], [ 73.870294901644343, 19.859520164102307 ], [ 73.870293513747228, 19.859520113408855 ], [ 73.869611185796771, 19.85949736809625 ], [ 73.869237362671058, 19.85947560876852 ], [ 73.868631097770631, 19.859456163595212 ], [ 73.868566171135157, 19.859448899219196 ], [ 73.868371829606588, 19.859427153403047 ], [ 73.868062537857639, 19.859421942957059 ], [ 73.867681498565247, 19.85941887262118 ], [ 73.867302656552056, 19.859415820027987 ], [ 73.866707163350227, 19.85945393139227 ], [ 73.866670019809845, 19.859456308916535 ], [ 73.866154064341572, 19.859488914960263 ], [ 73.866118609633929, 19.85949115561165 ], [ 73.865563779571744, 19.859526212676943 ], [ 73.865385866433101, 19.859548669877604 ], [ 73.864516317001005, 19.859658428766437 ], [ 73.863677086608078, 19.859740825824307 ], [ 73.863674477002164, 19.85974108182592 ], [ 73.863575552726473, 19.859750792989395 ], [ 73.863573680637415, 19.859750977175366 ], [ 73.863489079998899, 19.859798425333569 ], [ 73.863432670290649, 19.859830061374005 ], [ 73.862690719358127, 19.860170029280845 ], [ 73.861701611348238, 19.860343918027027 ], [ 73.861461570724529, 19.860402630032588 ], [ 73.86074623956884, 19.860577589838485 ], [ 73.860636183370147, 19.860599195245946 ], [ 73.860044062443876, 19.860715435362991 ], [ 73.859537895917256, 19.860814797990635 ], [ 73.859524940414204, 19.860826009602459 ], [ 73.859440138553069, 19.860899410577705 ], [ 73.859193574363786, 19.860923208414111 ], [ 73.859016980850285, 19.860940128895859 ], [ 73.858941878997598, 19.860947325612926 ], [ 73.858441745556419, 19.860978834691704 ], [ 73.85763836692648, 19.86103356621873 ], [ 73.857515535786092, 19.861052981627758 ], [ 73.857391325731754, 19.861072615859047 ], [ 73.857249662309755, 19.861095006095038 ], [ 73.857240842650327, 19.861095735228751 ], [ 73.85692882541278, 19.861121495697734 ], [ 73.856477430067343, 19.861158762614799 ], [ 73.855568424831333, 19.86123380335178 ], [ 73.855553307981751, 19.86123505039745 ], [ 73.855484161959367, 19.861240962880721 ], [ 73.855300061225051, 19.861256709787789 ], [ 73.855212509620841, 19.861272175347697 ], [ 73.854171896704131, 19.861442801645882 ], [ 73.854150237424321, 19.861355035407104 ], [ 73.854059813906147, 19.860988632802382 ], [ 73.8535746293296, 19.859022821607844 ], [ 73.852352706744185, 19.858699337686836 ], [ 73.851809825173547, 19.858546680225597 ], [ 73.851756996150016, 19.858482946313043 ], [ 73.851741947572378, 19.858478306141183 ], [ 73.851551729310998, 19.858419644962083 ], [ 73.851458912680883, 19.858388498680668 ], [ 73.851423994267492, 19.858376780803187 ], [ 73.85139351981978, 19.858302188200128 ], [ 73.851378599701221, 19.858295212726198 ], [ 73.851315458018206, 19.858265695383114 ], [ 73.851030939109847, 19.858195308630439 ], [ 73.850886629251036, 19.858161187418272 ], [ 73.850868561435703, 19.858156913922855 ], [ 73.850644129040077, 19.858098033796175 ], [ 73.850503158219169, 19.858062851370249 ], [ 73.849572571856783, 19.85783059782111 ], [ 73.849443024911366, 19.857798266029118 ], [ 73.849367624817987, 19.857762677139601 ], [ 73.849336764993041, 19.857753495606989 ], [ 73.849045820435435, 19.857666932155574 ], [ 73.848811228992261, 19.857597135723225 ], [ 73.848639383973335, 19.857546008205375 ], [ 73.848525995923239, 19.857512272973619 ], [ 73.848471086401489, 19.857495935108489 ], [ 73.848405465368288, 19.857477755355564 ], [ 73.848282772568481, 19.857443762414174 ], [ 73.848282030560057, 19.857443662715745 ], [ 73.847976218884526, 19.857372806677471 ], [ 73.847788352412508, 19.857293472007463 ], [ 73.84770986840276, 19.857261211922744 ], [ 73.847554264025874, 19.857197252749454 ], [ 73.847420362047956, 19.857142214043691 ], [ 73.847109304211145, 19.857014359788121 ], [ 73.847016564836167, 19.856976241078527 ], [ 73.846684364250834, 19.856839696838559 ], [ 73.846350349966926, 19.8567024106536 ], [ 73.846135979600788, 19.8566142996049 ], [ 73.845954743593921, 19.856539809251775 ], [ 73.845550769414018, 19.856373770598523 ], [ 73.845254331658481, 19.856268898921709 ], [ 73.845238853686126, 19.856264162365534 ], [ 73.845101560568011, 19.856222132393931 ], [ 73.843805694956572, 19.85582542619834 ], [ 73.84371384042214, 19.855797305878301 ], [ 73.842479368372167, 19.855434439915339 ], [ 73.841822647797201, 19.855241400042214 ], [ 73.841365962273073, 19.855078112762179 ], [ 73.841212993553214, 19.854991616289173 ], [ 73.84119559857605, 19.854981779786922 ], [ 73.841084697960952, 19.85491906932479 ], [ 73.840930720433079, 19.854870843229616 ], [ 73.840782311561597, 19.854834147688436 ], [ 73.840386864190393, 19.854736368912956 ], [ 73.840248992557207, 19.85470227906373 ], [ 73.839686945430032, 19.854548303064806 ], [ 73.83960462471569, 19.854528439053375 ], [ 73.83942639716669, 19.854485431052062 ], [ 73.838991753604674, 19.854413700047242 ], [ 73.838496952563048, 19.854332041216239 ], [ 73.838047714970912, 19.854257899588085 ], [ 73.837704893603984, 19.854222222032806 ], [ 73.837601675381222, 19.854211481419259 ], [ 73.837558552654329, 19.854206993207931 ], [ 73.836958488824308, 19.854144544364704 ], [ 73.836641044864152, 19.854111504623631 ], [ 73.836143793218412, 19.854096938205313 ], [ 73.835858917678877, 19.853988841652036 ], [ 73.835363473443479, 19.853800851805723 ], [ 73.835337991832148, 19.85379118421395 ], [ 73.835256516432494, 19.85375101663973 ], [ 73.835201014022658, 19.853723656381717 ], [ 73.835035703349135, 19.85364216280038 ], [ 73.834957716107752, 19.853603717140512 ], [ 73.834886829150363, 19.853340395973703 ], [ 73.835461020601898, 19.852025154063096 ], [ 73.835979768034065, 19.850884058072001 ], [ 73.836285294943636, 19.849890058397524 ], [ 73.836610153598158, 19.849345252191224 ], [ 73.837145087773436, 19.848852873980285 ], [ 73.837910349987567, 19.848305271651672 ], [ 73.837944404221673, 19.84828710436501 ], [ 73.838062000878892, 19.848221799792139 ], [ 73.838178376725637, 19.848154584756976 ], [ 73.83829349493098, 19.848085478691033 ], [ 73.838407323155565, 19.848014502715593 ], [ 73.838519821873533, 19.847941679641927 ], [ 73.838630961440487, 19.847867028901383 ], [ 73.838740705923797, 19.847790574995052 ], [ 73.83884902208581, 19.847712339889082 ], [ 73.838955877587182, 19.847632348929544 ], [ 73.839061238291933, 19.84755062661738 ], [ 73.839165073657284, 19.847467196608733 ], [ 73.839316002303121, 19.847340538620081 ], [ 73.839357310433158, 19.847304340706717 ], [ 73.839397943030065, 19.847267473579727 ], [ 73.839437889314127, 19.847229949913032 ], [ 73.839477134912258, 19.847191779845595 ], [ 73.839515669943012, 19.847152976051365 ], [ 73.83955347913502, 19.847113547824332 ], [ 73.839590554403415, 19.847073511218291 ], [ 73.839626883171803, 19.847032876372243 ], [ 73.839662455558738, 19.846991655115129 ], [ 73.839697258089473, 19.846949860120858 ], [ 73.839731282679182, 19.846907505753276 ], [ 73.839764519446391, 19.846864602151445 ], [ 73.83979695311973, 19.846821165369121 ], [ 73.839828579207605, 19.846777207235291 ], [ 73.839859387828596, 19.846732739578975 ], [ 73.83988936820289, 19.846687780143835 ], [ 73.839918510449024, 19.846642338224029 ], [ 73.839946804685496, 19.846596430718385 ], [ 73.839974246420795, 19.846550068610949 ], [ 73.840000823976837, 19.846503269645456 ], [ 73.84002653196363, 19.846456044806072 ], [ 73.840051358703107, 19.84640841014663 ], [ 73.840075298805459, 19.84636038087605 ], [ 73.840098345084073, 19.846311969668406 ], [ 73.840120490352447, 19.846263192577641 ], [ 73.840152876415061, 19.846187249100836 ], [ 73.840158535801336, 19.846173077397481 ], [ 73.84016393198128, 19.846158816126856 ], [ 73.840169062259875, 19.846144470358752 ], [ 73.840173925738824, 19.846130042627983 ], [ 73.8401785224181, 19.84611554138419 ], [ 73.840182846907894, 19.846100964092454 ], [ 73.840186902801378, 19.846086322582192 ], [ 73.840190684708745, 19.846071617698424 ], [ 73.840194192629937, 19.846056853665893 ], [ 73.840197428361577, 19.846042034709402 ], [ 73.840200387412125, 19.846027166743699 ], [ 73.840203068883255, 19.846012254838502 ], [ 73.840205474571576, 19.845997302373704 ], [ 73.840207601782183, 19.84598231272911 ], [ 73.840209451413344, 19.845967292664444 ], [ 73.840211020770155, 19.845952246404465 ], [ 73.840212310750886, 19.84593717563915 ], [ 73.840213321355606, 19.845922088818078 ], [ 73.840214049889269, 19.845906990166103 ], [ 73.840214499046922, 19.845891882218094 ], [ 73.840214667930212, 19.845876770043816 ], [ 73.840214554742474, 19.845861658713059 ], [ 73.840214162178711, 19.845846551605682 ], [ 73.840213489340556, 19.845831457171343 ], [ 73.840212535329698, 19.845816377099929 ], [ 73.840211301942816, 19.845801314771339 ], [ 73.840209788281584, 19.845786276100341 ], [ 73.84020799524427, 19.845771267001631 ], [ 73.840205922830904, 19.84575629001019 ], [ 73.84020357373646, 19.845741351040687 ], [ 73.840200946164245, 19.845726452628078 ], [ 73.840198042809234, 19.845711603222039 ], [ 73.840194863671428, 19.845696803667508 ], [ 73.840191408750854, 19.845682059879284 ], [ 73.840187683437364, 19.845667376082147 ], [ 73.840181976440377, 19.84564682569264 ], [ 73.840025782768691, 19.845020955592197 ], [ 73.840022954872154, 19.845010051277058 ], [ 73.84001992395639, 19.844999195124341 ], [ 73.840016690919697, 19.84498839135895 ], [ 73.840013256660356, 19.844977644205674 ], [ 73.840009624771653, 19.844966955354511 ], [ 73.840005792558642, 19.844956327340402 ], [ 73.84000176541123, 19.844945766078055 ], [ 73.839997542431092, 19.844935272412545 ], [ 73.839993122719875, 19.844924851413626 ], [ 73.839988511667556, 19.844914504771268 ], [ 73.839983706579076, 19.844904235865368 ], [ 73.839978714641035, 19.84489404807584 ], [ 73.839973529565228, 19.844883945627501 ], [ 73.839968160334763, 19.844873929365349 ], [ 73.839962604254751, 19.844864005204212 ], [ 73.839956864020067, 19.844854170609171 ], [ 73.839950942325743, 19.844844437409808 ], [ 73.83994484006999, 19.844834801381328 ], [ 73.839938559049514, 19.844825267593521 ], [ 73.839932101060953, 19.844815838581351 ], [ 73.839925467900883, 19.844806517724681 ], [ 73.839918663162607, 19.84479730924841 ], [ 73.839911687744433, 19.844788213997504 ], [ 73.839904543442984, 19.844779235351876 ], [ 73.839897232953206, 19.844770374156504 ], [ 73.839889758970017, 19.844761636326194 ], [ 73.839882122391799, 19.84475302270593 ], [ 73.839871107249792, 19.844741119618199 ], [ 73.839834392205816, 19.844703092597229 ], [ 73.839796973780949, 19.844665675635571 ], [ 73.839758862755033, 19.844628883098135 ], [ 73.839720070806138, 19.844592722590093 ], [ 73.839680609612302, 19.844557207631421 ], [ 73.839640492648371, 19.84452234836219 ], [ 73.839599729795708, 19.844488153232557 ], [ 73.839558335427427, 19.844454635762492 ], [ 73.839516321221581, 19.844421804402124 ], [ 73.83947369975462, 19.844389670136472 ], [ 73.839430485399546, 19.844358242260732 ], [ 73.839386688037891, 19.844327530069982 ], [ 73.839342325635911, 19.844297543704275 ], [ 73.839297408973366, 19.84426829161378 ], [ 73.839251952423368, 19.844239782248586 ], [ 73.839182670755406, 19.844198367612464 ], [ 73.838560346672651, 19.84382618040965 ], [ 73.838376051902202, 19.843711644065291 ], [ 73.837945088737911, 19.843443807831655 ], [ 73.837313274852505, 19.843038008143175 ], [ 73.832423295603391, 19.841412388268576 ], [ 73.830211609237935, 19.83955209616968 ], [ 73.829823637646484, 19.839073461928798 ], [ 73.829487600356586, 19.838645348086327 ], [ 73.827878460764538, 19.836129519341526 ], [ 73.827450120680879, 19.833695012643894 ], [ 73.827395380042418, 19.83338394299124 ], [ 73.827320818077197, 19.83012295007233 ], [ 73.827358071212032, 19.830091315716835 ], [ 73.828036639713048, 19.829138852899732 ], [ 73.828184282321558, 19.828931612882617 ], [ 73.828183636432883, 19.82892956531721 ], [ 73.828181682597133, 19.828922498976944 ], [ 73.828179995561015, 19.828915369257359 ], [ 73.828178572629611, 19.828908184608917 ], [ 73.828177415599527, 19.828900955172326 ], [ 73.828176528962345, 19.828893689398065 ], [ 73.82817591002312, 19.828886393201529 ], [ 73.82817556417173, 19.828879078413454 ], [ 73.828175524645857, 19.828875449751163 ], [ 73.828175486018282, 19.828871755174518 ], [ 73.828175679156104, 19.82886442940006 ], [ 73.828176142686772, 19.828857110385727 ], [ 73.828176876610357, 19.828849809117187 ], [ 73.828177880028562, 19.828842533199932 ], [ 73.828179150246356, 19.828835291084541 ], [ 73.828180688162121, 19.828828092066573 ], [ 73.82818248838592, 19.82882094459659 ], [ 73.828184552714461, 19.828813857970186 ], [ 73.828186874859497, 19.828806840637981 ], [ 73.828189454820986, 19.828799901050452 ], [ 73.828192289005699, 19.828793046813146 ], [ 73.828195372023728, 19.828786288911761 ], [ 73.828198702976849, 19.828779632416627 ], [ 73.828240800725979, 19.828701425972316 ], [ 73.828273335010621, 19.828643897150055 ], [ 73.828306921222477, 19.828586902382145 ], [ 73.828341546785097, 19.828530456880181 ], [ 73.828377202715359, 19.828474578390889 ], [ 73.828413877335151, 19.82841928381599 ], [ 73.828451559864661, 19.828364589212214 ], [ 73.82849023772755, 19.828310514016525 ], [ 73.828529900143963, 19.828257072595438 ], [ 73.828570536334169, 19.828204281850791 ], [ 73.828612131925084, 19.82815215614924 ], [ 73.828654673441974, 19.828100714082698 ], [ 73.828698151003437, 19.828049970017826 ], [ 73.82874254843972, 19.827999940011409 ], [ 73.828787854072758, 19.827950637585058 ], [ 73.828834052631194, 19.827902079640669 ], [ 73.828881132436905, 19.827854279699825 ], [ 73.828929076421957, 19.827807253819401 ], [ 73.828977871111533, 19.827761014675946 ], [ 73.829027501234364, 19.827715576636201 ], [ 73.829077953315661, 19.827670954911888 ], [ 73.829100993306085, 19.82765032782838 ], [ 73.829114206625576, 19.827637931633543 ], [ 73.829127192671336, 19.8276253250176 ], [ 73.82913994515512, 19.827612507135473 ], [ 73.829152463178616, 19.827599484747534 ], [ 73.829164741351903, 19.827586260388994 ], [ 73.829176775183441, 19.82757283828505 ], [ 73.829188562876595, 19.827559224351102 ], [ 73.829200098143161, 19.827545418587128 ], [ 73.829211380983139, 19.827531428598579 ], [ 73.829222406006608, 19.827517258610726 ], [ 73.829233168722041, 19.827502912848846 ], [ 73.829243667332761, 19.827488394693098 ], [ 73.82925389824554, 19.82747370836881 ], [ 73.829263858765415, 19.827458857256136 ], [ 73.829273545299117, 19.827443849805654 ], [ 73.829282956050037, 19.827428686862369 ], [ 73.829292087424903, 19.827413376031828 ], [ 73.829300934932121, 19.827397919004063 ], [ 73.829309497673421, 19.827382323384633 ], [ 73.829317773852111, 19.827366590863619 ], [ 73.829325758976665, 19.827350728201449 ], [ 73.829333452148788, 19.827334738778358 ], [ 73.829340851571772, 19.827318629354782 ], [ 73.829347950957469, 19.82730240415604 ], [ 73.829354753899111, 19.827286068252434 ], [ 73.82936125321018, 19.827269625869249 ], [ 73.829367450687329, 19.827253082076826 ], [ 73.829373341838959, 19.827236442790589 ], [ 73.829378926665086, 19.82721971308089 ], [ 73.829384201572438, 19.827202896327908 ], [ 73.829389166560986, 19.827186000137267 ], [ 73.829393820732491, 19.827169027889102 ], [ 73.829398162290275, 19.82715198465381 ], [ 73.829402186742726, 19.827134878036929 ], [ 73.829405896784877, 19.827117709728615 ], [ 73.829409288823371, 19.827100487334356 ], [ 73.829412364654914, 19.827083215079469 ], [ 73.829415119787868, 19.827065898034345 ], [ 73.829417556018925, 19.827048543804491 ], [ 73.829419671551435, 19.827031154080093 ], [ 73.829421466385369, 19.827013737311717 ], [ 73.829422939622447, 19.826996296034611 ], [ 73.829424088567691, 19.826978837854281 ], [ 73.829424917712686, 19.826961366151007 ], [ 73.829425422565876, 19.826943889375414 ], [ 73.829425605822181, 19.826926409217627 ], [ 73.829425464786709, 19.826908931593142 ], [ 73.829425001256013, 19.826891465797651 ], [ 73.829424215230148, 19.826874012676207 ], [ 73.829423105810761, 19.826856578144231 ], [ 73.829421675692828, 19.826839168962319 ], [ 73.829419923079712, 19.826821790200835 ], [ 73.829417847971399, 19.826804446085131 ], [ 73.829415453961161, 19.826787144220805 ], [ 73.829412738354065, 19.826769887988092 ], [ 73.829409707438288, 19.826752680767317 ], [ 73.829406354027327, 19.82673553185419 ], [ 73.829402684409416, 19.826718444629012 ], [ 73.829366529015843, 19.82656995639579 ], [ 73.829346030359375, 19.826494773357943 ], [ 73.829324140212535, 19.826419957043711 ], [ 73.829300865761837, 19.826345528580237 ], [ 73.829276215990447, 19.826271511630033 ], [ 73.829250197186553, 19.826197930700605 ], [ 73.829222817435024, 19.826124805229163 ], [ 73.829194083024035, 19.826052156343067 ], [ 73.829164003835047, 19.825980011085196 ], [ 73.829132590647887, 19.825908386357604 ], [ 73.829099852445665, 19.825837308358214 ], [ 73.82906579910987, 19.825766793989143 ], [ 73.829030441420272, 19.825696866913169 ], [ 73.82899378656343, 19.825627549947953 ], [ 73.828955848912358, 19.825558864221062 ], [ 73.828916641941774, 19.825490828325002 ], [ 73.828876174634857, 19.825423464232394 ], [ 73.828834458669718, 19.82535679222589 ], [ 73.82879151021595, 19.825290831743029 ], [ 73.828747339155129, 19.825225605601656 ], [ 73.828701960758565, 19.825161132394367 ], [ 73.828655387602652, 19.825097429023536 ], [ 73.828607634958772, 19.825034518307053 ], [ 73.828558717199968, 19.824972417992456 ], [ 73.828508646902677, 19.824911148362538 ], [ 73.828457442033169, 19.824850724629581 ], [ 73.828405117862786, 19.824791169611629 ], [ 73.828351690561291, 19.824732499366103 ], [ 73.828297175399968, 19.824674729950363 ], [ 73.82824158944679, 19.824617881647328 ], [ 73.828184947973185, 19.824561972204535 ], [ 73.828127271640369, 19.824507015989358 ], [ 73.828068576618023, 19.824453031594423 ], [ 73.82800887907581, 19.824400034232166 ], [ 73.82794819877671, 19.824348041650197 ], [ 73.827886553686966, 19.82429706821587 ], [ 73.827823962671218, 19.824247131676785 ], [ 73.827760444594105, 19.82419824386502 ], [ 73.827743777252323, 19.824188655598547 ], [ 73.8277348551849, 19.82418323103613 ], [ 73.827726036423769, 19.824177656894516 ], [ 73.827717323663819, 19.824171938244184 ], [ 73.827708719600054, 19.82416607508512 ], [ 73.827700228723998, 19.824160069952534 ], [ 73.827691851035624, 19.82415392538163 ], [ 73.827683590128288, 19.824147641372424 ], [ 73.827675447798555, 19.824141218769952 ], [ 73.827667429436346, 19.824134662644724 ], [ 73.827659531448347, 19.824127974686807 ], [ 73.827651762817752, 19.824121156586401 ], [ 73.82764412174798, 19.824114208343463 ], [ 73.827636611832176, 19.824107135028459 ], [ 73.827629235765372, 19.824099936641382 ], [ 73.827621996242499, 19.82409261740758 ], [ 73.827614893263544, 19.824085175636942 ], [ 73.827607931320117, 19.824077618935092 ], [ 73.827601111310486, 19.824069944766819 ], [ 73.827594435031287, 19.824062159047664 ], [ 73.827587906075777, 19.824054261777576 ], [ 73.827581525342339, 19.824046257181973 ], [ 73.827575293729197, 19.824038146951004 ], [ 73.827569215728005, 19.824029932774799 ], [ 73.827563291338691, 19.82402161803364 ], [ 73.827557522357964, 19.824013205262762 ], [ 73.827551910582358, 19.824004696152347 ], [ 73.827546458706905, 19.823996094927701 ], [ 73.827541167629875, 19.823987403279069 ], [ 73.82753603914793, 19.823978622896512 ], [ 73.827531075057678, 19.823969757160373 ], [ 73.827526277155755, 19.8239608086059 ], [ 73.827521645442118, 19.823951783993703 ], [ 73.827517181713461, 19.82394267825325 ], [ 73.827512888664728, 19.82393349983537 ], [ 73.827508767194217, 19.823924249585129 ], [ 73.827504816403575, 19.823914933418049 ], [ 73.827501041682794, 19.823905547108748 ], [ 73.827497439438488, 19.823896100798176 ], [ 73.827494014162284, 19.823886592796168 ], [ 73.827490765854222, 19.823877029018249 ], [ 73.8274876954126, 19.823867411154616 ], [ 73.827484803735686, 19.823857740050265 ], [ 73.827482092620173, 19.823848023310997 ], [ 73.827479561167678, 19.823838259246592 ], [ 73.827477211174909, 19.823828453772609 ], [ 73.827475044438444, 19.823818608579224 ], [ 73.82747305736504, 19.823808726201669 ], [ 73.827471255344591, 19.823798811710411 ], [ 73.827469636580432, 19.823788865950544 ], [ 73.827468202869255, 19.823778893147427 ], [ 73.827466955109315, 19.82376889583632 ], [ 73.827465890605694, 19.823758878242671 ], [ 73.827465012951663, 19.823748841211511 ], [ 73.827464318553936, 19.8237387906584 ], [ 73.82746004526814, 19.823680633834062 ], [ 73.827456286716995, 19.823641770210383 ], [ 73.827451810411915, 19.823602981789502 ], [ 73.827446614556351, 19.823564282937916 ], [ 73.827440705438406, 19.823525683796618 ], [ 73.827434082159797, 19.823487195351817 ], [ 73.827426747415501, 19.823448831124875 ], [ 73.827418703900463, 19.82341060210199 ], [ 73.827409953411262, 19.82337252011439 ], [ 73.827400498642916, 19.823334596148324 ], [ 73.8273903422903, 19.823296842880126 ], [ 73.827379487946729, 19.823259269605849 ], [ 73.827367939205445, 19.823221892382222 ], [ 73.827355697863069, 19.823184716279865 ], [ 73.827342769309467, 19.823147757355564 ], [ 73.827329158036292, 19.823111024905383 ], [ 73.827314866738462, 19.82307452991558 ], [ 73.827299899009191, 19.823038284217525 ], [ 73.827284262035022, 19.823002299642578 ], [ 73.827267959409269, 19.822966584641787 ], [ 73.82725099562343, 19.822931155271906 ], [ 73.827233375169143, 19.822896014913532 ], [ 73.82721510433457, 19.822861179623469 ], [ 73.827196190306253, 19.822826658697878 ], [ 73.827176636677478, 19.82279246227796 ], [ 73.827149111398839, 19.822746568160987 ], [ 73.827127040690655, 19.822711442973375 ], [ 73.827104318703846, 19.822676692996641 ], [ 73.827080952624996, 19.82264233175248 ], [ 73.827056951437214, 19.822608367691949 ], [ 73.827032321428774, 19.822574811801509 ], [ 73.827007068887823, 19.822541675067498 ], [ 73.826981202797526, 19.822508966786202 ], [ 73.826954731242736, 19.822476697098946 ], [ 73.826927661409968, 19.822444876146999 ], [ 73.826900001384047, 19.822413513226618 ], [ 73.826871761046448, 19.822382617634105 ], [ 73.826842946685431, 19.822352200355823 ], [ 73.826813569978981, 19.822322268152778 ], [ 73.826783638113724, 19.822292831166333 ], [ 73.82675315917443, 19.822263900382925 ], [ 73.826722144839238, 19.822235480873324 ], [ 73.826690604091326, 19.822207583624035 ], [ 73.826658544117151, 19.822180218776317 ], [ 73.82662597659484, 19.822153391401073 ], [ 73.826592912304164, 19.822127110794522 ], [ 73.826559361126613, 19.822101385407862 ], [ 73.826525331147039, 19.822076222002032 ], [ 73.826490834043497, 19.822051629873354 ], [ 73.826455880595773, 19.822027615782776 ], [ 73.82642048158371, 19.822004185646215 ], [ 73.826384646888698, 19.821981349605029 ], [ 73.82634838818889, 19.821959112730003 ], [ 73.826311715365719, 19.821937480937006 ], [ 73.826274641893932, 19.821916462677244 ], [ 73.826237177655031, 19.821896063866546 ], [ 73.826199333428733, 19.821876290420839 ], [ 73.8261611217915, 19.821857147410849 ], [ 73.826122554421417, 19.821838641597587 ], [ 73.826083640301619, 19.821820778051848 ], [ 73.826044394703501, 19.821803565224673 ], [ 73.825909137167784, 19.821747631974461 ], [ 73.825818512426977, 19.821712388253161 ], [ 73.82572723101768, 19.821678649633608 ], [ 73.82563531899109, 19.821646432173498 ], [ 73.825542807788167, 19.821615740944321 ], [ 73.8254497225618, 19.821586586933122 ], [ 73.825356092058072, 19.821558978591746 ], [ 73.82526194502303, 19.821532925216985 ], [ 73.825167310202772, 19.821508434415421 ], [ 73.825072216343429, 19.821485511258398 ], [ 73.824976693089368, 19.821464166732767 ], [ 73.824880768288423, 19.821444405064604 ], [ 73.824784471584906, 19.821426232170239 ], [ 73.824687834419876, 19.821409653965805 ], [ 73.824590882844532, 19.821394676367476 ], [ 73.82431614030142, 19.821351928977442 ], [ 73.824073867364234, 19.821309833988749 ], [ 73.823832463097929, 19.821263740846469 ], [ 73.823591999367721, 19.821213665603928 ], [ 73.823352549835477, 19.821159621778875 ], [ 73.823114188163046, 19.821101627959383 ], [ 73.823050711408456, 19.821084923801852 ], [ 73.822999458928209, 19.821070407595151 ], [ 73.822948493908882, 19.821055047136507 ], [ 73.82289783162183, 19.821038844115886 ], [ 73.82284748733835, 19.821021803603632 ], [ 73.822797477228178, 19.821003932360188 ], [ 73.8227478156643, 19.820985236300967 ], [ 73.822698518816452, 19.820965719651195 ], [ 73.822649600159352, 19.820945388326194 ], [ 73.822601076760961, 19.820924249086467 ], [ 73.822552960299404, 19.82090230784733 ], [ 73.822505267842672, 19.820879571369222 ], [ 73.82245801376375, 19.820856048102826 ], [ 73.822411212435767, 19.820831743118298 ], [ 73.822364876435117, 19.820806664866325 ], [ 73.822319020134785, 19.82078082095234 ], [ 73.822273658806225, 19.820754218136784 ], [ 73.82222880861903, 19.820726867405536 ], [ 73.822184478556366, 19.820698772983729 ], [ 73.822140684787968, 19.820669945857205 ], [ 73.822097438991875, 19.82064039532165 ], [ 73.822054756439442, 19.820610129827628 ], [ 73.822012647910512, 19.820579156980653 ], [ 73.821971127778085, 19.820547488611659 ], [ 73.821930210415204, 19.820515133171227 ], [ 73.821889903008397, 19.820482101645222 ], [ 73.821850222625685, 19.820448401639101 ], [ 73.821811178250172, 19.820414045828926 ], [ 73.821657098314319, 19.820280127988067 ], [ 73.821564368820816, 19.820203308396216 ], [ 73.821470214599259, 19.820128047132805 ], [ 73.821374665294059, 19.82005436701774 ], [ 73.821277747854666, 19.81998229171613 ], [ 73.821179491925548, 19.819911838977266 ], [ 73.821079927151018, 19.819843034156335 ], [ 73.820979085870476, 19.819775898383064 ], [ 73.820876996830009, 19.819710447716542 ], [ 73.820773690572324, 19.81964670835702 ], [ 73.820669199436821, 19.819584694673328 ], [ 73.820563556661099, 19.819524426949965 ], [ 73.820554990326542, 19.819519516051507 ], [ 73.820548190978144, 19.819515441805752 ], [ 73.820541468884869, 19.819511255161057 ], [ 73.820534827639989, 19.819506957807675 ], [ 73.820528267243446, 19.819502550590634 ], [ 73.820521791288584, 19.819498034355053 ], [ 73.820515401571967, 19.81949341079115 ], [ 73.820509099890259, 19.819488681589103 ], [ 73.820502887141728, 19.819483849284222 ], [ 73.820496766021407, 19.819478913876509 ], [ 73.820490737427519, 19.819473876211013 ], [ 73.820484805851706, 19.819468739668189 ], [ 73.820478970395598, 19.819463504248031 ], [ 73.8204732337542, 19.819458171640701 ], [ 73.820467598622457, 19.819452745226641 ], [ 73.820462065000285, 19.819447225005813 ], [ 73.820456635582701, 19.819441614358645 ], [ 73.820451313064638, 19.819435911594901 ], [ 73.820446097446123, 19.819430122630319 ], [ 73.820440989625382, 19.819424245774666 ], [ 73.820435993195801, 19.819418285253469 ], [ 73.82043110815728, 19.819412241911799 ], [ 73.820426337204808, 19.819406116594777 ], [ 73.820421681236681, 19.819399912682776 ], [ 73.820417141151239, 19.81939363186607 ], [ 73.820412718745104, 19.819387274989669 ], [ 73.820408416713207, 19.81938084627912 ], [ 73.820404232360616, 19.819374345734431 ], [ 73.820400171975507, 19.8193677742007 ], [ 73.820396233761329, 19.819361135903389 ], [ 73.820392420412915, 19.819354433377868 ], [ 73.820388731032082, 19.819347666624086 ], [ 73.820385168313649, 19.819340838177375 ], [ 73.820381734054322, 19.819333951418148 ], [ 73.82037842825406, 19.819327006346349 ], [ 73.82037828093037, 19.819326682671186 ], [ 73.820375250912903, 19.819320006342469 ], [ 73.820372203827489, 19.819312953941747 ], [ 73.820369288794367, 19.819305850834422 ], [ 73.820366505813624, 19.819298698710689 ], [ 73.820363857580176, 19.81929150095096 ], [ 73.820361341399035, 19.819284259245443 ], [ 73.82035896086353, 19.819276975284321 ], [ 73.820356715973659, 19.819269650757811 ], [ 73.820354606729367, 19.819262289046375 ], [ 73.820352634029007, 19.81925489268523 ], [ 73.820350798770875, 19.819247461674458 ], [ 73.820349101853324, 19.819240000239546 ], [ 73.820152657368666, 19.819088429678466 ], [ 73.819440975169641, 19.818574823191366 ], [ 73.819130601849082, 19.818326453103129 ], [ 73.818587564869958, 19.817912584351355 ], [ 73.818551604410814, 19.817886494039147 ], [ 73.81851516514962, 19.817861011358694 ], [ 73.818478258764515, 19.817836143071151 ], [ 73.818440898730145, 19.817811896782821 ], [ 73.818403094029733, 19.817788280945159 ], [ 73.818364858137983, 19.817765300629112 ], [ 73.818326201834694, 19.817742965131206 ], [ 73.81828713589961, 19.817721280367458 ], [ 73.818247673807477, 19.817700251408883 ], [ 73.818207826338096, 19.817679888397073 ], [ 73.818167606067888, 19.817660192177392 ], [ 73.818127024674951, 19.817641172891452 ], [ 73.81808609743058, 19.817622835610212 ], [ 73.818044832419687, 19.817605185404553 ], [ 73.818003244913612, 19.817588227345404 ], [ 73.817961346590465, 19.817571967348812 ], [ 73.817919152721558, 19.81755640879539 ], [ 73.817876671391758, 19.817541557601192 ], [ 73.817833919669098, 19.817527419682211 ], [ 73.817767150588978, 19.817506923965269 ], [ 73.817695903407142, 19.81746220641239 ], [ 73.81762383426684, 19.817418690600473 ], [ 73.817550970117523, 19.817376388362185 ], [ 73.817477330722099, 19.81733531068495 ], [ 73.817402941233439, 19.817295472781826 ], [ 73.817327822312748, 19.817256885640212 ], [ 73.817251997316248, 19.81721956193779 ], [ 73.817175489600118, 19.817183511816864 ], [ 73.817098320723957, 19.817148746264763 ], [ 73.817020515840554, 19.817115277959125 ], [ 73.816942097407832, 19.817083115351906 ], [ 73.816863090578607, 19.817052266049973 ], [ 73.816783521404005, 19.817022744421106 ], [ 73.816703408748623, 19.816994556381808 ], [ 73.816622781358632, 19.816967710383967 ], [ 73.816541662590154, 19.816942214879465 ], [ 73.816460076697751, 19.816918079165269 ], [ 73.816378048834196, 19.816895309157779 ], [ 73.816295603254062, 19.816873911618512 ], [ 73.816212766008434, 19.816853894999269 ], [ 73.816129562250211, 19.816835262680986 ], [ 73.816046017132166, 19.816818020580008 ], [ 73.815962155807114, 19.816802178838177 ], [ 73.815878004326251, 19.816787735765711 ], [ 73.81579358784235, 19.816774699814157 ], [ 73.815708932406608, 19.816763072674096 ], [ 73.815584796912432, 19.816748618611555 ], [ 73.815233642772952, 19.816715038666004 ], [ 73.814881869694204, 19.816687317922881 ], [ 73.814529584575766, 19.816665469062105 ], [ 73.813871312610289, 19.816640417196712 ], [ 73.81382783415053, 19.816639077682829 ], [ 73.813784394318333, 19.816637013901808 ], [ 73.81374100479178, 19.816634225008467 ], [ 73.813697680842267, 19.816630716073536 ], [ 73.813654435046161, 19.816626485406694 ], [ 73.813611279979938, 19.816621533852999 ], [ 73.813568228219935, 19.816615863947771 ], [ 73.813525293240943, 19.816609478226233 ], [ 73.813482489415975, 19.816602376688358 ], [ 73.813439828423114, 19.816594562714528 ], [ 73.813397323737149, 19.816586038839954 ], [ 73.813354988832742, 19.816576806754782 ], [ 73.813312835388032, 19.816566869839349 ], [ 73.813270876877752, 19.816556229783799 ], [ 73.813229127674916, 19.816544893348958 ], [ 73.813187596762702, 19.816532859689495 ], [ 73.813146299412466, 19.816520136411363 ], [ 73.813105249098911, 19.816506722669288 ], [ 73.81306445570354, 19.81649262775942 ], [ 73.81302393359941, 19.816477851681505 ], [ 73.812983695362888, 19.81646240204153 ], [ 73.812943750875462, 19.816446281374635 ], [ 73.8129041154085, 19.816429495596413 ], [ 73.812864797945124, 19.816412052312781 ], [ 73.812825811061799, 19.816393952368628 ], [ 73.812787169131553, 19.816375201679588 ], [ 73.812757087247618, 19.816359965000029 ], [ 73.81274888293413, 19.816355808696613 ], [ 73.812710960554426, 19.816335777645058 ], [ 73.812673419958699, 19.816315116130827 ], [ 73.812636269231788, 19.816293828379234 ], [ 73.812599515560251, 19.816271922841249 ], [ 73.812563177808684, 19.816249403742237 ], [ 73.812494432434946, 19.816204361309019 ], [ 73.812467373381978, 19.816185635106141 ], [ 73.8124406673669, 19.816166460986548 ], [ 73.812414317982984, 19.816146840640364 ], [ 73.812388338704949, 19.816126781673475 ], [ 73.812362733126093, 19.816106290001599 ], [ 73.812337510229554, 19.816085372385515 ], [ 73.812333690592965, 19.816082088240943 ], [ 73.812312678998481, 19.816064033050719 ], [ 73.812288244822724, 19.816042279603096 ], [ 73.812264216685534, 19.816020122183986 ], [ 73.81224060177334, 19.815997561638287 ], [ 73.812217406374387, 19.815974609797607 ], [ 73.812194638573516, 19.815951270042206 ], [ 73.81217230555724, 19.815927550823183 ], [ 73.812150411817115, 19.815903460591603 ], [ 73.812128967234671, 19.815879005263135 ], [ 73.812107976301419, 19.815854191598593 ], [ 73.81208744620389, 19.815829029739326 ], [ 73.812067382332032, 19.815803523910784 ], [ 73.812047791872317, 19.815777685944486 ], [ 73.812028680214638, 19.815751520065938 ], [ 73.812010053647228, 19.815725036416442 ], [ 73.811991916661654, 19.815698241756849 ], [ 73.811974276444431, 19.815671145383355 ], [ 73.811957136588816, 19.815643754056818 ], [ 73.811940503382985, 19.815616077918545 ], [ 73.811924381318576, 19.815588125419701 ], [ 73.811908774887158, 19.815559901630813 ], [ 73.811888794558627, 19.815521783957582 ], [ 73.811615333911405, 19.815177381580561 ], [ 73.811437759437595, 19.81468588119176 ], [ 73.811225912439099, 19.81420203195534 ], [ 73.811214802973993, 19.813302666850632 ], [ 73.811521177893198, 19.812616433642908 ], [ 73.811803198586759, 19.812388535414389 ], [ 73.811833706272125, 19.812363882627277 ], [ 73.812160595119181, 19.812102478334971 ], [ 73.812176718081915, 19.812089424251319 ], [ 73.812192601194425, 19.812076108172132 ], [ 73.812208241761866, 19.812062530097361 ], [ 73.812223632597593, 19.81204869678804 ], [ 73.812238773701736, 19.812034610779602 ], [ 73.812253654294395, 19.812020277142796 ], [ 73.812268274375654, 19.812005701793566 ], [ 73.812282627657282, 19.811990884731863 ], [ 73.812296709647683, 19.811975834409044 ], [ 73.812310515855273, 19.811960555050764 ], [ 73.812324042686797, 19.811945050037526 ], [ 73.812337287447363, 19.81192932359501 ], [ 73.812350243848698, 19.811913384174577 ], [ 73.812362909195883, 19.81189723177615 ], [ 73.812375277200729, 19.811880874851148 ], [ 73.812387347863179, 19.811864315934908 ], [ 73.812399115793426, 19.811847560943377 ], [ 73.81241057560149, 19.811830616637671 ], [ 73.812421726389147, 19.811813486398318 ], [ 73.812432564563025, 19.811796173605785 ], [ 73.812443085631614, 19.811778688401809 ], [ 73.812453286001698, 19.811761033321762 ], [ 73.812463165673179, 19.811743212591264 ], [ 73.812472716561274, 19.811725233816599 ], [ 73.812481941360943, 19.81170710122349 ], [ 73.812490832885615, 19.811688820727795 ], [ 73.812499389338711, 19.811670397400448 ], [ 73.812511809445809, 19.811641996280791 ], [ 73.81251932744641, 19.81162368535238 ], [ 73.812524806271341, 19.811609626350961 ], [ 73.812539863832129, 19.811568055308985 ], [ 73.812546028969933, 19.81154929982517 ], [ 73.812551851849591, 19.811530446302157 ], [ 73.812557328877887, 19.811511502346256 ], [ 73.812562460054778, 19.811492473028274 ], [ 73.8125672435837, 19.811473364264245 ], [ 73.812571676769593, 19.811454181125008 ], [ 73.812575759612585, 19.811434931216869 ], [ 73.812579490315954, 19.811415618765537 ], [ 73.812582867083108, 19.811396251377289 ], [ 73.812585889914047, 19.811376831587555 ], [ 73.812588558808756, 19.811357370383213 ], [ 73.812590870173992, 19.811337866919143 ], [ 73.812592825806334, 19.811318333872553 ], [ 73.812594423010907, 19.811298773778798 ], [ 73.812595662686007, 19.81127919339912 ], [ 73.812596544831607, 19.811259596114041 ], [ 73.812597069447762, 19.811239992065413 ], [ 73.812597233839455, 19.811220384633767 ], [ 73.81259703980335, 19.811200783115716 ], [ 73.812596487339434, 19.811181188356446 ], [ 73.812595576447748, 19.81116160965259 ], [ 73.812594308026576, 19.811142052075006 ], [ 73.812592680279266, 19.81112252238492 ], [ 73.812590696799106, 19.811103024808098 ], [ 73.812588356687797, 19.811083566950877 ], [ 73.812585659047016, 19.811064153039013 ], [ 73.812582606571681, 19.811044792369138 ], [ 73.812579201058412, 19.811025485786441 ], [ 73.812575443405592, 19.811006244277934 ], [ 73.812571331816542, 19.810987070379007 ], [ 73.812566869884535, 19.810967970850903 ], [ 73.812562059406176, 19.810948949919368 ], [ 73.812556898584887, 19.810930016881166 ], [ 73.812551565287023, 19.810912251837422 ], [ 73.812551797052365, 19.810901491392304 ], [ 73.812265062000208, 19.810132934096064 ], [ 73.812178627001884, 19.810009276222701 ], [ 73.812176888761797, 19.810005925185429 ], [ 73.812162795991625, 19.809979918936616 ], [ 73.812148226216038, 19.809954154397762 ], [ 73.812133185723241, 19.809928641710886 ], [ 73.812117679004814, 19.809903385947027 ], [ 73.812101709653973, 19.809878397248166 ], [ 73.812085282162386, 19.809853682375671 ], [ 73.812068403716523, 19.809829248090924 ], [ 73.81205107880794, 19.809805102845608 ], [ 73.81203331102995, 19.809781253401091 ], [ 73.812015107569039, 19.809757707363868 ], [ 73.811996472916775, 19.80973447065027 ], [ 73.81197741336139, 19.809711553402192 ], [ 73.811957935191089, 19.80968895984563 ], [ 73.811929202576735, 19.809652438110632 ], [ 73.811708305051738, 19.809489822348983 ], [ 73.811362432107757, 19.809227787070569 ], [ 73.81060801525409, 19.808957787418077 ], [ 73.810299316393198, 19.809126455062867 ], [ 73.809093532041842, 19.809076528126653 ], [ 73.808576989075362, 19.809067424914918 ], [ 73.808137160437539, 19.809049175386772 ], [ 73.807219642765929, 19.808843995036181 ], [ 73.806402284553528, 19.808537893632082 ], [ 73.80639782262152, 19.808534103924618 ], [ 73.806371808309194, 19.808511207632669 ], [ 73.806346220696639, 19.808487877769061 ], [ 73.80632106786868, 19.808464121940109 ], [ 73.806296357011817, 19.808439946906852 ], [ 73.806272096210947, 19.808415360275621 ], [ 73.80624829444919, 19.808390368807512 ], [ 73.806224955319792, 19.808364980953971 ], [ 73.806202088704239, 19.808339204321236 ], [ 73.806179700890709, 19.808313045670523 ], [ 73.806157799065787, 19.808286515143507 ], [ 73.806139078175278, 19.808262996775429 ], [ 73.806136388619294, 19.808259618656141 ], [ 73.806115476737801, 19.808232364659965 ], [ 73.806095072404432, 19.808204764141898 ], [ 73.806075177415849, 19.808176822172715 ], [ 73.806055798958525, 19.808148548894216 ], [ 73.806036944219045, 19.808119952757856 ], [ 73.80601861858726, 19.80809104137002 ], [ 73.806000829249669, 19.808061824872411 ], [ 73.805983578901277, 19.808032311716552 ], [ 73.805966873830258, 19.808002510353944 ], [ 73.805950719426477, 19.807972432616719 ], [ 73.805935121079912, 19.807942082730573 ], [ 73.805920080587114, 19.807911474217942 ], [ 73.805905562913779, 19.807880519181484 ], [ 73.805888262259728, 19.807841819883897 ], [ 73.805871675766312, 19.807802833220393 ], [ 73.805855807026816, 19.807763567642446 ], [ 73.805840661431162, 19.807724039208004 ], [ 73.805826244369143, 19.807684257213687 ], [ 73.805812559434116, 19.807644234336895 ], [ 73.805799610219296, 19.80760398410003 ], [ 73.805787402114575, 19.807563516644947 ], [ 73.805775936916618, 19.807522844649029 ], [ 73.805765220913571, 19.807481983325108 ], [ 73.805755255003803, 19.807440942815063 ], [ 73.805746042780569, 19.807399734105974 ], [ 73.805737586938804, 19.807358372410675 ], [ 73.805729890173467, 19.807316870406623 ], [ 73.805722956077773, 19.807275237390574 ], [ 73.805716784651779, 19.807233490265791 ], [ 73.805711378590374, 19.807191639174206 ], [ 73.805708385403875, 19.807164559945161 ], [ 73.80589646567492, 19.806194770606165 ], [ 73.806075244789497, 19.805836162589358 ], [ 73.806394743196691, 19.805623912409192 ], [ 73.807180884054659, 19.804955661112743 ], [ 73.807321188325616, 19.804681327719216 ], [ 73.807522345372263, 19.804242105942819 ], [ 73.807686325640859, 19.803691985034416 ], [ 73.807711712030766, 19.803305775924777 ], [ 73.807653529048125, 19.802805968642417 ], [ 73.807641772796003, 19.802758840692043 ], [ 73.807333552737205, 19.801901926017337 ], [ 73.806486756732923, 19.79954755863567 ], [ 73.806750458082917, 19.798830072636498 ], [ 73.807492368591213, 19.798477518360997 ], [ 73.809378625872, 19.797547647409409 ], [ 73.809703419847793, 19.797362898983721 ], [ 73.809838758231862, 19.796393926408228 ], [ 73.809774778420731, 19.79549123184891 ], [ 73.809436015642234, 19.79476903735398 ], [ 73.808813677186436, 19.79409131014582 ], [ 73.808929496976006, 19.793975842856057 ], [ 73.809047429603169, 19.793858271679703 ], [ 73.809914520346311, 19.793363047218609 ], [ 73.809976442117161, 19.79332252880851 ], [ 73.810104830235886, 19.793262794626919 ], [ 73.810625105702371, 19.793020733652263 ], [ 73.811344188222662, 19.792722340885213 ], [ 73.811426066965879, 19.792698511702035 ], [ 73.811527901783109, 19.79262584923806 ], [ 73.811912942171773, 19.792459840157623 ], [ 73.812457704814548, 19.792233382101323 ], [ 73.813149338413055, 19.791945877219138 ], [ 73.813568003641137, 19.791790200625606 ], [ 73.814429211317488, 19.791418490002208 ], [ 73.815346966144361, 19.791012681761295 ], [ 73.815499157821478, 19.790975445725405 ], [ 73.816524096933094, 19.790548680726339 ], [ 73.816848029424534, 19.790413804579135 ], [ 73.817204126094751, 19.790261860843184 ], [ 73.817909880311191, 19.789960725950966 ], [ 73.818290569260625, 19.789783815286285 ], [ 73.819111335681214, 19.789402403112486 ], [ 73.819295846945636, 19.789492511593789 ], [ 73.819409021196677, 19.789410741640111 ], [ 73.819678207659791, 19.789279032580371 ], [ 73.821147381645702, 19.788560214647234 ], [ 73.821409263008903, 19.78848906078991 ], [ 73.821445036618471, 19.788479341044919 ], [ 73.821744393000372, 19.788398008420394 ], [ 73.821759672445026, 19.788380764928256 ], [ 73.821975938256415, 19.788136696621546 ], [ 73.822330942575263, 19.787785384882927 ], [ 73.822578158043115, 19.787586343388561 ], [ 73.823404832683352, 19.787449618653387 ], [ 73.823656019603078, 19.787406513889241 ], [ 73.82403406840389, 19.787351012314698 ], [ 73.824146593173012, 19.787334493955022 ], [ 73.824841311586169, 19.786770710712275 ], [ 73.825024282239866, 19.786622226606674 ], [ 73.825400432002169, 19.786316977615364 ], [ 73.825428852002801, 19.786294624178364 ], [ 73.825831131960101, 19.785978212610491 ], [ 73.825925376013188, 19.785917855236541 ], [ 73.826925254823308, 19.785573575594157 ], [ 73.827545451695457, 19.785182107110074 ], [ 73.828223871974444, 19.7848032823313 ], [ 73.828295322175521, 19.784763386411282 ], [ 73.828489613398446, 19.784637631951309 ], [ 73.829579795352515, 19.784125975926568 ], [ 73.830102989445322, 19.78390490997716 ], [ 73.831393240586223, 19.784253876139523 ], [ 73.8320724298231, 19.784411984393227 ], [ 73.832890067411569, 19.784342542932119 ], [ 73.833421620328096, 19.784210219380512 ], [ 73.833542114052108, 19.784157315964077 ], [ 73.833552864191105, 19.784140645965923 ], [ 73.833810253977887, 19.784078130710171 ], [ 73.83398808896311, 19.78403493712316 ], [ 73.834076014266486, 19.784001666413541 ], [ 73.834524765870057, 19.783556571104388 ], [ 73.835259182632257, 19.782886417385669 ], [ 73.836106516727355, 19.782059021076368 ], [ 73.836209303758807, 19.781958653169482 ], [ 73.836352278721122, 19.780404903649284 ], [ 73.835983723316261, 19.780094733164209 ], [ 73.835414751974866, 19.779615887853769 ], [ 73.834894747799609, 19.7791261660836 ], [ 73.834803745766379, 19.778321123401341 ], [ 73.834591337320802, 19.776547939385591 ], [ 73.83344567810974, 19.775765942759918 ], [ 73.833253211365147, 19.775634568160832 ], [ 73.833201488167731, 19.775599262661228 ], [ 73.832929253720891, 19.775319272400623 ], [ 73.832274478896792, 19.773676243589851 ], [ 73.831443920839618, 19.771622749920692 ], [ 73.831436384872688, 19.771604117379958 ], [ 73.830898323661927, 19.771918219238248 ], [ 73.830827823878423, 19.771914098124693 ], [ 73.829918402722456, 19.771860947162725 ], [ 73.829522790061219, 19.771837828340065 ], [ 73.828743821352475, 19.771562806406163 ], [ 73.828881442355708, 19.770783182768241 ], [ 73.828986380852228, 19.770188698140171 ], [ 73.829280686905605, 19.770282181197508 ], [ 73.83011926961322, 19.769321041078154 ], [ 73.830369277045023, 19.769433243668718 ], [ 73.830875283671503, 19.769660335194406 ], [ 73.831324832979035, 19.769330410317878 ], [ 73.831993941321784, 19.768839357602594 ], [ 73.832414994271872, 19.768530355739983 ], [ 73.832547799406825, 19.768060573630358 ], [ 73.833120457434148, 19.766034823416216 ], [ 73.833261131811014, 19.765523590378962 ], [ 73.833267638308627, 19.765499943958879 ], [ 73.833287216191934, 19.765267650728642 ], [ 73.83337124999349, 19.764270620325188 ], [ 73.833463221308918, 19.763179383846126 ], [ 73.833437454931612, 19.763102529935999 ], [ 73.833438065785998, 19.763100887317275 ], [ 73.833561550899901, 19.762768917358667 ], [ 73.833810183909321, 19.762100496393241 ], [ 73.834096977351948, 19.761329480975455 ], [ 73.834365734420331, 19.760606949860616 ], [ 73.834492708590801, 19.760129648921136 ], [ 73.833640014248417, 19.760020403825148 ], [ 73.834063038102215, 19.757328191955889 ], [ 73.834116148298435, 19.757035337587901 ], [ 73.833860591973163, 19.756583620750199 ], [ 73.832708571791571, 19.754547187077513 ], [ 73.832635656438256, 19.754425818642417 ], [ 73.832540552697452, 19.75277982426001 ], [ 73.832687348194639, 19.75254619358747 ], [ 73.832545587754609, 19.751791332758053 ], [ 73.832463020901898, 19.750027981620072 ], [ 73.832027093647355, 19.748795719919148 ], [ 73.831289774428441, 19.748335871585631 ], [ 73.829315370858737, 19.746388455135197 ], [ 73.827903589338007, 19.744962475892727 ], [ 73.825884794620208, 19.744090345018666 ], [ 73.827378968720481, 19.743626799256756 ], [ 73.831951313566606, 19.742254320606211 ], [ 73.832064719583002, 19.74230636789251 ], [ 73.832323354434777, 19.742353504420628 ], [ 73.833562435740475, 19.742596873402356 ], [ 73.835426370784745, 19.742352828855495 ], [ 73.836861477061845, 19.741750693727337 ], [ 73.836953006406134, 19.741660412832427 ], [ 73.838178278809252, 19.741009035372997 ], [ 73.838179099869436, 19.741008599084441 ], [ 73.838552923893431, 19.740809878831634 ], [ 73.839402934968106, 19.740814302599926 ], [ 73.83968007780966, 19.740856277661528 ], [ 73.842376961328085, 19.741764573725497 ], [ 73.843897450676309, 19.743016909690429 ], [ 73.844070691677175, 19.742993434109412 ], [ 73.84481574089908, 19.743183732912399 ], [ 73.846994273142386, 19.743545597631634 ], [ 73.848371883648028, 19.743763344280246 ], [ 73.849230397276841, 19.745316841243682 ], [ 73.849308476146405, 19.745511892349743 ], [ 73.851748018387099, 19.744909093582784 ], [ 73.851825956221134, 19.744828373699526 ], [ 73.852215003095949, 19.744750562297547 ], [ 73.853290168811753, 19.744535531901626 ], [ 73.853649723097462, 19.744430169666717 ], [ 73.854732682596676, 19.744119249419374 ], [ 73.855183220949314, 19.744024169089688 ], [ 73.857550901560529, 19.743234451601598 ], [ 73.857914936642885, 19.743113061880337 ], [ 73.856641293554972, 19.744724601199255 ], [ 73.855661908011399, 19.745963806247453 ], [ 73.855044553408788, 19.746752686725468 ], [ 73.854865315255083, 19.746981722193464 ], [ 73.855602020026367, 19.747098861240261 ], [ 73.855922685345121, 19.747116648619386 ], [ 73.857292131961472, 19.747309861973715 ], [ 73.857693563909095, 19.747360334160728 ], [ 73.857849595884048, 19.747401643794134 ], [ 73.85971619083989, 19.746675616911176 ], [ 73.859929050239714, 19.746592828159649 ], [ 73.86078243897984, 19.746875790867861 ], [ 73.860877610992631, 19.74690734790925 ], [ 73.861008006846006, 19.746953719602271 ], [ 73.861155049379931, 19.747006012239016 ], [ 73.863341698800113, 19.748230673346367 ], [ 73.863375045161803, 19.748249348355522 ], [ 73.863460195569246, 19.74831248894434 ], [ 73.863534745856356, 19.748367769067332 ], [ 73.864702791982651, 19.748606398417973 ], [ 73.864703575313541, 19.748602758625751 ], [ 73.865061938433243, 19.747494422389881 ], [ 73.865239174242149, 19.746879651372211 ], [ 73.865496585588488, 19.746126958639785 ], [ 73.865736746586435, 19.745376928210895 ], [ 73.866207842884378, 19.743905632703076 ], [ 73.866606048981836, 19.742688232640411 ], [ 73.866734228691413, 19.742296349402086 ], [ 73.866736079220885, 19.742294912874478 ], [ 73.867987380309387, 19.741322761190375 ], [ 73.870014167338255, 19.741090907940148 ], [ 73.870110075071267, 19.74107993562686 ], [ 73.870974543632087, 19.740895727986342 ], [ 73.871339064703051, 19.74081707168267 ], [ 73.871567660790021, 19.740767745645268 ], [ 73.871727397417203, 19.740702000400809 ], [ 73.872110121949049, 19.740505860302846 ], [ 73.87248943288283, 19.74030401267601 ], [ 73.87250645865241, 19.740298674881899 ], [ 73.872515057326297, 19.740295742603987 ], [ 73.872523599406364, 19.740292666586914 ], [ 73.872532080400958, 19.740289451058278 ], [ 73.872540499411798, 19.740286094327036 ], [ 73.872548851048975, 19.740282598929756 ], [ 73.872557135312547, 19.740278967402954 ], [ 73.872565348609172, 19.740275196364582 ], [ 73.872573488243958, 19.740271290042234 ], [ 73.872581553318582, 19.740267249281398 ], [ 73.872589539341476, 19.740263075773143 ], [ 73.872597445414286, 19.740258770362985 ], [ 73.872605267943783, 19.740254332205367 ], [ 73.872613005133317, 19.740249768064476 ], [ 73.872620654287971, 19.740245073712707 ], [ 73.87262821361108, 19.740240253377618 ], [ 73.872635681306051, 19.740235307904772 ], [ 73.872643052881259, 19.740230238139642 ], [ 73.872650328336761, 19.740225046618832 ], [ 73.872657504079228, 19.740219735033381 ], [ 73.872664579210408, 19.740214305074275 ], [ 73.872671550137014, 19.740208756741552 ], [ 73.872678416859031, 19.740203094262792 ], [ 73.872685174884936, 19.740197316792464 ], [ 73.872691823316345, 19.740191427712684 ], [ 73.872698358560044, 19.740185428714433 ], [ 73.872704783310937, 19.740179320643257 ], [ 73.872711090382566, 19.740173106881272 ], [ 73.872717279774861, 19.740166788273953 ], [ 73.872723349691256, 19.74016036735782 ], [ 73.872729298335059, 19.74015384328742 ], [ 73.872735123909678, 19.740147221981395 ], [ 73.872740824618461, 19.740140505130757 ], [ 73.872746397766477, 19.740133692735505 ], [ 73.872751844252051, 19.740126788177704 ], [ 73.872757159583571, 19.740119790611868 ], [ 73.872762342862785, 19.740112707647658 ], [ 73.872767394089635, 19.740105537594072 ], [ 73.87277230967085, 19.740098282987624 ], [ 73.87277708870819, 19.740090946364866 ], [ 73.872781730303259, 19.740083531107942 ], [ 73.872786233557775, 19.740076037216831 ], [ 73.872790594878481, 19.740068468919109 ], [ 73.872794816061969, 19.740060827905864 ], [ 73.872798891718432, 19.740053116713607 ], [ 73.872802825441056, 19.740045336187894 ], [ 73.872806612738287, 19.740037491401857 ], [ 73.87281025271183, 19.740029583201014 ], [ 73.87281374536164, 19.740021611585362 ], [ 73.872817087992843, 19.740013585010153 ], [ 73.872820282401989, 19.74000550093875 ], [ 73.872823324097524, 19.739997362753336 ], [ 73.87282621577441, 19.739989174681444 ], [ 73.872828953839402, 19.739980936723125 ], [ 73.872831539190813, 19.739972653105973 ], [ 73.872833969133623, 19.739964326366593 ], [ 73.872836243667948, 19.739955958195971 ], [ 73.872838364590322, 19.739947551130726 ], [ 73.872840327409222, 19.739939109398481 ], [ 73.872842133022942, 19.739930632999194 ], [ 73.872852012694437, 19.73991497216339 ], [ 73.872857256160756, 19.739906171926261 ], [ 73.872862333438746, 19.739897282908384 ], [ 73.872867243630083, 19.739888311028462 ], [ 73.872871986734793, 19.739879254595387 ], [ 73.872876560057875, 19.739870122064396 ], [ 73.872880962701089, 19.739860910898926 ], [ 73.872885192867784, 19.739851627017668 ], [ 73.872889250557904, 19.739842272111598 ], [ 73.872893133076573, 19.739832847871824 ], [ 73.872896837728803, 19.739823360216985 ], [ 73.872900367209553, 19.739813809992565 ], [ 73.872903717925567, 19.739804200580735 ], [ 73.872906890775155, 19.739794535363551 ], [ 73.872909882165047, 19.739784815186511 ], [ 73.872912692095269, 19.739775045122816 ], [ 73.872915320565781, 19.739765229400057 ], [ 73.872917765779974, 19.739755366327195 ], [ 73.872920028636159, 19.739745464359434 ], [ 73.872922006726441, 19.739738412663154 ], [ 73.872923690169259, 19.739734046360855 ], [ 73.872925696107316, 19.739729805196514 ], [ 73.87292801106581, 19.739725712844809 ], [ 73.872930626959885, 19.739721787061889 ], [ 73.872933529416571, 19.739718045603784 ], [ 73.87293670496112, 19.73971450960877 ], [ 73.872940137423825, 19.739711195141794 ], [ 73.8729438088384, 19.739708119113462 ], [ 73.872947703933434, 19.739705295052218 ], [ 73.872951802047766, 19.73970273733201 ], [ 73.872956085215051, 19.739700456944771 ], [ 73.872960529180773, 19.739698468264436 ], [ 73.872965115978616, 19.739696779746261 ], [ 73.872969819557426, 19.739695398154542 ], [ 73.872974621950931, 19.739694331098967 ], [ 73.872979495311355, 19.739693583652777 ], [ 73.872984415384153, 19.739693160889072 ], [ 73.872989363304768, 19.739693062807902 ], [ 73.872994309428719, 19.739693291100295 ], [ 73.872999233993113, 19.739693843229663 ], [ 73.873004110048456, 19.739694718350517 ], [ 73.873008915136936, 19.739695911389656 ], [ 73.873013625902274, 19.739697417273881 ], [ 73.87301821809001, 19.73969922670247 ], [ 73.873022671038839, 19.739701332911096 ], [ 73.873026962290979, 19.739703723216916 ], [ 73.873031071185068, 19.739706389164567 ], [ 73.873034977059916, 19.739709316380143 ], [ 73.873038661949252, 19.739712489644063 ], [ 73.87304210698835, 19.739715894582414 ], [ 73.873045295109279, 19.739719515130183 ], [ 73.873048211939022, 19.739723330994618 ], [ 73.873053125723615, 19.739730551796995 ], [ 73.873057192396899, 19.739737042063609 ], [ 73.873061019220003, 19.739743659159036 ], [ 73.873064601701373, 19.739750394627979 ], [ 73.873067933552775, 19.739757240860659 ], [ 73.873071012977562, 19.739764189401829 ], [ 73.873073834585867, 19.739771228414082 ], [ 73.873076396581055, 19.739778355360823 ], [ 73.873078693573234, 19.739785555868082 ], [ 73.873080725562403, 19.739792825708225 ], [ 73.873082488057008, 19.739800153043895 ], [ 73.873083976565439, 19.739807529419718 ], [ 73.873085195579264, 19.739814947226048 ], [ 73.873086138810308, 19.73982239631653 ], [ 73.87308680805522, 19.739829868235862 ], [ 73.873087198822347, 19.739837352837757 ], [ 73.873087314705003, 19.739844843357979 ], [ 73.873087151211635, 19.739852326268124 ], [ 73.873085215342201, 19.739890004617763 ], [ 73.873082967757355, 19.739921298390417 ], [ 73.873080139860861, 19.739952540579853 ], [ 73.873076734347592, 19.73998372442189 ], [ 73.87307139835481, 19.740033082831474 ], [ 73.873067503259762, 19.740077219261288 ], [ 73.87306442742819, 19.740121425011949 ], [ 73.873062169063601, 19.74016568740052 ], [ 73.873060729962518, 19.740209991207568 ], [ 73.873060112819914, 19.740254324595636 ], [ 73.873060313144222, 19.740298674036381 ], [ 73.873061336325307, 19.740343025155859 ], [ 73.873063177871643, 19.740387365271207 ], [ 73.873065839579837, 19.740431680008513 ], [ 73.873069318754929, 19.740475958376024 ], [ 73.873073616295244, 19.740520182617793 ], [ 73.873078730404146, 19.74056434089653 ], [ 73.873084659285027, 19.740608421375004 ], [ 73.873091400242942, 19.740652409679363 ], [ 73.873098950582886, 19.740696290590282 ], [ 73.873107312101567, 19.740740054807134 ], [ 73.873116479409049, 19.740783686265114 ], [ 73.873126448013736, 19.740827170590457 ], [ 73.873137217915669, 19.740870497636987 ], [ 73.873148784623297, 19.740913653031008 ], [ 73.873161143644964, 19.740956620707809 ], [ 73.873166469756285, 19.740965389602749 ], [ 73.873169593198526, 19.740970813617654 ], [ 73.873172617826086, 19.740976288363626 ], [ 73.873175540045708, 19.74098180961305 ], [ 73.873178359857363, 19.740987377365858 ], [ 73.873181079057758, 19.740992988240066 ], [ 73.873183693155241, 19.740998641390078 ], [ 73.873186203946446, 19.741004335124888 ], [ 73.873188609634781, 19.741010067753415 ], [ 73.873190909321877, 19.741015837584648 ], [ 73.873193103906132, 19.741021643773056 ], [ 73.873195189794231, 19.741027482936538 ], [ 73.873197166986174, 19.741033353384047 ], [ 73.873199038176878, 19.741039255961123 ], [ 73.873200798874876, 19.741045185594619 ], [ 73.873202450876661, 19.741051140593509 ], [ 73.873203990589047, 19.741057122648815 ], [ 73.87320542340197, 19.741063125841901 ], [ 73.873206744823719, 19.741069149327217 ], [ 73.873207953057786, 19.741075193950358 ], [ 73.873209051697373, 19.741081254638125 ], [ 73.873210036250924, 19.741087331390546 ], [ 73.873210909413402, 19.74109342167106 ], [ 73.873211669388112, 19.741099522943099 ], [ 73.873212317073452, 19.741105634361148 ], [ 73.873212851571026, 19.741111754234151 ], [ 73.873213274677525, 19.741117880871062 ], [ 73.873213583697989, 19.741124010889859 ], [ 73.87321377863239, 19.741130144290452 ], [ 73.873213858582474, 19.741136279381877 ], [ 73.873213828938063, 19.741142409399959 ], [ 73.873213683410967, 19.741148539417814 ], [ 73.873213424696175, 19.741154664362266 ], [ 73.873213051895348, 19.741160780851327 ], [ 73.873212567703405, 19.741166888884933 ], [ 73.873211969425398, 19.741172987617617 ], [ 73.87321125795971, 19.741179072821723 ], [ 73.873210434204594, 19.741185143651798 ], [ 73.873209498160051, 19.741191198416761 ], [ 73.873208450724448, 19.74119723458006 ], [ 73.873207290101092, 19.741203252987216 ], [ 73.873206018984959, 19.74120924941068 ], [ 73.873204635579441, 19.741215219622774 ], [ 73.873203142579428, 19.741221167851151 ], [ 73.873201539984976, 19.741227087331669 ], [ 73.873199826897746, 19.741232977218804 ], [ 73.873198005114332, 19.741238838358047 ], [ 73.873196073736466, 19.741244664830798 ], [ 73.873194034560754, 19.741250458328082 ], [ 73.873190736845373, 19.74126022661045 ], [ 73.873188307800831, 19.741268516079469 ], [ 73.873186187776781, 19.741276883335743 ], [ 73.873184380366425, 19.741285320769649 ], [ 73.873182887366411, 19.741293817389465 ], [ 73.873181708776741, 19.741302361357882 ], [ 73.873180849089024, 19.741310944219709 ], [ 73.873180307404908, 19.741319555828717 ], [ 73.873180083724407, 19.741328184347637 ], [ 73.873180180742452, 19.741336818784692 ], [ 73.873180596662436, 19.741345449839226 ], [ 73.873181330586036, 19.741354067364977 ], [ 73.873182385208167, 19.741362660370246 ], [ 73.873183754240671, 19.741371216172233 ], [ 73.873185437683503, 19.74137972800682 ], [ 73.873187436435003, 19.741388183191209 ], [ 73.873189743308657, 19.741396571579191 ], [ 73.873192359202775, 19.741404886406617 ], [ 73.873195278727437, 19.741413109917676 ], [ 73.873198499187737, 19.741421240421271 ], [ 73.87320201699039, 19.741429262698151 ], [ 73.873205827643829, 19.741437168293096 ], [ 73.873209925758147, 19.741444949596499 ], [ 73.873214306841788, 19.741452595616632 ], [ 73.873218966403172, 19.741460095361798 ], [ 73.87322389725577, 19.741467442067819 ], [ 73.873229094009687, 19.741474624743031 ], [ 73.873234551275047, 19.741481636623309 ], [ 73.873240260966995, 19.741488468407947 ], [ 73.873246217695623, 19.741495110796329 ], [ 73.8732524115795, 19.741501557024282 ], [ 73.873258839025368, 19.741507798636679 ], [ 73.873265489253413, 19.741513829714908 ], [ 73.873272353280498, 19.741519640112781 ], [ 73.873279425716746, 19.741525224757222 ], [ 73.873286695782326, 19.741530575193071 ], [ 73.873294155392458, 19.741535686347245 ], [ 73.873301795563933, 19.74154055230116 ], [ 73.873309608211969, 19.741545164599668 ], [ 73.873317580760101, 19.741549520706211 ], [ 73.873325706021845, 19.741553613856674 ], [ 73.873333973217441, 19.741557438132453 ], [ 73.873342371566991, 19.741560990997016 ], [ 73.873350892985798, 19.741564267377292 ], [ 73.873359524897367, 19.741567261354671 ], [ 73.87336825831855, 19.741569972083642 ], [ 73.875421200695214, 19.741103518024783 ], [ 73.875981781771856, 19.741475422066475 ], [ 73.876165471077812, 19.741416365163026 ], [ 73.876837766643163, 19.740289822243437 ], [ 73.877005336579657, 19.740176150770697 ], [ 73.877877041968418, 19.739584831037327 ], [ 73.878826080625046, 19.738988907733816 ], [ 73.880519560344183, 19.738518923641639 ], [ 73.880521159345378, 19.738518480582027 ], [ 73.880558417870091, 19.741050975717052 ], [ 73.884153861014383, 19.740647872606569 ], [ 73.884276245692078, 19.740634150623965 ], [ 73.884013623218777, 19.743367563352997 ], [ 73.884648568631235, 19.743648905869762 ], [ 73.885011478124568, 19.74380970758607 ], [ 73.886169970667794, 19.744086974839263 ], [ 73.88635952956578, 19.746322063712899 ], [ 73.886603753643769, 19.749016310357554 ], [ 73.88662241794043, 19.749222222166903 ], [ 73.888263539353204, 19.751647125398193 ], [ 73.888327322433312, 19.751741363332286 ], [ 73.888450804852255, 19.75195686762429 ], [ 73.888464323598981, 19.751959090345007 ], [ 73.888686469782243, 19.751232731635923 ], [ 73.888766009312434, 19.750777176005496 ], [ 73.889091595602338, 19.74866981871935 ], [ 73.889483535052378, 19.748322248339743 ], [ 73.890626978119627, 19.747345648054623 ], [ 73.890720040888141, 19.747266166351455 ], [ 73.891486850899483, 19.747273714016217 ], [ 73.891722608355906, 19.747250916296593 ], [ 73.893707131447272, 19.747059020141823 ], [ 73.894077886826295, 19.747023170585006 ], [ 73.894604348990129, 19.746975901003015 ], [ 73.895041034422803, 19.746936693990648 ], [ 73.895659239729952, 19.74688121806393 ], [ 73.896839298128199, 19.746775326409669 ], [ 73.896894104343716, 19.746791267275128 ], [ 73.898481769708866, 19.747253015641682 ], [ 73.898549635631952, 19.747124673146491 ], [ 73.898679913806021, 19.746878305353174 ], [ 73.89887371365046, 19.746511807287462 ], [ 73.898929269060886, 19.74606494084744 ], [ 73.899561933650887, 19.743378058642637 ], [ 73.899692473234708, 19.742648668614454 ], [ 73.899629717827267, 19.741377078151945 ], [ 73.899516917275363, 19.741152520969941 ], [ 73.899179630428904, 19.740481067027403 ], [ 73.899168502997469, 19.74035374639918 ], [ 73.899140706427644, 19.74003565999346 ], [ 73.89912366269175, 19.739986000577474 ], [ 73.898921999893616, 19.739398391166539 ], [ 73.898849965787633, 19.738892053805586 ], [ 73.898790989592584, 19.738494644987703 ], [ 73.898769409364505, 19.738389435189962 ], [ 73.898725204167704, 19.738173931182047 ], [ 73.898674949715755, 19.737956820363792 ], [ 73.898573714973125, 19.737519460892429 ], [ 73.89845566825997, 19.736694874006616 ], [ 73.898285447395068, 19.735457956100557 ], [ 73.898147409573582, 19.734705348191959 ], [ 73.898098316643313, 19.734356835055909 ], [ 73.898096475096963, 19.734343761919551 ], [ 73.898066077904389, 19.734127971727393 ], [ 73.898058717108967, 19.734075719687251 ], [ 73.898010304203353, 19.733732044311314 ], [ 73.897969891693663, 19.733502538307352 ], [ 73.897660182228108, 19.73219951462568 ], [ 73.897600796401278, 19.731988094815406 ], [ 73.89753505140061, 19.731179165587729 ], [ 73.897530699961365, 19.730268602361914 ], [ 73.897398652106162, 19.729831933815881 ], [ 73.897391240106742, 19.729816832609096 ], [ 73.897259648595735, 19.729548731200133 ], [ 73.897273516787081, 19.729260999141921 ], [ 73.897395540342018, 19.729124849289448 ], [ 73.897460003446838, 19.729075294715656 ], [ 73.897513990398764, 19.729033792621426 ], [ 73.897627818623377, 19.728946283973229 ], [ 73.897958898111227, 19.72869175275336 ], [ 73.898224225411866, 19.725918453027951 ], [ 73.896615884422104, 19.722535573732898 ], [ 73.896525494141599, 19.722356537653887 ], [ 73.896442604793677, 19.722144269346391 ], [ 73.895843015274153, 19.720481262159741 ], [ 73.895771167119392, 19.720266418109031 ], [ 73.89492587040337, 19.718605723657191 ], [ 73.894880648313659, 19.71780901726299 ], [ 73.895152777657614, 19.716088743074895 ], [ 73.895479019717669, 19.71538436388412 ], [ 73.896012883999433, 19.714442805984962 ], [ 73.896123058775771, 19.71428485080455 ], [ 73.896260539641787, 19.714188668578803 ], [ 73.8963813801155, 19.714120032069559 ], [ 73.896458163614412, 19.71403096008099 ], [ 73.896548164924411, 19.713926551931422 ], [ 73.896612485197082, 19.713823842653227 ], [ 73.896834663719673, 19.713487995182817 ], [ 73.896912421890647, 19.71340995794446 ], [ 73.897026291437768, 19.713308479625645 ], [ 73.897456713816268, 19.713029545418298 ], [ 73.897843881415483, 19.712520025955794 ], [ 73.89817894762659, 19.712031036984733 ], [ 73.898687587215178, 19.711325998049784 ], [ 73.898753136383149, 19.711330096202911 ], [ 73.900019327945799, 19.710992503932822 ], [ 73.901543581235046, 19.710562044149754 ], [ 73.902711389307782, 19.708782292364972 ], [ 73.903054519695146, 19.708259335674907 ], [ 73.903066222946677, 19.708241496610597 ], [ 73.903619649840394, 19.707442248841556 ], [ 73.903971750804232, 19.706949910593409 ], [ 73.904003907796451, 19.706904946375349 ], [ 73.904158151225673, 19.706062325855761 ], [ 73.904196246980263, 19.705854208631653 ], [ 73.904233253078374, 19.705652040689184 ], [ 73.904489389715351, 19.704252739619101 ], [ 73.904501145967458, 19.704188515170909 ], [ 73.904707704583885, 19.703679873307991 ], [ 73.904815109854212, 19.703631923631352 ], [ 73.905357653658271, 19.703389702148932 ], [ 73.905544630798119, 19.703306222850376 ], [ 73.905545127566484, 19.70330635731985 ], [ 73.906913028182217, 19.703674658611167 ], [ 73.907020481063242, 19.703703587236987 ], [ 73.908524171017334, 19.703038447407227 ], [ 73.909172589362456, 19.702747026797908 ], [ 73.91059521983685, 19.701831054729009 ], [ 73.910588937019753, 19.70177840225081 ], [ 73.911174597262502, 19.701541742860766 ], [ 73.910894109993151, 19.700974998401691 ], [ 73.91069248582258, 19.700159007651028 ], [ 73.91063181360829, 19.699321188395164 ], [ 73.910568913572092, 19.698452484894016 ], [ 73.912132566969703, 19.697709905038892 ], [ 73.912074816076739, 19.697369558170134 ], [ 73.912385090582603, 19.69690825938391 ], [ 73.912645525658178, 19.696476433867485 ], [ 73.912466968427495, 19.696452635983356 ], [ 73.91245621918678, 19.696451204118222 ], [ 73.912737058595766, 19.696019029761906 ], [ 73.912758874182444, 19.695278077703559 ], [ 73.912441643122975, 19.694656869984701 ], [ 73.912370487569333, 19.694525481088132 ], [ 73.912217756004708, 19.694243453297545 ], [ 73.911167009193321, 19.694586537792166 ], [ 73.910403609186773, 19.69482201324783 ], [ 73.91020030157334, 19.69498464780494 ], [ 73.910144652738111, 19.695018097763054 ], [ 73.908844509349308, 19.695576159594239 ], [ 73.908824500274704, 19.695612192381521 ], [ 73.908348259325109, 19.695934814191059 ], [ 73.908297537749235, 19.695978378378399 ], [ 73.907885718581952, 19.69626674290754 ], [ 73.90761883090768, 19.696720316727884 ], [ 73.907384125378471, 19.697107287099875 ], [ 73.90734433090968, 19.697140255381196 ], [ 73.907277583389117, 19.697191747321966 ], [ 73.907063203141533, 19.697315651665861 ], [ 73.907061046286529, 19.697314518358759 ], [ 73.906357526180173, 19.696944466096536 ], [ 73.906272927338279, 19.696894805978932 ], [ 73.906079515566049, 19.696737703752294 ], [ 73.905909868724635, 19.696599905738449 ], [ 73.905510584648866, 19.696276688165057 ], [ 73.905287914747802, 19.696096438628164 ], [ 73.905279087003493, 19.696087231706201 ], [ 73.905095907940662, 19.695896189224889 ], [ 73.905019029220327, 19.695758616304367 ], [ 73.904984591405608, 19.695696990005111 ], [ 73.904855599618983, 19.695466164986815 ], [ 73.904646328090436, 19.694954585124883 ], [ 73.9041853180765, 19.694493599078136 ], [ 73.904091550130502, 19.694406036004935 ], [ 73.904085251143727, 19.694398812309323 ], [ 73.904079082412693, 19.694391484584063 ], [ 73.904073048428927, 19.694384053674867 ], [ 73.904067150090739, 19.694376524656334 ], [ 73.904061390093162, 19.694368898374261 ], [ 73.90405576933442, 19.694361173982816 ], [ 73.90405028781457, 19.694353359093867 ], [ 73.904044950025138, 19.694345453707502 ], [ 73.904039756864478, 19.694337460360909 ], [ 73.904034709230899, 19.694329380745653 ], [ 73.904029808921024, 19.694321217399036 ], [ 73.904025057731474, 19.694312975395601 ], [ 73.904020456560616, 19.694304653043844 ], [ 73.904016007205001, 19.694296255418347 ], [ 73.904011710562997, 19.694287785056414 ], [ 73.904007570227861, 19.694279243649543 ], [ 73.904003584402943, 19.694270634580782 ], [ 73.903999754884879, 19.694261961233241 ], [ 73.903996082572007, 19.694253223606854 ], [ 73.903992571057557, 19.694244427622035 ], [ 73.903989220341543, 19.694235574124534 ], [ 73.90398603042398, 19.694226665651598 ], [ 73.903983001304837, 19.694217703894793 ], [ 73.903980136577388, 19.694208695620279 ], [ 73.903977435343322, 19.694199639136418 ], [ 73.903974899399287, 19.694190540363696 ], [ 73.903972528745243, 19.694181399302028 ], [ 73.903970324279527, 19.694172220180288 ], [ 73.903968286900479, 19.694163006381498 ], [ 73.903966418404679, 19.694153759597224 ], [ 73.90396471699556, 19.694144484056284 ], [ 73.903963183571335, 19.694135180604476 ], [ 73.903961819928753, 19.694125852624826 ], [ 73.903960626966068, 19.69411650519195 ], [ 73.903959602886644, 19.694107139151622 ], [ 73.903958748588806, 19.694097756195386 ], [ 73.903957729899247, 19.694082543355421 ], [ 73.903944683666381, 19.693631534050045 ], [ 73.903942999325224, 19.69341915572809 ], [ 73.904064792013131, 19.693176535652224 ], [ 73.904240105427334, 19.692874161213627 ], [ 73.904322024594762, 19.69274154363325 ], [ 73.904529904632966, 19.69204359105948 ], [ 73.904848978137039, 19.692011797362014 ], [ 73.905755615413938, 19.691921437628164 ], [ 73.905744058587814, 19.691603588088377 ], [ 73.905743199798437, 19.691543783695636 ], [ 73.905854597181843, 19.691384436584052 ], [ 73.905974830394442, 19.691190345359544 ], [ 73.906261621142164, 19.690932412346985 ], [ 73.906313617427415, 19.690668752097334 ], [ 73.906374168369126, 19.69047692671624 ], [ 73.906512672416284, 19.690225340201117 ], [ 73.90678168280958, 19.689736706834864 ], [ 73.906773333867321, 19.689314056597595 ], [ 73.906732302418391, 19.688940487629136 ], [ 73.907233913588215, 19.688557612321574 ], [ 73.906725479713813, 19.687517956781342 ], [ 73.906622223761815, 19.687306800995106 ], [ 73.90666586212167, 19.68724182459286 ], [ 73.907454335006108, 19.686057093831494 ], [ 73.907585907652518, 19.685859408214458 ], [ 73.907601230216301, 19.685810064375389 ], [ 73.907536841671686, 19.684653652022053 ], [ 73.907556174314919, 19.684594668861038 ], [ 73.907676935736902, 19.684226239931252 ], [ 73.908155235625102, 19.683381831202681 ], [ 73.908536184187611, 19.682704910810408 ], [ 73.908541898371141, 19.682704162251952 ], [ 73.908583847898271, 19.682698667748287 ], [ 73.908639281137823, 19.682691407999684 ], [ 73.90967358967788, 19.682555935769411 ], [ 73.910546142177978, 19.682235123301076 ], [ 73.910981208846465, 19.681968736992093 ], [ 73.91204888440943, 19.681336460623591 ], [ 73.91254722391497, 19.681192981402898 ], [ 73.913843350037823, 19.68068353989543 ], [ 73.91480586611867, 19.679414057613744 ], [ 73.915903527445792, 19.678737819971921 ], [ 73.918269466223663, 19.677314835634053 ], [ 73.920314492646042, 19.676410690391744 ], [ 73.920558891895539, 19.67630330310201 ], [ 73.92061796600693, 19.676277346961758 ], [ 73.921462352729591, 19.675915397680441 ], [ 73.922404453697268, 19.675503622653032 ], [ 73.922476839044549, 19.675625623662576 ], [ 73.922759486762189, 19.674056607061548 ], [ 73.922946045287134, 19.674025886591842 ], [ 73.924249250134423, 19.67381127961081 ], [ 73.924709199237995, 19.673222884007849 ], [ 73.925513830119471, 19.672193547696903 ], [ 73.925514870368531, 19.672192214583337 ], [ 73.925854260171107, 19.672815238419567 ], [ 73.926288620763799, 19.673612566367382 ], [ 73.927160336034035, 19.675225651982192 ], [ 73.927734335246086, 19.674942197055753 ], [ 73.928443556061197, 19.674591961772137 ], [ 73.928820785598447, 19.674391880028953 ], [ 73.928837846402331, 19.674323694221073 ], [ 73.929010453192618, 19.674018136688836 ], [ 73.929783353781602, 19.673601337353087 ], [ 73.929920594797423, 19.673430390633587 ], [ 73.929926325150646, 19.673422990049275 ], [ 73.929931784212613, 19.673415401679797 ], [ 73.929936966593502, 19.673407635675591 ], [ 73.929941863310106, 19.673399702187165 ], [ 73.92994647166752, 19.6733916079816 ], [ 73.929950783580892, 19.673383365746922 ], [ 73.929954793660301, 19.673374984787849 ], [ 73.929958499210855, 19.673366474409015 ], [ 73.929961893944323, 19.673357845606759 ], [ 73.929964975165731, 19.67334910937754 ], [ 73.929967736586917, 19.673340275025982 ], [ 73.929970178207853, 19.673331355240236 ], [ 73.929972292842052, 19.673322357633175 ], [ 73.929974081387783, 19.673313298276494 ], [ 73.929975541150128, 19.673304183937212 ], [ 73.929976984742751, 19.673291823961858 ], [ 73.930325479869026, 19.670732876590364 ], [ 73.931501449136121, 19.670406491386295 ], [ 73.931785961756262, 19.67050218307957 ], [ 73.93230190734306, 19.670675711202097 ], [ 73.933143695239622, 19.670940780625187 ], [ 73.935133357592761, 19.671587008636912 ], [ 73.935175585597619, 19.671625822177557 ], [ 73.936483208359491, 19.671593657312055 ], [ 73.937466559965017, 19.671575220349048 ], [ 73.938321875591441, 19.670713190991638 ], [ 73.938407422155962, 19.670626973420724 ], [ 73.938629060791058, 19.67040359335455 ], [ 73.93863368082657, 19.670398936709734 ], [ 73.939646206119264, 19.670865908270525 ], [ 73.941098667847655, 19.671024114386896 ], [ 73.94241672543987, 19.671679874362987 ], [ 73.94384464160143, 19.671276291038787 ], [ 73.945013866317353, 19.672041789224952 ], [ 73.945160840579291, 19.672325652768105 ], [ 73.945596695070293, 19.672427536025168 ], [ 73.945901120645374, 19.672129822994851 ], [ 73.946068607038512, 19.672036006754677 ], [ 73.94627157958034, 19.671975009970424 ], [ 73.946693654813217, 19.67186623583871 ], [ 73.9466998253409, 19.671864646418975 ], [ 73.946960908101829, 19.671824425381551 ], [ 73.947183961583477, 19.671827940038629 ], [ 73.947763224024769, 19.67195211438877 ], [ 73.948315003408283, 19.672073393178824 ], [ 73.94902432303806, 19.672212957355551 ], [ 73.949425035435183, 19.672695376196724 ], [ 73.95003360810756, 19.672536018792332 ], [ 73.95005012902395, 19.672531546611864 ], [ 73.950066559210498, 19.672526806286474 ], [ 73.950082894175608, 19.672521798662107 ], [ 73.950099132122716, 19.672516524584555 ], [ 73.950115264966882, 19.672510986591497 ], [ 73.950131287318285, 19.672505186374632 ], [ 73.950147195583639, 19.67249912562572 ], [ 73.95016298616973, 19.67249280772824 ], [ 73.950178652788267, 19.67248623183626 ], [ 73.950194190947727, 19.672479401333334 ], [ 73.950209596156554, 19.672472316219423 ], [ 73.950224861228165, 19.672464983261527 ], [ 73.950239986162629, 19.672457400767822 ], [ 73.950254961976711, 19.672449571275976 ], [ 73.950269787772172, 19.672441499015346 ], [ 73.950284456362439, 19.672433185677651 ], [ 73.950298964154257, 19.672424633800532 ], [ 73.950318273441312, 19.672412723767142 ], [ 73.950747395059267, 19.672193190733772 ], [ 73.951038953166176, 19.672113226738595 ], [ 73.951553592602565, 19.671923932018569 ], [ 73.951789538705214, 19.671859458600192 ], [ 73.952559596126335, 19.671604718981325 ], [ 73.95267282427632, 19.671540522039827 ], [ 73.953248939919163, 19.671213881330083 ], [ 73.953542095230688, 19.671015537903745 ], [ 73.953919448735448, 19.670791178836581 ], [ 73.954783625343808, 19.670236902303404 ], [ 73.955352508650321, 19.669676923350124 ], [ 73.955376310412078, 19.669653492832914 ], [ 73.955963925388872, 19.669065396640629 ], [ 73.956187430723134, 19.668986706703954 ], [ 73.956871186096578, 19.668696313645864 ], [ 73.956873668141739, 19.668695259651084 ], [ 73.956875789064114, 19.668695983743799 ], [ 73.957196823590451, 19.668805614388134 ], [ 73.957365446352441, 19.668863196627047 ], [ 73.957520693199868, 19.668928274378406 ], [ 73.957660220428096, 19.669048723090071 ], [ 73.957799968641893, 19.669199969242882 ], [ 73.957814092853084, 19.669215256347691 ], [ 73.957813893427101, 19.669215957598755 ], [ 73.957742220443862, 19.669468395940438 ], [ 73.957839121713548, 19.669577969381319 ], [ 73.957997447985761, 19.669889870297279 ], [ 73.957993559178888, 19.669954098352196 ], [ 73.957972661670439, 19.670299265868351 ], [ 73.958012442664469, 19.670316497578991 ], [ 73.958306505274422, 19.670443869731589 ], [ 73.958500860277709, 19.670537537180682 ], [ 73.958781655669227, 19.671126757234571 ], [ 73.958515395917317, 19.671839366268635 ], [ 73.958358400050059, 19.672255162739145 ], [ 73.958331311352666, 19.672326907213385 ], [ 73.958394400035061, 19.672349390796267 ], [ 73.958541117378843, 19.672401678225452 ], [ 73.958766838856903, 19.672476268183686 ], [ 73.959098913678105, 19.672594977633072 ], [ 73.959225448572397, 19.672729097262888 ], [ 73.959359171785593, 19.672805658817396 ], [ 73.959417948554631, 19.672888541600987 ], [ 73.959533715343625, 19.673028398588166 ], [ 73.959737879051517, 19.673275671912133 ], [ 73.959857678377801, 19.673431695822902 ], [ 73.959887073050524, 19.673469979397453 ], [ 73.959964892306942, 19.673571330716285 ], [ 73.960528616588761, 19.673884552730989 ], [ 73.960631992016715, 19.673941991884075 ], [ 73.960823229865966, 19.674043071378687 ], [ 73.961037549028148, 19.674156349157254 ], [ 73.961264534435827, 19.674276323634388 ], [ 73.961408430171289, 19.674201187233713 ], [ 73.962963819966603, 19.673653994867724 ], [ 73.963043805061204, 19.673625855936493 ], [ 73.963109856387419, 19.673547374632832 ], [ 73.963154669743687, 19.673494130890152 ], [ 73.963402399047879, 19.67319978474767 ], [ 73.964101576698141, 19.6732170220676 ], [ 73.964586240251805, 19.673281326609995 ], [ 73.964803891265348, 19.673319906277879 ], [ 73.965006658092989, 19.673097179600468 ], [ 73.96526381521609, 19.67273855083333 ], [ 73.965974587421712, 19.671767136037325 ], [ 73.965980537862194, 19.671759002838485 ], [ 73.966076308152907, 19.671620169113009 ], [ 73.966926242870784, 19.671557056605625 ], [ 73.967394301964745, 19.671260730908354 ], [ 73.967558098977037, 19.671166767820544 ], [ 73.967785165233053, 19.671139858376364 ], [ 73.968023451447024, 19.671073386650075 ], [ 73.96819487066449, 19.671049246635018 ], [ 73.968462769841778, 19.671007299776374 ], [ 73.969268333174483, 19.670844771984488 ], [ 73.969335572073504, 19.670831204732384 ], [ 73.969416420449065, 19.670856080705697 ], [ 73.970111033759366, 19.671069801767533 ], [ 73.970269977174183, 19.671227663405681 ], [ 73.970486977807454, 19.671443187405714 ], [ 73.971319055814092, 19.67271022141799 ], [ 73.971631405428298, 19.673188741797851 ], [ 73.971643223664174, 19.673533571609781 ], [ 73.971647373880771, 19.673654676644222 ], [ 73.971648662064908, 19.673678698689976 ], [ 73.971649499294728, 19.673702733420303 ], [ 73.971649885570329, 19.67372677237638 ], [ 73.97164982358656, 19.673750809637145 ], [ 73.971649309750205, 19.673774837589619 ], [ 73.971648346756226, 19.673798848620997 ], [ 73.971646932807957, 19.673822837656029 ], [ 73.971645068803753, 19.673846793698274 ], [ 73.971642758336841, 19.673870713364352 ], [ 73.971639997813966, 19.673894584811922 ], [ 73.971636789930102, 19.673918404657588 ], [ 73.971633135583502, 19.673942166134339 ], [ 73.971629036570889, 19.673965858245825 ], [ 73.971621374839813, 19.674004445361792 ], [ 73.971517303217539, 19.674436125082977 ], [ 73.971682919318255, 19.674690535386706 ], [ 73.971920500354699, 19.674740001072916 ], [ 73.972582347615003, 19.674877800979996 ], [ 73.972738384979863, 19.674917615233547 ], [ 73.972979057119204, 19.674962056384135 ], [ 73.973900377359428, 19.675163195596969 ], [ 73.974576173659443, 19.675004667906904 ], [ 73.974768713167578, 19.674916659400584 ], [ 73.975621759649599, 19.674777885083987 ], [ 73.976005897231374, 19.674841947927025 ], [ 73.97603406839869, 19.674848171840324 ], [ 73.97749444428473, 19.675170799109345 ], [ 73.977876340569878, 19.675242768125063 ], [ 73.978023093846275, 19.675305666868141 ], [ 73.97816403322615, 19.675427185038242 ], [ 73.978194078279131, 19.675453091410066 ], [ 73.978429743209077, 19.675728276251021 ], [ 73.979483867685971, 19.674350825595202 ], [ 73.980087073822858, 19.673562598728068 ], [ 73.980475922170015, 19.673040521737523 ], [ 73.981121755163727, 19.671936722655211 ], [ 73.981187973576596, 19.671823548197587 ], [ 73.98134616689812, 19.671624842640121 ], [ 73.982110474203111, 19.671223571838883 ], [ 73.982551900045507, 19.670991814058173 ], [ 73.982719747561418, 19.670907209751331 ], [ 73.983637296674061, 19.670814491608578 ], [ 73.984602430445648, 19.669918651919708 ], [ 73.984711011610671, 19.66981786588774 ], [ 73.985402647005799, 19.670159963944439 ], [ 73.985889093715301, 19.670179446596308 ], [ 73.986720114404861, 19.670000681841508 ], [ 73.986824104280458, 19.66997831127922 ], [ 73.986975228759036, 19.669918574943175 ], [ 73.988935883613323, 19.668859263183549 ], [ 73.988945509959891, 19.668854061733047 ], [ 73.989436321583355, 19.669026350703124 ], [ 73.989537312882547, 19.669081708144002 ], [ 73.990421187748481, 19.669292595270615 ], [ 73.99136221433109, 19.668725824650586 ], [ 73.992621724224662, 19.668103457413448 ], [ 73.995047858211379, 19.667811526587499 ], [ 73.995876611553172, 19.66783440076702 ], [ 73.996627729793147, 19.667824590780342 ], [ 73.997836328566279, 19.667982837964313 ], [ 73.998285467343734, 19.668238934249889 ], [ 73.998870896719453, 19.668790258726148 ], [ 73.999418888805707, 19.669376791860433 ], [ 73.999777080347158, 19.669745717643305 ], [ 74.000082886632796, 19.669573101238012 ], [ 74.001140622337118, 19.668987195634813 ], [ 74.001209087436493, 19.668891548715795 ], [ 74.001807356432565, 19.668394315101096 ], [ 74.002443414857694, 19.668017354327933 ], [ 74.002720042964611, 19.668244535833455 ], [ 74.003149525705311, 19.667903712700042 ], [ 74.003342150553379, 19.66782178575173 ], [ 74.003898316410385, 19.668196900373442 ], [ 74.004226955175625, 19.668418556178562 ], [ 74.004225421751414, 19.668574468082966 ], [ 74.004221447604621, 19.668978288295325 ], [ 74.005226284216803, 19.669374436877291 ], [ 74.005474409678087, 19.669549685931752 ], [ 74.005746067406491, 19.669741556675138 ], [ 74.005848847251428, 19.670185224058159 ], [ 74.005922070726868, 19.670501301658913 ], [ 74.006755671377931, 19.670801476721138 ], [ 74.006926588437139, 19.670863022089552 ], [ 74.007153721168507, 19.67123222528684 ], [ 74.007815820855413, 19.671851054722527 ], [ 74.008099079427438, 19.672190076187942 ], [ 74.008220557704988, 19.67233546924632 ], [ 74.008407035381566, 19.672410154820188 ], [ 74.008538806555634, 19.672405054145017 ], [ 74.009214416904413, 19.672118081270604 ], [ 74.01048915414033, 19.670823482589295 ], [ 74.010651592899919, 19.670757942904569 ], [ 74.010906315588613, 19.670570664038241 ], [ 74.011782299653078, 19.669926601652474 ], [ 74.011887414219444, 19.670060288724983 ], [ 74.012402603424746, 19.670715509581754 ], [ 74.012565121236065, 19.670891131899698 ], [ 74.01300052387451, 19.671361642070465 ], [ 74.01365748968955, 19.672092967799561 ], [ 74.014117094738367, 19.672469280346114 ], [ 74.014298298405905, 19.672544605344711 ], [ 74.014632490556224, 19.67268352708691 ], [ 74.015163282599715, 19.672747068858442 ], [ 74.01615595781962, 19.672693831616932 ], [ 74.017266410258074, 19.672423135741695 ], [ 74.017385423558494, 19.672711874270455 ], [ 74.017602464615976, 19.672748506010802 ], [ 74.018047969708064, 19.672823697228949 ], [ 74.018361375741037, 19.672870632616483 ], [ 74.018495647824878, 19.672890741736332 ], [ 74.018662362565166, 19.672961695028093 ], [ 74.020215273908633, 19.673547628395944 ], [ 74.020827710235054, 19.673761152162935 ], [ 74.021052957402659, 19.673839684114437 ], [ 74.021064762163803, 19.673770356984956 ], [ 74.021639486316275, 19.673017062952077 ], [ 74.021752137747868, 19.672966576602562 ], [ 74.022381462401626, 19.672371344853012 ], [ 74.023027398701601, 19.671754199048767 ], [ 74.023976456222869, 19.670865277235666 ], [ 74.024051631737407, 19.670886372916236 ], [ 74.025896191019314, 19.670575992316923 ], [ 74.026125650387272, 19.670554590382295 ], [ 74.026466448748181, 19.670495097032358 ], [ 74.027307770419114, 19.67034246737315 ], [ 74.027948375217903, 19.670226247415044 ], [ 74.0302392849066, 19.669805152904519 ], [ 74.030406206259428, 19.669774358026817 ], [ 74.032351529566768, 19.668804458885798 ], [ 74.032456489622902, 19.668779596974456 ], [ 74.033435938946823, 19.667896907379046 ], [ 74.033548332561907, 19.667849872409832 ], [ 74.03375265886487, 19.667465584782928 ], [ 74.03382784695583, 19.667304298579531 ], [ 74.033900872801908, 19.667147652880921 ], [ 74.034434869136021, 19.66612268900877 ], [ 74.034495014039251, 19.665982276149968 ], [ 74.034570155417825, 19.665891512611687 ], [ 74.034668013393301, 19.665843776634176 ], [ 74.0348998622799, 19.665921293134488 ], [ 74.035879733812038, 19.666186994705519 ], [ 74.036298579601478, 19.666300567339405 ], [ 74.036497267179399, 19.666327562187469 ], [ 74.038077728055967, 19.666501236942803 ], [ 74.040140865412809, 19.666718836401341 ], [ 74.040372464567781, 19.66675942161655 ], [ 74.040427345343446, 19.666763039586073 ], [ 74.040914497230446, 19.66679515635796 ], [ 74.041438634554311, 19.666834972619331 ], [ 74.04190071985164, 19.666895283633011 ], [ 74.042421881955306, 19.666956843189926 ], [ 74.042507339586592, 19.666966420603902 ], [ 74.042626977216131, 19.666979829151735 ], [ 74.042706971293853, 19.666988794970173 ], [ 74.043120782924461, 19.66703192038926 ], [ 74.043299760566697, 19.667024424767426 ], [ 74.04334562674849, 19.667005214961542 ], [ 74.043555167771643, 19.666956377092461 ], [ 74.044992636617934, 19.666558845386881 ], [ 74.045287375659271, 19.666477332249304 ], [ 74.045323843666566, 19.666430917764934 ], [ 74.046392948449125, 19.665558598896478 ], [ 74.04693736074897, 19.665114366321649 ], [ 74.046956909886177, 19.665098413931322 ], [ 74.047777010655153, 19.664404480878439 ], [ 74.048748482041063, 19.663634274998902 ], [ 74.049482681410993, 19.663029996030282 ], [ 74.049553539622266, 19.662918486002543 ], [ 74.050221595139504, 19.662815233902556 ], [ 74.050860209271619, 19.662713908774368 ], [ 74.050922941322852, 19.662703954665574 ], [ 74.050962149191733, 19.662697733664466 ], [ 74.051068673214743, 19.662737828409824 ], [ 74.051256929555606, 19.662648196587245 ], [ 74.051661287316122, 19.662455673597346 ], [ 74.051960957210056, 19.662308880858706 ], [ 74.05230333211432, 19.662380058777611 ], [ 74.052814412425519, 19.662486306615339 ], [ 74.054004328935719, 19.662411305959491 ], [ 74.055833355448044, 19.662265919972842 ], [ 74.056153455726502, 19.662240474197066 ], [ 74.056178546570706, 19.662193257383823 ], [ 74.056811724997004, 19.662025555359364 ], [ 74.056859978002493, 19.661968979022916 ], [ 74.057616425048735, 19.661627378665077 ], [ 74.058910450012149, 19.661014439826413 ], [ 74.05916327635731, 19.660897982163537 ], [ 74.059704526587339, 19.660891516614605 ], [ 74.061612154788705, 19.66096579977523 ], [ 74.062584492150549, 19.660986503394764 ], [ 74.06392917311284, 19.6610755397564 ], [ 74.063904600596544, 19.660985427354795 ], [ 74.064560476755176, 19.660977648059269 ], [ 74.065551248444962, 19.660965877602052 ], [ 74.065717687402483, 19.660951531245839 ], [ 74.067227031352971, 19.661094351833668 ], [ 74.067344224666613, 19.661105441297575 ], [ 74.067446654168592, 19.661115134109288 ], [ 74.068108463699645, 19.661570462120167 ], [ 74.06870152695862, 19.66122278028152 ], [ 74.069149391924995, 19.660964639986702 ], [ 74.07093888178504, 19.660817279100542 ], [ 74.072084755693481, 19.659475282723534 ], [ 74.072197405328424, 19.659378253766402 ], [ 74.072762129435148, 19.658360804780067 ], [ 74.074193565195998, 19.65849563761595 ], [ 74.074311072919983, 19.658418762145139 ], [ 74.076419045192679, 19.657899084044921 ], [ 74.076861022600681, 19.657077376787559 ], [ 74.076901969607945, 19.656969656771945 ], [ 74.077811306322275, 19.656188521646246 ], [ 74.07810658704777, 19.655447866740065 ], [ 74.078277775398163, 19.654432474773973 ], [ 74.077827408623747, 19.652932020971384 ], [ 74.078351946596257, 19.652140307383856 ], [ 74.078494940423155, 19.651924479953895 ], [ 74.079368934719284, 19.651914481183951 ], [ 74.079724699911139, 19.65191040858214 ], [ 74.081527195579866, 19.65037741267389 ], [ 74.081611570741245, 19.650305651610985 ], [ 74.08172420690147, 19.650187390114674 ], [ 74.083512767005189, 19.649163499722693 ], [ 74.083645269407924, 19.649219276024553 ], [ 74.083767531914717, 19.649115942349752 ], [ 74.084051107592018, 19.648876272907465 ], [ 74.085251483187093, 19.648752073920431 ], [ 74.086111635342988, 19.648271567788623 ], [ 74.087463140806463, 19.647583237845474 ], [ 74.087468798396117, 19.647580354629529 ], [ 74.087595995348764, 19.647528476192221 ], [ 74.087612747132198, 19.647504760716291 ], [ 74.087678691558892, 19.647411399608202 ], [ 74.087870899588651, 19.647201610602593 ], [ 74.088079895334431, 19.646973518586172 ], [ 74.088286700089256, 19.646747839090196 ], [ 74.08885432755099, 19.646128702127591 ], [ 74.089611910067774, 19.645303454036547 ], [ 74.089843252304547, 19.645051684939446 ], [ 74.089949768242747, 19.644948445874402 ], [ 74.09002279588546, 19.644864355750698 ], [ 74.090293026190921, 19.644553216664512 ], [ 74.090603351900754, 19.644195984317193 ], [ 74.091067276947769, 19.643651526324838 ], [ 74.091141977253528, 19.643563910938905 ], [ 74.091210097399838, 19.643484029963393 ], [ 74.091377117567376, 19.643288226733826 ], [ 74.091477657013954, 19.643170401697912 ], [ 74.09157838959834, 19.643052380294719 ], [ 74.09161740612609, 19.643006679010782 ], [ 74.091831148569824, 19.642756393648568 ], [ 74.092567803933747, 19.642600233293788 ], [ 74.09319787059593, 19.642434874627529 ], [ 74.093388965613059, 19.642384770368089 ], [ 74.094103102009413, 19.642197672420743 ], [ 74.094427035399193, 19.642044974377498 ], [ 74.094514180066582, 19.641876648062507 ], [ 74.094546530196595, 19.641814169382968 ], [ 74.094727610794934, 19.641720169585081 ], [ 74.094873013005156, 19.641599385622854 ], [ 74.095205153403342, 19.641460568939337 ], [ 74.09601789786845, 19.64101766222899 ], [ 74.096254230246672, 19.640950269362502 ], [ 74.099085541257452, 19.642683406650377 ], [ 74.09985927009312, 19.643867730367791 ], [ 74.09998768516131, 19.644429897587969 ], [ 74.10000086434485, 19.644487592639784 ], [ 74.100030817769664, 19.644623818700978 ], [ 74.100102363192164, 19.644840797242431 ], [ 74.100136324899793, 19.64496428013268 ], [ 74.100205399056946, 19.645175214198886 ], [ 74.100239165830175, 19.645278328752223 ], [ 74.100245155796486, 19.645296622375849 ], [ 74.100315972685266, 19.645498667666423 ], [ 74.100408595279262, 19.645803754160323 ], [ 74.100749423284583, 19.646808921611466 ], [ 74.101156779621533, 19.64810783084674 ], [ 74.101198467738911, 19.648228971157884 ], [ 74.101323691991198, 19.648371814917073 ], [ 74.101415285115877, 19.648276981409282 ], [ 74.101504034174383, 19.648227118394544 ], [ 74.101585051433204, 19.648180841604606 ], [ 74.101685614236018, 19.648134246701147 ], [ 74.101778028420895, 19.648073957397045 ], [ 74.101905444562462, 19.648006183403812 ], [ 74.102083380158987, 19.647923741222066 ], [ 74.102139069418399, 19.647897515685802 ], [ 74.102229839686302, 19.647854770057553 ], [ 74.102479768964628, 19.647734322348779 ], [ 74.102578042860102, 19.647677065007102 ], [ 74.102686339259179, 19.647626882858752 ], [ 74.102747237848902, 19.647598664911079 ], [ 74.102848785205254, 19.647551609606836 ], [ 74.103056302324092, 19.647447066749073 ], [ 74.103062232103298, 19.647445345955013 ], [ 74.10320777355237, 19.647403097663151 ], [ 74.103281470439939, 19.647377686754407 ], [ 74.103471197322889, 19.647298505639764 ], [ 74.103543810842268, 19.647270919608093 ], [ 74.103629558629407, 19.64721637273631 ], [ 74.103741505781798, 19.647155748064929 ], [ 74.103828458209705, 19.647115448918925 ], [ 74.1038549827651, 19.64710672141225 ], [ 74.103958511804962, 19.647072658243474 ], [ 74.104008627916357, 19.647049430851965 ], [ 74.104132761613897, 19.647000639359536 ], [ 74.104407564344157, 19.646882009947895 ], [ 74.104481257638483, 19.646856596418576 ], [ 74.104604590038775, 19.646781940398704 ], [ 74.10511436689454, 19.646453752651414 ], [ 74.105332337708319, 19.646313424096778 ], [ 74.105415998709034, 19.646248431077467 ], [ 74.105485607363789, 19.646216157907553 ], [ 74.105899180940796, 19.646015660895007 ], [ 74.106082138119774, 19.645954168596884 ], [ 74.106182114322706, 19.645910700793504 ], [ 74.106507368235938, 19.645777364995091 ], [ 74.106658817904631, 19.645733366686933 ], [ 74.106743891955276, 19.645693915745856 ], [ 74.106752921820529, 19.64568931083706 ], [ 74.106933159799141, 19.645597397912905 ], [ 74.107540258336144, 19.645316509910383 ], [ 74.107755947429126, 19.645181488333144 ], [ 74.107848748787845, 19.645138443334002 ], [ 74.107918350256057, 19.645106158942557 ], [ 74.108246595559194, 19.644947904416519 ], [ 74.108395126601536, 19.64487629236481 ], [ 74.109028284366602, 19.644600013116715 ], [ 74.109252968290534, 19.644513262891401 ], [ 74.109752807982602, 19.644325080274786 ], [ 74.110438386936096, 19.644588507111223 ], [ 74.111313929029436, 19.644802823248114 ], [ 74.111859830736037, 19.644890888044806 ], [ 74.112303919184939, 19.644996632234868 ], [ 74.1126244955705, 19.645063905804793 ], [ 74.112812546197119, 19.645103371283181 ], [ 74.112914598406647, 19.645159605004583 ], [ 74.112992886583655, 19.645205248145739 ], [ 74.114760312922016, 19.646026812314847 ], [ 74.114976546394047, 19.646125387414454 ], [ 74.115480558760638, 19.646355159141027 ], [ 74.115532014260111, 19.646369428122664 ], [ 74.115615286290307, 19.646386905212296 ], [ 74.115993483313119, 19.646466278823194 ], [ 74.116843147638107, 19.64509278579137 ], [ 74.118714380595733, 19.644581804016664 ], [ 74.119724281909498, 19.642607462708217 ], [ 74.11984269513529, 19.642770605419461 ], [ 74.119917272371865, 19.642873352644571 ], [ 74.120028063392496, 19.643025996599405 ], [ 74.120444934684926, 19.64371382662204 ], [ 74.12073030339954, 19.644184657641539 ], [ 74.120911758595383, 19.644472689814027 ], [ 74.121112204176285, 19.644660114215171 ], [ 74.121241292980926, 19.644810575409018 ], [ 74.121409263566022, 19.644996920730311 ], [ 74.121989008402608, 19.645650953794508 ], [ 74.122314518335713, 19.646561825749359 ], [ 74.122415818655341, 19.646783233960647 ], [ 74.123114451028215, 19.647591452641773 ], [ 74.123191598344818, 19.647836865891346 ], [ 74.123696957286029, 19.649182044167162 ], [ 74.123723563588086, 19.650137496391554 ], [ 74.123639844196859, 19.650361322611893 ], [ 74.123392061892062, 19.651239577577165 ], [ 74.123275156039298, 19.651530126607557 ], [ 74.123288321748092, 19.651617033778489 ], [ 74.123350109669985, 19.651699093366201 ], [ 74.123587325990428, 19.65193158374155 ], [ 74.12436481876712, 19.652607091856559 ], [ 74.125382374625431, 19.653519231369724 ], [ 74.125537512776702, 19.653613999176493 ], [ 74.125691325014586, 19.654435120146971 ], [ 74.125723903316697, 19.654622276581332 ], [ 74.125984263832109, 19.655688529687843 ], [ 74.12612020588405, 19.656132345085982 ], [ 74.12609419426667, 19.65633620740719 ], [ 74.126148446221649, 19.656444702754289 ], [ 74.126341567838054, 19.656725669408583 ], [ 74.1266675628614, 19.657199950156009 ], [ 74.126927626932769, 19.657553630969169 ], [ 74.12703232468084, 19.657663112729182 ], [ 74.128128896351512, 19.659205519609035 ], [ 74.130344525422785, 19.660787809783248 ], [ 74.131254145106453, 19.661470711347246 ], [ 74.13141821610489, 19.661593886205278 ], [ 74.133098290264996, 19.663171292935555 ], [ 74.133899070068836, 19.664068098312118 ], [ 74.134097023723157, 19.66430103940203 ], [ 74.134139217592065, 19.664554029412667 ], [ 74.134164004805697, 19.6649663688858 ], [ 74.134304253381117, 19.667299246804635 ], [ 74.134458079992044, 19.667491231055784 ], [ 74.134870750762204, 19.667722454208715 ], [ 74.134970764694373, 19.667778492209553 ], [ 74.135509584083266, 19.668080392943498 ], [ 74.136234255022941, 19.668286789632674 ], [ 74.136886785855452, 19.66948152936196 ], [ 74.137348663641916, 19.670074754383283 ], [ 74.137619403292163, 19.670437731928438 ], [ 74.137939730844352, 19.670867190641662 ], [ 74.141693974571353, 19.670805497243808 ], [ 74.141840899425944, 19.670803078839796 ], [ 74.142081171814965, 19.67087529258777 ], [ 74.142425611946052, 19.671061559413484 ], [ 74.142637102313401, 19.671175928805297 ], [ 74.143671076680164, 19.671735075244253 ], [ 74.143849386874152, 19.671968222585857 ], [ 74.144172041062959, 19.67246394874682 ], [ 74.144175516644793, 19.672469288804951 ], [ 74.144198625805473, 19.672504793885114 ], [ 74.144212502979997, 19.672525873278087 ], [ 74.144716426413325, 19.673291402714373 ], [ 74.144828463397261, 19.673529195887113 ], [ 74.144719310005414, 19.673789849348456 ], [ 74.144142685916123, 19.674825336725966 ], [ 74.142409650680094, 19.677654287922543 ], [ 74.141365649318132, 19.67933493207255 ], [ 74.141182800835338, 19.679640590271216 ], [ 74.140408841132611, 19.680217000411567 ], [ 74.139349917855469, 19.681038803900748 ], [ 74.139255236322853, 19.681144768701852 ], [ 74.138164457887413, 19.681925256113683 ], [ 74.137966857270996, 19.682066643781504 ], [ 74.137923025773333, 19.682175185151433 ], [ 74.13795488093163, 19.682253795024387 ], [ 74.137964985181952, 19.682278729278362 ], [ 74.137814665593879, 19.682489972893681 ], [ 74.137737458988482, 19.682594640078449 ], [ 74.136723406559781, 19.68396939611538 ], [ 74.136794578283116, 19.684072831663094 ], [ 74.137573204733712, 19.685204404917958 ], [ 74.13813419544212, 19.686443702598158 ], [ 74.138101014370463, 19.686652888790132 ], [ 74.138058660601445, 19.686813564298621 ], [ 74.138007534783711, 19.686908492578951 ], [ 74.137754281738793, 19.687378723114104 ], [ 74.137109966897896, 19.688389077709882 ], [ 74.135687818818781, 19.689759926350224 ], [ 74.134593528868905, 19.690869529889667 ], [ 74.134833199386705, 19.690819534647773 ], [ 74.135246561859645, 19.690733296603678 ], [ 74.135299620851868, 19.691044924587654 ], [ 74.135426409071087, 19.69178956439141 ], [ 74.135532445308939, 19.692354994899148 ], [ 74.135677472023332, 19.693148018706701 ], [ 74.136227915611997, 19.693659958720385 ], [ 74.136588543384477, 19.694009965393782 ], [ 74.137043535584326, 19.694425251828672 ], [ 74.137510171746868, 19.694708405858407 ], [ 74.138645674605343, 19.69518121335998 ], [ 74.139085267884568, 19.694970250365685 ], [ 74.139149568394274, 19.694983685325635 ], [ 74.14010853792638, 19.69433341082701 ], [ 74.140359779643362, 19.694163620409221 ], [ 74.141563616447172, 19.693376072088697 ], [ 74.141754936043142, 19.693276340269797 ], [ 74.14241121644362, 19.693040028607061 ], [ 74.142895617689248, 19.692898573662355 ], [ 74.143384921041317, 19.692687843631276 ], [ 74.144609363401173, 19.692250634345143 ], [ 74.14580805375671, 19.691153257729887 ], [ 74.14671750815036, 19.690344185356551 ], [ 74.147302855779387, 19.689479445577465 ], [ 74.147409385192304, 19.689322069648256 ], [ 74.148182787939547, 19.688263621181182 ], [ 74.148636190121309, 19.687612212230839 ], [ 74.148917439162034, 19.687253438337965 ], [ 74.148743837936763, 19.687018467691864 ], [ 74.148793841758717, 19.686965959202947 ], [ 74.148685317187542, 19.686850292619742 ], [ 74.148739111900028, 19.686781624929598 ], [ 74.149011073259032, 19.686544204975689 ], [ 74.149155843055297, 19.686420892819346 ], [ 74.149612839396525, 19.686033797656155 ], [ 74.149700847344889, 19.685955539804471 ], [ 74.149885894005223, 19.685790997226423 ], [ 74.150192522249341, 19.685526528370907 ], [ 74.150339151558242, 19.685400057159594 ], [ 74.150670024433595, 19.685119905384834 ], [ 74.150815468864607, 19.684996755374428 ], [ 74.150927857988108, 19.685094738973778 ], [ 74.150943155399077, 19.685124543839716 ], [ 74.151220730330309, 19.68546841418252 ], [ 74.151299826092739, 19.685571402172492 ], [ 74.151488213587598, 19.685816698927301 ], [ 74.151564635065483, 19.685914841883431 ], [ 74.151566197235738, 19.685916848994804 ], [ 74.151620787855535, 19.685986956626795 ], [ 74.151549075346423, 19.686133228648828 ], [ 74.151537869761555, 19.686156084142425 ], [ 74.151503922426983, 19.686265092165463 ], [ 74.151335950045294, 19.686657358039007 ], [ 74.151229876078219, 19.686902575316221 ], [ 74.151222384128729, 19.686926153864501 ], [ 74.151208958806805, 19.686968406120414 ], [ 74.151184447375968, 19.687045550396657 ], [ 74.151314886348473, 19.687121549415199 ], [ 74.151650258885098, 19.687316950648121 ], [ 74.151697946850277, 19.687344733628361 ], [ 74.152096484426053, 19.687626015732484 ], [ 74.15214003025946, 19.687656749664374 ], [ 74.15225730891305, 19.687820895335943 ], [ 74.152333581270568, 19.688196850380134 ], [ 74.152368207731527, 19.688367525065232 ], [ 74.152386656432512, 19.688458459410317 ], [ 74.152554052994134, 19.689082462851815 ], [ 74.15267498419766, 19.689606101332846 ], [ 74.152475169234094, 19.690118325862766 ], [ 74.152482987271995, 19.690213821399951 ], [ 74.152490689427239, 19.690272439647821 ], [ 74.152515467657707, 19.690461016603042 ], [ 74.152519819995277, 19.690497645130382 ], [ 74.152558994626503, 19.690827304882536 ], [ 74.152921986764795, 19.691373531904674 ], [ 74.152980465293183, 19.691461527985712 ], [ 74.153290931140205, 19.692007137116427 ], [ 74.153621579436717, 19.692588208647873 ], [ 74.153377002320838, 19.692864161615063 ], [ 74.153207303377158, 19.693055633985299 ], [ 74.153208317575107, 19.693090017235097 ], [ 74.15321049059979, 19.693163675666625 ], [ 74.153194725166557, 19.693236348738527 ], [ 74.153161831555778, 19.693304310823251 ], [ 74.153113492312031, 19.693364077344338 ], [ 74.153052188582109, 19.693412586615644 ], [ 74.152920483883364, 19.693496657195013 ], [ 74.152679236822223, 19.693651473946673 ], [ 74.152532378442928, 19.693817185758771 ], [ 74.152538041422503, 19.693836694289615 ], [ 74.152811255931326, 19.694778176409436 ], [ 74.152991307958658, 19.695398619088945 ], [ 74.153011211930405, 19.695467202735959 ], [ 74.153251260638953, 19.69585260640843 ], [ 74.153557470268169, 19.696027803659501 ], [ 74.154127936406198, 19.696146245309563 ], [ 74.154176051071133, 19.696156235399759 ], [ 74.154445179143721, 19.696721466954287 ], [ 74.154539152803906, 19.697382118421935 ], [ 74.154560355739562, 19.69753116762638 ], [ 74.154602428335892, 19.697826935580796 ], [ 74.155270315868194, 19.699019320324105 ], [ 74.15525907704567, 19.699370292953944 ], [ 74.155252510360924, 19.699575342657205 ], [ 74.155238071739376, 19.700026224422022 ], [ 74.155462270573025, 19.700557833671191 ], [ 74.155508682930503, 19.700611363577341 ], [ 74.15581952157838, 19.700969880875913 ], [ 74.156343372339677, 19.701374437233838 ], [ 74.156469345786903, 19.701471724076654 ], [ 74.156813346641798, 19.702320891852732 ], [ 74.157253754692988, 19.703228075774945 ], [ 74.157673729664751, 19.703519936127524 ], [ 74.157686644743592, 19.70352891089491 ], [ 74.157877554707767, 19.703730267940038 ], [ 74.158085764427682, 19.703949871066282 ], [ 74.158195819728093, 19.704065948996973 ], [ 74.158064873207451, 19.704235114919598 ], [ 74.158064421354851, 19.704235260382571 ], [ 74.157835474026612, 19.704308358049932 ], [ 74.157822201418284, 19.704374700118517 ], [ 74.157807186078301, 19.70444975385832 ], [ 74.157774453265972, 19.704520215338722 ], [ 74.157700822853712, 19.704575482705579 ], [ 74.157616763899298, 19.704634521932849 ], [ 74.157530616361882, 19.704690858240905 ], [ 74.157442485344319, 19.704744423129942 ], [ 74.157352478644412, 19.704795152328618 ], [ 74.157260704958375, 19.70484298241125 ], [ 74.157184340972677, 19.70487169263221 ], [ 74.157196308328906, 19.704956050653578 ], [ 74.157259971034776, 19.705404857954679 ], [ 74.157290004409674, 19.705616588626683 ], [ 74.157275609805538, 19.705628782885427 ], [ 74.157132205448534, 19.705750261974231 ], [ 74.157122818952132, 19.705806891349599 ], [ 74.157110749187993, 19.705879699912977 ], [ 74.157089248011673, 19.705950845785377 ], [ 74.157058634325082, 19.706019267608543 ], [ 74.157019367167393, 19.706083948002593 ], [ 74.156972028646848, 19.706143921177041 ], [ 74.156917325737624, 19.706198290690345 ], [ 74.156856075906603, 19.706246250591931 ], [ 74.156789190045515, 19.706287082039044 ], [ 74.156718375851653, 19.70632218975144 ], [ 74.156650951899721, 19.706358587154359 ], [ 74.156585577004904, 19.706398157628801 ], [ 74.156522427237064, 19.706440793768081 ], [ 74.156461676869341, 19.706486378862653 ], [ 74.1563866792212, 19.706549765988342 ], [ 74.15631534041124, 19.706720763611742 ], [ 74.156205808828645, 19.706983307308295 ], [ 74.156247505030848, 19.707627688325939 ], [ 74.156346590105031, 19.707906122846136 ], [ 74.156528786410945, 19.708418106980627 ], [ 74.156648883977937, 19.708513582295474 ], [ 74.15695931658729, 19.708760366979782 ], [ 74.157589712032845, 19.709088882949779 ], [ 74.15766590084705, 19.70912858636768 ], [ 74.157917595314927, 19.709373642362824 ], [ 74.15810732579115, 19.709558370922423 ], [ 74.158939443323675, 19.710684095400548 ], [ 74.159287185661711, 19.711214178302772 ], [ 74.159430996955535, 19.711433400748046 ], [ 74.160132600955393, 19.712186738136069 ], [ 74.160731075665652, 19.713054867268038 ], [ 74.160810003443174, 19.713285474098413 ], [ 74.160852470399874, 19.713355970587092 ], [ 74.160918625032366, 19.713465788835936 ], [ 74.160967061294158, 19.713554438306481 ], [ 74.161012085754521, 19.713644691109192 ], [ 74.161053645412835, 19.713736437304917 ], [ 74.161091686370156, 19.713829566109073 ], [ 74.16110941821556, 19.713876597720208 ], [ 74.161118408554898, 19.713900303372103 ], [ 74.161153264984591, 19.71397723931727 ], [ 74.161195298953331, 19.714050871219754 ], [ 74.161244188864359, 19.714120638409728 ], [ 74.161292828145449, 19.714178057207075 ], [ 74.161299566408374, 19.714186009816281 ], [ 74.161361004885592, 19.714246489041187 ], [ 74.16142804256198, 19.714301612667313 ], [ 74.161500164702886, 19.714350964634761 ], [ 74.161576825132613, 19.714394166938298 ], [ 74.161681406099675, 19.714450617355595 ], [ 74.161716060408367, 19.714469321684042 ], [ 74.161810022390469, 19.71452527905468 ], [ 74.161901731397805, 19.714584302769943 ], [ 74.16199107334441, 19.714646321790934 ], [ 74.162077940432397, 19.714711260850493 ], [ 74.162162224863934, 19.714779039607485 ], [ 74.162216423818279, 19.714825890813945 ], [ 74.162243826027705, 19.714849577720617 ], [ 74.162322644210747, 19.714922786392162 ], [ 74.162398583293268, 19.714998577669974 ], [ 74.162471550748833, 19.715076859373688 ], [ 74.162535314066048, 19.715150313181766 ], [ 74.163038943750294, 19.716353575791004 ], [ 74.163349891094327, 19.716833014320947 ], [ 74.164296199770817, 19.718240170411889 ], [ 74.164492071130297, 19.719556305323142 ], [ 74.164521013052124, 19.720482462107388 ], [ 74.164342419888797, 19.721121738649703 ], [ 74.164323669353891, 19.72123477677831 ], [ 74.164160465229685, 19.722218656008305 ], [ 74.164092805020815, 19.722626539394717 ], [ 74.164121168427585, 19.723785769703468 ], [ 74.164012406701175, 19.724311621710559 ], [ 74.163751759623182, 19.724686799297015 ], [ 74.163661123204264, 19.725054724940957 ], [ 74.164020934408185, 19.726453084620807 ], [ 74.164582307798895, 19.727522021115135 ], [ 74.164528031589441, 19.72757701501552 ], [ 74.164496300398667, 19.727682561715792 ], [ 74.164496419874581, 19.727684433008623 ], [ 74.164503734855955, 19.727797770062146 ], [ 74.16451337467727, 19.727877194654155 ], [ 74.164530458837334, 19.727955335601798 ], [ 74.164554856182136, 19.728031597612162 ], [ 74.164586381658708, 19.728105402305342 ], [ 74.164624795416884, 19.728176183986001 ], [ 74.164634151370592, 19.728190160715414 ], [ 74.164669801910932, 19.728243407401045 ], [ 74.164721064272626, 19.72830655759201 ], [ 74.164778187243229, 19.728365157652529 ], [ 74.164840739631416, 19.728418760271978 ], [ 74.164908244431771, 19.728466957036979 ], [ 74.164956871136411, 19.728622336076899 ], [ 74.165092972190166, 19.728798912939137 ], [ 74.165218577328119, 19.728887925963061 ], [ 74.165394134185775, 19.728950989649704 ], [ 74.165470803598652, 19.72897853201788 ], [ 74.165550745574123, 19.729034181589981 ], [ 74.165676221354659, 19.729134120264931 ], [ 74.165753527673075, 19.729183600409204 ], [ 74.165758871750697, 19.729187019946924 ], [ 74.1658475094181, 19.729307095226254 ], [ 74.16589728866127, 19.729378997616269 ], [ 74.166326606111966, 19.729847365642801 ], [ 74.166387493023606, 19.7299137926647 ], [ 74.166492427926883, 19.729920009362594 ], [ 74.169969412031293, 19.730125968630261 ], [ 74.170021576301551, 19.730133785999065 ], [ 74.17035335108541, 19.730183505132175 ], [ 74.170807995637219, 19.730246173422795 ], [ 74.171367699958154, 19.730323319658773 ], [ 74.172170013186161, 19.730433903334678 ], [ 74.172592613933503, 19.730492148318508 ], [ 74.174062882067446, 19.730710550329981 ], [ 74.174288458018424, 19.730744057079363 ], [ 74.174491011945307, 19.730774144318026 ], [ 74.174493231682376, 19.730774587399125 ], [ 74.174970059231825, 19.73086992337111 ], [ 74.176267719677185, 19.731129357979324 ], [ 74.176673346757198, 19.731134860120989 ], [ 74.177317719090297, 19.731176334611071 ], [ 74.177580189748312, 19.731193226611676 ], [ 74.177592990741118, 19.731194052735908 ], [ 74.177787016062695, 19.731206540148442 ], [ 74.177919018103808, 19.731215035613346 ], [ 74.178151278418824, 19.731189674361978 ], [ 74.178294097972596, 19.731181502750005 ], [ 74.179074738446062, 19.731281308172449 ], [ 74.179968634917287, 19.731418112350347 ], [ 74.180113520596223, 19.731440284916875 ], [ 74.180232227571139, 19.731448667908385 ], [ 74.180931008166041, 19.73169094158493 ], [ 74.181030296259422, 19.731718646675688 ], [ 74.181031362559679, 19.731718918103525 ], [ 74.18115807172714, 19.731751340621397 ], [ 74.181609433834907, 19.731866838600435 ], [ 74.183287790416202, 19.732273335995792 ], [ 74.183536536613317, 19.732332788623282 ], [ 74.183723463447535, 19.732572089643195 ], [ 74.183926656076594, 19.732836480718078 ], [ 74.184202137034887, 19.733213490066582 ], [ 74.184283022241388, 19.733324187583626 ], [ 74.184512097130408, 19.733642057365429 ], [ 74.184715799104225, 19.733929609038686 ], [ 74.185127212233013, 19.734510377740804 ], [ 74.185582381400948, 19.73516155171944 ], [ 74.185694218060561, 19.735321551100309 ], [ 74.18614535289457, 19.735964552940985 ], [ 74.186320890887586, 19.73620973436433 ], [ 74.186460771153747, 19.736354715815384 ], [ 74.186832636850454, 19.736880797870967 ], [ 74.187381387114783, 19.737603967410099 ], [ 74.187573649043458, 19.737854390337816 ], [ 74.187983333813634, 19.738385965117175 ], [ 74.18848768933664, 19.739042445909909 ], [ 74.18855053277899, 19.739105379603277 ], [ 74.188610200676763, 19.739165134078405 ], [ 74.188655588056506, 19.73923503319822 ], [ 74.190909808752352, 19.739141909899043 ], [ 74.191045390579887, 19.739136309106136 ], [ 74.191185958057233, 19.739144556408863 ], [ 74.191959136225648, 19.739189914875222 ], [ 74.19312210507394, 19.739250939304362 ], [ 74.193230709595156, 19.739256936646626 ], [ 74.193347451954523, 19.739263383810503 ], [ 74.194759257729771, 19.73934133993577 ], [ 74.194863508116825, 19.739346723420446 ], [ 74.195535433576296, 19.739381410407645 ], [ 74.195554237111821, 19.739382450408403 ], [ 74.196378003905465, 19.739427965229968 ], [ 74.19742581142927, 19.739467561338611 ], [ 74.197671667746107, 19.739341896294032 ], [ 74.197784062259529, 19.739284447644192 ], [ 74.197872333414281, 19.739253533389533 ], [ 74.198025376694318, 19.739199935251616 ], [ 74.198125406796137, 19.739164903248657 ], [ 74.19852716932381, 19.739130577255867 ], [ 74.199248116746659, 19.739068977819855 ], [ 74.199914020798786, 19.739015766873173 ], [ 74.200304658589957, 19.738990333299277 ], [ 74.200392181448095, 19.738984636110551 ], [ 74.200663662208441, 19.738957621388217 ], [ 74.200877072275532, 19.738936384177453 ], [ 74.200973554930314, 19.738926784013657 ], [ 74.200985881612624, 19.738925094641811 ], [ 74.201099386443744, 19.738909542780934 ], [ 74.201485478759579, 19.738856638709144 ], [ 74.201729996586636, 19.738823135352725 ], [ 74.201769661698009, 19.73881770027295 ], [ 74.201799274661369, 19.738813643410214 ], [ 74.201881304321546, 19.738793995780785 ], [ 74.201898120783653, 19.73878996935662 ], [ 74.202039764442716, 19.738798455962829 ], [ 74.202357427591778, 19.738799192421336 ], [ 74.202634355736009, 19.73878944935435 ], [ 74.202714884311348, 19.738771261110632 ], [ 74.202800125448647, 19.738781275594562 ], [ 74.203401687668546, 19.738851953617267 ], [ 74.203703196413869, 19.738881164203281 ], [ 74.203993896629726, 19.738919337418004 ], [ 74.204670692754661, 19.739000843250686 ], [ 74.204855523819319, 19.739021765069811 ], [ 74.205337543631103, 19.739072875716317 ], [ 74.205606094086988, 19.739104536609357 ], [ 74.206580228977685, 19.739216872907733 ], [ 74.207015022558352, 19.739184487417699 ], [ 74.207070002148711, 19.739176854817444 ], [ 74.207222063570129, 19.739155747001952 ], [ 74.207627460681408, 19.739301186591923 ], [ 74.207692742151409, 19.739324608602004 ], [ 74.208001351180769, 19.739334245945148 ], [ 74.20807003187582, 19.739336386825322 ], [ 74.208670484676333, 19.739355089931902 ], [ 74.209408394088371, 19.739376966306956 ], [ 74.209528573402025, 19.739379761626036 ], [ 74.209825536672028, 19.739386669598229 ], [ 74.210147373393923, 19.73940314895788 ], [ 74.210669048435605, 19.739429856677901 ], [ 74.21076989330939, 19.739425903830764 ], [ 74.210944003879462, 19.73941907787653 ], [ 74.211197705183693, 19.739390761113068 ], [ 74.211979104733587, 19.739298227238752 ], [ 74.212993697049754, 19.739178074071848 ], [ 74.213717253180178, 19.739094094307237 ], [ 74.213910393661223, 19.739070420295217 ], [ 74.214113385965959, 19.73904553801615 ], [ 74.21427850080677, 19.739006544666509 ], [ 74.214385378765996, 19.738982972950748 ], [ 74.214638276976402, 19.73892719832406 ], [ 74.215026765997408, 19.738841518908401 ], [ 74.215696499567599, 19.738700466368719 ], [ 74.215991589850205, 19.738638314633754 ], [ 74.216251283815694, 19.738583619632674 ], [ 74.216256091599107, 19.738582577090131 ], [ 74.216535257446694, 19.738522041124014 ], [ 74.216889940168642, 19.738445129678762 ], [ 74.21708106932175, 19.738403684133292 ], [ 74.217364087145256, 19.738342311020123 ], [ 74.217514666346446, 19.738309658163718 ], [ 74.217735439903947, 19.738259143375071 ], [ 74.217814288629683, 19.738241102194081 ], [ 74.217992811724429, 19.738206042923618 ], [ 74.218260969616509, 19.738139831579787 ], [ 74.218266454729616, 19.738138665586188 ], [ 74.218594629065862, 19.738068902963267 ], [ 74.218753418868758, 19.738035146626252 ], [ 74.218956421054969, 19.737986781104379 ], [ 74.21912681259974, 19.737946182667653 ], [ 74.219344086320874, 19.737894416369404 ], [ 74.219378949937067, 19.737886108123444 ], [ 74.219797890049591, 19.737859629285797 ], [ 74.219971269390982, 19.737767331274711 ], [ 74.220280023947396, 19.7376029646015 ], [ 74.220331002441455, 19.737575827887845 ], [ 74.220764971368695, 19.737790261406971 ], [ 74.220935555152948, 19.737874549632757 ], [ 74.221530890251302, 19.738155105334464 ], [ 74.221893514080364, 19.738322712373716 ], [ 74.222017012668985, 19.738379792716572 ], [ 74.222080469660639, 19.738498845599274 ], [ 74.223734268098738, 19.739555089588379 ], [ 74.224081774179865, 19.739771137942697 ], [ 74.224112886431399, 19.739790480216701 ], [ 74.224251578226443, 19.739876705333241 ], [ 74.224242475597663, 19.739962399412931 ], [ 74.224228969427372, 19.740089542792916 ], [ 74.224098206163035, 19.741037170908122 ], [ 74.223620376992045, 19.742080153963144 ], [ 74.224312439985269, 19.742182581278271 ], [ 74.225174063581605, 19.742310076314908 ], [ 74.226066379017936, 19.742429229419635 ], [ 74.226476939645508, 19.742483062371559 ], [ 74.227191265586384, 19.742628069410582 ], [ 74.22764464980186, 19.742709013621468 ], [ 74.227863836934546, 19.742751680658603 ], [ 74.229458476819573, 19.743050424849493 ], [ 74.229677876852989, 19.743104726849619 ], [ 74.230379968638033, 19.743306658022973 ], [ 74.231450519708204, 19.743614822655896 ], [ 74.231866636415802, 19.743690521691441 ], [ 74.232089610845748, 19.74373108484729 ], [ 74.233709923683278, 19.743996599723552 ], [ 74.233952070856304, 19.743976536743592 ], [ 74.23496267105935, 19.743846045721234 ], [ 74.235216190903913, 19.743788804995486 ], [ 74.235662814398566, 19.743775840010542 ], [ 74.237030835388552, 19.743779337867867 ], [ 74.237392562698929, 19.74379143029066 ], [ 74.238349276561365, 19.743991880962298 ], [ 74.238433333719144, 19.744009491977184 ], [ 74.238498494814891, 19.744049223921252 ], [ 74.238650340640632, 19.744057702638361 ], [ 74.239335665370874, 19.744095967620865 ], [ 74.240138249890109, 19.744154386868733 ], [ 74.241123678400598, 19.744226110091539 ], [ 74.242039740801474, 19.744317705983526 ], [ 74.242174726147653, 19.744340988595201 ], [ 74.242389587892248, 19.74434638374834 ], [ 74.242743780134049, 19.744355277591495 ], [ 74.242933218657782, 19.744357682201176 ], [ 74.243556946807331, 19.744365598642631 ], [ 74.243862435987694, 19.744369476117729 ], [ 74.244586428699336, 19.744389397003854 ], [ 74.244662124338447, 19.744391478631041 ], [ 74.244668796126064, 19.744391663796115 ], [ 74.245193246961975, 19.744404694680256 ], [ 74.245475100568882, 19.744411697976801 ], [ 74.245488028224131, 19.744412019267696 ], [ 74.246336087259678, 19.744433137379787 ], [ 74.246519162117977, 19.744439905625455 ], [ 74.246528878296076, 19.744531597781979 ], [ 74.246552564175175, 19.744755123773288 ], [ 74.246571092826201, 19.744929985880699 ], [ 74.246593715100019, 19.745125213323202 ], [ 74.246678941864275, 19.745860705808195 ], [ 74.246740524970264, 19.746416814623046 ], [ 74.246787144838564, 19.746980935043393 ], [ 74.246811580810927, 19.74770228500568 ], [ 74.246811693100341, 19.747706850624457 ], [ 74.246811719151495, 19.747711415397642 ], [ 74.246811661659308, 19.747715980170685 ], [ 74.246811517030551, 19.747720542407137 ], [ 74.246811287960156, 19.747725102106994 ], [ 74.246810974448096, 19.74772965757932 ], [ 74.246810573799493, 19.74773420459665 ], [ 74.24681008960755, 19.747738748231907 ], [ 74.246809520075658, 19.747743280030281 ], [ 74.246808866102143, 19.747747804219117 ], [ 74.246808127686961, 19.747752314034607 ], [ 74.246807306626806, 19.747756812858672 ], [ 74.246806399328392, 19.747761295618403 ], [ 74.246805409384919, 19.747765764850257 ], [ 74.246804335898148, 19.747770214635842 ], [ 74.246803178868092, 19.747774649202565 ], [ 74.246801940091288, 19.747779061786577 ], [ 74.2468006177712, 19.747783454078814 ], [ 74.246799023261588, 19.747788400163319 ], [ 74.246797252682143, 19.747793866220626 ], [ 74.246795585408989, 19.747799357642272 ], [ 74.246794021442071, 19.747804878655696 ], [ 74.246792559883104, 19.747810423342486 ], [ 74.246791203427009, 19.747815990857159 ], [ 74.246789949378908, 19.747821580354238 ], [ 74.246788801331945, 19.747827190142743 ], [ 74.24678775838791, 19.747832816840734 ], [ 74.24678681875011, 19.747838459602715 ], [ 74.24678598870679, 19.747844117583217 ], [ 74.246785261071409, 19.747849790782226 ], [ 74.246784640335562, 19.74785547159042 ], [ 74.246784125600925, 19.747861165080657 ], [ 74.246783718664062, 19.747866865334544 ], [ 74.246783417728466, 19.747872572352112 ], [ 74.246783223692361, 19.747878280214994 ], [ 74.246783136555777, 19.747883993150534 ], [ 74.246783155420388, 19.74788970693136 ], [ 74.246783176081649, 19.74789066909214 ], [ 74.246783281184548, 19.74789541902102 ], [ 74.246783514746525, 19.747901129419517 ], [ 74.246783853411372, 19.747906834744917 ], [ 74.246784299874051, 19.747912534997202 ], [ 74.246784851439628, 19.747918225948936 ], [ 74.246785509006457, 19.747923907600157 ], [ 74.246786274371075, 19.747929579105367 ], [ 74.246787144838564, 19.747935236237169 ], [ 74.246788120408979, 19.747940878150068 ], [ 74.246789201980576, 19.747946504844052 ], [ 74.246790386858422, 19.747952112937195 ], [ 74.24679167683918, 19.747957700738503 ], [ 74.246793072821148, 19.747963267402568 ], [ 74.246794965571425, 19.747970207131722 ], [ 74.246808175297687, 19.748057446637336 ], [ 74.246873973298975, 19.748492037882031 ], [ 74.24700180536054, 19.749389202080341 ], [ 74.247012518668626, 19.749459695320198 ], [ 74.247024547110286, 19.749530005906255 ], [ 74.247037887990544, 19.749600112701863 ], [ 74.247065866020094, 19.749728591018698 ], [ 74.247084177278865, 19.749817541647502 ], [ 74.247179463377677, 19.750280415035419 ], [ 74.247373277595145, 19.751793820111072 ], [ 74.247514902389597, 19.751845044187533 ], [ 74.249478190205963, 19.752555130937552 ], [ 74.249864816121089, 19.752694965610864 ], [ 74.250243665320824, 19.752831985632604 ], [ 74.250754670173563, 19.753016804290358 ], [ 74.250831694420953, 19.753045339300794 ], [ 74.251489510042276, 19.753289045379884 ], [ 74.252601996266563, 19.753683698387025 ], [ 74.253080589005506, 19.75387117838747 ], [ 74.253896662627071, 19.754190857104508 ], [ 74.254560453841663, 19.754450881140926 ], [ 74.254625178356179, 19.754474827642742 ], [ 74.25577320911961, 19.754899569708869 ], [ 74.255972868674661, 19.754973438918391 ], [ 74.256838500553783, 19.755296861592473 ], [ 74.257251607006864, 19.755451209290033 ], [ 74.257258956124218, 19.75545395613727 ], [ 74.257906427644997, 19.755689117030286 ], [ 74.258477151599536, 19.755896401680126 ], [ 74.259643192686099, 19.756353636954213 ], [ 74.259950897111949, 19.756476219663242 ], [ 74.260710937419319, 19.756779002177844 ], [ 74.261562365137166, 19.757140909622613 ], [ 74.261762427137484, 19.757220844632624 ], [ 74.262463850575941, 19.757501094099212 ], [ 74.264370296594393, 19.75808395994277 ], [ 74.264514396247449, 19.758300039858646 ], [ 74.264803458834507, 19.758733499078296 ], [ 74.264946587408744, 19.758944266306585 ], [ 74.265089741135796, 19.759157107082107 ], [ 74.265267172777428, 19.759412025123449 ], [ 74.265300843430907, 19.759426466637166 ], [ 74.265411509585732, 19.759473936277498 ], [ 74.265755500559166, 19.759621486969262 ], [ 74.265815151388963, 19.759624276015806 ], [ 74.266304416113499, 19.75964715735509 ], [ 74.266751599258555, 19.759887071783432 ], [ 74.269050474308898, 19.760564123586732 ], [ 74.269164084242874, 19.760595769225844 ], [ 74.269191030108146, 19.760603926650852 ], [ 74.269400118380446, 19.760667239887837 ], [ 74.269437586212604, 19.760903362786241 ], [ 74.269443587857012, 19.760941186649653 ], [ 74.269518566640514, 19.761413700972273 ], [ 74.26959114871886, 19.761871110647935 ], [ 74.269812148651795, 19.763263831970047 ], [ 74.269865157338373, 19.763597887347395 ], [ 74.270055838232167, 19.7646644269742 ], [ 74.270062045590777, 19.764699153264058 ], [ 74.270138211048774, 19.765069128920473 ], [ 74.270216151577785, 19.765447725015317 ], [ 74.270266668337783, 19.765693112223616 ], [ 74.270434143052839, 19.766305375184693 ], [ 74.270459346186428, 19.76639751466487 ], [ 74.270923524558356, 19.767948893362412 ], [ 74.270934371715413, 19.767977226192304 ], [ 74.271004642428522, 19.768160789669192 ], [ 74.271544399658552, 19.769582070951259 ], [ 74.27167826839883, 19.769934566611017 ], [ 74.272030656823532, 19.770821354268023 ], [ 74.272221599127079, 19.771301855858965 ], [ 74.272369071055678, 19.771706584069449 ], [ 74.272411220907117, 19.771822257707989 ], [ 74.272838627641235, 19.77321936738424 ], [ 74.273725539711123, 19.775926373120146 ], [ 74.273735774217158, 19.775957609103724 ], [ 74.273758645324307, 19.776062370613847 ], [ 74.273784003866425, 19.776097140068806 ], [ 74.273974976712708, 19.776358988961615 ], [ 74.274140482320647, 19.776585916769022 ], [ 74.27468557734008, 19.777330473183529 ], [ 74.275362820826047, 19.77717995740695 ], [ 74.276187158049893, 19.777020823353677 ], [ 74.276375935413597, 19.776984381192698 ], [ 74.277459148237696, 19.776849072584863 ], [ 74.277492685940501, 19.776847115644859 ], [ 74.277499126861088, 19.776846742008789 ], [ 74.2779482764183, 19.776820559585939 ], [ 74.279437745143142, 19.776726738849899 ], [ 74.279763662911378, 19.776704614842579 ], [ 74.281028177319371, 19.776626633863284 ], [ 74.281061141897055, 19.776624600840684 ], [ 74.281124500074043, 19.77661879425747 ], [ 74.281512457292408, 19.776583239603006 ], [ 74.282003504274499, 19.776556784094652 ], [ 74.282774662131843, 19.776515234330294 ], [ 74.283924785071576, 19.776459016345733 ], [ 74.287194856623302, 19.776405186406585 ], [ 74.287215963439252, 19.776404838129459 ], [ 74.287522719244151, 19.776283891245633 ], [ 74.287573158749041, 19.77626474613233 ], [ 74.288551671130136, 19.775893328957732 ], [ 74.288706087035905, 19.775851931180814 ], [ 74.2887164257465, 19.775846743355249 ], [ 74.289228252557734, 19.775589883645928 ], [ 74.289490237227213, 19.77545298039216 ], [ 74.290027447733422, 19.775243974694657 ], [ 74.290102246853877, 19.775214873897841 ], [ 74.290145346224548, 19.775195384603052 ], [ 74.290216964410575, 19.775163002189824 ], [ 74.290294828582788, 19.775122770791882 ], [ 74.290387074782657, 19.77509715108204 ], [ 74.29044917082669, 19.775079906150168 ], [ 74.290477610590273, 19.775072005603789 ], [ 74.290583510284165, 19.775038044915604 ], [ 74.290778726771833, 19.774975439018011 ], [ 74.290814289277293, 19.774965338890599 ], [ 74.291043014721652, 19.774900380381009 ], [ 74.291842818056779, 19.774683273047117 ], [ 74.292032375158172, 19.774631817074418 ], [ 74.292778351441441, 19.774446953303634 ], [ 74.293031774267945, 19.774384151054132 ], [ 74.293371625804539, 19.774299930300849 ], [ 74.293415442929131, 19.774283905959546 ], [ 74.29374368284239, 19.774163863675554 ], [ 74.293932237423888, 19.774094906357142 ], [ 74.294639577166834, 19.77385359228041 ], [ 74.294733620895599, 19.773821260315344 ], [ 74.295787463301494, 19.773458931704653 ], [ 74.296061770161685, 19.773347229013087 ], [ 74.296333506043581, 19.773236571095335 ], [ 74.296860865624367, 19.773032426639116 ], [ 74.297449260338837, 19.772778893926326 ], [ 74.298064455391511, 19.772539664189033 ], [ 74.299676345624917, 19.771777042930498 ], [ 74.300301599113808, 19.771481216609775 ], [ 74.301290031590611, 19.77103453762339 ], [ 74.301437039090217, 19.770947457777371 ], [ 74.301925056054841, 19.770658374225498 ], [ 74.302342043229956, 19.770411364796711 ], [ 74.302416297072995, 19.770348527142456 ], [ 74.302465262442524, 19.770324481580328 ], [ 74.302688634826126, 19.770214793734528 ], [ 74.303205000824491, 19.769961227797449 ], [ 74.303299923105612, 19.769914615100021 ], [ 74.303385300786857, 19.76987268995164 ], [ 74.303453735343496, 19.769839084900713 ], [ 74.303515858336979, 19.769808577270389 ], [ 74.304628994941524, 19.769353564164376 ], [ 74.305916688578776, 19.768827185077122 ], [ 74.307825466623726, 19.768141055198026 ], [ 74.307838149937226, 19.768136496081699 ], [ 74.307981258748512, 19.768082002246938 ], [ 74.309488564421628, 19.767508064652404 ], [ 74.309519767403017, 19.767496185372181 ], [ 74.309615488286425, 19.767443506350151 ], [ 74.309655842405633, 19.767430933007784 ], [ 74.309535686448172, 19.766963960247363 ], [ 74.309525799590148, 19.766965322159198 ], [ 74.3094646000648, 19.766739638585992 ], [ 74.309349664217422, 19.766315803870732 ], [ 74.309588969120909, 19.766257172091468 ], [ 74.309842579695299, 19.766166915207304 ], [ 74.310048549016898, 19.766161985754987 ], [ 74.310627929137496, 19.766085966834535 ], [ 74.310889233782291, 19.766066797670895 ], [ 74.311249509415205, 19.766012549981934 ], [ 74.311842067821019, 19.765919683245244 ], [ 74.312234675617603, 19.765832119579059 ], [ 74.313156581559397, 19.765658299075049 ], [ 74.313776575412305, 19.765514151593468 ], [ 74.31422491828242, 19.765406484304428 ], [ 74.314707246216344, 19.765336219603938 ], [ 74.31483134577789, 19.765316799268856 ], [ 74.31548929434986, 19.765213835608602 ], [ 74.316065964253255, 19.76516053615978 ], [ 74.316367349031054, 19.765132679630774 ], [ 74.316441674739366, 19.765130603346538 ], [ 74.316512398203344, 19.765128627664009 ], [ 74.316673317013468, 19.765146566894366 ], [ 74.316724524577907, 19.765144777198383 ], [ 74.316848787632878, 19.76514043103532 ], [ 74.316948954278629, 19.765348284185823 ], [ 74.317008029288317, 19.765468643367011 ], [ 74.317310914252658, 19.765758853088858 ], [ 74.318155652216632, 19.766526043702228 ], [ 74.318219936556659, 19.766589000371695 ], [ 74.318645423590993, 19.76638958071808 ], [ 74.318723135947891, 19.766353158106401 ], [ 74.318881686798903, 19.766278847803321 ], [ 74.31936564158184, 19.766376513587204 ], [ 74.319526355576045, 19.766499464789078 ], [ 74.31982670279973, 19.766729237825349 ], [ 74.319957154348657, 19.766998380853273 ], [ 74.319992547970827, 19.767071404994542 ], [ 74.320384078687425, 19.767879189422644 ], [ 74.320697585331686, 19.768146439401786 ], [ 74.320919997416254, 19.768336033593581 ], [ 74.321014598100518, 19.768416675643476 ], [ 74.321736357600372, 19.768735314139164 ], [ 74.322069489738666, 19.768882378625811 ], [ 74.322142671891598, 19.768914685386161 ], [ 74.322727799433366, 19.769644608801762 ], [ 74.322817902252993, 19.769760992355053 ], [ 74.323555364304013, 19.770713531634918 ], [ 74.323864330862847, 19.771032545106781 ], [ 74.324269939078249, 19.771434513903376 ], [ 74.32507708075093, 19.77183450693224 ], [ 74.325274208853486, 19.772181226370982 ], [ 74.325323230816863, 19.772267448353237 ], [ 74.325372291407803, 19.772353735381106 ], [ 74.325421373558285, 19.772440062093899 ], [ 74.325470462895296, 19.772526403130961 ], [ 74.325541153121634, 19.772706204623113 ], [ 74.325541675941139, 19.772707534362493 ], [ 74.325600552423182, 19.772857283402576 ], [ 74.325580734689666, 19.7728867016367 ], [ 74.325544777823808, 19.772940086418892 ], [ 74.325476080060753, 19.773059776268123 ], [ 74.325042777683464, 19.773814714797105 ], [ 74.324895532130299, 19.774077333322886 ], [ 74.324285310151083, 19.775113960662122 ], [ 74.324232052631132, 19.775270055935909 ], [ 74.324103999584025, 19.775675022598467 ], [ 74.323895166433275, 19.776045911947683 ], [ 74.323820612552908, 19.776178320896499 ], [ 74.323655728579126, 19.776457028968977 ], [ 74.323428647051713, 19.776840882177858 ], [ 74.32339299740967, 19.776938181379624 ], [ 74.323390195564301, 19.776945825698519 ], [ 74.323382444001695, 19.776966984305677 ], [ 74.323284597704358, 19.777192490249814 ], [ 74.323160522397288, 19.77747845030061 ], [ 74.32305656935263, 19.777718033578211 ], [ 74.322809761719896, 19.778345139861329 ], [ 74.322810572898575, 19.77837392985322 ], [ 74.3228128366531, 19.778454336051361 ], [ 74.32275622392558, 19.778780197183274 ], [ 74.322659393622786, 19.779347222603437 ], [ 74.322591350731614, 19.779929471804184 ], [ 74.32257085027851, 19.780011693796475 ], [ 74.322640017860422, 19.78028921595315 ], [ 74.322694548293128, 19.780508012188218 ], [ 74.322813671188001, 19.780985974005805 ], [ 74.322851378870368, 19.781084142188835 ], [ 74.323106935195668, 19.782057300885135 ], [ 74.323133071678853, 19.782241963942866 ], [ 74.323159080601272, 19.782416483175862 ], [ 74.32332573425613, 19.783398387615602 ], [ 74.323370353576294, 19.783530386403047 ], [ 74.323515285967616, 19.784130958921931 ], [ 74.323629688215703, 19.784605017312032 ], [ 74.323746878834385, 19.78495492866249 ], [ 74.323760374224904, 19.784995226891251 ], [ 74.323816210808019, 19.785064420398747 ], [ 74.323890066697416, 19.785201430352455 ], [ 74.324233439629921, 19.785916546739447 ], [ 74.324537705304863, 19.786550208008364 ], [ 74.324600213675595, 19.786760006958982 ], [ 74.324899945553298, 19.787683505855277 ], [ 74.32509431942124, 19.78823365335187 ], [ 74.325181517987545, 19.788480444965881 ], [ 74.325183480806444, 19.788597902621078 ], [ 74.325224038843189, 19.788830214249614 ], [ 74.325256535398594, 19.789016332610124 ], [ 74.325341051595473, 19.789500415651332 ], [ 74.325397840392782, 19.789836979710067 ], [ 74.32549622298437, 19.79037017740222 ], [ 74.325600397912936, 19.790959960644013 ], [ 74.325703126553876, 19.79148779820898 ], [ 74.32571834042156, 19.791624898149827 ], [ 74.325741310343375, 19.791711353041354 ], [ 74.32578327604017, 19.791869300055527 ], [ 74.326175599969133, 19.792981795762881 ], [ 74.326190909058198, 19.793015795733005 ], [ 74.326240703572751, 19.793126378208445 ], [ 74.326587074183351, 19.793944650132119 ], [ 74.326824702830521, 19.794506021025725 ], [ 74.326906905865542, 19.795318595753361 ], [ 74.326992183833767, 19.795591248063072 ], [ 74.326830220283, 19.795698304138686 ], [ 74.327241859787208, 19.795828128097163 ], [ 74.328582835198944, 19.796251040766236 ], [ 74.328776693433866, 19.796312177748849 ], [ 74.330041437810593, 19.79676018723848 ], [ 74.330301378812791, 19.796852264308953 ], [ 74.331178569314659, 19.797180309887228 ], [ 74.331961165420523, 19.797472976378096 ], [ 74.333206887072805, 19.797754645180341 ], [ 74.333318378779325, 19.79777985469514 ], [ 74.33400020187662, 19.7978272283883 ], [ 74.334633427015348, 19.797871225418003 ], [ 74.334983264224647, 19.797895531375485 ], [ 74.335332521122268, 19.797919795913561 ], [ 74.335916703636371, 19.79796038415185 ], [ 74.336022632974675, 19.797952012263313 ], [ 74.336070178107732, 19.797948254422028 ], [ 74.336851777981934, 19.798002295146254 ], [ 74.337348722403817, 19.798036653261757 ], [ 74.337568923734494, 19.798058580750858 ], [ 74.338028528783298, 19.798104346757125 ], [ 74.338175050294325, 19.79812323398945 ], [ 74.338910326744283, 19.798218018346855 ], [ 74.33903600105252, 19.798228175319672 ], [ 74.339072002834158, 19.798231085401738 ], [ 74.339153003025046, 19.798242646279 ], [ 74.340393507262107, 19.798419716587109 ], [ 74.340394549307845, 19.798419865345114 ], [ 74.340840559253138, 19.798483526153802 ], [ 74.340958040926012, 19.79849869523796 ], [ 74.341074064633162, 19.798513675837629 ], [ 74.34136322513659, 19.79854391933468 ], [ 74.341864476081994, 19.798633211235629 ], [ 74.342060540579254, 19.79867090781277 ], [ 74.342185883409158, 19.798695007415777 ], [ 74.342275449934561, 19.798707377129581 ], [ 74.342500777950534, 19.798715551198242 ], [ 74.342521733849495, 19.798715721086346 ], [ 74.342907294362718, 19.798718830630069 ], [ 74.343563604407606, 19.79873078703223 ], [ 74.343937917115127, 19.798740413177786 ], [ 74.344237623840016, 19.798723629757248 ], [ 74.344457989562358, 19.798692117627365 ], [ 74.344669419742573, 19.798672133373969 ], [ 74.345440670126379, 19.798577407606871 ], [ 74.345588207632005, 19.798559286193438 ], [ 74.345887541556039, 19.798517847821127 ], [ 74.346196005956614, 19.798475769609784 ], [ 74.346345112819037, 19.798455430338617 ], [ 74.346520131585862, 19.798402518976889 ], [ 74.346579342241185, 19.798396764745846 ], [ 74.347201059961122, 19.798336345307415 ], [ 74.347659756813158, 19.798261868200765 ], [ 74.348096103580986, 19.798191020421896 ], [ 74.34887116102496, 19.798036767366167 ], [ 74.348883125686243, 19.79803427819915 ], [ 74.34952971955299, 19.797899823396236 ], [ 74.349816033295312, 19.797840274344825 ], [ 74.349711868248221, 19.796876538303515 ], [ 74.349674759742157, 19.796671082771958 ], [ 74.349662088106768, 19.796508184961173 ], [ 74.349644915013442, 19.796287401603209 ], [ 74.349689954745187, 19.796160186392804 ], [ 74.349693327020745, 19.796150662363829 ], [ 74.349624922108475, 19.79591623735547 ], [ 74.349567410167367, 19.795593063619215 ], [ 74.349693409665761, 19.795580209345985 ], [ 74.350179842002206, 19.795536397633935 ], [ 74.350420236562144, 19.79552656590338 ], [ 74.350649325824193, 19.795535505069658 ], [ 74.351191410589166, 19.795556656981152 ], [ 74.351249252211971, 19.79568986704842 ], [ 74.351302544766213, 19.795812600381051 ], [ 74.351311096727713, 19.795832295924885 ], [ 74.351851550152091, 19.795607724995083 ], [ 74.352096888141034, 19.795525419769675 ], [ 74.352532258440121, 19.795345090407068 ], [ 74.352581434015391, 19.795324721997922 ], [ 74.352872645372628, 19.79520907218722 ], [ 74.352974533190448, 19.795281948161232 ], [ 74.353226332761224, 19.795387831262769 ], [ 74.353267045308215, 19.795404950592133 ], [ 74.353459277592492, 19.795892757730087 ], [ 74.353501330425914, 19.795969500313699 ], [ 74.353557961119733, 19.79607285318923 ], [ 74.353677104675867, 19.796377288964528 ], [ 74.353770028205489, 19.796570966654421 ], [ 74.353759604154902, 19.796673788337959 ], [ 74.354006533060215, 19.79691322863496 ], [ 74.354004336679353, 19.796915523418011 ], [ 74.353930230160003, 19.796992883366983 ], [ 74.35408451670834, 19.797141312159223 ], [ 74.354699342553417, 19.797732803016512 ], [ 74.355567374730981, 19.797846452050681 ], [ 74.355928053707473, 19.797531145321603 ], [ 74.356183822035149, 19.797307554710276 ], [ 74.356358782411476, 19.797224242858828 ], [ 74.35674567692287, 19.797255693578101 ], [ 74.357313017822037, 19.797410171374448 ], [ 74.357519014093086, 19.797490197754957 ], [ 74.358263632123666, 19.797779469275106 ], [ 74.358651276728324, 19.79770400215552 ], [ 74.358669847600211, 19.797700387150556 ], [ 74.358686609265092, 19.797689390840716 ], [ 74.358848408424166, 19.797583254858814 ], [ 74.358864127145011, 19.797552418679622 ], [ 74.358885966087882, 19.797509582049994 ], [ 74.358967516047684, 19.797479836191549 ], [ 74.359028878168118, 19.797457455584201 ], [ 74.359165467905385, 19.797434789288964 ], [ 74.359269517968116, 19.797750182421311 ], [ 74.359409895900939, 19.798175685645809 ], [ 74.359285436114945, 19.798856681654769 ], [ 74.359269956345983, 19.798950621207453 ], [ 74.359219247346516, 19.799258352874674 ], [ 74.359197627592565, 19.799389545706585 ], [ 74.35919464788077, 19.799407732106705 ], [ 74.359024576136221, 19.800445475065413 ], [ 74.358973618303438, 19.800815902721396 ], [ 74.358970064568155, 19.800841736356379 ], [ 74.358946647285322, 19.801142029974553 ], [ 74.359007993236062, 19.801325434370529 ], [ 74.359019587791465, 19.801439360600355 ], [ 74.359025930795681, 19.801501676333842 ], [ 74.35902911083177, 19.801532919979199 ], [ 74.359484142557491, 19.801504218694209 ], [ 74.359819621095284, 19.801353378388168 ], [ 74.359959584904743, 19.801297124376067 ], [ 74.360134386279285, 19.801226869589122 ], [ 74.360198169359379, 19.801201234638938 ], [ 74.361153134201942, 19.800817429158439 ], [ 74.361261715366965, 19.800761844358068 ], [ 74.361317742392927, 19.800733162373728 ], [ 74.361385009139724, 19.800698727081596 ], [ 74.361451940814902, 19.800664463358455 ], [ 74.362169587827395, 19.800947467003663 ], [ 74.362178217942315, 19.801051238402469 ], [ 74.362186229118038, 19.801147568579982 ], [ 74.362195436849717, 19.801259672684051 ], [ 74.362282451261393, 19.801805853236683 ], [ 74.362448902795308, 19.802630713619408 ], [ 74.362940426782814, 19.802649574958711 ], [ 74.363096309637442, 19.802679368872077 ], [ 74.363423234417112, 19.802741852313378 ], [ 74.36386791844906, 19.802813426622372 ], [ 74.363839551449018, 19.802248583383609 ], [ 74.363822639765459, 19.802090744711368 ], [ 74.363820752405061, 19.802073119828357 ], [ 74.364103252798969, 19.802077044921159 ], [ 74.364224959248588, 19.802062170306492 ], [ 74.364386578744657, 19.802042418905398 ], [ 74.364786271553896, 19.802100041872244 ], [ 74.364915254357342, 19.802017474612434 ], [ 74.365029741945364, 19.802052894273288 ], [ 74.365094682953853, 19.802110211275277 ], [ 74.365155099148282, 19.802171715357876 ], [ 74.365210695881231, 19.802237109007297 ], [ 74.365261201861458, 19.802306071044558 ], [ 74.365306066421695, 19.802377739366232 ], [ 74.365353737318856, 19.802453844081803 ], [ 74.365407032568058, 19.802526535867006 ], [ 74.365465694352721, 19.802595462280706 ], [ 74.365529436110322, 19.802660285250411 ], [ 74.365569364428083, 19.802698358675016 ], [ 74.365573786834219, 19.802702577034449 ], [ 74.365584784908265, 19.8027130641916 ], [ 74.36562619634455, 19.802776883024343 ], [ 74.3656469707838, 19.802849295748466 ], [ 74.365645498445048, 19.802924688586781 ], [ 74.365621893414328, 19.802997223796432 ], [ 74.365582686443773, 19.803064781641545 ], [ 74.365545345274029, 19.803139548091309 ], [ 74.365515036116321, 19.803216937977275 ], [ 74.365491993430979, 19.803296365578877 ], [ 74.365476388796196, 19.803377224046855 ], [ 74.365471552266683, 19.803468213756467 ], [ 74.36548567378297, 19.803544092285073 ], [ 74.365516401555567, 19.803615226735239 ], [ 74.365562390806545, 19.803678510202118 ], [ 74.365621632004562, 19.803731176395569 ], [ 74.365690633398188, 19.803770122642657 ], [ 74.365769050034274, 19.803796011580413 ], [ 74.365850782352098, 19.803805349210677 ], [ 74.365933165050166, 19.803798525167764 ], [ 74.366021756903493, 19.803773006422528 ], [ 74.366106388983027, 19.803740363586197 ], [ 74.366189174126347, 19.803703655389423 ], [ 74.366329570025471, 19.803591128722509 ], [ 74.366526561584152, 19.803440247290062 ], [ 74.366766544715674, 19.80334084708068 ], [ 74.36695923244578, 19.803328381375383 ], [ 74.36708726123841, 19.803354071765419 ], [ 74.3672010193944, 19.803410899779188 ], [ 74.367223034407075, 19.803421895693692 ], [ 74.367278717378255, 19.803473206288722 ], [ 74.367390030320067, 19.803610681312104 ], [ 74.367450515684794, 19.803723406584314 ], [ 74.367489439686054, 19.803838443363624 ], [ 74.367487964652355, 19.803955585419551 ], [ 74.367446251382148, 19.80406209833043 ], [ 74.367315442303735, 19.80419056063424 ], [ 74.367147407938234, 19.804282957111472 ], [ 74.366975092202125, 19.804415286799539 ], [ 74.366897265759164, 19.804546588634516 ], [ 74.366843843847548, 19.804756250613313 ], [ 74.366840670997959, 19.805008508597343 ], [ 74.36695227229896, 19.805219973581263 ], [ 74.367363854311009, 19.805478381193939 ], [ 74.367433552797266, 19.805523877144815 ], [ 74.367541367699332, 19.805577947413202 ], [ 74.367695400024473, 19.80561696589351 ], [ 74.367856397886342, 19.805624947751863 ], [ 74.36810967788071, 19.805615274692833 ], [ 74.368244889602323, 19.805582530813115 ], [ 74.368317721412296, 19.80554288097629 ], [ 74.368390668206644, 19.805493900360382 ], [ 74.368431332244612, 19.805397899898388 ], [ 74.368436403234384, 19.805312437075045 ], [ 74.368387348033323, 19.805235638988997 ], [ 74.368321235621679, 19.80515200335811 ], [ 74.368143775233932, 19.804996528156611 ], [ 74.368092432023872, 19.804896409669983 ], [ 74.368057937615291, 19.804763808233364 ], [ 74.368059445886644, 19.804644045860321 ], [ 74.368087234371657, 19.804526125052078 ], [ 74.368158582164753, 19.804343346401055 ], [ 74.368197415436185, 19.804261500402831 ], [ 74.36830589419327, 19.804133397360204 ], [ 74.368379001786025, 19.804071971792993 ], [ 74.368458488315639, 19.804026172850289 ], [ 74.368632722853206, 19.804028077054753 ], [ 74.368750795617515, 19.804051144719491 ], [ 74.36881251167415, 19.80411093063444 ], [ 74.368893365439632, 19.80421759641985 ], [ 74.369044754921177, 19.804350622594292 ], [ 74.369122344208904, 19.804341281615283 ], [ 74.369277097881223, 19.804282417883549 ], [ 74.369396846901864, 19.804232544364154 ], [ 74.369515694013955, 19.804180737044977 ], [ 74.369606625978577, 19.804139306052786 ], [ 74.369750531595514, 19.804071396221346 ], [ 74.369866453793051, 19.804013893139658 ], [ 74.370020513965969, 19.803933721286796 ], [ 74.370088647586982, 19.803889664234518 ], [ 74.370147826801272, 19.803835357585172 ], [ 74.37018107165332, 19.80376726506352 ], [ 74.370217106672627, 19.803698694136347 ], [ 74.370255324598062, 19.803628704108469 ], [ 74.370264180190162, 19.803552224691039 ], [ 74.370258743586064, 19.803475748617604 ], [ 74.370239184567353, 19.803401602694887 ], [ 74.370206096022201, 19.803332040202399 ], [ 74.370164578584721, 19.803261045927204 ], [ 74.370131264562389, 19.803186960758186 ], [ 74.370106481840338, 19.803109853996673 ], [ 74.370090499913104, 19.803030573365294 ], [ 74.370083493952208, 19.802949985182572 ], [ 74.370085542111056, 19.802868972672481 ], [ 74.370096620135129, 19.802788424977138 ], [ 74.370116607650218, 19.802709222788607 ], [ 74.370145284569034, 19.802632233277492 ], [ 74.370182340972832, 19.802558301640985 ], [ 74.37022736543318, 19.802488237579578 ], [ 74.370279866571636, 19.802422809380367 ], [ 74.370339268568102, 19.802362731238823 ], [ 74.370404923737269, 19.802308664103805 ], [ 74.370475925679031, 19.802258782358997 ], [ 74.370590397097345, 19.802183242141069 ], [ 74.370707530223882, 19.802111430893625 ], [ 74.370782231427995, 19.802068492377103 ], [ 74.370887909237993, 19.802010900671103 ], [ 74.371011067365117, 19.801948789674739 ], [ 74.371110479426051, 19.801902443278159 ], [ 74.371239186446715, 19.801846840262431 ], [ 74.371360096989008, 19.801799573415515 ], [ 74.371482605634171, 19.801756252785232 ], [ 74.371606564160246, 19.801716929931906 ], [ 74.371731821650201, 19.801681651344438 ], [ 74.371849841413891, 19.801652459025789 ], [ 74.371985620870774, 19.801623400243233 ], [ 74.372113853580984, 19.801600497885563 ], [ 74.372242766315807, 19.80158178264136 ], [ 74.372333704568646, 19.801571274279656 ], [ 74.372437069216829, 19.801561610271378 ], [ 74.37256699525129, 19.801553452407706 ], [ 74.372697050643211, 19.80154953913479 ], [ 74.372835286992384, 19.801550100347146 ], [ 74.372956912593637, 19.801554462420899 ], [ 74.373086402046908, 19.801563293063126 ], [ 74.37321538664699, 19.801576355617335 ], [ 74.373343710985324, 19.801593635714109 ], [ 74.373471216958436, 19.801615111376883 ], [ 74.373597750056092, 19.801640757248009 ], [ 74.373694014420252, 19.801663615649538 ], [ 74.37377525805455, 19.801692924603543 ], [ 74.373857656023986, 19.801726815372771 ], [ 74.373933016591479, 19.801770174044982 ], [ 74.374002954029606, 19.801820770135194 ], [ 74.3740667011771, 19.801878048341706 ], [ 74.374123559144721, 19.801941378985322 ], [ 74.374172907196538, 19.802010072378138 ], [ 74.374214200953517, 19.80208337037196 ], [ 74.374246990359708, 19.802160474250112 ], [ 74.374270916987285, 19.802240536275811 ], [ 74.374283370332051, 19.802322343589392 ], [ 74.374288082894054, 19.802372522822917 ], [ 74.374291226099231, 19.802406010289463 ], [ 74.374287389394638, 19.802489607639625 ], [ 74.374274244347106, 19.802572558372539 ], [ 74.374251937381956, 19.802653953906194 ], [ 74.374220713739305, 19.802732903409499 ], [ 74.374180912084, 19.802808541408861 ], [ 74.374133106439544, 19.802879857059004 ], [ 74.374047824878048, 19.802996307608698 ], [ 74.373964696578284, 19.803114092629773 ], [ 74.373883747591407, 19.803233172395363 ], [ 74.373805003070245, 19.803353511404598 ], [ 74.373728482777679, 19.80347507500187 ], [ 74.373506244067997, 19.804117403911892 ], [ 74.373392147247117, 19.804117252623644 ], [ 74.373258539916591, 19.804117076825037 ], [ 74.373175510431523, 19.804116967796091 ], [ 74.372727425377903, 19.804356407881876 ], [ 74.372698766425401, 19.804690330605208 ], [ 74.373266071391939, 19.80526056840942 ], [ 74.373302446872742, 19.805444185269117 ], [ 74.373032845387996, 19.80557506789189 ], [ 74.372662809559515, 19.80575471205675 ], [ 74.372458932414204, 19.805582047371335 ], [ 74.372190236431237, 19.805807253321969 ], [ 74.371634741615779, 19.806272846977887 ], [ 74.371617148110928, 19.806287593577622 ], [ 74.371505048244913, 19.806405475047505 ], [ 74.371103241699799, 19.806956243271074 ], [ 74.370720338403189, 19.807479092851096 ], [ 74.370480244778904, 19.807817152869436 ], [ 74.370254766744267, 19.808134640024893 ], [ 74.369564872284172, 19.809091690284848 ], [ 74.369193488982773, 19.809656943638785 ], [ 74.368766438879874, 19.809967301623665 ], [ 74.367658828710987, 19.810693599652016 ], [ 74.36713736657002, 19.81096240976834 ], [ 74.3671740879022, 19.811173014928197 ], [ 74.367176825967178, 19.81123793835609 ], [ 74.367256729315073, 19.813132291385404 ], [ 74.367288611422822, 19.813973481020689 ], [ 74.367353874926522, 19.815695173110953 ], [ 74.367371691213549, 19.815914441275414 ], [ 74.367381125320662, 19.81603055014968 ], [ 74.367392165615499, 19.816166432252427 ], [ 74.36740953903309, 19.816380231837144 ], [ 74.367411677023483, 19.816428064807756 ], [ 74.367463429865296, 19.817585381001006 ], [ 74.367518328607247, 19.818812965399637 ], [ 74.367545818851596, 19.819427581401552 ], [ 74.367628216821018, 19.820165938059876 ], [ 74.367653005831286, 19.820366947603773 ], [ 74.367677469651426, 19.8205639240844 ], [ 74.367775817208738, 19.821519995291158 ], [ 74.367814425003004, 19.821753374374566 ], [ 74.367822859285212, 19.821795896862234 ], [ 74.367928501162638, 19.822328476176153 ], [ 74.368073791083432, 19.823060931652925 ], [ 74.368140556570268, 19.823397517678668 ], [ 74.36823755126477, 19.824118955154539 ], [ 74.368352046937616, 19.824970554602363 ], [ 74.368415254197629, 19.825988118681877 ], [ 74.368427932121236, 19.826192213813101 ], [ 74.368537640671946, 19.82755191710752 ], [ 74.368603064974096, 19.828321368774809 ], [ 74.368676771743168, 19.82918819636496 ], [ 74.368729920566935, 19.829901866062205 ], [ 74.36878169766328, 19.830062186076766 ], [ 74.368848547591782, 19.830189572756446 ], [ 74.368892305427593, 19.83047725780359 ], [ 74.368944184033566, 19.830818328824563 ], [ 74.368974029660563, 19.831849594934607 ], [ 74.368980986214126, 19.8320898932223 ], [ 74.368957204215306, 19.832254497052297 ], [ 74.368941640004692, 19.832518881599437 ], [ 74.368939218146679, 19.83256003309555 ], [ 74.368947836583501, 19.832731238686122 ], [ 74.368988946185866, 19.833547802699705 ], [ 74.369002319405482, 19.833724377380783 ], [ 74.369034694688324, 19.834151856352669 ], [ 74.369015211128129, 19.834721527105849 ], [ 74.368163288438552, 19.834529835208883 ], [ 74.36716053501948, 19.834303022990326 ], [ 74.366785069773442, 19.834299946253378 ], [ 74.366540968764667, 19.834267713606618 ], [ 74.366420475040655, 19.834256411391095 ], [ 74.366255966562676, 19.834246053068277 ], [ 74.365658829443873, 19.834144680391294 ], [ 74.365638574230829, 19.834141240290066 ], [ 74.365183314333052, 19.834046726627342 ], [ 74.365131588440676, 19.834005714945739 ], [ 74.365130095440662, 19.834004531063162 ], [ 74.365049141063906, 19.833940346192215 ], [ 74.364947841642589, 19.833860031409323 ], [ 74.364450902610542, 19.833466029197101 ], [ 74.364283941731841, 19.833405357743427 ], [ 74.363316719377238, 19.833180357356301 ], [ 74.363111926848646, 19.833130279953554 ], [ 74.362981591182404, 19.833737194769821 ], [ 74.362947787578264, 19.833894603174745 ], [ 74.362946211933263, 19.833901938857561 ], [ 74.362897172003571, 19.834194701702543 ], [ 74.362857603910257, 19.834594180396135 ], [ 74.362802040414977, 19.835155211761549 ], [ 74.362773368886067, 19.835466308366186 ], [ 74.362726853222327, 19.835971083076405 ], [ 74.362680932243322, 19.83646947210396 ], [ 74.362652818568165, 19.836774631614603 ], [ 74.362648864184322, 19.836821031221902 ], [ 74.362560917321346, 19.837853116888382 ], [ 74.362544078401342, 19.83802016272702 ], [ 74.362495442713566, 19.838326794634867 ], [ 74.362494083562524, 19.838372926767594 ], [ 74.362479524566737, 19.838867139023304 ], [ 74.362473151918081, 19.839083556296824 ], [ 74.362464971859126, 19.839361406355941 ], [ 74.362435956275448, 19.840347562820444 ], [ 74.362435778409022, 19.840355591099538 ], [ 74.362416664954708, 19.841214668694871 ], [ 74.362395502443249, 19.841754558794314 ], [ 74.362383385966695, 19.842179226017166 ], [ 74.362369932797009, 19.842650998947196 ], [ 74.362318907590577, 19.842867384024359 ], [ 74.362298269695216, 19.843021235313795 ], [ 74.362283406170505, 19.843132048337043 ], [ 74.362283169015271, 19.843308505895035 ], [ 74.362282231174149, 19.844017685330826 ], [ 74.362282073968942, 19.844137089343484 ], [ 74.362282106308299, 19.844400989375252 ], [ 74.362208259402053, 19.84561094425495 ], [ 74.362198263847915, 19.845896065632697 ], [ 74.362195878820827, 19.845964133347103 ], [ 74.362197196649333, 19.84603804141528 ], [ 74.362199173841276, 19.846148789805614 ], [ 74.362202718593394, 19.846347414102755 ], [ 74.362204190033836, 19.84642983919667 ], [ 74.362206478042836, 19.846557983351744 ], [ 74.362207803057885, 19.84663214378638 ], [ 74.362208496557287, 19.846670953622656 ], [ 74.362214986885206, 19.847955545314576 ], [ 74.362247987395506, 19.848906220596529 ], [ 74.362240669719199, 19.849105088167605 ], [ 74.362238600000794, 19.849139020369346 ], [ 74.362219578174646, 19.849451138152663 ], [ 74.362217980970073, 19.849477344108159 ], [ 74.362160232772027, 19.849585231653627 ], [ 74.362119003693749, 19.849662261791938 ], [ 74.36207849686096, 19.849738853367381 ], [ 74.362064129206317, 19.849766020820486 ], [ 74.361998286289221, 19.850476617098124 ], [ 74.362019012219463, 19.850701610720542 ], [ 74.362078462724966, 19.851346820098293 ], [ 74.362126439947687, 19.851867371583644 ], [ 74.362185447583727, 19.852513493813948 ], [ 74.362187220858104, 19.852532893367123 ], [ 74.36218747328472, 19.852633922247392 ], [ 74.362187537065111, 19.852659595372984 ], [ 74.362269323281808, 19.854094355285174 ], [ 74.362334532886621, 19.855204554192053 ], [ 74.362339699996127, 19.855267217226171 ], [ 74.362477647986097, 19.856939680364164 ], [ 74.362505534387452, 19.857380569640977 ], [ 74.3625958015988, 19.858807623666802 ], [ 74.362699479759002, 19.860543786815715 ], [ 74.362714585828797, 19.860820474766914 ], [ 74.362734134966018, 19.861178547222028 ], [ 74.362752031203101, 19.861516349344875 ], [ 74.362763920405882, 19.861883413960108 ], [ 74.362776530955841, 19.862272774859161 ], [ 74.362785642567772, 19.862756065361943 ], [ 74.362770650583997, 19.863076373584363 ], [ 74.362778610555722, 19.863291184697172 ], [ 74.36278552488848, 19.863477739691547 ], [ 74.362791953232644, 19.863549830736659 ], [ 74.362801280440237, 19.863654428086711 ], [ 74.362890785880211, 19.865705515097915 ], [ 74.362905970103441, 19.866203955225782 ], [ 74.362908158399478, 19.866275754401453 ], [ 74.362957941235919, 19.867215045383428 ], [ 74.363060753420157, 19.868964602687821 ], [ 74.363086622205401, 19.869404811391121 ], [ 74.363084303653665, 19.869668526618455 ], [ 74.36308116494007, 19.87002540730867 ], [ 74.36308104995571, 19.870038475216621 ], [ 74.363085242393126, 19.870128875067671 ], [ 74.36314594155688, 19.87143740508952 ], [ 74.362541584678155, 19.871448153829675 ], [ 74.362416909296471, 19.871442563606273 ], [ 74.362323819578521, 19.87143839015841 ], [ 74.362058689008933, 19.871394013052512 ], [ 74.362000704553978, 19.871386985775107 ], [ 74.361884871289689, 19.871372948960779 ], [ 74.361797962879194, 19.871362417336307 ], [ 74.359575249693606, 19.871066723064541 ], [ 74.359560578408377, 19.870910817307998 ], [ 74.359480013900452, 19.870907882367401 ], [ 74.359450729720507, 19.870906815346672 ], [ 74.358448824311054, 19.870870310223165 ], [ 74.35840591358658, 19.870873322888844 ], [ 74.358004286704514, 19.870901507277516 ], [ 74.357060501395679, 19.87092754832689 ], [ 74.356965278178919, 19.870929517626134 ], [ 74.356811211717783, 19.870931969323454 ], [ 74.356233262613429, 19.870941160231055 ], [ 74.356230735652559, 19.870941199938095 ], [ 74.356150941899116, 19.870944236257685 ], [ 74.356145034577807, 19.870944520120602 ], [ 74.355101573103369, 19.870994561091941 ], [ 74.354921002748071, 19.870996390148608 ], [ 74.354767301901305, 19.871003024597464 ], [ 74.354256005994415, 19.87102509662018 ], [ 74.354157087108561, 19.871029761769812 ], [ 74.354017125994062, 19.871036361579232 ], [ 74.353688183598237, 19.871051876030307 ], [ 74.353489407087139, 19.871066452719088 ], [ 74.353203739233521, 19.871076627000406 ], [ 74.353091607028176, 19.871057277025695 ], [ 74.352733182823073, 19.871080150783971 ], [ 74.352203445401713, 19.871122137111112 ], [ 74.352075188437027, 19.871132302095734 ], [ 74.351954036247918, 19.871132101871215 ], [ 74.351115714051744, 19.871224421394185 ], [ 74.350975446611699, 19.871262676920722 ], [ 74.350634106566659, 19.871275369622857 ], [ 74.350189450382501, 19.871291903758301 ], [ 74.349776758052755, 19.871299971023479 ], [ 74.348954313579227, 19.87123977193011 ], [ 74.348788281558527, 19.871248355388193 ], [ 74.348709839769597, 19.871235471752627 ], [ 74.348603096557639, 19.871235858684127 ], [ 74.348519417590609, 19.871242504105687 ], [ 74.348396608908118, 19.871256845914676 ], [ 74.348363518566302, 19.871280868610739 ], [ 74.348334643119827, 19.871301829645656 ], [ 74.348229305771284, 19.871295120864428 ], [ 74.348170113980572, 19.871289889687649 ], [ 74.348028642798084, 19.871277391297188 ], [ 74.347921710939929, 19.87126624378643 ], [ 74.347841466232211, 19.871279265971346 ], [ 74.347761338305503, 19.871297575935376 ], [ 74.347682515630893, 19.871307433391301 ], [ 74.347598083875667, 19.871311394790716 ], [ 74.347528651290702, 19.87131784336415 ], [ 74.34751139285747, 19.871319445158342 ], [ 74.347425562425329, 19.871333120391007 ], [ 74.347333354853006, 19.871344343086747 ], [ 74.347254397431115, 19.871335767237341 ], [ 74.347135487436958, 19.871342829999762 ], [ 74.347062893680516, 19.871362409732846 ], [ 74.347056363826724, 19.871364171199041 ], [ 74.346943524647244, 19.871367178786379 ], [ 74.346777616594039, 19.871401787157275 ], [ 74.346140842211668, 19.871453035242702 ], [ 74.346138331420434, 19.8714538116391 ], [ 74.346003606585683, 19.871495513160532 ], [ 74.345810575699119, 19.871516551891144 ], [ 74.345529182029637, 19.871543548338749 ], [ 74.345421523434425, 19.871586881196958 ], [ 74.345117379930372, 19.871638755238941 ], [ 74.345004803957252, 19.8716633709452 ], [ 74.344443790790976, 19.871786041368455 ], [ 74.344361667706011, 19.871798298943499 ], [ 74.343972414218669, 19.87185640519256 ], [ 74.343799422051163, 19.871882228964999 ], [ 74.34373916755348, 19.871891223818096 ], [ 74.342742270251748, 19.872058287049036 ], [ 74.342562421243656, 19.872065504382103 ], [ 74.342428502197734, 19.87207087661891 ], [ 74.341101238670504, 19.872269249652028 ], [ 74.340998326773246, 19.872284631345202 ], [ 74.340764497101404, 19.872345352987026 ], [ 74.339126426367343, 19.872574040408093 ], [ 74.339025854581394, 19.872636218410676 ], [ 74.338788103763363, 19.872593701936747 ], [ 74.338527971420021, 19.872588022202667 ], [ 74.337344990802151, 19.872460157589252 ], [ 74.337332659628217, 19.872536749984359 ], [ 74.337190359300706, 19.87342071568186 ], [ 74.337134605362593, 19.873767048012045 ], [ 74.33708081514169, 19.874101182171174 ], [ 74.337080029115825, 19.874106069416204 ], [ 74.337073291751196, 19.8741479223062 ], [ 74.337041963903985, 19.874648124355328 ], [ 74.337009308346765, 19.875169535412404 ], [ 74.336996164197529, 19.875379399850079 ], [ 74.336990906358182, 19.875426099057449 ], [ 74.336982160360577, 19.875503774750069 ], [ 74.337012427297424, 19.875572623877208 ], [ 74.337020123164493, 19.875590130780186 ], [ 74.336983262593421, 19.875959934613867 ], [ 74.336935083249799, 19.876443300822846 ], [ 74.336908051146281, 19.876638147258102 ], [ 74.336924063616195, 19.877235868178232 ], [ 74.33692793535505, 19.877380357056389 ], [ 74.336930311399016, 19.87746905890554 ], [ 74.336867806621541, 19.878257625268731 ], [ 74.336862269406126, 19.87832750299944 ], [ 74.336849681314035, 19.87855740335468 ], [ 74.336824963270672, 19.879008857412309 ], [ 74.336815454603396, 19.879182520214012 ], [ 74.33681158555946, 19.879253178963815 ], [ 74.336779929827173, 19.879680065579237 ], [ 74.336733477943838, 19.880306469678615 ], [ 74.336729227115896, 19.880362233612686 ], [ 74.336723041316858, 19.880443395825278 ], [ 74.336715314907124, 19.880788612063114 ], [ 74.336699925867975, 19.881476346608572 ], [ 74.336698063660393, 19.881559561050217 ], [ 74.33664846857188, 19.882052694315629 ], [ 74.336647466950311, 19.882065075277936 ], [ 74.336595826397897, 19.882703131963389 ], [ 74.336430346841112, 19.883713688578471 ], [ 74.33642165564072, 19.883766764970844 ], [ 74.336226808360678, 19.884473725108695 ], [ 74.336203412637389, 19.884558609751178 ], [ 74.336047063557132, 19.885125880339363 ], [ 74.33597934495775, 19.885371575318935 ], [ 74.335878085062305, 19.885702453833844 ], [ 74.33576979135816, 19.886056318140209 ], [ 74.335506133127339, 19.886388451364805 ], [ 74.335493556713388, 19.886404292074992 ], [ 74.335325835859948, 19.886615570098812 ], [ 74.335214902007181, 19.886652014997235 ], [ 74.335112853390896, 19.886685542133822 ], [ 74.334860854394137, 19.886768332310996 ], [ 74.334848921173887, 19.886772253620897 ], [ 74.33451263055909, 19.886882737036267 ], [ 74.334372003792936, 19.886928937832703 ], [ 74.332748416596203, 19.887207715240653 ], [ 74.332332967336853, 19.887279049584631 ], [ 74.331720586705998, 19.887382519594333 ], [ 74.330585900416111, 19.887672821850039 ], [ 74.32955001712935, 19.887937845589388 ], [ 74.32874108421602, 19.888144808333109 ], [ 74.328629021180944, 19.888184703635389 ], [ 74.327819106408995, 19.888564643628591 ], [ 74.326438064338944, 19.889212502599658 ], [ 74.326252878439774, 19.889299375736606 ], [ 74.325620637854612, 19.889609708956428 ], [ 74.325516561740727, 19.889660794033123 ], [ 74.32511854967936, 19.88969942101355 ], [ 74.324738502127076, 19.889720725951296 ], [ 74.323897461628832, 19.889767875396167 ], [ 74.323139173934564, 19.889810386417032 ], [ 74.32306274257526, 19.88981273898883 ], [ 74.322922743731482, 19.889817049643685 ], [ 74.321429935070427, 19.890014210236941 ], [ 74.321381025396491, 19.89002067072018 ], [ 74.321105242604233, 19.890088190694673 ], [ 74.320026795342741, 19.890345449888084 ], [ 74.319978916036405, 19.890356271681561 ], [ 74.319157586372143, 19.890541911235392 ], [ 74.318497055143723, 19.89069275129032 ], [ 74.318479160703276, 19.890696838913829 ], [ 74.317657696291704, 19.890871255911772 ], [ 74.317412672713104, 19.89095205288767 ], [ 74.316814908570251, 19.891061421731926 ], [ 74.316735622364959, 19.891075927312688 ], [ 74.315825956867201, 19.891242362115854 ], [ 74.315214173616013, 19.891349526036837 ], [ 74.314419639798331, 19.891576054799515 ], [ 74.313055039592953, 19.891984257679781 ], [ 74.312926569727551, 19.892018874218227 ], [ 74.312573747416565, 19.892113943796989 ], [ 74.312432578966281, 19.892157086036384 ], [ 74.312141638900286, 19.892246000927372 ], [ 74.312088102902592, 19.89225988130945 ], [ 74.31181944464889, 19.892329539995128 ], [ 74.31168557321368, 19.892364250221533 ], [ 74.311679615586726, 19.892365795206974 ], [ 74.311373963811278, 19.892450832736785 ], [ 74.311229139217815, 19.892491123970437 ], [ 74.311097951948668, 19.892528547386203 ], [ 74.31086597909453, 19.892597537784393 ], [ 74.310636667050261, 19.892661888981355 ], [ 74.310369146063707, 19.89273696210671 ], [ 74.310356975688237, 19.892740543693805 ], [ 74.310192995419641, 19.892788796280328 ], [ 74.310093409983878, 19.892818100239626 ], [ 74.309814605259064, 19.892900139639824 ], [ 74.30947437193845, 19.893000258381164 ], [ 74.30946569421279, 19.893002811102455 ], [ 74.309549041701487, 19.893544435627586 ], [ 74.309549711844681, 19.893548794329277 ], [ 74.309587798616121, 19.89378276267125 ], [ 74.30957995991696, 19.893993661714333 ], [ 74.309579596997551, 19.894003423995645 ], [ 74.309546607267094, 19.894015860619163 ], [ 74.309072720801865, 19.894194503405068 ], [ 74.308540151890739, 19.894398854590712 ], [ 74.30840996085324, 19.894463390045946 ], [ 74.308318769275488, 19.894478018641912 ], [ 74.30722596244415, 19.894867423632942 ], [ 74.307116852171433, 19.894906303598695 ], [ 74.306845492683664, 19.895004180922111 ], [ 74.306461089200539, 19.895082450131845 ], [ 74.3051559125512, 19.895348205651128 ], [ 74.304922224813197, 19.895395790130092 ], [ 74.304693509250271, 19.895498045227061 ], [ 74.304642846963191, 19.895520696679707 ], [ 74.304642051954161, 19.895521050608611 ], [ 74.304546905094227, 19.895563591338775 ], [ 74.303461417735818, 19.896048898814961 ], [ 74.303443220563111, 19.89605554741923 ], [ 74.302649836589012, 19.89634542240865 ], [ 74.302023559919007, 19.89660429493625 ], [ 74.301953142780505, 19.896722439612208 ], [ 74.301768503955316, 19.896767959249821 ], [ 74.301760319404764, 19.896769064952213 ], [ 74.301527641373141, 19.896800528897671 ], [ 74.301197579676511, 19.896845159896817 ], [ 74.299160030830521, 19.897117664069011 ], [ 74.298895022431836, 19.897132823730068 ], [ 74.297808348398945, 19.897212364835347 ], [ 74.296321162293268, 19.897343262178172 ], [ 74.295959734121837, 19.897380762158459 ], [ 74.295672711608773, 19.897431377614982 ], [ 74.295470149597037, 19.897467100349356 ], [ 74.295172378741597, 19.8975196121038 ], [ 74.29451488741212, 19.897639841630848 ], [ 74.294029739666513, 19.897728641943992 ], [ 74.293295982267722, 19.897820829401514 ], [ 74.29282895982962, 19.897908579668005 ], [ 74.292650045069422, 19.897952047221953 ], [ 74.292364785949246, 19.898012329925105 ], [ 74.292128054719058, 19.898062358967952 ], [ 74.291523898164613, 19.898190037358646 ], [ 74.290392429640093, 19.8983956267613 ], [ 74.290158133742622, 19.898539095387846 ], [ 74.290104740577078, 19.89857178799501 ], [ 74.290171394672853, 19.898965290598593 ], [ 74.290174201908115, 19.898981866612122 ], [ 74.290051573787011, 19.899297832601025 ], [ 74.289934114572034, 19.89939295440227 ], [ 74.289868171043622, 19.899446354963953 ], [ 74.289861997821006, 19.899550087319597 ], [ 74.289996680434939, 19.899730606644635 ], [ 74.290017699215952, 19.899758778297208 ], [ 74.289861281863722, 19.900106237276564 ], [ 74.289814983592308, 19.900209078068581 ], [ 74.289788939635599, 19.900266930630444 ], [ 74.289715929060876, 19.900429111290151 ], [ 74.289368636778761, 19.901200522145679 ], [ 74.289168424759808, 19.901683785140822 ], [ 74.289163725672566, 19.901739309264379 ], [ 74.289134893345221, 19.902080053884372 ], [ 74.289372857962306, 19.90229766707952 ], [ 74.289791127033297, 19.902647454283631 ], [ 74.289874277790929, 19.902716991835312 ], [ 74.289923962710986, 19.902798848726771 ], [ 74.290104381250984, 19.903604193913633 ], [ 74.290139614973029, 19.903761472998475 ], [ 74.290004600880778, 19.903777598308562 ], [ 74.289525584136996, 19.903834812696278 ], [ 74.288859594744906, 19.903914359724691 ], [ 74.288636228649523, 19.903945058682414 ], [ 74.287922427324759, 19.904043165230441 ], [ 74.287551608165387, 19.904094130776826 ], [ 74.286975432335382, 19.904172570334882 ], [ 74.286362349221946, 19.904256033847126 ], [ 74.286161573061008, 19.904283365954363 ], [ 74.285947184728599, 19.904306705385959 ], [ 74.28580000115916, 19.904322729282246 ], [ 74.285584353388714, 19.904346206386311 ], [ 74.285329643276413, 19.904373934619706 ], [ 74.285033563948673, 19.904406168220376 ], [ 74.285027663813864, 19.90440681015566 ], [ 74.284932028270404, 19.904406357422339 ], [ 74.284875323016422, 19.904406089667763 ], [ 74.284869460610864, 19.904406061794258 ], [ 74.283347197988277, 19.904709482347698 ], [ 74.283025752033538, 19.904773554109685 ], [ 74.282931961629643, 19.904798438333092 ], [ 74.282423340007355, 19.904899652660525 ], [ 74.282171157754277, 19.904949835786297 ], [ 74.281969143714889, 19.90499003599507 ], [ 74.281716304793335, 19.905040350012651 ], [ 74.281583895815388, 19.905081572222635 ], [ 74.281010190352447, 19.905260181403541 ], [ 74.280787287787732, 19.905299909375906 ], [ 74.280716287642619, 19.905312371295899 ], [ 74.279256368100761, 19.905568630183073 ], [ 74.278727397840655, 19.905664217837845 ], [ 74.278257119009638, 19.905752180829232 ], [ 74.27764670568925, 19.90585701469055 ], [ 74.276353382310063, 19.906079131394794 ], [ 74.27505021698866, 19.906316656582508 ], [ 74.274556237007161, 19.906436255237068 ], [ 74.274601215653462, 19.906731418927404 ], [ 74.274735917131991, 19.907615394798643 ], [ 74.274890096780823, 19.90862724263528 ], [ 74.275037500437477, 19.909481036237182 ], [ 74.275103794308805, 19.909865033359651 ], [ 74.275211021712721, 19.9106783782779 ], [ 74.275285825324715, 19.911220845207747 ], [ 74.275319789727305, 19.911440167999345 ], [ 74.275349891374177, 19.911634555821198 ], [ 74.275439329440502, 19.912259723680304 ], [ 74.275458998951947, 19.912398311410552 ], [ 74.275531913406923, 19.912912066811312 ], [ 74.275597939580322, 19.913410331358538 ], [ 74.2756781654234, 19.914015785139547 ], [ 74.275765298412693, 19.914705330583864 ], [ 74.275895541552472, 19.91573609920863 ], [ 74.275968102969543, 19.916406423629866 ], [ 74.275968449719258, 19.916409626306031 ], [ 74.275975711699999, 19.91645940797984 ], [ 74.276001557129064, 19.916636572740369 ], [ 74.276116032140649, 19.917421307245437 ], [ 74.276119146599754, 19.917637048860879 ], [ 74.276120281171941, 19.91770240421684 ], [ 74.276135248002873, 19.918564963670899 ], [ 74.276009272759012, 19.91959483469569 ], [ 74.275968423668104, 19.919899841774587 ], [ 74.275948027419574, 19.920006446609321 ], [ 74.275851711851445, 19.920509829674785 ], [ 74.275757232439759, 19.920899898613044 ], [ 74.275659940402917, 19.921301564107285 ], [ 74.275602443733163, 19.921519765699617 ], [ 74.275488106163806, 19.921953675690315 ], [ 74.275438380819523, 19.922162395387595 ], [ 74.275380786233427, 19.922404138624575 ], [ 74.275280121920986, 19.922826643874021 ], [ 74.275262188852992, 19.922901909602601 ], [ 74.275232736688082, 19.923025524229871 ], [ 74.275118773716173, 19.923484134860168 ], [ 74.275091426303987, 19.923594181349664 ], [ 74.274764161062834, 19.924782370634144 ], [ 74.274751657412395, 19.924883106830077 ], [ 74.274729006392491, 19.925027155281331 ], [ 74.274657960433316, 19.925361320596526 ], [ 74.274580314551727, 19.925726520283991 ], [ 74.274378029221097, 19.926727411818884 ], [ 74.274259907049469, 19.927276194820678 ], [ 74.274113237316371, 19.928008669636291 ], [ 74.273949434015904, 19.928805801003843 ], [ 74.273920077970729, 19.928950902375096 ], [ 74.273878274868991, 19.929164201951313 ], [ 74.273838625927297, 19.929474905417546 ], [ 74.273773764868835, 19.929697450898946 ], [ 74.273763475565559, 19.929734933074631 ], [ 74.273738630859754, 19.929825459294857 ], [ 74.273717577044465, 19.929885947735535 ], [ 74.273201307165806, 19.93136919559625 ], [ 74.273016305421265, 19.93190069657841 ], [ 74.272741326621215, 19.93272023740127 ], [ 74.272648547720365, 19.932801601619833 ], [ 74.272339458990658, 19.933045764117573 ], [ 74.271886110707811, 19.933343850765521 ], [ 74.271624782706823, 19.933446430106937 ], [ 74.271321161123922, 19.933565611327985 ], [ 74.270654306654222, 19.933768018292088 ], [ 74.270395792176714, 19.93384648535524 ], [ 74.269277131831515, 19.934125079596747 ], [ 74.269152649587639, 19.934120846153622 ], [ 74.268578721342521, 19.934207975845702 ], [ 74.268212997427412, 19.934263496150148 ], [ 74.267780658942399, 19.934335820978422 ], [ 74.267731304602378, 19.934344078419091 ], [ 74.266907281788875, 19.934481923904688 ], [ 74.266736334186959, 19.934520928406815 ], [ 74.266633665733124, 19.934544354580318 ], [ 74.266221842074259, 19.934626265933673 ], [ 74.26612781810843, 19.934644966324697 ], [ 74.266031854679909, 19.934664054334512 ], [ 74.265397618038151, 19.934735954201088 ], [ 74.264943024690311, 19.934766269688236 ], [ 74.263619595172713, 19.934854526417219 ], [ 74.26343426733969, 19.93486688635825 ], [ 74.26342933558881, 19.934867214864447 ], [ 74.263300049154807, 19.934877818267516 ], [ 74.263281675912296, 19.934879324835748 ], [ 74.26234650005712, 19.934956023832516 ], [ 74.262264541363876, 19.934974345853725 ], [ 74.262059110133109, 19.935020273348265 ], [ 74.262051455588576, 19.935021982592282 ], [ 74.261956928566164, 19.935043116750997 ], [ 74.261471309205049, 19.935059265894662 ], [ 74.260914882836587, 19.935092761660702 ], [ 74.260631661993799, 19.935162138003871 ], [ 74.260491445757751, 19.935169832128281 ], [ 74.259890607579962, 19.935202798377432 ], [ 74.25940200221882, 19.935238473733957 ], [ 74.25918275130573, 19.935254484361806 ], [ 74.258370789273272, 19.93524638488779 ], [ 74.257808237292892, 19.935268882018228 ], [ 74.255635300655513, 19.935230206206185 ], [ 74.255236982268613, 19.935212766703678 ], [ 74.254726978139132, 19.935190446907583 ], [ 74.254682950808714, 19.935189203822365 ], [ 74.253726891818147, 19.935162208096351 ], [ 74.252937882639472, 19.935218494859708 ], [ 74.252936729202673, 19.935218576774957 ], [ 74.25290978872728, 19.935220497983057 ], [ 74.252936581878942, 19.935540033835434 ], [ 74.252521488352457, 19.935570529043627 ], [ 74.252442876781956, 19.935564072109596 ], [ 74.252362384139232, 19.935556203195937 ], [ 74.252300099449016, 19.935544563654869 ], [ 74.252018013178443, 19.935491850026395 ], [ 74.251918517574182, 19.935473257829763 ], [ 74.25172951742833, 19.93547312102309 ], [ 74.251214840262705, 19.93547274860487 ], [ 74.250999668599306, 19.935472595752984 ], [ 74.25057446273766, 19.935498367766332 ], [ 74.25034318697621, 19.935491086611403 ], [ 74.249866254323891, 19.935501580189499 ], [ 74.249696983876575, 19.935503952349439 ], [ 74.248973548120375, 19.935484787592944 ], [ 74.248790441821072, 19.935483428815544 ], [ 74.248436521768795, 19.935480800776112 ], [ 74.247783485184826, 19.935492159952659 ], [ 74.247712395208197, 19.93549339712408 ], [ 74.247740908633588, 19.936152364766819 ], [ 74.247768926188982, 19.938048798378507 ], [ 74.247766504330983, 19.938199468148575 ], [ 74.247763432092711, 19.938390482340544 ], [ 74.247789451794944, 19.939097893383739 ], [ 74.247790269261827, 19.939120108758356 ], [ 74.247797008423092, 19.940078727022229 ], [ 74.247798629882183, 19.940415244413167 ], [ 74.247804000010973, 19.941530115917324 ], [ 74.247798729595189, 19.941580734131428 ], [ 74.247772866199824, 19.9418291703407 ], [ 74.247789574864115, 19.942006212927129 ], [ 74.247793808624067, 19.942184359855478 ], [ 74.247770197305115, 19.942511754409288 ], [ 74.247759128264178, 19.942843580783101 ], [ 74.247752678360456, 19.943036962249341 ], [ 74.247750893407996, 19.943113935951558 ], [ 74.24774759659087, 19.943256110848505 ], [ 74.247744806423626, 19.943402257034464 ], [ 74.24771808693383, 19.943953693610823 ], [ 74.247717778811648, 19.943960033669061 ], [ 74.247718446259938, 19.944500239813021 ], [ 74.247702460739447, 19.944790084260237 ], [ 74.247696787878411, 19.94489295932015 ], [ 74.24768787299756, 19.945166383874643 ], [ 74.24767243814432, 19.945639798984356 ], [ 74.247664490749003, 19.945883576842178 ], [ 74.247659002940935, 19.946037231794421 ], [ 74.247651534347668, 19.946246339357064 ], [ 74.247630326022119, 19.94684019835956 ], [ 74.247611499130386, 19.947367404904039 ], [ 74.247560199039469, 19.949266296178092 ], [ 74.247555287051526, 19.949665666223186 ], [ 74.247553918019008, 19.949777022730206 ], [ 74.247533657416099, 19.949917687735379 ], [ 74.247527445565908, 19.950534932240465 ], [ 74.247517692556855, 19.951504840915185 ], [ 74.247516224709699, 19.951651018307508 ], [ 74.247519510746983, 19.95195215864327 ], [ 74.247506007271653, 19.952119931068403 ], [ 74.24751200532279, 19.952492573025026 ], [ 74.247513762427488, 19.952601722824596 ], [ 74.247519926666968, 19.953106172355501 ], [ 74.247522139217523, 19.953212523419477 ], [ 74.247537833683836, 19.953966556740486 ], [ 74.247537371051479, 19.95415695740968 ], [ 74.247535780135109, 19.954813753939028 ], [ 74.247541297587588, 19.954996706987501 ], [ 74.24754251210986, 19.955036994947701 ], [ 74.247535122568308, 19.955314184751781 ], [ 74.247532655794529, 19.955476462607944 ], [ 74.24753047558336, 19.955619963020975 ], [ 74.247529491928134, 19.955767458052019 ], [ 74.247527989046645, 19.95599296739411 ], [ 74.247526959577343, 19.956077690368161 ], [ 74.247524333801763, 19.956293765916794 ], [ 74.247540234880589, 19.956610541086558 ], [ 74.247545798147144, 19.956772052608677 ], [ 74.247549863922131, 19.956890038326062 ], [ 74.247537227321047, 19.95708145968884 ], [ 74.247528581934731, 19.95721244593183 ], [ 74.247524715585769, 19.957271015607976 ], [ 74.247524001425106, 19.957281837042483 ], [ 74.247532120398631, 19.957455239114626 ], [ 74.247543431086399, 19.957696834611571 ], [ 74.247552805904689, 19.957897049065458 ], [ 74.247564496579798, 19.95815377996313 ], [ 74.247589358353594, 19.958404608345273 ], [ 74.247571793594858, 19.958671856630374 ], [ 74.247569077987748, 19.958778664120029 ], [ 74.247564860397475, 19.958944486414673 ], [ 74.247564714870421, 19.958950246639727 ], [ 74.247570234119522, 19.959155459797458 ], [ 74.247578701639398, 19.959470292266065 ], [ 74.247580332081625, 19.959647471272362 ], [ 74.247582049660451, 19.959833959098471 ], [ 74.24762741098904, 19.960298380071947 ], [ 74.247651914335037, 19.960549257394302 ], [ 74.247798621797344, 19.962051048608441 ], [ 74.24781360659459, 19.962204437050175 ], [ 74.247820987152991, 19.962433940214844 ], [ 74.247838489029661, 19.962978131730395 ], [ 74.245631047203901, 19.962886936381306 ], [ 74.241396659347473, 19.963062526727526 ], [ 74.239267678175253, 19.964037959702669 ], [ 74.237951913981959, 19.965743560392657 ], [ 74.237177917448307, 19.966914280215189 ], [ 74.236932222828202, 19.967285907822905 ], [ 74.235743569349339, 19.968271446400809 ], [ 74.23344779528334, 19.968523220362101 ], [ 74.230852163575548, 19.968437133758183 ], [ 74.230843905363145, 19.968293540310007 ], [ 74.230825936362507, 19.967981119920701 ], [ 74.230817114008104, 19.96782769488134 ], [ 74.230803816246976, 19.967815444748897 ], [ 74.231068312605956, 19.966825441100589 ], [ 74.229653875665235, 19.964442581249727 ], [ 74.226420954840364, 19.959374352975296 ], [ 74.226392047952842, 19.959154266718116 ], [ 74.22634918933062, 19.958827948623611 ], [ 74.226422350822332, 19.958721181696664 ], [ 74.226427387676125, 19.958713832375071 ], [ 74.227698919723096, 19.957135055230815 ], [ 74.227238069609328, 19.956408856634223 ], [ 74.225262148785092, 19.956993307420301 ], [ 74.224831426369306, 19.957120704319934 ], [ 74.224659142074231, 19.957382057709875 ], [ 74.224402486211019, 19.95727621776614 ], [ 74.223378581060288, 19.956636778276412 ], [ 74.222609068916569, 19.955848591701628 ], [ 74.222246675954523, 19.95549806434779 ], [ 74.221264538871239, 19.955167705086687 ], [ 74.221038629645264, 19.954905323793952 ], [ 74.220675663558083, 19.954598110376946 ], [ 74.220355566872925, 19.953585335896033 ], [ 74.22035120555222, 19.953566558375442 ], [ 74.220346832553417, 19.953547731878086 ], [ 74.220329599272986, 19.953035104979751 ], [ 74.220286636446204, 19.952818080093508 ], [ 74.220269090552108, 19.952417274109102 ], [ 74.220042902848377, 19.952176559678527 ], [ 74.219722913062711, 19.952086384028348 ], [ 74.219447345866143, 19.952104974268913 ], [ 74.218618021195866, 19.952355597789456 ], [ 74.217745154285424, 19.95243249264141 ], [ 74.216418048861669, 19.952144007349663 ], [ 74.214177611915517, 19.951580717835729 ], [ 74.211608516441217, 19.951295680365668 ], [ 74.20973139862015, 19.950526107361696 ], [ 74.209355551590107, 19.950559868367865 ], [ 74.2090417494001, 19.95058805376139 ], [ 74.207701834898728, 19.950708361991822 ], [ 74.207222169571324, 19.950606263351883 ], [ 74.207074615896019, 19.950487274849348 ], [ 74.207000678259917, 19.950439511893087 ], [ 74.206914632232099, 19.950368146085648 ], [ 74.206608051598693, 19.950059647092271 ], [ 74.206154400583586, 19.949596968402108 ], [ 74.205982154916057, 19.949465968238556 ], [ 74.205800188578849, 19.949656602327792 ], [ 74.205624959606254, 19.949755957251636 ], [ 74.205557199684378, 19.949794377027818 ], [ 74.205392968785816, 19.949887495062843 ], [ 74.205383215776791, 19.94989302425051 ], [ 74.205030839928497, 19.950092814579683 ], [ 74.204585739078254, 19.950345174016793 ], [ 74.204550145131734, 19.950365352790367 ], [ 74.204492035810944, 19.950398299823615 ], [ 74.204426921427583, 19.950435217245733 ], [ 74.204361805247572, 19.950472134659165 ], [ 74.204296709728837, 19.950509041086733 ], [ 74.204292093286583, 19.950511657898769 ], [ 74.204012580689309, 19.950670127362649 ], [ 74.203796011247348, 19.950792909633698 ], [ 74.203745982272565, 19.950821273999207 ], [ 74.203744947413327, 19.950811697617119 ], [ 74.203741063996389, 19.950812129107426 ], [ 74.203073834929199, 19.950886302355126 ], [ 74.2026079650296, 19.950938164752873 ], [ 74.202700754710222, 19.951037557712539 ], [ 74.202935503358589, 19.95128900875234 ], [ 74.20298908517033, 19.951346404376597 ], [ 74.203021991357502, 19.951381651352442 ], [ 74.203006110939924, 19.951577985358671 ], [ 74.202992150222101, 19.951750573787248 ], [ 74.20286355459254, 19.952890131284349 ], [ 74.202811039081027, 19.953315125318863 ], [ 74.202805913294014, 19.953600281578172 ], [ 74.202802897649633, 19.953768084337998 ], [ 74.202822702806699, 19.954114342941324 ], [ 74.202850260424654, 19.95423592772763 ], [ 74.202851200062454, 19.954241927085615 ], [ 74.202852977828371, 19.954253284912514 ], [ 74.201830804629523, 19.954367536955409 ], [ 74.201482527793871, 19.954411077645169 ], [ 74.200743410147766, 19.95450347016374 ], [ 74.200651403798048, 19.95451213860909 ], [ 74.200648860667499, 19.954512379258496 ], [ 74.200530036911601, 19.954523575788613 ], [ 74.200164063264879, 19.954558055354553 ], [ 74.199832381905765, 19.954589300079871 ], [ 74.199718426120398, 19.954600033882375 ], [ 74.199590334445716, 19.954638505675572 ], [ 74.199294618037328, 19.954670944342574 ], [ 74.198910606219684, 19.954703706401578 ], [ 74.198907132434471, 19.954703902298377 ], [ 74.1986294191627, 19.954719572355 ], [ 74.197936589906561, 19.954799580137333 ], [ 74.197723181636107, 19.954822883400045 ], [ 74.197252952212423, 19.954874222676157 ], [ 74.197114285570194, 19.954888744356492 ], [ 74.196471698189598, 19.954956026379595 ], [ 74.196185273954498, 19.954986013742236 ], [ 74.19562794477919, 19.955043310073773 ], [ 74.195442307027434, 19.955062392240173 ], [ 74.195011977175412, 19.955074124068723 ], [ 74.194731904927679, 19.955081755583059 ], [ 74.194441954805143, 19.955114261709408 ], [ 74.193295920098265, 19.955242711379192 ], [ 74.193075319017311, 19.955267430601513 ], [ 74.192699234832048, 19.955302405655786 ], [ 74.192114818755954, 19.955356742322735 ], [ 74.191560799872477, 19.955408244390352 ], [ 74.19146863811423, 19.955416809771751 ], [ 74.191421499918007, 19.955457566254957 ], [ 74.191069593888585, 19.955499131642377 ], [ 74.190772121273838, 19.955534263699704 ], [ 74.190625919563033, 19.955548307401152 ], [ 74.190153097601439, 19.955593719751366 ], [ 74.19014462558998, 19.955594957609687 ], [ 74.189857934555278, 19.9556368632452 ], [ 74.189512155036113, 19.955687400942136 ], [ 74.188931723886654, 19.95575419541904 ], [ 74.188833739248722, 19.955777516272697 ], [ 74.188772666385773, 19.955792053068706 ], [ 74.188455934789673, 19.955839416703579 ], [ 74.18823169373519, 19.955872947747071 ], [ 74.188064563973199, 19.955897937915527 ], [ 74.187871365999968, 19.955926824876858 ], [ 74.187750748308474, 19.9559448590655 ], [ 74.187481565438659, 19.955961605578452 ], [ 74.187267767299332, 19.955974905346558 ], [ 74.187193035552525, 19.955988656010312 ], [ 74.186935134624363, 19.956036111623149 ], [ 74.186832426644656, 19.956055009595598 ], [ 74.186724846202864, 19.956074804292616 ], [ 74.186661827589049, 19.956086398412705 ], [ 74.186653958347179, 19.956087847361015 ], [ 74.186591276601575, 19.956096654196919 ], [ 74.186491797167037, 19.956110631142675 ], [ 74.186049109191643, 19.9561728252854 ], [ 74.185873236127009, 19.956197533385133 ], [ 74.185773141346488, 19.95621159391505 ], [ 74.185668572955819, 19.956226284347281 ], [ 74.18563963462725, 19.956230349167154 ], [ 74.185470929220259, 19.95622403662172 ], [ 74.185426386256921, 19.956222370670357 ], [ 74.185361825235759, 19.956227507001888 ], [ 74.185249482824645, 19.95623644470805 ], [ 74.185098774266066, 19.956257796409009 ], [ 74.184681458307566, 19.956316912749621 ], [ 74.184260502375508, 19.956376540758697 ], [ 74.184081720565999, 19.956401864375032 ], [ 74.183868722825622, 19.956432031314527 ], [ 74.183517385429795, 19.956481789400197 ], [ 74.183296096239332, 19.956513126625627 ], [ 74.183063349037397, 19.956546085885421 ], [ 74.182934205435544, 19.956564371626449 ], [ 74.18281884827833, 19.95657133685852 ], [ 74.18259959556859, 19.956584572402871 ], [ 74.182595551353202, 19.956585138132649 ], [ 74.182589997968108, 19.956585915800023 ], [ 74.182584459854411, 19.956586690934252 ], [ 74.182578942401932, 19.95658746184661 ], [ 74.182573451000579, 19.956588231070224 ], [ 74.182446398676689, 19.956606010182732 ], [ 74.180496668234568, 19.956878798056565 ], [ 74.177983751601488, 19.957226996105558 ], [ 74.177655896167195, 19.956348790407219 ], [ 74.177621615557655, 19.956256962166922 ], [ 74.177595906672508, 19.956200790139007 ], [ 74.177555654062985, 19.956112840028588 ], [ 74.177190726055201, 19.955130534613023 ], [ 74.176545536255205, 19.953393879894232 ], [ 74.176473077246101, 19.953198841753853 ], [ 74.176455974221383, 19.953198152730852 ], [ 74.176012468779106, 19.953180285417744 ], [ 74.175912074859582, 19.953176239095903 ], [ 74.175487660413708, 19.953195112079076 ], [ 74.175459891691631, 19.953195449835484 ], [ 74.175178446818165, 19.953198868774368 ], [ 74.174792830609405, 19.953203550921991 ], [ 74.1743068474306, 19.953209445614778 ], [ 74.174082265914606, 19.953228202912463 ], [ 74.174080504318368, 19.953228350680842 ], [ 74.173424577854107, 19.953227677701413 ], [ 74.172966746977963, 19.953227200620603 ], [ 74.172897205696856, 19.953227128003004 ], [ 74.17261605367419, 19.953226831621858 ], [ 74.17261813866395, 19.953260928962184 ], [ 74.172605673641101, 19.953262307852011 ], [ 74.172582456682591, 19.953264874799363 ], [ 74.172284232177915, 19.953286763090315 ], [ 74.171967099034859, 19.953299716883791 ], [ 74.171974297235209, 19.953332558600131 ], [ 74.171608831136595, 19.953346554367275 ], [ 74.17094716892926, 19.953347960276858 ], [ 74.170920111672885, 19.953348017695397 ], [ 74.170911449218607, 19.953348037116349 ], [ 74.169990007705806, 19.953406078794412 ], [ 74.169673202447811, 19.953426034257731 ], [ 74.168915774441302, 19.953460443979147 ], [ 74.168650796585311, 19.953472481595806 ], [ 74.168265163308561, 19.953474458311518 ], [ 74.167964998442883, 19.953526168713164 ], [ 74.167944824976558, 19.95352964421895 ], [ 74.167796738600288, 19.953539550592236 ], [ 74.167587390714914, 19.953553557318109 ], [ 74.167316392349875, 19.953571687193904 ], [ 74.16727477789432, 19.953574359684872 ], [ 74.167130491391731, 19.953583629386149 ], [ 74.166886608673551, 19.953599296176456 ], [ 74.166623626874127, 19.953616190706342 ], [ 74.166392861355718, 19.953631014793586 ], [ 74.166273576764112, 19.953664178997371 ], [ 74.166051451242126, 19.953673570285286 ], [ 74.165083140129369, 19.953658112066325 ], [ 74.165040666884423, 19.953655408334424 ], [ 74.164993852081693, 19.953638700418587 ], [ 74.164902994677234, 19.953636313332044 ], [ 74.164281702758757, 19.953619996366147 ], [ 74.164202282704466, 19.953623937128079 ], [ 74.164111496266912, 19.953628440252672 ], [ 74.164096001226582, 19.95362922806725 ], [ 74.16402990408632, 19.953632587045185 ], [ 74.163563780861764, 19.953656269610654 ], [ 74.162496505049148, 19.953710495385163 ], [ 74.162475320079793, 19.953715300798276 ], [ 74.162368536443651, 19.953739516160201 ], [ 74.16153790202965, 19.953774863928171 ], [ 74.161129082337126, 19.953792260005599 ], [ 74.160773774387721, 19.953819911168925 ], [ 74.160131327144299, 19.953869907351081 ], [ 74.160126050440326, 19.953857497389887 ], [ 74.160109867290473, 19.953819441689383 ], [ 74.159243304756728, 19.953862593267793 ], [ 74.159149019381147, 19.953867288061517 ], [ 74.158729618432872, 19.953905883313876 ], [ 74.158246233181828, 19.953932700202909 ], [ 74.158183625098118, 19.95389398167659 ], [ 74.157928759577288, 19.953904137121228 ], [ 74.157569841298752, 19.95393609970494 ], [ 74.157274767185811, 19.953959630235243 ], [ 74.157042184375598, 19.953981505764041 ], [ 74.155769479128836, 19.954097499972288 ], [ 74.154781609895736, 19.954201596703165 ], [ 74.153936302399885, 19.954288234860009 ], [ 74.153877852617612, 19.954295901876524 ], [ 74.153742945424867, 19.954313595120048 ], [ 74.153705717442861, 19.954318716314759 ], [ 74.153076343381755, 19.954405282634653 ], [ 74.152577656228203, 19.95447387281482 ], [ 74.151755442621706, 19.954586956915673 ], [ 74.151625581265932, 19.954604956637713 ], [ 74.151501632621319, 19.954622137305918 ], [ 74.150991084112746, 19.954669698033186 ], [ 74.149723010579578, 19.954787819579352 ], [ 74.147271824376219, 19.955016117623799 ], [ 74.147267502581371, 19.955034720185019 ], [ 74.146653307353645, 19.955049326288698 ], [ 74.146560336213312, 19.955051536878194 ], [ 74.145857306587104, 19.955096238402778 ], [ 74.144389498040411, 19.955123842896693 ], [ 74.144388418265464, 19.955181487062848 ], [ 74.144387041148107, 19.955181505639224 ], [ 74.144275650951187, 19.955183135293229 ], [ 74.14340308497637, 19.955195896412366 ], [ 74.143222496654801, 19.955198535100603 ], [ 74.141923555211875, 19.955273134387383 ], [ 74.141880201617923, 19.955292149819954 ], [ 74.140233999333901, 19.955468332929215 ], [ 74.140204819358559, 19.955496476071591 ], [ 74.140022007706634, 19.955503354379779 ], [ 74.139848701128784, 19.955509873826809 ], [ 74.137402440388087, 19.955428967141 ], [ 74.13726851415565, 19.955443319894503 ], [ 74.136898478327169, 19.955469893341199 ], [ 74.13674499936424, 19.955473904140344 ], [ 74.136545261655797, 19.955479124089713 ], [ 74.136504919214673, 19.955486271755465 ], [ 74.136326674597697, 19.955517855737142 ], [ 74.1360748804168, 19.955529784272048 ], [ 74.135717417409069, 19.955517800008163 ], [ 74.134316687861272, 19.955470839889806 ], [ 74.133461017400322, 19.955445988976223 ], [ 74.133113395436496, 19.95543589273737 ], [ 74.132959496062014, 19.955433656821867 ], [ 74.132035109871737, 19.95542022528501 ], [ 74.13148787416695, 19.95541995170619 ], [ 74.131191577446913, 19.955419803095484 ], [ 74.131173052389101, 19.95541945436695 ], [ 74.130902147448893, 19.955413046374229 ], [ 74.130557480942343, 19.955398141393989 ], [ 74.130000718603995, 19.95539462286601 ], [ 74.129995062810977, 19.955559085046126 ], [ 74.129943366562969, 19.956465409400511 ], [ 74.129901645207937, 19.95719669590768 ], [ 74.129880894124867, 19.957560380646253 ], [ 74.129888622331251, 19.95772057229529 ], [ 74.129888854994917, 19.957725402072917 ], [ 74.128916485293729, 19.958007281824944 ], [ 74.12874495468516, 19.958057005639258 ], [ 74.128073926642656, 19.958251526090486 ], [ 74.127661597232304, 19.958348953832331 ], [ 74.127413337023754, 19.958407612589045 ], [ 74.127093944617741, 19.958483078363461 ], [ 74.126957588442465, 19.958514998645921 ], [ 74.126533373422575, 19.958614305774756 ], [ 74.126058018211893, 19.958725581663735 ], [ 74.125171791556554, 19.958933037734543 ], [ 74.124340508558902, 19.959148840022362 ], [ 74.123468586676182, 19.959375190578303 ], [ 74.123205998338818, 19.959446085382808 ], [ 74.122708022650968, 19.959580528148098 ], [ 74.122069814557378, 19.959752830031267 ], [ 74.121773867281959, 19.959832728872655 ], [ 74.121533683826144, 19.959871910337078 ], [ 74.121295649140464, 19.959926398258617 ], [ 74.120860918441878, 19.9600259113659 ], [ 74.120705199080618, 19.960061554938289 ], [ 74.120363667694448, 19.960138811640295 ], [ 74.119834518669578, 19.960258511409968 ], [ 74.119245699051987, 19.960391821206329 ], [ 74.119029045168418, 19.960440872164774 ], [ 74.118565357276594, 19.960561734377325 ], [ 74.117615520916019, 19.960809310715966 ], [ 74.11759798220838, 19.960814341354357 ], [ 74.117000039300763, 19.960985833003384 ], [ 74.116686120329803, 19.961068244846725 ], [ 74.116324625683063, 19.961163146247653 ], [ 74.116119304046777, 19.961232137932811 ], [ 74.115717226210435, 19.961367243677298 ], [ 74.115623213922703, 19.961390685287277 ], [ 74.115266278226017, 19.961479685355911 ], [ 74.115256182958845, 19.961483240055077 ], [ 74.114941183314585, 19.961594151696058 ], [ 74.114930812264618, 19.961597802648136 ], [ 74.114639856927255, 19.961683614351202 ], [ 74.11436328721085, 19.961765180640594 ], [ 74.114288196137935, 19.961784780421848 ], [ 74.113774701155236, 19.961918813375799 ], [ 74.113379592448865, 19.962021943239044 ], [ 74.113092775649989, 19.962102091701126 ], [ 74.113029709425476, 19.962119714833136 ], [ 74.112642848151737, 19.962227820276141 ], [ 74.112222770772078, 19.962345206652369 ], [ 74.111489002593473, 19.962565278325741 ], [ 74.111204866367416, 19.962650495931246 ], [ 74.111096761309497, 19.962682918597231 ], [ 74.110736889020174, 19.962790849720264 ], [ 74.109135616873374, 19.96316447630344 ], [ 74.108660912042964, 19.963297870610678 ], [ 74.108449197995128, 19.963357364264827 ], [ 74.106882243288823, 19.963768288825275 ], [ 74.10580103370782, 19.964054980609081 ], [ 74.105418289413038, 19.96415646938242 ], [ 74.105276508311746, 19.964195950355123 ], [ 74.10515845441202, 19.964228824420985 ], [ 74.104656753410708, 19.964375785385336 ], [ 74.103419599889605, 19.964718927085961 ], [ 74.102364630996348, 19.965009203001653 ], [ 74.101929057678021, 19.965129051054358 ], [ 74.100019087568711, 19.965727532593363 ], [ 74.099776567594802, 19.96580352678971 ], [ 74.099761761562306, 19.965808166347099 ], [ 74.099569741280419, 19.9658671220648 ], [ 74.099363565346323, 19.965930424334267 ], [ 74.099209583326825, 19.965977701337383 ], [ 74.099098353928355, 19.966011851647288 ], [ 74.098461310051377, 19.966214043924424 ], [ 74.098167262712778, 19.966314400762954 ], [ 74.097775450823519, 19.966448123379624 ], [ 74.0973325957615, 19.966606196893963 ], [ 74.096957962355404, 19.966713074999959 ], [ 74.096699971595697, 19.966786675923636 ], [ 74.096681106076389, 19.966792057607801 ], [ 74.096399574964678, 19.966872375042424 ], [ 74.096032208929245, 19.966977180169337 ], [ 74.095963117704116, 19.966996890752768 ], [ 74.09567172219225, 19.967083944885491 ], [ 74.095616049102503, 19.967100577077577 ], [ 74.094442363352897, 19.967457517394266 ], [ 74.094204563127477, 19.967529837990149 ], [ 74.094156559853658, 19.967544436182415 ], [ 74.094108896142984, 19.967558931367037 ], [ 74.092916319721269, 19.967966059930227 ], [ 74.092819713098976, 19.968001730414944 ], [ 74.092339114421961, 19.968179186059348 ], [ 74.09178631814558, 19.968387198761324 ], [ 74.091516634015818, 19.968488677992358 ], [ 74.091437662220883, 19.968518394292342 ], [ 74.091339421563106, 19.96855749676708 ], [ 74.090267288559716, 19.96898425034518 ], [ 74.089671992987249, 19.969221203080416 ], [ 74.089099832626573, 19.969465106613466 ], [ 74.088960776115528, 19.969524382643684 ], [ 74.088852980078087, 19.969571883154021 ], [ 74.088849217933685, 19.969481224373389 ], [ 74.088822230745905, 19.969396593028652 ], [ 74.088700212580861, 19.969013978372061 ], [ 74.088624850216732, 19.96877767797513 ], [ 74.088516669700311, 19.968438502383659 ], [ 74.088397754316276, 19.968065702210776 ], [ 74.088310326679547, 19.967791632596114 ], [ 74.08825278329742, 19.96761125941147 ], [ 74.088188111783481, 19.967408548827748 ], [ 74.088120377014391, 19.967196250775427 ], [ 74.088046380089523, 19.966964334727194 ], [ 74.087964322581556, 19.966707174901472 ], [ 74.087925557582111, 19.966585699356127 ], [ 74.087917668577305, 19.966558719975556 ], [ 74.087769686405579, 19.966052732041646 ], [ 74.087759369254556, 19.966017458791953 ], [ 74.087659446950539, 19.965697614818342 ], [ 74.08761342356361, 19.965550307223825 ], [ 74.087429947158412, 19.964963106078709 ], [ 74.087411984445978, 19.964905623375916 ], [ 74.08736909078948, 19.964768361712885 ], [ 74.08730652402825, 19.964568156824058 ], [ 74.087262606292342, 19.964427630684355 ], [ 74.087205194962507, 19.964243938805573 ], [ 74.08718871357199, 19.96419120774177 ], [ 74.087083596310706, 19.963777974184474 ], [ 74.087075886070622, 19.963747665957122 ], [ 74.086911471915769, 19.963404253644534 ], [ 74.086766941969685, 19.963102393836515 ], [ 74.086568885009129, 19.962688763964131 ], [ 74.086457019603401, 19.962455159359777 ], [ 74.086379441993799, 19.962252679409257 ], [ 74.08633862524222, 19.962146153749149 ], [ 74.086162889619843, 19.961780860972382 ], [ 74.086107174309262, 19.961655891952272 ], [ 74.085475347847463, 19.960238799984452 ], [ 74.085214016253204, 19.959652718103055 ], [ 74.085167394588282, 19.959548179992272 ], [ 74.08496163906571, 19.959033844183089 ], [ 74.084420304394015, 19.957680664985389 ], [ 74.084371515992615, 19.957558712175892 ], [ 74.084097817291862, 19.956882518356181 ], [ 74.083606104658173, 19.955697944685031 ], [ 74.083476332235577, 19.95576791992632 ], [ 74.083435858640442, 19.955651615370499 ], [ 74.083339842211316, 19.955375702860625 ], [ 74.083283270806305, 19.955213145410998 ], [ 74.083238562552935, 19.955004926194935 ], [ 74.083228971240629, 19.954960262641631 ], [ 74.083208598348321, 19.954898827964662 ], [ 74.083112975381255, 19.95461049241522 ], [ 74.083005249412395, 19.954384492198788 ], [ 74.082931519287129, 19.954229816910495 ], [ 74.08273722357265, 19.953685096186355 ], [ 74.082492957273857, 19.953000305056502 ], [ 74.082342725720665, 19.952630341027582 ], [ 74.082078903996475, 19.951832622296486 ], [ 74.082059875882123, 19.951775084990096 ], [ 74.081979462291159, 19.951565132751835 ], [ 74.081890795877641, 19.951333635346582 ], [ 74.081833969351081, 19.951161457685792 ], [ 74.081798790426248, 19.951054869651447 ], [ 74.081484241736248, 19.950045423887961 ], [ 74.080933725384071, 19.948426565931516 ], [ 74.080512750587403, 19.946895637380631 ], [ 74.080336558620829, 19.946254895102541 ], [ 74.07987459998597, 19.944645312412884 ], [ 74.079756796716239, 19.944234857385464 ], [ 74.079682676722172, 19.94401298429219 ], [ 74.079532196335649, 19.943651291620686 ], [ 74.079518926422281, 19.943619393665386 ], [ 74.079495904398172, 19.943548401396271 ], [ 74.079072182553404, 19.942409178421727 ], [ 74.078806977423639, 19.941696147179439 ], [ 74.078243660078641, 19.940217998019268 ], [ 74.077784166420912, 19.940204652167239 ], [ 74.077754378286087, 19.940090014088948 ], [ 74.077390090777129, 19.938688036177165 ], [ 74.07724351087559, 19.937814304387164 ], [ 74.077253891807004, 19.937764261741286 ], [ 74.07693240991965, 19.936929120021411 ], [ 74.076440309213751, 19.935616256221898 ], [ 74.076355860390535, 19.935390955074041 ], [ 74.075855127773053, 19.934743110406348 ], [ 74.075863807295349, 19.9345666660228 ], [ 74.075874505332038, 19.934349192661109 ], [ 74.075712223777657, 19.934378633329199 ], [ 74.075322363029215, 19.934449356949443 ], [ 74.074627268221903, 19.934575448724505 ], [ 74.07375565625793, 19.934733554161419 ], [ 74.072066084210292, 19.935025850347913 ], [ 74.071611285148265, 19.93508164820139 ], [ 74.071435401303845, 19.935103227397175 ], [ 74.071346122239305, 19.935114180402284 ], [ 74.070737805586802, 19.935239397602704 ], [ 74.070373239600087, 19.93531443785302 ], [ 74.069797247026443, 19.935475348776411 ], [ 74.069627781644726, 19.935576759655326 ], [ 74.069508845599429, 19.935613716855588 ], [ 74.068858791422159, 19.935815708243027 ], [ 74.068558363350135, 19.935895652979639 ], [ 74.068019485570744, 19.936039046207306 ], [ 74.067947847621781, 19.936058108714175 ], [ 74.067855408284089, 19.936077152640102 ], [ 74.067524921684324, 19.936145242404681 ], [ 74.067283007174936, 19.936193351699977 ], [ 74.067210106194693, 19.936207849764159 ], [ 74.066680608623514, 19.936280065608639 ], [ 74.066661010977271, 19.936280778350969 ], [ 74.066279952820281, 19.936294622778544 ], [ 74.066228906952574, 19.93629816537771 ], [ 74.065879482070002, 19.936322418034745 ], [ 74.065680329164749, 19.93633624134668 ], [ 74.065245599364474, 19.936410750742091 ], [ 74.065133892960574, 19.936428596307508 ], [ 74.064687895591717, 19.936499845965681 ], [ 74.064685633633815, 19.936500399944723 ], [ 74.064486248064924, 19.936549228628802 ], [ 74.064387733420958, 19.936562792665573 ], [ 74.063552299308441, 19.936630204948202 ], [ 74.063421817216778, 19.936619400676605 ], [ 74.063266755422319, 19.936606562897236 ], [ 74.062714428964853, 19.936560830094269 ], [ 74.062704716379997, 19.936560025304892 ], [ 74.062696095248185, 19.936567210984329 ], [ 74.062381505235692, 19.936530266674332 ], [ 74.061827519589869, 19.936218936965304 ], [ 74.061754353606617, 19.936195054175428 ], [ 74.061399369949044, 19.936236829843363 ], [ 74.061371162849142, 19.936217392408182 ], [ 74.060858300280387, 19.936274552833869 ], [ 74.060704057749447, 19.936291743097186 ], [ 74.060596170083855, 19.936303767666647 ], [ 74.060561990085588, 19.936335906087656 ], [ 74.060228620792074, 19.936374367130835 ], [ 74.059829641245145, 19.936411040398987 ], [ 74.059689976574688, 19.936404915380262 ], [ 74.058446884291243, 19.936108362176643 ], [ 74.057751544243899, 19.935958559385071 ], [ 74.05641615994648, 19.935682527165305 ], [ 74.055739109598335, 19.935507250910003 ], [ 74.055889999616596, 19.935187575650954 ], [ 74.055973946281583, 19.935009728224447 ], [ 74.056007210896539, 19.934881039992682 ], [ 74.056791970145611, 19.93353922589516 ], [ 74.056971405030367, 19.933199059980996 ], [ 74.057005322720542, 19.933139869113347 ], [ 74.057011651351701, 19.933128825610023 ], [ 74.056316514323612, 19.932950441297884 ], [ 74.054773213157077, 19.932554429786588 ], [ 74.054419739567493, 19.932463728628946 ], [ 74.053535613173295, 19.932226061994118 ], [ 74.053133437420584, 19.932126439312047 ], [ 74.052262974401842, 19.931910818812863 ], [ 74.052157521170642, 19.931866301582286 ], [ 74.050591612103347, 19.931430645339876 ], [ 74.050501794049666, 19.931405656365882 ], [ 74.05038008041349, 19.931372570248836 ], [ 74.050162796810895, 19.931313506217663 ], [ 74.049902912402572, 19.931242861421957 ], [ 74.049077394792448, 19.931018460196096 ], [ 74.048881890843901, 19.930946221678283 ], [ 74.048776060320279, 19.930907116641443 ], [ 74.048720850761242, 19.930844162621124 ], [ 74.047772846065499, 19.930237808852741 ], [ 74.046834491072531, 19.930058361410762 ], [ 74.044707453854585, 19.929647116012703 ], [ 74.04461615088573, 19.929629463075649 ], [ 74.044339840782428, 19.929592126976416 ], [ 74.044110440703264, 19.929552666062669 ], [ 74.043964757320381, 19.929522890066394 ], [ 74.042619729608404, 19.929290351148833 ], [ 74.041368740235313, 19.929074064675977 ], [ 74.041292129212948, 19.929060818380325 ], [ 74.041086312604932, 19.929157728709612 ], [ 74.040972438566271, 19.92921134808693 ], [ 74.040281142734315, 19.929107766929175 ], [ 74.039885177035188, 19.929048434338554 ], [ 74.037971133066051, 19.928721386004 ], [ 74.037332952820208, 19.928612337087184 ], [ 74.037171309069677, 19.928584716979827 ], [ 74.036867151192567, 19.928564086981787 ], [ 74.036714599291017, 19.928563886829888 ], [ 74.036478730443491, 19.928563576890078 ], [ 74.035887347932416, 19.928562799084716 ], [ 74.035901360752504, 19.928624231340201 ], [ 74.035517377680947, 19.928731753353446 ], [ 74.035272732293095, 19.929215336751017 ], [ 74.035137932898209, 19.929364622334869 ], [ 74.034778506173254, 19.929518778955 ], [ 74.034513614555507, 19.929632389326905 ], [ 74.034516995814258, 19.92976876270885 ], [ 74.034176732849247, 19.929942579251836 ], [ 74.033660379427303, 19.930206349869419 ], [ 74.033275826823839, 19.930420468617381 ], [ 74.033191793022283, 19.930467258838394 ], [ 74.033189354096265, 19.930477143856727 ], [ 74.033063199189343, 19.930988578912345 ], [ 74.032219182572589, 19.933395776350658 ], [ 74.032138680048391, 19.933625371226164 ], [ 74.029438432339234, 19.933806707973986 ], [ 74.029327649403456, 19.933814147127038 ], [ 74.029024132025157, 19.933834530691733 ], [ 74.028917982599594, 19.933924000634661 ], [ 74.028810123680074, 19.934011813630594 ], [ 74.028700585809261, 19.934097944347496 ], [ 74.028589404919799, 19.934182359852972 ], [ 74.02847661155441, 19.93426504241533 ], [ 74.028362245238966, 19.934345959946732 ], [ 74.028246335617851, 19.934425093026462 ], [ 74.028128920420343, 19.934502416322555 ], [ 74.028010034680676, 19.934577905347421 ], [ 74.027889716128172, 19.934651535613501 ], [ 74.027767998898739, 19.934723289389058 ], [ 74.027534771996457, 19.934853420136577 ], [ 74.027521861409213, 19.934860228407068 ], [ 74.027508823261172, 19.934866834844396 ], [ 74.027495659349, 19.934873237759618 ], [ 74.02748237506259, 19.934879436308275 ], [ 74.027468974893495, 19.934885424578958 ], [ 74.027455462434986, 19.934891205105124 ], [ 74.027441841280321, 19.934896775353408 ], [ 74.027428116819408, 19.934902131945833 ], [ 74.027414289950556, 19.934907274882374 ], [ 74.027400368758592, 19.934912199940701 ], [ 74.027386355938475, 19.934916908809779 ], [ 74.027372255083463, 19.934921397267132 ], [ 74.027358071583464, 19.934925666157319 ], [ 74.027343809930002, 19.934929713791409 ], [ 74.027329473716392, 19.934933537635871 ], [ 74.027315067434174, 19.934937139379766 ], [ 74.027300594676646, 19.934940513956121 ], [ 74.027286061731971, 19.934943663898459 ], [ 74.027271472193434, 19.934946585828857 ], [ 74.02725682965432, 19.934949280591763 ], [ 74.027242140402791, 19.934951745653759 ], [ 74.027227406235482, 19.934953981014839 ], [ 74.027212633440655, 19.934955986675025 ], [ 74.027197827408131, 19.934957760945331 ], [ 74.027182989036262, 19.934959303825764 ], [ 74.027168695043457, 19.934960564647042 ], [ 74.027168127308187, 19.934960615316371 ], [ 74.027153244020582, 19.934961695417115 ], [ 74.027138344563284, 19.934962539905577 ], [ 74.027123433427874, 19.93496315384866 ], [ 74.027108515105937, 19.934963533868483 ], [ 74.027093594089081, 19.934963681653947 ], [ 74.027078674868861, 19.934963596360607 ], [ 74.027063761936816, 19.934963276299481 ], [ 74.027048860682882, 19.934962723159558 ], [ 74.027033973801991, 19.93496193862978 ], [ 74.027019106684023, 19.934960921021208 ], [ 74.027004265617222, 19.934959670333779 ], [ 74.026989452398169, 19.934958187412015 ], [ 74.026974673315124, 19.934956473944858 ], [ 74.026950842807295, 19.934953211685809 ], [ 74.02619353158174, 19.934894935212277 ], [ 74.026040437097748, 19.934884631603893 ], [ 74.025980429636761, 19.934878535238621 ], [ 74.024601514777345, 19.934773855737269 ], [ 74.024228566610702, 19.934837125719742 ], [ 74.024148553668368, 19.934837844379977 ], [ 74.02413962082116, 19.934838622998935 ], [ 74.024130703245348, 19.934839541803118 ], [ 74.0241218018392, 19.934840600792462 ], [ 74.0241129210943, 19.934841796589044 ], [ 74.024104064603918, 19.934843133415256 ], [ 74.02409523416469, 19.934844605359743 ], [ 74.024086431573195, 19.934846216644914 ], [ 74.024077660422762, 19.934847964737308 ], [ 74.024068923408336, 19.934849848792396 ], [ 74.02406022322478, 19.934851869654718 ], [ 74.024051561668827, 19.934854025635236 ], [ 74.024042942333679, 19.934856315044993 ], [ 74.024034367015958, 19.934858740417461 ], [ 74.024025838410637, 19.934861298374631 ], [ 74.024017361009342, 19.934863988916572 ], [ 74.024008935710256, 19.934866811198702 ], [ 74.024000565208468, 19.934869764376597 ], [ 74.023992252198838, 19.93487284676123 ], [ 74.023983997579663, 19.934876059197119 ], [ 74.023975807639232, 19.934879398306254 ], [ 74.023967680580853, 19.934882864088667 ], [ 74.023959623591054, 19.934886457388838 ], [ 74.023951634873228, 19.934890174828759 ], [ 74.023943718918943, 19.934894016408439 ], [ 74.023935878423146, 19.934897979594435 ], [ 74.023928111589214, 19.934902064386716 ], [ 74.02392042740027, 19.934906269940765 ], [ 74.023912824059707, 19.934910593723156 ], [ 74.023905306059092, 19.934915035733813 ], [ 74.023897873398454, 19.934919592594845 ], [ 74.023890530569304, 19.934924264306179 ], [ 74.023883277571699, 19.934929050867812 ], [ 74.023876117100571, 19.934933947212869 ], [ 74.023869052749163, 19.934938955030219 ], [ 74.023862087212464, 19.934944070941942 ], [ 74.023855219592122, 19.93494929579256 ], [ 74.023848452583096, 19.934954625359556 ], [ 74.023841791575251, 19.934960059642947 ], [ 74.02383523656863, 19.934965594420284 ], [ 74.02382878756319, 19.934971232224989 ], [ 74.023822449948881, 19.934976967145701 ], [ 74.023816224623971, 19.934982800026788 ], [ 74.023806090729238, 19.934992742187791 ], [ 74.023448207309926, 19.93533338137474 ], [ 74.023106164782334, 19.935541920415741 ], [ 74.022867961213393, 19.935578136166175 ], [ 74.022438473082815, 19.935656700290476 ], [ 74.022437337612288, 19.935656854831187 ], [ 74.022431653073141, 19.935657727183916 ], [ 74.022425985602027, 19.93565868736307 ], [ 74.022420336995509, 19.93565973536862 ], [ 74.022414707253631, 19.935660871200589 ], [ 74.022409101766286, 19.935662094858927 ], [ 74.022403519635077, 19.93566340718818 ], [ 74.022397961758443, 19.935664805654856 ], [ 74.022392430831218, 19.935666289414453 ], [ 74.022386930446757, 19.935667859311486 ], [ 74.02238145880834, 19.935669515345943 ], [ 74.022376020407606, 19.935671255828872 ], [ 74.022370615244569, 19.935673081604683 ], [ 74.02236524601409, 19.93567499013999 ], [ 74.022359915411201, 19.935676983968261 ], [ 74.022354621639238, 19.935679058866985 ], [ 74.022347360556807, 19.935682066921206 ], [ 74.021822654599347, 19.935914321974568 ], [ 74.021326865410884, 19.936055922348686 ], [ 74.021146198037584, 19.935984317807439 ], [ 74.021004303748555, 19.935902266974015 ], [ 74.02096214221902, 19.935876198612799 ], [ 74.020872952986039, 19.935900585607495 ], [ 74.020771507139315, 19.935975876355236 ], [ 74.020740363446706, 19.935993714369427 ], [ 74.02061321410477, 19.936008575579585 ], [ 74.020292311630783, 19.936131432587764 ], [ 74.019912300011072, 19.936285692388179 ], [ 74.019731163717196, 19.936273845158428 ], [ 74.019725650756271, 19.936276595634475 ], [ 74.019720084794798, 19.936279263351313 ], [ 74.019714470324274, 19.93628184070856 ], [ 74.019708806446417, 19.936284331928661 ], [ 74.01970309585613, 19.936286732789267 ], [ 74.019697341248417, 19.936289045823717 ], [ 74.019691542623249, 19.936291269343119 ], [ 74.019685702675602, 19.936293401658542 ], [ 74.019679822303758, 19.936295442769929 ], [ 74.019673905100973, 19.936297391832817 ], [ 74.019667950168952, 19.936299249691714 ], [ 74.019661962897601, 19.936301012124197 ], [ 74.019655940591917, 19.936302683352682 ], [ 74.019649891336798, 19.936304259154774 ], [ 74.01964381243728, 19.936305740374941 ], [ 74.019637704791649, 19.936307127013183 ], [ 74.019631572891527, 19.936308417380541 ], [ 74.019625419431833, 19.936309612321512 ], [ 74.01961924081931, 19.93631071099162 ], [ 74.019613045138783, 19.936311714235334 ], [ 74.019606833288591, 19.936312620363733 ], [ 74.019600602573789, 19.936313427687772 ], [ 74.019594361079186, 19.936314139585448 ], [ 74.019588106109865, 19.93631475267885 ], [ 74.019581841259082, 19.936315268656863 ], [ 74.019575568323447, 19.936315688364029 ], [ 74.019569289997932, 19.936316005888969 ], [ 74.019563007180835, 19.936316227143045 ], [ 74.019556720770481, 19.936316351281775 ], [ 74.019550436156749, 19.93631637661624 ], [ 74.019544152441313, 19.936316303146356 ], [ 74.01953787142088, 19.936316133405651 ], [ 74.019531596688623, 19.936315860638189 ], [ 74.019525326447919, 19.936315494977833 ], [ 74.019519067885327, 19.93631502797971 ], [ 74.019512820102563, 19.936314466399718 ], [ 74.01950658579446, 19.936313804326421 ], [ 74.019500365859429, 19.936313045982267 ], [ 74.019494162094077, 19.936312191367261 ], [ 74.019487976295025, 19.936311237103443 ], [ 74.019481813852209, 19.936310187413262 ], [ 74.019475672070584, 19.936309040607711 ], [ 74.019469555441816, 19.936307799220259 ], [ 74.019463463965891, 19.936306462406399 ], [ 74.019457400337728, 19.936305029321712 ], [ 74.019451366353948, 19.936303500810567 ], [ 74.019445365607851, 19.936301879406471 ], [ 74.019439397201097, 19.936300163420494 ], [ 74.019433464726959, 19.936298355386018 ], [ 74.019427569083788, 19.936296452769582 ], [ 74.019421712068109, 19.936294458104701 ], [ 74.019415897273291, 19.936292372235787 ], [ 74.019410122902627, 19.936290195162837 ], [ 74.019404393447772, 19.936287929419368 ], [ 74.019398710705261, 19.936285571627337 ], [ 74.019393074675165, 19.936283126853731 ], [ 74.019387488950713, 19.936280593409524 ], [ 74.019381954430273, 19.936277972139191 ], [ 74.019376472910409, 19.936275264731723 ], [ 74.01937104439115, 19.936272471187099 ], [ 74.019365673364064, 19.9362695931943 ], [ 74.019360360727475, 19.936266631597778 ], [ 74.019355104684763, 19.936263586397494 ], [ 74.019349913320724, 19.936260457593516 ], [ 74.019344783042129, 19.936257249408197 ], [ 74.01933971744225, 19.936253960997053 ], [ 74.019334715622733, 19.936250593204619 ], [ 74.019329782075204, 19.936247145186318 ], [ 74.019324917697915, 19.936243622009105 ], [ 74.019320124287574, 19.936240022828429 ], [ 74.019315400047503, 19.936236347644353 ], [ 74.019310751265905, 19.936232599834756 ], [ 74.019306176146145, 19.936228779399659 ], [ 74.01930167558659, 19.936224884650077 ], [ 74.019297254977076, 19.936220922341871 ], [ 74.019292911622671, 19.936216889097071 ], [ 74.019288649116646, 19.936212789138125 ], [ 74.019284465662352, 19.936208621620533 ], [ 74.019280366649738, 19.936204388233246 ], [ 74.019276351180409, 19.936200093198668 ], [ 74.019272421051042, 19.936195732294369 ], [ 74.019268576261638, 19.936191312276257 ], [ 74.019264820405439, 19.936186830610801 ], [ 74.0192611507875, 19.93618229067599 ], [ 74.019257571899388, 19.936177691627318 ], [ 74.01925408374116, 19.936173039376119 ], [ 74.01925068721107, 19.936168331388984 ], [ 74.019247384105782, 19.936163570199348 ], [ 74.019244174425239, 19.936158756651675 ], [ 74.019241059067852, 19.936153894123905 ], [ 74.019238039830171, 19.936148982615986 ], [ 74.019235117610535, 19.936144022972474 ], [ 74.019232292408972, 19.93613901688229 ], [ 74.019228343414994, 19.936131626818653 ], [ 74.019219465365055, 19.936125434230522 ], [ 74.019210466042523, 19.936119381826202 ], [ 74.019201349040713, 19.936113471294661 ], [ 74.019192117054544, 19.936107706858362 ], [ 74.019182771880651, 19.936102087672843 ], [ 74.019173317112262, 19.936096614582539 ], [ 74.019163757241017, 19.936091292654396 ], [ 74.019158130194057, 19.9360882837635 ], [ 74.019021206283512, 19.936117464006958 ], [ 74.01880176043602, 19.936102460934038 ], [ 74.018693748802903, 19.936134928744039 ], [ 74.018607188938745, 19.936160949771565 ], [ 74.01857991159514, 19.936270361672452 ], [ 74.018460287440334, 19.936524943916332 ], [ 74.018342262286751, 19.936657591417319 ], [ 74.017904046124826, 19.936850422257887 ], [ 74.017898537655498, 19.936853480958483 ], [ 74.017890869636247, 19.936857575833937 ], [ 74.017883122565252, 19.936861550793356 ], [ 74.017875303628998, 19.936865404992293 ], [ 74.01786741013261, 19.936869136741784 ], [ 74.017859446567613, 19.936872745197352 ], [ 74.017851415628954, 19.93687623120352 ], [ 74.017843318214986, 19.936879588848893 ], [ 74.017835160613913, 19.936882822355916 ], [ 74.017826940130732, 19.93688592581324 ], [ 74.017818663053717, 19.936888902598763 ], [ 74.017810330281137, 19.936891749334613 ], [ 74.017801945406276, 19.936894466020778 ], [ 74.017793508429122, 19.936897051812764 ], [ 74.017785024739567, 19.936899506710613 ], [ 74.01777649613426, 19.936901827336449 ], [ 74.017767925308149, 19.936904015379131 ], [ 74.017759314956137, 19.936906069149813 ], [ 74.017750665976592, 19.936907988648443 ], [ 74.017741982861054, 19.936909773030557 ], [ 74.017733268304468, 19.936911420607231 ], [ 74.017724524103528, 19.936912933911852 ], [ 74.017715752953066, 19.936914310411048 ], [ 74.017706958446453, 19.936915548415826 ], [ 74.01769814238024, 19.936916649615139 ], [ 74.017687648261102, 19.936917777837767 ], [ 74.017485300946703, 19.936939241089227 ], [ 74.017190642753746, 19.936976244416996 ], [ 74.017181055933023, 19.936974778403723 ], [ 74.017171413416776, 19.936973613024495 ], [ 74.017163888229632, 19.936972941664706 ], [ 74.017110637896224, 19.937079018162962 ], [ 74.017050514552579, 19.937192875596931 ], [ 74.017039540733066, 19.937390365599789 ], [ 74.017054613565207, 19.937763767724302 ], [ 74.017042833058568, 19.937856865831208 ], [ 74.017017030748676, 19.93790407693071 ], [ 74.016936520139637, 19.937962473898132 ], [ 74.016843368437961, 19.938024672657345 ], [ 74.016733589818671, 19.938074776867147 ], [ 74.016557088831618, 19.938092339346564 ], [ 74.016326821878209, 19.938049790633048 ], [ 74.016075101359206, 19.938042626132848 ], [ 74.015906781329463, 19.938076139000181 ], [ 74.015832844591699, 19.938176747650644 ], [ 74.015827955959921, 19.938179648409434 ], [ 74.015822689137408, 19.938182958736739 ], [ 74.015817552570596, 19.938186428669024 ], [ 74.015812551649432, 19.938190059050736 ], [ 74.015807695356983, 19.938193840592728 ], [ 74.015802987286605, 19.938197770761576 ], [ 74.015798433726417, 19.938201843645913 ], [ 74.015794038269718, 19.938206055023429 ], [ 74.01578980900139, 19.938210400671739 ], [ 74.015785750412931, 19.938214873835051 ], [ 74.015781867894276, 19.938219470290989 ], [ 74.015778164140343, 19.938224183283808 ], [ 74.015774646337718, 19.93822900774666 ], [ 74.015771315384598, 19.93823393776827 ], [ 74.015768179365963, 19.938238965748305 ], [ 74.015765240078366, 19.938244089153411 ], [ 74.015762501115049, 19.938249297849929 ], [ 74.015759964272675, 19.93825458761544 ], [ 74.015757635839478, 19.938259953383177 ], [ 74.015755516713725, 19.938265385019442 ], [ 74.015753609590377, 19.93827087661294 ], [ 74.01575191716438, 19.938276425630256 ], [ 74.015750442130681, 19.938282020248831 ], [ 74.015749183590955, 19.938287657090704 ], [ 74.015748146935138, 19.938293326866749 ], [ 74.015747330366537, 19.938299023665653 ], [ 74.015746736580112, 19.93830474073161 ], [ 74.015746364677582, 19.938310471308935 ], [ 74.015746217353907, 19.938316207797303 ], [ 74.015746291914056, 19.938321942596549 ], [ 74.015746591951356, 19.938327670639822 ], [ 74.015747113872536, 19.938333382637961 ], [ 74.015747858575935, 19.938339075213037 ], [ 74.015748824264847, 19.938344738231471 ], [ 74.015750010939342, 19.93835036578195 ], [ 74.015751417701054, 19.938355949419787 ], [ 74.015753040058485, 19.938361485767061 ], [ 74.015754877113224, 19.938366963845692 ], [ 74.015756929763654, 19.938372380277798 ], [ 74.015759190823218, 19.938377729152123 ], [ 74.015761989075344, 19.938383664088583 ], [ 74.015852140403979, 19.938757969979246 ], [ 74.015855060826979, 19.938761908578705 ], [ 74.015857825841408, 19.938765935847218 ], [ 74.015860430955755, 19.938770050095851 ], [ 74.015862872576704, 19.938774243724396 ], [ 74.015865149805947, 19.938778511665994 ], [ 74.0158672581519, 19.938782851387277 ], [ 74.015869196716309, 19.938787255287977 ], [ 74.015870961007508, 19.938791719145815 ], [ 74.015872548330606, 19.938796235360527 ], [ 74.015873958685617, 19.93880080139872 ], [ 74.015875190275864, 19.938805409660191 ], [ 74.015876241304738, 19.938810055078093 ], [ 74.015877110873944, 19.938814732585644 ], [ 74.015877796288521, 19.938819436271565 ], [ 74.015878298446765, 19.938824159380115 ], [ 74.01587861555204, 19.938828896844441 ], [ 74.015878747604376, 19.938833643597793 ], [ 74.015878696400407, 19.938838392884421 ], [ 74.015878457448551, 19.938843138793004 ], [ 74.015878035240377, 19.938847877101235 ], [ 74.015877428877545, 19.938852601053394 ], [ 74.015876639258423, 19.938857303049247 ], [ 74.015875666382968, 19.938861981399885 ], [ 74.015874512946127, 19.938866625127183 ], [ 74.015873178049645, 19.938871233386731 ], [ 74.015871666184992, 19.938875798578284 ], [ 74.015869979148917, 19.938880315635085 ], [ 74.015868115144698, 19.938884778645797 ], [ 74.015866079562244, 19.938889183388152 ], [ 74.015863875096528, 19.938893521417455 ], [ 74.015861504442526, 19.938897789355821 ], [ 74.015858969396774, 19.938901982980969 ], [ 74.015856271755965, 19.938906096381576 ], [ 74.01585341780833, 19.938910122801975 ], [ 74.015850407553813, 19.938914059708704 ], [ 74.015847250873918, 19.93891790119055 ], [ 74.01584394417533, 19.93892164386962 ], [ 74.015840496441271, 19.93892528099019 ], [ 74.015836908570037, 19.938928810863349 ], [ 74.015833188646454, 19.938932226733343 ], [ 74.015829337568832, 19.938935525222327 ], [ 74.015823430247508, 19.938940170636389 ], [ 74.015818311647024, 19.93894519014929 ], [ 74.015813290064585, 19.93895028904193 ], [ 74.015808367296813, 19.938955463936477 ], [ 74.015803546038697, 19.938960715677336 ], [ 74.01579882629018, 19.938966040042178 ], [ 74.015794209847954, 19.938971437031022 ], [ 74.015789700305234, 19.938976904110429 ], [ 74.015785295865399, 19.938982439591499 ], [ 74.015781000121706, 19.938988042629713 ], [ 74.01577681307414, 19.938993709847193 ], [ 74.015772734722745, 19.938999442932893 ], [ 74.015768769559088, 19.939005235131095 ], [ 74.015764917583169, 19.939011089819591 ], [ 74.015761178794946, 19.939017001931628 ], [ 74.015757554991097, 19.939022970622702 ], [ 74.01575404796823, 19.939028994203905 ], [ 74.01575065862464, 19.939035070141824 ], [ 74.015747386960385, 19.939041196747489 ], [ 74.015744234772072, 19.939047374020895 ], [ 74.015741202957969, 19.939053597739747 ], [ 74.015738292416472, 19.939059867059562 ], [ 74.015735503147525, 19.939066178602395 ], [ 74.015732836947734, 19.93907253321283 ], [ 74.015730295613807, 19.939078928357372 ], [ 74.015727878247347, 19.939085358969258 ], [ 74.01572558574675, 19.93909182589293 ], [ 74.015723419908625, 19.93909832659498 ], [ 74.015721379834616, 19.939104859386486 ], [ 74.015719467321361, 19.939111422578495 ], [ 74.015717684165523, 19.939118012793177 ], [ 74.015716027672141, 19.939124628341556 ], [ 74.015714501434474, 19.939131268379178 ], [ 74.015713102757559, 19.939137930372627 ], [ 74.01571183343809, 19.939144610944091 ], [ 74.015710696170942, 19.939151309249016 ], [ 74.015709689159493, 19.93915802359853 ], [ 74.015708812403787, 19.939164752303693 ], [ 74.015708066802091, 19.939171491142144 ], [ 74.015707452354448, 19.939178240958377 ], [ 74.015706969060801, 19.939184996685547 ], [ 74.015706701362845, 19.93919015130523 ], [ 74.015706618717843, 19.939191758323727 ], [ 74.015706400427248, 19.939198523339474 ], [ 74.015706312392325, 19.939205290043859 ], [ 74.015706356409794, 19.939212056747959 ], [ 74.015706531581259, 19.939218818384944 ], [ 74.015706838805102, 19.939225575799334 ], [ 74.015707278979576, 19.939232327302179 ], [ 74.015708144057214, 19.939242043723414 ], [ 74.015706671718434, 19.939248281790487 ], [ 74.015705077208835, 19.939254497056776 ], [ 74.01570336232497, 19.939260687833301 ], [ 74.015701527965135, 19.939266851586702 ], [ 74.015699573231075, 19.93927298662804 ], [ 74.015697500817708, 19.939279091268361 ], [ 74.015695308928414, 19.939285164663247 ], [ 74.015692999359828, 19.939291202590354 ], [ 74.015690573908557, 19.939297205049687 ], [ 74.015688031676305, 19.939303170352314 ], [ 74.015685373561382, 19.939309095120414 ], [ 74.015682602258735, 19.939314979353934 ], [ 74.015679715971743, 19.939320818830598 ], [ 74.015676718293619, 19.939326614394833 ], [ 74.0156736074278, 19.939332364357764 ], [ 74.015670385170893, 19.939338063652578 ], [ 74.01566705331949, 19.939343713968221 ], [ 74.015663612771931, 19.939349311082346 ], [ 74.015660064426569, 19.939354855839476 ], [ 74.015656408283377, 19.93936034401721 ], [ 74.015652647037271, 19.939365775615663 ], [ 74.015648781586592, 19.939371148945796 ], [ 74.015644811033056, 19.939376460629855 ], [ 74.015640739868175, 19.939381713201197 ], [ 74.015636567193695, 19.939386900748538 ], [ 74.015632294806196, 19.939392021583021 ], [ 74.015627925400636, 19.939397077393533 ], [ 74.015623456282114, 19.939402065646732 ], [ 74.01561889373879, 19.939406982120271 ], [ 74.01561423417742, 19.939411829347552 ], [ 74.01560948298787, 19.939416602261769 ], [ 74.015604641068478, 19.939421300862975 ], [ 74.01559970931757, 19.939425924306679 ], [ 74.01559468863347, 19.939430471748448 ], [ 74.015589581711069, 19.939434939810418 ], [ 74.015584387652098, 19.939439327648149 ], [ 74.015579110948096, 19.939443635261604 ], [ 74.015573751599121, 19.939447860961899 ], [ 74.015568311401765, 19.939452001371166 ], [ 74.015562792152664, 19.939456058178344 ], [ 74.015557197445077, 19.939460028850068 ], [ 74.015551524584041, 19.93946391169737 ], [ 74.015545779857803, 19.939467705031365 ], [ 74.015539962368038, 19.939471411385462 ], [ 74.015534074809651, 19.939475023159417 ], [ 74.015528118979319, 19.939478545420119 ], [ 74.015522095775353, 19.939481973100733 ], [ 74.015516008790996, 19.939485307890166 ], [ 74.015509858026235, 19.93948854725511 ], [ 74.015503645277747, 19.939491690351051 ], [ 74.015497374138732, 19.93949473633355 ], [ 74.01549104460922, 19.939497684358134 ], [ 74.015483788018358, 19.939500913589232 ], [ 74.014525303576534, 19.939943494118875 ], [ 74.014494415903798, 19.939903180350633 ], [ 74.014453580287608, 19.939849882119891 ], [ 74.014441894104067, 19.939834631129564 ], [ 74.014372649267031, 19.939712882403878 ], [ 74.01428291116342, 19.93952476716748 ], [ 74.014270592565921, 19.939498947676576 ], [ 74.014128483579555, 19.939201042380944 ], [ 74.013860576317427, 19.938639415049124 ], [ 74.013497940810268, 19.938686377640959 ], [ 74.013088617162836, 19.938739386611708 ], [ 74.012671688378234, 19.938793380214349 ], [ 74.01219666644252, 19.938854892938608 ], [ 74.010726563598567, 19.939045249342875 ], [ 74.010247219868035, 19.939107313405547 ], [ 74.009317414141606, 19.939227692874745 ], [ 74.009272390579582, 19.939224973695321 ], [ 74.009176221436846, 19.939219168838228 ], [ 74.008044745725797, 19.939370660000638 ], [ 74.007495404369976, 19.939444203586206 ], [ 74.007076102236383, 19.939500339353582 ], [ 74.006904315607983, 19.939545718319522 ], [ 74.006021752282351, 19.939778854377664 ], [ 74.006019635851573, 19.939779413411969 ], [ 74.00584590526887, 19.93982530573091 ], [ 74.0056134670874, 19.939886705739816 ], [ 74.005513994839376, 19.939912981176782 ], [ 74.00435489144175, 19.94020633433237 ], [ 74.003589104611493, 19.940381699108219 ], [ 74.003063992615552, 19.940503779190642 ], [ 74.002796159913572, 19.940500451178334 ], [ 74.002543565333767, 19.940509508843707 ], [ 74.001793137898275, 19.940536418365507 ], [ 74.000632384295443, 19.940575859646518 ], [ 73.998727702568203, 19.940640565417123 ], [ 73.998693186600065, 19.940641738369429 ], [ 73.99801966842756, 19.940664614737518 ], [ 73.997746163762912, 19.940667842255824 ], [ 73.997194254123698, 19.940674353870957 ], [ 73.99660726706928, 19.94068127758127 ], [ 73.995655299006515, 19.940692502115013 ], [ 73.995214288185764, 19.940690025320215 ], [ 73.995205191845187, 19.940678238377348 ], [ 73.994882059752655, 19.940259511685028 ], [ 73.993946388027439, 19.941464050940773 ], [ 73.993915685407671, 19.941503575591007 ], [ 73.993886929437124, 19.94164211487989 ], [ 73.993917839567715, 19.942066830971431 ], [ 73.993907313109233, 19.94217518237431 ], [ 73.994017382782687, 19.942344256352378 ], [ 73.995005419102412, 19.943861917270144 ], [ 73.995372007196835, 19.943972166587503 ], [ 73.99619476428407, 19.944252805088336 ], [ 73.996956417965691, 19.944521847277219 ], [ 73.997047864664992, 19.944553164921857 ], [ 73.997192497917325, 19.944602697909939 ], [ 73.997225696056972, 19.944614067408097 ], [ 73.997819859752198, 19.944817545313601 ], [ 73.998113809174413, 19.944913595630062 ], [ 73.998329312316102, 19.944984012225284 ], [ 73.99851904458896, 19.945032224382437 ], [ 73.999036394242552, 19.945443448303802 ], [ 73.999284776621977, 19.945681842371933 ], [ 73.999488668140344, 19.946435104394983 ], [ 73.999525828748702, 19.946572392139288 ], [ 73.999533491378074, 19.946600700686574 ], [ 73.999562839338395, 19.946919436643071 ], [ 73.999114926761337, 19.948579108002157 ], [ 73.999059471063887, 19.948933775684079 ], [ 73.998946804360969, 19.949654150161493 ], [ 73.998945768603448, 19.949660765268437 ], [ 73.998870871566609, 19.950114728642788 ], [ 73.998718030407545, 19.951059501198557 ], [ 73.998615219121618, 19.951313152712483 ], [ 73.998124544940367, 19.951640278393622 ], [ 73.997971611254812, 19.951750630361946 ], [ 73.997956296775854, 19.951761679318246 ], [ 73.997506767231258, 19.952072421080928 ], [ 73.997106523754752, 19.953495463342147 ], [ 73.996794684383644, 19.954348567008193 ], [ 73.996772868796967, 19.954408248112887 ], [ 73.996481864950567, 19.955207591922658 ], [ 73.99643853111958, 19.955326620774169 ], [ 73.996200657232336, 19.955983096638633 ], [ 73.996179847758782, 19.956043635855252 ], [ 73.996091396940969, 19.956300969274348 ], [ 73.99605180818638, 19.956314910738257 ], [ 73.996002046011228, 19.956351726295846 ], [ 73.995605740748914, 19.95681691238773 ], [ 73.995231661603356, 19.957229259015456 ], [ 73.994572336812368, 19.957991328388072 ], [ 73.994274389887124, 19.958306797296764 ], [ 73.993789282565729, 19.958892199401696 ], [ 73.993210655233327, 19.959550626938693 ], [ 73.992917162155308, 19.959893329938797 ], [ 73.992560329764871, 19.960309988235686 ], [ 73.992550531840067, 19.96034862581849 ], [ 73.990859723710599, 19.960657811419569 ], [ 73.990684029410716, 19.960696708977224 ], [ 73.989710162217946, 19.960912319718222 ], [ 73.989680267183616, 19.960912717406917 ], [ 73.987419081849325, 19.961477401398295 ], [ 73.98745399217789, 19.96110467258347 ], [ 73.986155659792701, 19.960755441163876 ], [ 73.984913058887741, 19.960465342333212 ], [ 73.984191290404738, 19.960323346741944 ], [ 73.983953892624598, 19.960327258628432 ], [ 73.983884400750838, 19.960331097900493 ], [ 73.983790765755515, 19.960336270405413 ], [ 73.983677287873874, 19.960395480629725 ], [ 73.983650197379873, 19.96040961677728 ], [ 73.983332177599621, 19.960402037870487 ], [ 73.982400845635553, 19.960242973622552 ], [ 73.981375392687553, 19.960109381686184 ], [ 73.980686045301468, 19.960012237045877 ], [ 73.980641355912709, 19.96007464327224 ], [ 73.979886044336993, 19.961129352047369 ], [ 73.979876474584287, 19.96113657038245 ], [ 73.979864359006029, 19.961146036372625 ], [ 73.9798524203959, 19.96115569825108 ], [ 73.979840663245469, 19.96116555179599 ], [ 73.979829092046288, 19.961175595318636 ], [ 73.9798177067984, 19.961185824597244 ], [ 73.97980651558656, 19.961196237943099 ], [ 73.979795518410867, 19.961206830290024 ], [ 73.979784720661144, 19.961217599104998 ], [ 73.979774123235757, 19.961228541010545 ], [ 73.979763733321164, 19.961239654317975 ], [ 73.979753549120801, 19.961250933116791 ], [ 73.979743577821154, 19.961262374873947 ], [ 73.979733820320504, 19.961273977056322 ], [ 73.97972428021221, 19.961285734597787 ], [ 73.979714959292821, 19.961297645809676 ], [ 73.979705862952244, 19.961309705625816 ], [ 73.979696992088805, 19.961321912357491 ], [ 73.979688350295802, 19.961334256716828 ], [ 73.979679939369774, 19.961346742081226 ], [ 73.97967176110744, 19.961359359162799 ], [ 73.979611427558012, 19.961457940051705 ], [ 73.979580733023056, 19.9615111372641 ], [ 73.979551033821437, 19.96156482080195 ], [ 73.97952233893632, 19.961618974622208 ], [ 73.97949465824918, 19.961673584370427 ], [ 73.9794679998448, 19.961728632314976 ], [ 73.979442370909752, 19.961784099035434 ], [ 73.979438479407932, 19.961791151848931 ], [ 73.979435553595039, 19.961797281793125 ], [ 73.979432976328511, 19.961803545143546 ], [ 73.979430752099859, 19.961809924169 ], [ 73.979428888993979, 19.961816398605151 ], [ 73.979427389705762, 19.961822956631178 ], [ 73.979426259625143, 19.961829577138424 ], [ 73.97942550234535, 19.961836239862613 ], [ 73.979425118764723, 19.961842929605588 ], [ 73.979425109781559, 19.961849626947366 ], [ 73.979425478090832, 19.96185631331236 ], [ 73.979426219200931, 19.961862970969364 ], [ 73.979427332213575, 19.961869579654135 ], [ 73.97942881623041, 19.96187612585711 ], [ 73.979430664064978, 19.961882586781034 ], [ 73.979432871225612, 19.961888947227695 ], [ 73.979435434119125, 19.961895190310237 ], [ 73.979438342863986, 19.961901295764388 ], [ 73.979441591172076, 19.961907250080692 ], [ 73.979443326717188, 19.961915676636835 ], [ 73.979449773925992, 19.961919583417743 ], [ 73.979453277355603, 19.961924035644966 ], [ 73.979457784203376, 19.961929221607168 ], [ 73.979462575817138, 19.961934179596284 ], [ 73.979467641417003, 19.961938894414136 ], [ 73.97947642963544, 19.961946338152035 ], [ 73.979484109332788, 19.961952360014134 ], [ 73.979492011812354, 19.961958126039782 ], [ 73.979500126294298, 19.961963631162902 ], [ 73.979508442897199, 19.961968866095763 ], [ 73.979516954434516, 19.961973825772318 ], [ 73.979525643838258, 19.96197850428219 ], [ 73.979534506616844, 19.961982897403661 ], [ 73.979543529295555, 19.961986996693341 ], [ 73.979552701094633, 19.961990797929531 ], [ 73.979562012132547, 19.961994298579189 ], [ 73.979571449832918, 19.96199749188763 ], [ 73.979581003415973, 19.962000373633128 ], [ 73.979590659406938, 19.962002944660078 ], [ 73.979600407026112, 19.962005198213689 ], [ 73.979613181069453, 19.962008111199768 ], [ 73.97962086885164, 19.962010043058363 ], [ 73.979628518006294, 19.962012098191099 ], [ 73.979636129431697, 19.962014278286656 ], [ 73.979643695043023, 19.96201658418941 ], [ 73.979651215738585, 19.962019011677672 ], [ 73.97965869062007, 19.962021561595712 ], [ 73.979666115195883, 19.962024234787879 ], [ 73.979673488567727, 19.962027027032455 ], [ 73.979680808040669, 19.962029940018152 ], [ 73.979688070021396, 19.962032972056235 ], [ 73.979695275408318, 19.962036122302369 ], [ 73.979702418811442, 19.962039389912189 ], [ 73.979709499332529, 19.962042774041379 ], [ 73.9797165151749, 19.962046272156861 ], [ 73.97972346544023, 19.962049885947337 ], [ 73.979730342942048, 19.96205361203544 ], [ 73.979737151273582, 19.962057450421131 ], [ 73.979743885943293, 19.962061399415735 ], [ 73.979750544256177, 19.962065458174894 ], [ 73.979757126212249, 19.962069624165554 ], [ 73.979763629116604, 19.962073898232084 ], [ 73.979770050274254, 19.962078276997055 ], [ 73.979776386990267, 19.962082761304853 ], [ 73.979782638366316, 19.962087348622379 ], [ 73.979788804402418, 19.962092038105329 ], [ 73.979794878810395, 19.962096826376346 ], [ 73.979800863386828, 19.962101714279676 ], [ 73.979806755436741, 19.962106697593665 ], [ 73.979812551366962, 19.962111778851323 ], [ 73.979818252075773, 19.962116953830893 ], [ 73.979823854868201, 19.962122220843682 ], [ 73.979829357947622, 19.962127580734062 ], [ 73.979834757720809, 19.962133027591594 ], [ 73.979840055984354, 19.962138563949338 ], [ 73.979845250043297, 19.962144184741152 ], [ 73.979850336304438, 19.962149891655748 ], [ 73.979855314767761, 19.962155679627124 ], [ 73.979860185433211, 19.96216154865516 ], [ 73.979864943809275, 19.962167497895553 ], [ 73.979870062409773, 19.962176967201255 ], [ 73.979872537268378, 19.962181857635148 ], [ 73.979874919600505, 19.962186788597375 ], [ 73.979877210304508, 19.962191758399157 ], [ 73.979879407583681, 19.962196765351884 ], [ 73.97988151143808, 19.962201806922529 ], [ 73.979883519172731, 19.962206883111044 ], [ 73.979885431685986, 19.962211992228784 ], [ 73.9798872498761, 19.962217130053993 ], [ 73.979888969251533, 19.962222299119706 ], [ 73.979890593405585, 19.96222749435988 ], [ 73.979892119643267, 19.962232716618843 ], [ 73.979893547066254, 19.962237965052243 ], [ 73.979894876572857, 19.96224323459403 ], [ 73.979896107264821, 19.962248526932914 ], [ 73.979897238243765, 19.96225383784714 ], [ 73.979898270408029, 19.962259168181046 ], [ 73.979899202859272, 19.962264512868629 ], [ 73.979900034699227, 19.962269873598508 ], [ 73.979900765029569, 19.962275247837667 ], [ 73.979901397443513, 19.962280634741809 ], [ 73.979901926551207, 19.962286029244844 ], [ 73.979902355945924, 19.962291433879823 ], [ 73.979902683831, 19.962296843580617 ], [ 73.979902911104773, 19.96230226003599 ], [ 73.979902983868286, 19.962305440673088 ], [ 73.979903035970594, 19.962307679868566 ], [ 73.979903060225112, 19.962313101389622 ], [ 73.979902982970003, 19.962318521221793 ], [ 73.97990280600186, 19.962323941053796 ], [ 73.979902526625835, 19.962329358352591 ], [ 73.979902145740141, 19.962334769740806 ], [ 73.979901662446537, 19.96234017437407 ], [ 73.979901080338209, 19.96234557140809 ], [ 73.979900397618621, 19.962350958309813 ], [ 73.979899611592728, 19.962356333390598 ], [ 73.97989873034544, 19.962361695806045 ], [ 73.979897745791888, 19.962367044711829 ], [ 73.979896662423656, 19.962372375886268 ], [ 73.979895478444121, 19.96237768932934 ], [ 73.979894197446527, 19.962382983352381 ], [ 73.979892815837616, 19.962388254578041 ], [ 73.97989133721066, 19.96239350638362 ], [ 73.979889759769023, 19.962398730325781 ], [ 73.979888086207623, 19.962403930626181 ], [ 73.979886314729896, 19.962409103063166 ], [ 73.979884448030717, 19.962414245103641 ], [ 73.979882485211832, 19.962419357592029 ], [ 73.979880428069833, 19.962424437995264 ], [ 73.979878275706426, 19.962429483780298 ], [ 73.979876029918216, 19.962434494102869 ], [ 73.979873690705205, 19.962439468962909 ], [ 73.979871259864069, 19.962444404138783 ], [ 73.979853166895921, 19.962481964663716 ], [ 73.979844508933198, 19.962501250260999 ], [ 73.979836212991529, 19.962520672639155 ], [ 73.979828279969283, 19.962540225887775 ], [ 73.97982071256132, 19.962559903252082 ], [ 73.979813514360941, 19.962579698821639 ], [ 73.979806686266471, 19.962599608374695 ], [ 73.979800229176206, 19.962619621779108 ], [ 73.979794147581757, 19.962639737346194 ], [ 73.979788442381391, 19.962659944943798 ], [ 73.97978311357511, 19.962680242038854 ], [ 73.979778165654523, 19.962700621032301 ], [ 73.979773598619616, 19.962721074325046 ], [ 73.979769414267039, 19.96274159769531 ], [ 73.979765612596751, 19.962762184388406 ], [ 73.979762197202021, 19.962782827649587 ], [ 73.979759167184582, 19.962803522412756 ], [ 73.979756525239324, 19.962824260234537 ], [ 73.979754269569639, 19.962845034360175 ], [ 73.979752401972178, 19.962865843100975 ], [ 73.979751576420441, 19.962877491604058 ], [ 73.979711281590028, 19.963065239585941 ], [ 73.979667896555085, 19.9632980310347 ], [ 73.979597607875661, 19.963612760670248 ], [ 73.979546503617485, 19.963787457747166 ], [ 73.979380677310985, 19.963997131134736 ], [ 73.979252333209715, 19.964181649057828 ], [ 73.97916803440512, 19.964477320390426 ], [ 73.979115191008532, 19.964769340290186 ], [ 73.979030257993358, 19.964913941697858 ], [ 73.978931926605739, 19.964999028852315 ], [ 73.978751247554342, 19.965053410306247 ], [ 73.978351278962279, 19.965069972633273 ], [ 73.978146681368116, 19.965086590684209 ], [ 73.978140878251381, 19.965086032583841 ], [ 73.97813376898425, 19.965085469417527 ], [ 73.978126649835616, 19.965085019391061 ], [ 73.978119524398764, 19.965084688414755 ], [ 73.978112389978776, 19.965084470578326 ], [ 73.978105252863841, 19.965084370103369 ], [ 73.97809811485061, 19.965084386145591 ], [ 73.978090977735675, 19.965084520393635 ], [ 73.978083843315687, 19.965084766937196 ], [ 73.978076714285592, 19.965085133375272 ], [ 73.978069592441997, 19.965085613797484 ], [ 73.978062476886649, 19.965086210736899 ], [ 73.978055376602626, 19.965086923349158 ], [ 73.978048287996742, 19.965087751634247 ], [ 73.978041215560495, 19.965088695592165 ], [ 73.978034161988887, 19.965089754378578 ], [ 73.978027129078541, 19.965090927993497 ], [ 73.978020117727723, 19.965092215592602 ], [ 73.978013128834831, 19.965093618020223 ], [ 73.978010488686209, 19.965094192162759 ], [ 73.977871792399611, 19.965208947172606 ], [ 73.977826102287608, 19.965322720992109 ], [ 73.977876797812371, 19.965614421860597 ], [ 73.977892177868341, 19.966061604178371 ], [ 73.977621847849917, 19.966484415627043 ], [ 73.977027859326142, 19.96721503258399 ], [ 73.976904842234532, 19.967348631166956 ], [ 73.976592030886295, 19.967666968914102 ], [ 73.976234591234743, 19.968026332811611 ], [ 73.975898585385835, 19.968465091371794 ], [ 73.975896539921948, 19.968471091032985 ], [ 73.975892309755281, 19.968482793157865 ], [ 73.975887862196331, 19.968494424359914 ], [ 73.975883198143364, 19.968505983794845 ], [ 73.975878320291358, 19.968517466396811 ], [ 73.975873226843717, 19.9685288679443 ], [ 73.975867924088575, 19.968540187593003 ], [ 73.975862409331029, 19.968551418588451 ], [ 73.975856687961013, 19.968562560930732 ], [ 73.975854641598801, 19.968566371295825 ], [ 73.975850758181807, 19.968573607865306 ], [ 73.975844623586738, 19.968584559392259 ], [ 73.975838286870712, 19.968595408757121 ], [ 73.975831748932094, 19.968606154271292 ], [ 73.975825010669141, 19.968616794246184 ], [ 73.975818076573475, 19.968627322771642 ], [ 73.975810946645041, 19.968637738159117 ], [ 73.975803680172717, 19.968648411059888 ], [ 73.975798229195576, 19.968656782375813 ], [ 73.975792935423598, 19.968665239810775 ], [ 73.975789210110108, 19.968671433655189 ], [ 73.975739271865166, 19.968727508368559 ], [ 73.975703255710471, 19.968849110598757 ], [ 73.975670659442059, 19.968995887420391 ], [ 73.975606299643545, 19.969233806023176 ], [ 73.975547001851652, 19.969387427261655 ], [ 73.975489374027845, 19.969429786001673 ], [ 73.975343619678057, 19.969521302624287 ], [ 73.974976080267751, 19.969706980065851 ], [ 73.974841396755536, 19.969820175670577 ], [ 73.974808620824064, 19.97023079886236 ], [ 73.974770862836067, 19.970467254965445 ], [ 73.974715958704195, 19.970832727721024 ], [ 73.974700768192747, 19.971083819623583 ], [ 73.974713685966535, 19.971234748293412 ], [ 73.974805725553921, 19.971331594739972 ], [ 73.974806269034659, 19.971332830786203 ], [ 73.974813256130943, 19.971347963064389 ], [ 73.974820526196524, 19.971362978828548 ], [ 73.974823027106282, 19.971367912036563 ], [ 73.974828077434822, 19.971377871324435 ], [ 73.97483207942939, 19.971386980408081 ], [ 73.974835600825315, 19.97139457736143 ], [ 73.974839264155051, 19.971402115213902 ], [ 73.974843069418583, 19.971409590588308 ], [ 73.974847012124386, 19.97141700264034 ], [ 73.974851094967335, 19.971424348837143 ], [ 73.974855312557608, 19.971431625801564 ], [ 73.974859669386717, 19.97143883268928 ], [ 73.974864159166501, 19.971445965278875 ], [ 73.974868781896987, 19.97145302441465 ], [ 73.974873535781441, 19.971460005875095 ], [ 73.974878420819977, 19.971466907971724 ], [ 73.974883434317562, 19.971473728171571 ], [ 73.974888575375957, 19.971480465630449 ], [ 73.974893843096766, 19.971487116126841 ], [ 73.974899232988491, 19.97149368134933 ], [ 73.974904745949374, 19.97150015538794 ], [ 73.974910380182834, 19.971506538242654 ], [ 73.974916132993911, 19.971512827380568 ], [ 73.974922002585984, 19.971519021113139 ], [ 73.974927988060699, 19.971525117751796 ], [ 73.974934087621506, 19.971531115607974 ], [ 73.974940298573372, 19.971537012148765 ], [ 73.974946620018002, 19.971542804841366 ], [ 73.974953048362195, 19.971548495374297 ], [ 73.974959583605894, 19.971554076993293 ], [ 73.974966223054167, 19.971559553075508 ], [ 73.97497296491035, 19.971564917710918 ], [ 73.974979805581242, 19.971570171743785 ], [ 73.974986745066829, 19.971575312641296 ], [ 73.974993779773797, 19.971580340403424 ], [ 73.975000907905596, 19.971585249964459 ], [ 73.975008127665546, 19.971590043012963 ], [ 73.975015437256985, 19.971594718704697 ], [ 73.975022833985051, 19.97159927197384 ], [ 73.975030314256415, 19.97160370366478 ], [ 73.975037877172781, 19.971608012933206 ], [ 73.975045522734177, 19.971612197246223 ], [ 73.975053242855722, 19.971616256603863 ], [ 73.975061041130687, 19.971620189317541 ], [ 73.97506891127091, 19.97162399201013 ], [ 73.975076852378024, 19.971627667214484 ], [ 73.975084861757097, 19.97163121239775 ], [ 73.975092936713168, 19.971634624182727 ], [ 73.975101076347983, 19.971637905102394 ], [ 73.975109276169874, 19.971641051779486 ], [ 73.975126121378082, 19.971649641608217 ], [ 73.97514084656224, 19.971657487615104 ], [ 73.97515542172772, 19.97166557424487 ], [ 73.975167205827603, 19.971672375861704 ], [ 73.975169842382982, 19.971673898120276 ], [ 73.97518410403643, 19.971682455019824 ], [ 73.975198200399845, 19.971691244943472 ], [ 73.975212130574974, 19.971700265358329 ], [ 73.975225887375231, 19.971709511198615 ], [ 73.975239469004009, 19.971718980775641 ], [ 73.975252870071415, 19.971728672400854 ], [ 73.975266085187585, 19.97173858016416 ], [ 73.9752791116575, 19.971748704065465 ], [ 73.975291946786285, 19.971759039883356 ], [ 73.975304584285695, 19.971769584240544 ], [ 73.9753170205625, 19.971780333759831 ], [ 73.975329254718346, 19.971791285908367 ], [ 73.975341279566749, 19.97180243730887 ], [ 73.975353094209353, 19.971813782895595 ], [ 73.975364692358013, 19.971825322668476 ], [ 73.975376073114333, 19.971837049028863 ], [ 73.975387230190151, 19.971848961132437 ], [ 73.975398162687171, 19.971861053913351 ], [ 73.975408866113781, 19.971873325683067 ], [ 73.975419337775037, 19.971885771375707 ], [ 73.975429574077694, 19.97189838592557 ], [ 73.975439571428495, 19.971911166799678 ], [ 73.975444413347887, 19.97191759269657 ], [ 73.97544932623417, 19.97192410977658 ], [ 73.975458837596406, 19.971937212323365 ], [ 73.975468102820244, 19.971950469374217 ], [ 73.975477117414115, 19.971963875863342 ], [ 73.975485876886438, 19.971977429257912 ], [ 73.975494382135565, 19.971991126180633 ], [ 73.975502628669858, 19.972004959032908 ], [ 73.975510615591048, 19.972018926126118 ], [ 73.97551833930585, 19.972033024083036 ], [ 73.97552579711936, 19.972047246149341 ], [ 73.975532988133224, 19.972061588947852 ], [ 73.975539906957536, 19.972076048257037 ], [ 73.975546556287256, 19.972090620699735 ], [ 73.975552928935883, 19.972105301210163 ], [ 73.975555430743938, 19.972111366587416 ], [ 73.975559026700026, 19.972120083033968 ], [ 73.975564846884751, 19.972134965326862 ], [ 73.975566872585745, 19.972140442233208 ], [ 73.975513881865425, 19.972227651408264 ], [ 73.975505829367222, 19.972321480601909 ], [ 73.975478764924361, 19.972576317924418 ], [ 73.975443443167379, 19.972719904095101 ], [ 73.975290320835612, 19.973200172324564 ], [ 73.975136708023712, 19.973711743349455 ], [ 73.974844177939644, 19.974527115021875 ], [ 73.974718844092905, 19.974733538864907 ], [ 73.97440864684215, 19.974729709230516 ], [ 73.973386606593934, 19.973935456581135 ], [ 73.970775280419787, 19.972242002633234 ], [ 73.969541809991398, 19.971390843051111 ], [ 73.969188960730918, 19.971147345225621 ], [ 73.968818727273117, 19.971082073621108 ], [ 73.966430052135394, 19.97066089639549 ], [ 73.963118615859756, 19.970814902087167 ], [ 73.960837407077804, 19.971226153376325 ], [ 73.960566983634564, 19.971332086119016 ], [ 73.957482548936241, 19.97254038758982 ], [ 73.954204977350173, 19.973867971583772 ], [ 73.951289176193654, 19.975200232646486 ], [ 73.950619445318424, 19.975045256102273 ], [ 73.948271456676551, 19.974288469040687 ], [ 73.948252935212011, 19.97428249661775 ], [ 73.947921892555087, 19.974202195621913 ], [ 73.946553150217923, 19.973870152359755 ], [ 73.945377696583847, 19.97377595007146 ], [ 73.945107320751291, 19.973754281603767 ], [ 73.944354745443931, 19.974181621397928 ] ] ] } }
]
}
