{
"type": "FeatureCollection",
"name": "gp_duplicate_block_diagnostic",
"crs": { "type": "name", "properties": { "name": "urn:ogc:def:crs:OGC:1.3:CRS84" } },
"features": [
{ "type": "Feature", "properties": { "gp_code": "183696", "gp_name": "PATHARE BK.", "blklgdcode": "4490", "blk_lgdcod": "4490", "blkname": "Sinnar", "dtname": "Nashik", "stname": "MAHARASHTRA" }, "geometry": { "type": "Polygon", "coordinates": [ [ [ 74.336379037767045, 19.826963559092828 ], [ 74.336130040939935, 19.826942253330756 ], [ 74.335593423321797, 19.826959376024575 ], [ 74.335560996835, 19.826960410383283 ], [ 74.335553858821783, 19.82693660914558 ], [ 74.33553021785842, 19.826857784896816 ], [ 74.335228011122112, 19.825850165256778 ], [ 74.335170491994461, 19.825658383219505 ], [ 74.33510646636924, 19.825444902029378 ], [ 74.335017826905201, 19.825471079833594 ], [ 74.334367894898833, 19.825663026040704 ], [ 74.333839776241618, 19.825818999064694 ], [ 74.33373542973483, 19.825849817087843 ], [ 74.333626352699767, 19.825882032005783 ], [ 74.333624337778588, 19.825882626935091 ], [ 74.333624111403154, 19.825882381019703 ], [ 74.333087735431832, 19.825300169801331 ], [ 74.332685183285008, 19.824878734655094 ], [ 74.332296801163523, 19.824464684369421 ], [ 74.331160043358594, 19.823259360029819 ], [ 74.33117123367208, 19.823253802757488 ], [ 74.332819340384503, 19.822435370593432 ], [ 74.333792327228295, 19.821964255107986 ], [ 74.333797706340206, 19.821961651383013 ], [ 74.334000950173234, 19.821863243900328 ], [ 74.334013662232834, 19.821857088254468 ], [ 74.334181101913586, 19.822100129603911 ], [ 74.335121080162253, 19.823447626036547 ], [ 74.335141842923434, 19.8234763411084 ], [ 74.335386417344367, 19.823814595289491 ], [ 74.335543089818131, 19.824031278987022 ], [ 74.335693500136045, 19.82423929779679 ], [ 74.335723870379184, 19.824290681957823 ], [ 74.33601810277068, 19.824788484805705 ], [ 74.336019573312839, 19.824790972708961 ], [ 74.336122458260633, 19.824965041333765 ], [ 74.336032067980099, 19.825013345808138 ], [ 74.336014146590202, 19.825022922193799 ], [ 74.336018777405471, 19.825047542595311 ], [ 74.336097921676938, 19.8254684896872 ], [ 74.336141103692654, 19.825698153956328 ], [ 74.336379037767045, 19.826963559092828 ] ] ] } },
{ "type": "Feature", "properties": { "gp_code": "183696", "gp_name": "PATHARE BK.", "blklgdcode": "4490", "blk_lgdcod": "4490", "blkname": "Sinnar", "dtname": "Nashik", "stname": "MAHARASHTRA" }, "geometry": { "type": "Polygon", "coordinates": [ [ [ 74.33964175930312, 19.827785010153942 ], [ 74.339782210897809, 19.828724015136913 ], [ 74.339758753190793, 19.828730865151943 ], [ 74.338643589088647, 19.829056532068488 ], [ 74.338609232122295, 19.828733948757186 ], [ 74.338588345393646, 19.828596798828542 ], [ 74.33853489563424, 19.828245825726061 ], [ 74.338493770760522, 19.827840664944951 ], [ 74.339484961065224, 19.827779088819035 ], [ 74.33964175930312, 19.827785010153942 ] ] ] } },
{ "type": "Feature", "properties": { "gp_code": "183696", "gp_name": "PATHARE BK.", "blklgdcode": "4490", "blk_lgdcod": "4490", "blkname": "Sinnar", "dtname": "Nashik", "stname": "MAHARASHTRA" }, "geometry": { "type": "Polygon", "coordinates": [ [ [ 74.338917691132991, 19.851435524680916 ], [ 74.338920098617947, 19.851619616273361 ], [ 74.338931945599896, 19.852525121717154 ], [ 74.338935417588473, 19.8527905751424 ], [ 74.338936047307513, 19.852838609226534 ], [ 74.338940640393545, 19.853000650010969 ], [ 74.338845192597972, 19.853165917397952 ], [ 74.338786128368056, 19.853268187069027 ], [ 74.338779586836154, 19.853279510744169 ], [ 74.338714069109216, 19.853292257270844 ], [ 74.338309909876358, 19.853370880825871 ], [ 74.33799326002692, 19.853432481670499 ], [ 74.337906453126067, 19.853449369154234 ], [ 74.337836732181941, 19.853439147271295 ], [ 74.337825091812491, 19.853437442215878 ], [ 74.337813404730625, 19.853435727021374 ], [ 74.337801673631319, 19.853434006757283 ], [ 74.337539874913148, 19.853395626106106 ], [ 74.337528141118895, 19.85339390499669 ], [ 74.337516450443815, 19.853392190646609 ], [ 74.337504804684443, 19.853390483055907 ], [ 74.337495518799344, 19.853389121883882 ], [ 74.33730455134301, 19.853361123645989 ], [ 74.336932365846039, 19.853161201027369 ], [ 74.336240008205451, 19.852789290853554 ], [ 74.335875972224756, 19.852574680976691 ], [ 74.335328700587368, 19.852252044047194 ], [ 74.334917909991091, 19.852039835582165 ], [ 74.334550658940017, 19.851850118921014 ], [ 74.334215008824003, 19.851595883791095 ], [ 74.333506589306097, 19.851059293684507 ], [ 74.333492855862048, 19.85104889083129 ], [ 74.333461450759685, 19.851001284588158 ], [ 74.333373082586874, 19.850867323248885 ], [ 74.332921262338331, 19.850182377743661 ], [ 74.332780485553528, 19.849968965848721 ], [ 74.332693959825349, 19.849876394835107 ], [ 74.33267937477838, 19.849860789593787 ], [ 74.332598495860111, 19.849774262393812 ], [ 74.332319881578115, 19.849476184844324 ], [ 74.332124603106706, 19.849267262885785 ], [ 74.332031023806906, 19.849167145249101 ], [ 74.332016784611341, 19.849151910869438 ], [ 74.33194456006251, 19.849135071090334 ], [ 74.331186329860429, 19.84895828203009 ], [ 74.330495255014029, 19.848735300293367 ], [ 74.330129512234322, 19.848617288835676 ], [ 74.330092252811269, 19.848605267744837 ], [ 74.330069708690914, 19.848589103022153 ], [ 74.329437442952894, 19.848135764305436 ], [ 74.329265691358799, 19.848017247120595 ], [ 74.329248547909899, 19.848005418633424 ], [ 74.32910990282727, 19.847909746342676 ], [ 74.329065315846464, 19.847878979072114 ], [ 74.328869359147021, 19.847743758651276 ], [ 74.327619628313641, 19.846967517206032 ], [ 74.326645546423521, 19.845685752374941 ], [ 74.326620784362703, 19.845651603968967 ], [ 74.326409909341322, 19.845360808202848 ], [ 74.326387753293176, 19.845334412295184 ], [ 74.326230461880172, 19.845147017194584 ], [ 74.326217949246612, 19.845132108586604 ], [ 74.325713963829472, 19.844531661630807 ], [ 74.325331518673678, 19.844322049582154 ], [ 74.325029305649167, 19.844156409648022 ], [ 74.324844276955147, 19.844054996823559 ], [ 74.324843907747564, 19.844054794874939 ], [ 74.324529009612931, 19.844075531364641 ], [ 74.324505846553308, 19.844077055696399 ], [ 74.324497730274729, 19.844077591409423 ], [ 74.324478836009348, 19.844099531137886 ], [ 74.323944439026604, 19.844720062126882 ], [ 74.323679385712154, 19.84482753380103 ], [ 74.323343228946314, 19.844963837420742 ], [ 74.323326694555192, 19.844970539710864 ], [ 74.32321226984925, 19.84499134959324 ], [ 74.322401589712669, 19.845138782140722 ], [ 74.32187134025159, 19.845234947872388 ], [ 74.321046824262993, 19.84535778237812 ], [ 74.320431259104438, 19.845347358872047 ], [ 74.320175606659461, 19.845180451711673 ], [ 74.319466400217337, 19.844717424131115 ], [ 74.319180197866146, 19.844530568238572 ], [ 74.318939971291186, 19.843974190311354 ], [ 74.318707607669907, 19.843436017992129 ], [ 74.318536284572161, 19.842783545119019 ], [ 74.318304785130195, 19.84190188872444 ], [ 74.318288021668693, 19.841803974389265 ], [ 74.318286472973128, 19.84179492206113 ], [ 74.318225772911063, 19.841440373404353 ], [ 74.318224385013949, 19.841432259836406 ], [ 74.318223005201673, 19.841424203727168 ], [ 74.318216602010324, 19.84138680204752 ], [ 74.317558765727753, 19.840657327687602 ], [ 74.317524435710894, 19.840474839007555 ], [ 74.317572186558138, 19.840438393635932 ], [ 74.317708934398894, 19.84033402518569 ], [ 74.317789780079494, 19.840272321238562 ], [ 74.317835395631306, 19.839546123728564 ], [ 74.318143619283376, 19.839492753687086 ], [ 74.318032091644227, 19.839320188177016 ], [ 74.317484825396733, 19.838417622381183 ], [ 74.317235390191783, 19.836805978180152 ], [ 74.317228676183348, 19.836762608782067 ], [ 74.317007574740771, 19.835485275662766 ], [ 74.316903177928353, 19.83495135629969 ], [ 74.31685057528027, 19.834682321413144 ], [ 74.316728451114017, 19.834035935637193 ], [ 74.316727867209082, 19.834034715418674 ], [ 74.316655012042915, 19.833848751980515 ], [ 74.316329938691055, 19.832561565143116 ], [ 74.315980651250712, 19.831034452004278 ], [ 74.315948858974508, 19.830936181966464 ], [ 74.315912798802344, 19.830824723270691 ], [ 74.315539723074963, 19.828532641349778 ], [ 74.315405205751063, 19.827653593987666 ], [ 74.315329734690792, 19.827134352407537 ], [ 74.315216666440918, 19.826397512058033 ], [ 74.31513770632408, 19.825882954822262 ], [ 74.315015445613923, 19.825066395360484 ], [ 74.314841003565533, 19.824761019838313 ], [ 74.314825657645514, 19.824071394923539 ], [ 74.314824505106998, 19.824019561954142 ], [ 74.314822182063665, 19.823915138772623 ], [ 74.314796504619608, 19.822761372389166 ], [ 74.315043591628367, 19.822386689271092 ], [ 74.315066391768596, 19.822416470191168 ], [ 74.315595721354825, 19.823107870203916 ], [ 74.315644341771261, 19.823171376622465 ], [ 74.315773111673991, 19.823232286917222 ], [ 74.316119525403721, 19.823396142728249 ], [ 74.31613711711195, 19.823404465107881 ], [ 74.316154725888154, 19.823412791712457 ], [ 74.316172342749198, 19.823421125077314 ], [ 74.316189964101795, 19.823429460976936 ], [ 74.316215847260068, 19.82344170284987 ], [ 74.316230083760701, 19.823448439006373 ], [ 74.316244312176494, 19.823455168401921 ], [ 74.316258524422608, 19.823461890191464 ], [ 74.316560160728685, 19.823604566318512 ], [ 74.316755930578566, 19.82356769284517 ], [ 74.316982912392973, 19.823524940969055 ], [ 74.317023258427341, 19.823517341986445 ], [ 74.317252228213476, 19.823361060783423 ], [ 74.317264933086534, 19.823352389382052 ], [ 74.317277681078735, 19.823343689247356 ], [ 74.317533626374555, 19.823168995174473 ], [ 74.317799666937518, 19.823067306129179 ], [ 74.317816581315995, 19.823060841228802 ], [ 74.317833528033844, 19.823054363651902 ], [ 74.31785050170113, 19.82304787508863 ], [ 74.317867497826313, 19.823041378919328 ], [ 74.317884511917782, 19.823034875989084 ], [ 74.317901535890726, 19.823028368833139 ], [ 74.317918567948496, 19.823021859141658 ], [ 74.317935600904633, 19.823015346914676 ], [ 74.317952630267442, 19.823008838912834 ], [ 74.317969650647157, 19.823002331755823 ], [ 74.317972780377602, 19.823001136805143 ], [ 74.317986656653801, 19.822995832204331 ], [ 74.318003643795819, 19.822989340258296 ], [ 74.318020605785009, 19.822982855917807 ], [ 74.318037539926422, 19.822976384253334 ], [ 74.318080535092577, 19.822959949030022 ], [ 74.318173241229886, 19.822945600321496 ], [ 74.318603730982005, 19.822878961078978 ], [ 74.318922943724971, 19.822982437600508 ], [ 74.319182518214518, 19.82306658273642 ], [ 74.319282884286267, 19.823099117660579 ], [ 74.320014801935358, 19.82370890604107 ], [ 74.320391752096569, 19.824335397589849 ], [ 74.32047851138671, 19.824479590691954 ], [ 74.320480086133415, 19.824482208741994 ], [ 74.320486395899962, 19.824513827312586 ], [ 74.320511604423487, 19.824640140122366 ], [ 74.320623364726274, 19.825200177337351 ], [ 74.320635759680584, 19.82617095020105 ], [ 74.320636657995848, 19.826241302982766 ], [ 74.320659167081914, 19.826333487212025 ], [ 74.32066404493392, 19.82636736005426 ], [ 74.320685768892432, 19.826442433293671 ], [ 74.320696804695714, 19.826480568629908 ], [ 74.320766595708434, 19.826721749680477 ], [ 74.320785152207279, 19.826785875777905 ], [ 74.320940550869949, 19.826970655097416 ], [ 74.321061426377952, 19.827034716869534 ], [ 74.321376990164225, 19.827201963378361 ], [ 74.321642185412514, 19.827410599158437 ], [ 74.322056149756691, 19.827560791094413 ], [ 74.322923407586487, 19.827895369869779 ], [ 74.323203398087486, 19.828003387006081 ], [ 74.323375303293545, 19.828007066391859 ], [ 74.324542272339784, 19.828032038720448 ], [ 74.324540871866233, 19.827964530354926 ], [ 74.324537298368057, 19.827792204148825 ], [ 74.324558007230308, 19.827643274952191 ], [ 74.32458210184285, 19.827470002773797 ], [ 74.324627959939775, 19.827418862173509 ], [ 74.324822350875692, 19.827202073236553 ], [ 74.324932807723016, 19.827237176305147 ], [ 74.325290111728975, 19.827347090208551 ], [ 74.325370074365679, 19.827406044274706 ], [ 74.325641446429842, 19.827785173250533 ], [ 74.325648278117598, 19.827953411068791 ], [ 74.325656621669935, 19.828158826191565 ], [ 74.325658218874509, 19.828198145886866 ], [ 74.325638202613348, 19.828212923410408 ], [ 74.325655132263194, 19.82825831821004 ], [ 74.325673587252382, 19.828307804763359 ], [ 74.325715245725391, 19.828419508601019 ], [ 74.32658654238071, 19.828992482942226 ], [ 74.326657017909696, 19.829038828204023 ], [ 74.327441692717088, 19.829283280793085 ], [ 74.327567952726909, 19.829297835967076 ], [ 74.32831364244764, 19.829383799689985 ], [ 74.329281005837757, 19.8294955374183 ], [ 74.330074682662641, 19.829355996651142 ], [ 74.330623120313248, 19.829351243236054 ], [ 74.330854566754653, 19.829349237928628 ], [ 74.33086952819572, 19.829349107790687 ], [ 74.331427855399298, 19.829393504260054 ], [ 74.332035210854471, 19.829441798092759 ], [ 74.332173247777661, 19.82945277277102 ], [ 74.332272606837961, 19.829443363972434 ], [ 74.332960816058588, 19.828678923845175 ], [ 74.332965387585077, 19.828260892254836 ], [ 74.333131592980621, 19.828236717696498 ], [ 74.333438962334881, 19.828192014992997 ], [ 74.333708674312419, 19.828152787407515 ], [ 74.333717870365973, 19.828151449680796 ], [ 74.333807181769828, 19.828117002579312 ], [ 74.333814140120012, 19.828111416744861 ], [ 74.33467503518267, 19.82793580003791 ], [ 74.334743850625017, 19.827901025851723 ], [ 74.334896414204664, 19.827867289390987 ], [ 74.335733187705316, 19.827682256750869 ], [ 74.335736139569306, 19.827723792312028 ], [ 74.335745350894243, 19.827853381401528 ], [ 74.335864373177799, 19.828965029687112 ], [ 74.335916158358984, 19.829448632020839 ], [ 74.335917478882479, 19.829460970610956 ], [ 74.335923013402919, 19.82951264716122 ], [ 74.335857475913045, 19.829576848186903 ], [ 74.335636421182912, 19.829793404030475 ], [ 74.335596394948766, 19.82982700825465 ], [ 74.335508307050318, 19.829905105978721 ], [ 74.335483553972665, 19.829927051045249 ], [ 74.33542836507489, 19.829975981882157 ], [ 74.335943700705613, 19.830234683900649 ], [ 74.336004022576944, 19.830264966152846 ], [ 74.336051241621533, 19.830288668866572 ], [ 74.336217109250541, 19.83037193635618 ], [ 74.336441135607657, 19.830393630379554 ], [ 74.336484930274381, 19.830397869975474 ], [ 74.336563531065124, 19.830405482149811 ], [ 74.336880179117927, 19.830436143795023 ], [ 74.336923972886368, 19.830440384234819 ], [ 74.337062534425655, 19.830453801871293 ], [ 74.337337030830398, 19.830480382782149 ], [ 74.337428965314913, 19.830446961226087 ], [ 74.338096718998202, 19.83020420728187 ], [ 74.338405912830794, 19.830091805844486 ], [ 74.33857640229192, 19.830029828348113 ], [ 74.338801231742906, 19.829980901753036 ], [ 74.338943290423643, 19.829949985660399 ], [ 74.338971968240784, 19.829943744977868 ], [ 74.338998454168603, 19.829937981747467 ], [ 74.339164614648382, 19.829901822119687 ], [ 74.339304409574595, 19.829940544779443 ], [ 74.339538858185634, 19.83000548589435 ], [ 74.339713849104683, 19.830053957001059 ], [ 74.340320926980425, 19.830385620187943 ], [ 74.340401320808468, 19.830429540606886 ], [ 74.340626739554281, 19.830530052018247 ], [ 74.340952624983188, 19.830675358338361 ], [ 74.341199166714574, 19.830785286764293 ], [ 74.341210386672458, 19.830784020888455 ], [ 74.341365878759959, 19.830766480309979 ], [ 74.341725444723792, 19.83072591903521 ], [ 74.341940400791472, 19.83070433237782 ], [ 74.341952183094733, 19.830700342078192 ], [ 74.342206489863486, 19.83067165619817 ], [ 74.342241180104793, 19.830667742796781 ], [ 74.342277039054323, 19.830656176671187 ], [ 74.342512936647921, 19.83058009474874 ], [ 74.342853952401128, 19.830470112097874 ], [ 74.342858469130377, 19.830468655239194 ], [ 74.342888259061851, 19.83045904706999 ], [ 74.342902702174982, 19.830454390023128 ], [ 74.34291717583082, 19.830449721990526 ], [ 74.342931678232802, 19.83044504466228 ], [ 74.342946202194298, 19.830440361418614 ], [ 74.342960744122109, 19.83043567141441 ], [ 74.342975300422978, 19.830430977184836 ], [ 74.342989865706983, 19.83042627788485 ], [ 74.343019007953131, 19.830416880129494 ], [ 74.343033575033786, 19.830412181674163 ], [ 74.343048135826209, 19.830407485753806 ], [ 74.343062682245602, 19.830402794058539 ], [ 74.343073320993525, 19.830399363171765 ], [ 74.34307721159702, 19.830398108278455 ], [ 74.343091719388852, 19.830393430103662 ], [ 74.343106200231233, 19.830388758689075 ], [ 74.343120653225839, 19.830384098259973 ], [ 74.343260190335528, 19.830339096169165 ], [ 74.343348457897065, 19.83031281269103 ], [ 74.343721862407833, 19.830201630733388 ], [ 74.343950519580247, 19.830133546967346 ], [ 74.344024845288558, 19.830111416018887 ], [ 74.344504689380699, 19.830135705218435 ], [ 74.344529666138868, 19.830112080226257 ], [ 74.344652100223897, 19.829996277404899 ], [ 74.344700732318429, 19.829950278047164 ], [ 74.345972082905746, 19.830120211273414 ], [ 74.346372214991163, 19.83014466103063 ], [ 74.347035721439809, 19.830235283883919 ], [ 74.347050339724419, 19.830237513962619 ], [ 74.347731510644806, 19.830341416666364 ], [ 74.348357860976648, 19.83043695841917 ], [ 74.34903420075743, 19.830540121577872 ], [ 74.349681061423851, 19.830638787341609 ], [ 74.349679271081513, 19.830769558805443 ], [ 74.349676138656093, 19.83099861205222 ], [ 74.349752455929377, 19.83224540277309 ], [ 74.350044799163882, 19.834230387138906 ], [ 74.350046444877464, 19.834241727382452 ], [ 74.350071731554394, 19.834416000290087 ], [ 74.348530378833729, 19.834663750336617 ], [ 74.347719636713379, 19.834829908875978 ], [ 74.346229779916357, 19.835159196879165 ], [ 74.345828205136584, 19.835101459985104 ], [ 74.34568861233133, 19.83512202103465 ], [ 74.345317906359654, 19.83514273080516 ], [ 74.345201847618213, 19.835149216339502 ], [ 74.344130711744796, 19.835064241876029 ], [ 74.343368509192516, 19.834322665600876 ], [ 74.343173279230129, 19.834120587850769 ], [ 74.342755461113398, 19.834172400624585 ], [ 74.342666171269101, 19.834183473844099 ], [ 74.342594046433248, 19.834222510654801 ], [ 74.34295782908903, 19.834720970235686 ], [ 74.343638486173063, 19.835719006888336 ], [ 74.3436831629854, 19.835784515182755 ], [ 74.343634919861387, 19.835819407635825 ], [ 74.343555789064624, 19.835876642328898 ], [ 74.344121292010698, 19.837181011775925 ], [ 74.344135179066697, 19.837213041874126 ], [ 74.344177256154609, 19.837325750081146 ], [ 74.34457314010703, 19.838515072362878 ], [ 74.344715951575949, 19.838944089862142 ], [ 74.344805499236756, 19.839199836677963 ], [ 74.344937317123239, 19.839576297735938 ], [ 74.345099642695075, 19.840071379126076 ], [ 74.345400471415743, 19.840988869870738 ], [ 74.345704085812088, 19.841806455266152 ], [ 74.345752908349482, 19.841960993711055 ], [ 74.345883237727506, 19.842373529816296 ], [ 74.345979360157855, 19.842677787372036 ], [ 74.346070584973262, 19.842966538978153 ], [ 74.346145761386126, 19.843204489152146 ], [ 74.346164254104579, 19.843263024983958 ], [ 74.346231458867635, 19.843475696400564 ], [ 74.346540641920441, 19.844454109345413 ], [ 74.346570180323582, 19.844547583415064 ], [ 74.347056074569196, 19.846072580955806 ], [ 74.347445388243671, 19.847640708062315 ], [ 74.34756537082626, 19.848123972160042 ], [ 74.347640772716261, 19.848449329771015 ], [ 74.347678486686846, 19.848579577909348 ], [ 74.3477119974402, 19.848714544133561 ], [ 74.347728598306659, 19.848752631874806 ], [ 74.347744481419198, 19.848789073647914 ], [ 74.347762764830165, 19.848831023628311 ], [ 74.347786167739955, 19.848884716680445 ], [ 74.347722100792211, 19.84892412841349 ], [ 74.347695792730789, 19.848940310845933 ], [ 74.347512328003688, 19.849053171268146 ], [ 74.347433520600447, 19.849101650080385 ], [ 74.347415919909096, 19.849203991656154 ], [ 74.347409362207515, 19.84924212997668 ], [ 74.34738448336573, 19.849386808280254 ], [ 74.347209671211431, 19.850403364234925 ], [ 74.347158543597033, 19.850564174740377 ], [ 74.347087566808128, 19.850787422597787 ], [ 74.346939896351827, 19.85125188913986 ], [ 74.346783275082032, 19.851376900609893 ], [ 74.346508323231447, 19.851596360333435 ], [ 74.346313652021152, 19.851751740939577 ], [ 74.346295568036183, 19.851766174918762 ], [ 74.346137160017292, 19.851839179587877 ], [ 74.345911715220325, 19.851943080831493 ], [ 74.345799754593216, 19.851994678246601 ], [ 74.345754842422267, 19.852015378211984 ], [ 74.345709923963128, 19.85203607817466 ], [ 74.345665017182071, 19.852056774754875 ], [ 74.345472898983815, 19.852145315869137 ], [ 74.345455193189565, 19.85215347620565 ], [ 74.345448129736482, 19.852159033311729 ], [ 74.345363849796527, 19.852225351870253 ], [ 74.345356342575727, 19.852231257929873 ], [ 74.345348865897606, 19.852237141176147 ], [ 74.34534141886391, 19.852243001609107 ], [ 74.34533400416953, 19.85224883669396 ], [ 74.345221110192838, 19.852337669201635 ], [ 74.345042450554175, 19.85247825184959 ], [ 74.344848688438972, 19.852630718281564 ], [ 74.344709327399059, 19.85274037718537 ], [ 74.344707987112656, 19.852741522906534 ], [ 74.344675516608405, 19.852769362407482 ], [ 74.344655221869516, 19.852786761142546 ], [ 74.344022994759072, 19.853328779959185 ], [ 74.343950030896721, 19.853391334738951 ], [ 74.343895204918297, 19.853284692664488 ], [ 74.34385617401756, 19.853208773670474 ], [ 74.343848567982036, 19.853193979039656 ], [ 74.343845989817154, 19.853188964411466 ], [ 74.34384338200789, 19.853183889793456 ], [ 74.343835358255774, 19.853168284032432 ], [ 74.343689711703817, 19.852884983860818 ], [ 74.343654919952854, 19.852824467689494 ], [ 74.343651795612288, 19.852819037345704 ], [ 74.343648652407111, 19.85281356813508 ], [ 74.343636412861386, 19.852792281049684 ], [ 74.343619438295761, 19.852741882000572 ], [ 74.343614785022609, 19.85273577064266 ], [ 74.343610242242221, 19.852729584930941 ], [ 74.343605809056285, 19.852723324020435 ], [ 74.343601489058059, 19.852716992135854 ], [ 74.34359728134929, 19.852710590122012 ], [ 74.343593187726512, 19.852704117978913 ], [ 74.343589209986476, 19.852697580776194 ], [ 74.343585349027393, 19.852690979358698 ], [ 74.343581605747573, 19.852684315416322 ], [ 74.343577982842049, 19.852677589793942 ], [ 74.34357448120906, 19.85267080671623 ], [ 74.343571099052028, 19.852663967872985 ], [ 74.343567839964166, 19.852657074954106 ], [ 74.343564703945532, 19.852650128804456 ], [ 74.343561691894351, 19.852643133648719 ], [ 74.34355880740398, 19.852636092021655 ], [ 74.343556047779416, 19.852629003078345 ], [ 74.343553414817322, 19.852621871043365 ], [ 74.343549916777604, 19.852611733599918 ], [ 74.343535886889498, 19.852568080399028 ], [ 74.343522639433999, 19.852524209194641 ], [ 74.343510177106069, 19.852480134350316 ], [ 74.343498507990546, 19.852435866005088 ], [ 74.343487631189078, 19.852391422747228 ], [ 74.34347755298991, 19.852346816405564 ], [ 74.343468275189664, 19.852302057964089 ], [ 74.343459802279895, 19.852257164321227 ], [ 74.34345213336232, 19.852212148150802 ], [ 74.343445272928491, 19.852167022971624 ], [ 74.343439222775032, 19.852121800612636 ], [ 74.343433984698621, 19.852076498817269 ], [ 74.343429562292471, 19.852031127724615 ], [ 74.343425952861679, 19.851985704233289 ], [ 74.343423160897757, 19.851940239327298 ], [ 74.343420956432055, 19.851887792738182 ], [ 74.3434184366577, 19.851825827128259 ], [ 74.343414795785833, 19.851763782915416 ], [ 74.343410058071029, 19.851702009056755 ], [ 74.343404202852014, 19.851640197152097 ], [ 74.343397239111908, 19.851578473096382 ], [ 74.343392607398329, 19.851543121083022 ], [ 74.343389166850798, 19.851516858013149 ], [ 74.343379990560152, 19.851455371335931 ], [ 74.343367943253881, 19.851384085086721 ], [ 74.343366351439187, 19.851375661091144 ], [ 74.343364607809221, 19.851367261598227 ], [ 74.343362715957241, 19.851358890832604 ], [ 74.3433606731883, 19.851350551329162 ], [ 74.343358482197303, 19.85134224393277 ], [ 74.343356142984305, 19.851333972868133 ], [ 74.343353654650983, 19.851325739825132 ], [ 74.343351020790564, 19.851317548183488 ], [ 74.343348239606442, 19.851309399633092 ], [ 74.343345314691888, 19.851301296708773 ], [ 74.343342245148548, 19.851293241945328 ], [ 74.343339031874791, 19.85128523787753 ], [ 74.343335674870573, 19.851277287885207 ], [ 74.343332177729167, 19.851269392813251 ], [ 74.343328541348896, 19.851261556041372 ], [ 74.343324763933126, 19.851253780104472 ], [ 74.343320849075099, 19.851246065847459 ], [ 74.343316795876532, 19.851238416650027 ], [ 74.343312608828995, 19.851230835892011 ], [ 74.343308287932487, 19.851223325263227 ], [ 74.343303832288697, 19.851215885608678 ], [ 74.343299246389151, 19.851208521153023 ], [ 74.343294528437298, 19.851201231896255 ], [ 74.343289682924635, 19.851194022063087 ], [ 74.343284708952922, 19.851186893343353 ], [ 74.34327961011536, 19.85117984658206 ], [ 74.343274386412006, 19.851172886003852 ], [ 74.343269041436045, 19.851166011608786 ], [ 74.3432635733909, 19.851159229311392 ], [ 74.343257985869869, 19.851152538266742 ], [ 74.343252281567786, 19.851145937629923 ], [ 74.34324646138306, 19.851139435850314 ], [ 74.343240526213975, 19.851133031238021 ], [ 74.343234478755477, 19.851126724638021 ], [ 74.343228320804215, 19.851120521119917 ], [ 74.343222053258501, 19.851114418993845 ], [ 74.343215679711548, 19.851108425019369 ], [ 74.343209201960022, 19.851102535816693 ], [ 74.343202620902247, 19.851096755610527 ], [ 74.343195939233169, 19.851091086090758 ], [ 74.343189157851086, 19.851085529792183 ], [ 74.343182280349268, 19.851080085869921 ], [ 74.343175307626041, 19.851074759393533 ], [ 74.343168242376336, 19.851069550363096 ], [ 74.343161087295073, 19.851064457933663 ], [ 74.343153844178943, 19.851059488019807 ], [ 74.343146513926243, 19.851054638931636 ], [ 74.343139101028527, 19.851049913204001 ], [ 74.343131604587469, 19.851045314216638 ], [ 74.343124030891317, 19.851040838589832 ], [ 74.343116379940042, 19.851036492238151 ], [ 74.343108655326901, 19.851032275161575 ], [ 74.343100856153583, 19.851028188205067 ], [ 74.343092987810024, 19.851024231368651 ], [ 74.343085052991128, 19.851020408032035 ], [ 74.343077051696909, 19.851016719040221 ], [ 74.343068989317231, 19.851013164393173 ], [ 74.343060865852109, 19.851009744935887 ], [ 74.343052683996518, 19.851006464048087 ], [ 74.34304444914028, 19.851003320884821 ], [ 74.343036160385168, 19.85100031713603 ], [ 74.343027820426045, 19.85099745280165 ], [ 74.343019432856252, 19.85099472872669 ], [ 74.343011002167316, 19.850992146601005 ], [ 74.343002526562614, 19.850989708114462 ], [ 74.342994012330351, 19.850987412422153 ], [ 74.342985461267148, 19.850985261213932 ], [ 74.342976874271358, 19.850983251954997 ], [ 74.34296825493621, 19.850981391404897 ], [ 74.342959607753272, 19.850979672804069 ], [ 74.342950932722573, 19.850978102912048 ], [ 74.342942233437356, 19.850976679194048 ], [ 74.342936837257454, 19.850975889178411 ], [ 74.342933512592595, 19.850975403339916 ], [ 74.342924773781505, 19.850974273659805 ], [ 74.342916017004129, 19.850973292688476 ], [ 74.342907247650302, 19.850972459581069 ], [ 74.342898468415029, 19.850971776027414 ], [ 74.342885152687586, 19.85097102234403 ], [ 74.342870273891521, 19.850970496793511 ], [ 74.342855392400551, 19.850970224723927 ], [ 74.342840511807864, 19.850970202755583 ], [ 74.342825582706155, 19.850970436802996 ], [ 74.342810776673645, 19.850970918416824 ], [ 74.342795930216937, 19.850971652666672 ], [ 74.342781104421476, 19.850972640397497 ], [ 74.342766301982238, 19.850973878229496 ], [ 74.342751529187368, 19.850975367007653 ], [ 74.342736791426816, 19.850977108421784 ], [ 74.342722089598894, 19.850979095712436 ], [ 74.342707430890101, 19.850981335639087 ], [ 74.342692819792006, 19.850983823976968 ], [ 74.34267825989788, 19.850986559036343 ], [ 74.342663755699277, 19.850989541661988 ], [ 74.342649312586147, 19.850992771853946 ], [ 74.34263493415169, 19.85099624623248 ], [ 74.342620623989234, 19.850999964797552 ], [ 74.34260638838694, 19.851003926704195 ], [ 74.342592230039756, 19.851008130262546 ], [ 74.342578154337573, 19.851012573782707 ], [ 74.342564163975311, 19.851017257264623 ], [ 74.342550265241243, 19.851022178173523 ], [ 74.342536459931949, 19.851027334819474 ], [ 74.342522757030622, 19.851032728047372 ], [ 74.342509154740583, 19.851038351942695 ], [ 74.342495661146714, 19.851044208195223 ], [ 74.342482277147283, 19.851050294270188 ], [ 74.342469010827159, 19.851056607632735 ], [ 74.342455863084666, 19.851063148282794 ], [ 74.3424426470702, 19.851070013388028 ], [ 74.342426179154415, 19.851078939291789 ], [ 74.342409879223581, 19.851088144023912 ], [ 74.342393752667618, 19.851097626739392 ], [ 74.342386699994307, 19.851101942671729 ], [ 74.342377803978039, 19.851107384903386 ], [ 74.342362037646495, 19.851117415136098 ], [ 74.342346459062824, 19.851127714057696 ], [ 74.342331073616975, 19.851138276598601 ], [ 74.342315885800446, 19.851149102758683 ], [ 74.342300898308267, 19.851160189158165 ], [ 74.342286119225193, 19.851171529882457 ], [ 74.34227154765297, 19.851183124086525 ], [ 74.342257194371385, 19.851194965010901 ], [ 74.342243057583758, 19.851207052655507 ], [ 74.342229147171565, 19.851219381105711 ], [ 74.34221546403316, 19.851231946981741 ], [ 74.342202013558406, 19.851244746903784 ], [ 74.342188799340576, 19.851257776647138 ], [ 74.342175825871252, 19.851271032831974 ], [ 74.342163095845365, 19.851284511233555 ], [ 74.342150613754498, 19.851298206782264 ], [ 74.34213838498853, 19.851312115253325 ], [ 74.342120133018568, 19.851333847817806 ], [ 74.342114823975265, 19.851340467880298 ], [ 74.342109634407862, 19.851347180040381 ], [ 74.342104568807954, 19.851353980918336 ], [ 74.342099628972235, 19.851360868824216 ], [ 74.342094814002294, 19.851367841223237 ], [ 74.342090128389799, 19.851374895580598 ], [ 74.342086995066083, 19.851379799579711 ], [ 74.342085569439718, 19.851382031896261 ], [ 74.342081141643661, 19.851389245100652 ], [ 74.342076846798307, 19.851396536038649 ], [ 74.342072684005288, 19.851403899640665 ], [ 74.342068655959537, 19.851411335906679 ], [ 74.342064762661124, 19.851418840612009 ], [ 74.342061007703208, 19.851426413756641 ], [ 74.342057389289238, 19.851434050270964 ], [ 74.342053911012485, 19.85144175015499 ], [ 74.342050571076228, 19.851449510028942 ], [ 74.342047373972136, 19.851457327358027 ], [ 74.342044317903543, 19.851465201297284 ], [ 74.342041404667086, 19.851473126777147 ], [ 74.342038636059371, 19.851481102952611 ], [ 74.342036012080456, 19.851489128133885 ], [ 74.342033532730255, 19.851497198941104 ], [ 74.342031200703758, 19.851505312839556 ], [ 74.342029016000993, 19.851513467294435 ], [ 74.342026978621931, 19.851521659770889 ], [ 74.342025088566572, 19.851529888579069 ], [ 74.342023347631567, 19.851538151184155 ], [ 74.342021757613495, 19.851546445051369 ], [ 74.342020315817464, 19.851554765955999 ], [ 74.34201902583672, 19.851563112208183 ], [ 74.342017885874625, 19.851571482963031 ], [ 74.342016895931167, 19.851579873995814 ], [ 74.342016058701347, 19.851588282771761 ], [ 74.342015372388474, 19.85159670675603 ], [ 74.342014836992561, 19.851605145103747 ], [ 74.342014455208556, 19.851613592745274 ], [ 74.342014224341554, 19.851622047145796 ], [ 74.342014147086417, 19.851630508305352 ], [ 74.342014219849958, 19.851638971999254 ], [ 74.342014446225392, 19.851647434847788 ], [ 74.342014825314465, 19.851655896850904 ], [ 74.342015355320498, 19.851664352939082 ], [ 74.34201603624345, 19.851672801422371 ], [ 74.342016869880027, 19.851681238921124 ], [ 74.342017864315054, 19.85168973387481 ], [ 74.342020320309047, 19.851710709327957 ], [ 74.342022398112306, 19.85173171604087 ], [ 74.342024098623142, 19.851752748943905 ], [ 74.342025421841569, 19.851773799587718 ], [ 74.342026366869206, 19.851794864592563 ], [ 74.342026932807855, 19.851815934664248 ], [ 74.342027119657445, 19.85183700557803 ], [ 74.342026929214597, 19.851858068884635 ], [ 74.342026357886084, 19.851879120359428 ], [ 74.342025410163444, 19.851900150708122 ], [ 74.342024081555124, 19.851921155706091 ], [ 74.342022376552734, 19.851942128593851 ], [ 74.342020294257892, 19.85196306514683 ], [ 74.342017833772346, 19.851983954380906 ], [ 74.342014998689308, 19.85200479291635 ], [ 74.342011787212144, 19.852025573148818 ], [ 74.342008202934167, 19.852046289163841 ], [ 74.342004244058728, 19.852066935891852 ], [ 74.341999914179056, 19.852087505728466 ], [ 74.341995214193503, 19.85210799275924 ], [ 74.341990144102013, 19.852128390224763 ], [ 74.341984706599618, 19.852148693055465 ], [ 74.341978902584572, 19.852168891957156 ], [ 74.341972734751835, 19.852188986084961 ], [ 74.341966205796339, 19.85220896529972 ], [ 74.341959314819789, 19.852228823687017 ], [ 74.341952066313752, 19.852248557867149 ], [ 74.341944462074892, 19.852268159390874 ], [ 74.341936504798099, 19.852287623188683 ], [ 74.341928195381712, 19.852306941656209 ], [ 74.341919537419017, 19.852326113103729 ], [ 74.341910532706606, 19.852345127392063 ], [ 74.341894625339549, 19.852376721827309 ], [ 74.341890358341942, 19.852384708941464 ], [ 74.341885947613918, 19.852392620011585 ], [ 74.341881394952026, 19.852400451657999 ], [ 74.341876700356366, 19.852408203880721 ], [ 74.341871864725192, 19.852415873300018 ], [ 74.341866890753465, 19.852423454846367 ], [ 74.341861781136132, 19.852430950209619 ], [ 74.341856534076555, 19.852438356010065 ], [ 74.341851153168022, 19.852445668023105 ], [ 74.341845641105422, 19.852452887938554 ], [ 74.341839996990487, 19.852460008997021 ], [ 74.341834225314813, 19.852467031198564 ], [ 74.341828325180003, 19.852473952853263 ], [ 74.341822300179402, 19.852480772271342 ], [ 74.341816151211276, 19.852487484383197 ], [ 74.341809880072276, 19.852494090033808 ], [ 74.341803491253984, 19.852500586688347 ], [ 74.341796982061439, 19.852506971812094 ], [ 74.341790358782845, 19.85251324371518 ], [ 74.341783621418216, 19.852519402397643 ], [ 74.341776770865849, 19.852525442789872 ], [ 74.341769811617326, 19.8525313632021 ], [ 74.341762744571, 19.852537163634313 ], [ 74.3417555733201, 19.852542842396637 ], [ 74.341748296966287, 19.852548395264474 ], [ 74.341740920899483, 19.852553823927657 ], [ 74.341733445119715, 19.852559124161619 ], [ 74.341725874118467, 19.85256429596631 ], [ 74.341718207895838, 19.852569335962084 ], [ 74.341710450045071, 19.852574244993864 ], [ 74.341702603261055, 19.852579019681915 ], [ 74.34169466844213, 19.852583659181377 ], [ 74.341686650079893, 19.852588162647287 ], [ 74.341678548174386, 19.852592529234737 ], [ 74.341670367217077, 19.852596753874213 ], [ 74.341662108106362, 19.85260083994541 ], [ 74.341653775333796, 19.852604784068614 ], [ 74.341645369797661, 19.852608583709038 ], [ 74.341636894192973, 19.852612239711672 ], [ 74.341628352112949, 19.852615751231593 ], [ 74.34161974535418, 19.852619114889052 ], [ 74.341611076611684, 19.852622334063756 ], [ 74.341602347682098, 19.85262540284133 ], [ 74.341593563955243, 19.8526283220666 ], [ 74.341584726329472, 19.852631091739646 ], [ 74.341575834804786, 19.852633710170537 ], [ 74.341566899262659, 19.852636177359372 ], [ 74.341557914313199, 19.852638490771302 ], [ 74.341548887142906, 19.852640652096245 ], [ 74.341539820446727, 19.852642658799411 ], [ 74.341530715123014, 19.852644510035844 ], [ 74.341521576561604, 19.852646208340381 ], [ 74.341512403864243, 19.85264774864342 ], [ 74.341503204217432, 19.852649135169621 ], [ 74.341493976722816, 19.852650363694348 ], [ 74.341484726770346, 19.852651436752382 ], [ 74.341474132039906, 19.852652468408966 ], [ 74.34140825498686, 19.8526576790773 ], [ 74.341342273729211, 19.852661770216493 ], [ 74.341276208928278, 19.852664741826604 ], [ 74.341210080346954, 19.852666593062782 ], [ 74.341143905951569, 19.852667323080144 ], [ 74.341077709996583, 19.852666931878726 ], [ 74.341017229123437, 19.852665548732386 ], [ 74.341011510448354, 19.852665417768609 ], [ 74.340945327069804, 19.852662784974459 ], [ 74.340902233987293, 19.852660338909253 ], [ 74.34087918142049, 19.852659030961394 ], [ 74.340813090568389, 19.852654157419209 ], [ 74.340697392051368, 19.852642914812474 ], [ 74.340453655758594, 19.852616035127319 ], [ 74.340306004166919, 19.852602272098128 ], [ 74.340209550258223, 19.852593282065531 ], [ 74.340160345038541, 19.85258988038575 ], [ 74.339761901785863, 19.852562334043355 ], [ 74.339753528589071, 19.852507851382519 ], [ 74.339750379095733, 19.852487350884502 ], [ 74.339733418903151, 19.852376982065458 ], [ 74.33972489209448, 19.852321483735896 ], [ 74.33965850210339, 19.851752298594946 ], [ 74.33962048809552, 19.851426388408626 ], [ 74.339590230141823, 19.851425687958223 ], [ 74.339365807627644, 19.851420494148115 ], [ 74.338917358756319, 19.851410118356469 ], [ 74.338917691132991, 19.851435524680916 ] ] ] } },
{ "type": "Feature", "properties": { "gp_code": "183727", "gp_name": "VADGAON (SINNAR)", "blklgdcode": "4490", "blk_lgdcod": "4490", "blkname": "Sinnar", "dtname": "Nashik", "stname": "MAHARASHTRA" }, "geometry": { "type": "Polygon", "coordinates": [ [ [ 73.955568707986359, 19.808834463314717 ], [ 73.955577533035708, 19.808843618094564 ], [ 73.955586525171725, 19.808852624125642 ], [ 73.955595679902771, 19.808861476337007 ], [ 73.955604997228903, 19.808870172193167 ], [ 73.955614471760228, 19.808878709158702 ], [ 73.955624104395, 19.80888708469816 ], [ 73.955633887048464, 19.80889529796638 ], [ 73.955643819720535, 19.808903343047302 ], [ 73.955653898818028, 19.808911219095748 ], [ 73.955664123442588, 19.808918924421473 ], [ 73.955674486407702, 19.808926457334138 ], [ 73.955684985916747, 19.808933812762806 ], [ 73.955695621071385, 19.80894098986235 ], [ 73.955709651857816, 19.808950059274927 ], [ 73.955714476709204, 19.808953042689808 ], [ 73.955719352764575, 19.808955943278974 ], [ 73.955724283617172, 19.808958761887528 ], [ 73.955729265673739, 19.808961496825237 ], [ 73.955734298035949, 19.808964148092034 ], [ 73.955739378008872, 19.808966713997656 ], [ 73.955744504694209, 19.808969192851734 ], [ 73.955749678091934, 19.808971587189809 ], [ 73.95575489281218, 19.808973892786049 ], [ 73.955760150651514, 19.808976111330772 ], [ 73.95576544981337, 19.808978238598197 ], [ 73.955772743235158, 19.808981000580673 ], [ 73.955779174274284, 19.808983889337082 ], [ 73.955785549617858, 19.808986882893251 ], [ 73.955791869265866, 19.808989986320132 ], [ 73.95579813142173, 19.808993192856459 ], [ 73.955801080590803, 19.808994769079501 ], [ 73.9558043306955, 19.808996506728032 ], [ 73.955810469782165, 19.80899992286383 ], [ 73.955816545088439, 19.809003442109077 ], [ 73.955822553919361, 19.809007062773379 ], [ 73.955828493580029, 19.809010784011608 ], [ 73.95583436586702, 19.809014604978621 ], [ 73.955840165390512, 19.809018523984054 ], [ 73.955845891252125, 19.809022541027886 ], [ 73.955851542553589, 19.809026654419867 ], [ 73.955857118396537, 19.809030860779245 ], [ 73.955862614289444, 19.809035161796423 ], [ 73.955868030232324, 19.809039554090685 ], [ 73.955873365326781, 19.809044037662094 ], [ 73.955878616877911, 19.809048609975061 ], [ 73.955883783987446, 19.809053271029679 ], [ 73.955888863960368, 19.809058016600133 ], [ 73.95589385589841, 19.809062850912174 ], [ 73.955898758004892, 19.809067766359334 ], [ 73.955903570279872, 19.809072763786833 ], [ 73.955908289130079, 19.809077843194615 ], [ 73.955912913657158, 19.809083001202072 ], [ 73.955917443861125, 19.809088236118829 ], [ 73.955921876148736, 19.809093547099796 ], [ 73.955926212316612, 19.809098933299722 ], [ 73.955926463844904, 19.809099257840852 ], [ 73.955930446974875, 19.809104391337975 ], [ 73.955934581920118, 19.809109921214628 ], [ 73.955938615355748, 19.809115518703802 ], [ 73.955942544586819, 19.809121186340988 ], [ 73.955946369613301, 19.809126917364861 ], [ 73.955950090435209, 19.809132712620684 ], [ 73.955953702560933, 19.809138572108331 ], [ 73.955957207787179, 19.809144490756918 ], [ 73.955960605215594, 19.809150469411577 ], [ 73.955963892151203, 19.809156503846459 ], [ 73.955967066797427, 19.809162593216485 ], [ 73.955972181804654, 19.809173008954446 ], [ 73.955979325207821, 19.809188499025058 ], [ 73.955981146991192, 19.809192450142252 ], [ 73.955989756444879, 19.809212038385226 ], [ 73.955998005674118, 19.809231772838263 ], [ 73.956005892882345, 19.809251645894797 ], [ 73.956013416272825, 19.809271650793566 ], [ 73.956020574048992, 19.809291781618395 ], [ 73.956023748695245, 19.809301256686894 ], [ 73.956027361719293, 19.809312034143449 ], [ 73.956038663423882, 19.809348829787766 ], [ 73.956041847951568, 19.809355274116726 ], [ 73.956045150158559, 19.80936166181985 ], [ 73.956048569146546, 19.809367994587443 ], [ 73.95605030020009, 19.809371064200612 ], [ 73.956052104017161, 19.809374265658281 ], [ 73.956055752075542, 19.809380476722687 ], [ 73.956059513321648, 19.809386625245146 ], [ 73.956063385958828, 19.809392706999915 ], [ 73.956067369987096, 19.809398723677333 ], [ 73.956006431871486, 19.809400838261769 ], [ 73.955959347574208, 19.809402472796631 ], [ 73.955889204421865, 19.809407069608891 ], [ 73.955802326554107, 19.809412762590405 ], [ 73.955586052657878, 19.809426935882282 ], [ 73.95557082441718, 19.809064423753853 ], [ 73.955566045379868, 19.808950683003033 ], [ 73.955564324207785, 19.808909703723437 ], [ 73.955561429835939, 19.80884083075491 ], [ 73.955560804608496, 19.808825981282261 ], [ 73.955568707986359, 19.808834463314717 ] ] ] } },
{ "type": "Feature", "properties": { "gp_code": "183727", "gp_name": "VADGAON (SINNAR)", "blklgdcode": "4490", "blk_lgdcod": "4490", "blkname": "Sinnar", "dtname": "Nashik", "stname": "MAHARASHTRA" }, "geometry": { "type": "Polygon", "coordinates": [ [ [ 73.986096458120556, 19.81726236790686 ], [ 73.986128444432865, 19.817479946216054 ], [ 73.986097652879863, 19.81751922714253 ], [ 73.986128862149457, 19.817785228396772 ], [ 73.985994654744331, 19.817894142307463 ], [ 73.985459639720688, 19.818328301359113 ], [ 73.984893551971368, 19.818787651044101 ], [ 73.984742494866452, 19.818904891108822 ], [ 73.984711237986104, 19.818801798992311 ], [ 73.984515967599549, 19.818444940044557 ], [ 73.983744389330667, 19.818220794010131 ], [ 73.982985301237477, 19.817996833584367 ], [ 73.982479482358869, 19.817505462762202 ], [ 73.982215600447532, 19.817180112759143 ], [ 73.982159785423974, 19.817111294924352 ], [ 73.981835683150948, 19.817059140231304 ], [ 73.981447925358566, 19.817100376016722 ], [ 73.981022244288127, 19.817176412839984 ], [ 73.980175829169525, 19.817327584639134 ], [ 73.979773165631656, 19.817416723172691 ], [ 73.979454494572806, 19.817544791008753 ], [ 73.979450753987962, 19.817548610080475 ], [ 73.979446969385691, 19.817552390276873 ], [ 73.979443138969302, 19.817556129907675 ], [ 73.979439266332122, 19.81755982981803 ], [ 73.979435350575798, 19.817563490007917 ], [ 73.979431394395291, 19.81756710878712 ], [ 73.979427393299005, 19.817570686155641 ], [ 73.979423351778536, 19.817574222113489 ], [ 73.979419270732222, 19.817577715815574 ], [ 73.979415149261712, 19.817581167261849 ], [ 73.979410985570354, 19.817584574762122 ], [ 73.979406784149774, 19.817587939161502 ], [ 73.979402543203307, 19.817591261305104 ], [ 73.979398263629292, 19.817594536967338 ], [ 73.979393947224338, 19.81759777037383 ], [ 73.979389591293554, 19.817600955608736 ], [ 73.979385200328437, 19.817604097742787 ], [ 73.979380771634084, 19.817607195085699 ], [ 73.97937630790544, 19.8176102442571 ], [ 73.979371809142506, 19.817613246947122 ], [ 73.979367275345254, 19.817616204000945 ], [ 73.979362707412051, 19.817619112883229 ], [ 73.97935810624115, 19.817621976129328 ], [ 73.979353470934285, 19.817624788668528 ], [ 73.979348804186372, 19.817627553881277 ], [ 73.979344104200834, 19.817630271767591 ], [ 73.979339371875881, 19.817632940637267 ], [ 73.979334611703194, 19.817635558800099 ], [ 73.979329819191179, 19.817638127946235 ], [ 73.979324997034723, 19.817640648075745 ], [ 73.979320146132196, 19.817643116653286 ], [ 73.979315267381864, 19.817645537059292 ], [ 73.979310359885488, 19.817647905068178 ], [ 73.979305425439634, 19.817650222370233 ], [ 73.979300463145989, 19.817652488120302 ], [ 73.979295474801219, 19.817654703163516 ], [ 73.979290462201959, 19.817656865809649 ], [ 73.979285422653206, 19.817658976058713 ], [ 73.979280359748259, 19.817661033910667 ], [ 73.979275272588794, 19.817663039365556 ], [ 73.979270163869757, 19.817664993268476 ], [ 73.979265030896244, 19.817666893084116 ], [ 73.979259876363145, 19.817668738812451 ], [ 73.979254701168799, 19.817670532988817 ], [ 73.979249504414895, 19.817672271387654 ], [ 73.979244286999702, 19.817673958234547 ], [ 73.979239051618222, 19.817675587613692 ], [ 73.979233798270428, 19.817677164595779 ], [ 73.979228524261401, 19.8176786883357 ], [ 73.979223232286074, 19.817680154607881 ], [ 73.979217925937675, 19.817681566792736 ], [ 73.979212600724694, 19.817682924890349 ], [ 73.979207262935276, 19.817684228055533 ], [ 73.979201907179544, 19.817685474598115 ], [ 73.979196537949093, 19.817686667053419 ], [ 73.979191156142221, 19.817687802886084 ], [ 73.97918575996232, 19.817688882941248 ], [ 73.979180352104294, 19.817689908064033 ], [ 73.979174930771578, 19.817690875719105 ], [ 73.979169499557358, 19.817691787596651 ], [ 73.979164057563381, 19.817692643696684 ], [ 73.9791586056879, 19.817693444019252 ], [ 73.979153145727594, 19.817694186028955 ], [ 73.979147676784166, 19.817694873106298 ], [ 73.97914219975587, 19.817695501870777 ], [ 73.979136714642763, 19.817696075702877 ], [ 73.97913122503806, 19.817696592067239 ], [ 73.979125727348517, 19.817697050963925 ], [ 73.979120225167406, 19.817697454083063 ], [ 73.979114719393024, 19.817697799734511 ], [ 73.979109208228735, 19.817698088763347 ], [ 73.979103695267852, 19.817698320324446 ], [ 73.979098177815374, 19.817698494417858 ], [ 73.979092658566273, 19.817698611888616 ], [ 73.979087140215469, 19.817698671891687 ], [ 73.979081619169747, 19.817698676962344 ], [ 73.979076099920633, 19.817698622875117 ], [ 73.979070578874911, 19.817698512165226 ], [ 73.979065061422432, 19.817698343142521 ], [ 73.979059544868264, 19.817698118342328 ], [ 73.979054031009042, 19.817697836074409 ], [ 73.979048520743092, 19.817697497183868 ], [ 73.97904301496871, 19.81769710167071 ], [ 73.979037512787627, 19.817696648689864 ], [ 73.979032017793003, 19.817696139086394 ], [ 73.979026527289975, 19.817695572860298 ], [ 73.979021044871828, 19.817694949166501 ], [ 73.979015567843518, 19.817694268004967 ], [ 73.979010099798401, 19.817693532756167 ], [ 73.979004639838095, 19.817692740039668 ], [ 73.978999189759278, 19.817691889855404 ], [ 73.978993749561923, 19.817690983893637 ], [ 73.978988319246, 19.817690022999482 ], [ 73.978982900608216, 19.817689004637629 ], [ 73.978977495445164, 19.817687931343357 ], [ 73.978972101061871, 19.817686802271584 ], [ 73.978966719254998, 19.817685614886987 ], [ 73.978961352719494, 19.817684375105298 ], [ 73.978955999658737, 19.817683078701005 ], [ 73.978950661869305, 19.817681728209436 ], [ 73.978945340249567, 19.817680321940376 ], [ 73.978940034799479, 19.817678859893775 ], [ 73.978934746417437, 19.817677343759886 ], [ 73.978929475103342, 19.817675772693605 ], [ 73.97892422355217, 19.817674149230228 ], [ 73.978918989967354, 19.817672469144263 ], [ 73.978913776145419, 19.817670735816094 ], [ 73.978908582984772, 19.817668950090859 ], [ 73.978903409587048, 19.817667108588108 ], [ 73.978898257748909, 19.817665214688272 ], [ 73.978893129266936, 19.817663269236483 ], [ 73.978888022344535, 19.817661268852287 ], [ 73.97888293788003, 19.817659216071014 ], [ 73.978877877670044, 19.817657111737756 ], [ 73.978872842612887, 19.817654955852529 ], [ 73.978867832708545, 19.817652746725123 ], [ 73.978862848855343, 19.817650486890859 ], [ 73.97885789015497, 19.817648174659489 ], [ 73.978852960200697, 19.817645813411506 ], [ 73.97884805539924, 19.817643398921305 ], [ 73.978843180242194, 19.817640936259572 ], [ 73.978838332034599, 19.817638422045867 ], [ 73.978833515268065, 19.817635857970402 ], [ 73.978828727247588, 19.817633245723389 ], [ 73.978823968871538, 19.817630582769517 ], [ 73.978819241936506, 19.817627870798972 ], [ 73.978814547340804, 19.817625110656902 ], [ 73.978809884186177, 19.817622303188422 ], [ 73.978805254269204, 19.817619446703269 ], [ 73.978800655793265, 19.817616542891653 ], [ 73.978796092351644, 19.817613591753638 ], [ 73.97879156394427, 19.817610594134297 ], [ 73.978787069672933, 19.81760754918848 ], [ 73.978782610435843, 19.817604458606489 ], [ 73.978778187131383, 19.817601322388242 ], [ 73.978773800657876, 19.817598141378895 ], [ 73.978769451015253, 19.817594913043109 ], [ 73.978765138203556, 19.817591640761343 ], [ 73.978760863121138, 19.81758832622376 ], [ 73.978756629361186, 19.817584966049953 ], [ 73.978752432432174, 19.817581561930162 ], [ 73.978748275029034, 19.817578117244803 ], [ 73.97874415715178, 19.817574627768316 ], [ 73.978740080597021, 19.817571096881174 ], [ 73.978736045364784, 19.817567523738212 ], [ 73.978732052353337, 19.817563910029691 ], [ 73.978728099766101, 19.8175602549105 ], [ 73.978724189399657, 19.817556559225729 ], [ 73.97872032305068, 19.817552822975397 ], [ 73.978716498922509, 19.817549047849706 ], [ 73.978712720608428, 19.817545233848694 ], [ 73.978708985413448, 19.817541380127185 ], [ 73.978705294235979, 19.81753749006565 ], [ 73.978701649770869, 19.817533560283668 ], [ 73.978698039441724, 19.817529602612815 ], [ 73.978694463248587, 19.817525617898202 ], [ 73.978690921191415, 19.817521605294676 ], [ 73.978687415066887, 19.817517564802333 ], [ 73.97868394217997, 19.817513498956387 ], [ 73.978680507022332, 19.817509405221582 ], [ 73.97867710600066, 19.817505286133255 ], [ 73.978673740013306, 19.817501139156004 ], [ 73.978670410856864, 19.817496969360562 ], [ 73.978667119429659, 19.817492771676246 ], [ 73.978663861240122, 19.817488550328608 ], [ 73.978660641678118, 19.817484301937156 ], [ 73.978657459845408, 19.817480029882404 ], [ 73.97865431394527, 19.817475734164336 ], [ 73.978651205774426, 19.817471413937806 ], [ 73.978648134434437, 19.817467070047975 ], [ 73.978645100823741, 19.817462701649628 ], [ 73.978642106738889, 19.817458312123364 ], [ 73.978639148586637, 19.817453898088612 ], [ 73.978636229960301, 19.817449462080759 ], [ 73.978633349961513, 19.817445004099785 ], [ 73.978630508590257, 19.817440523300572 ], [ 73.978627705846577, 19.817436019683157 ], [ 73.978624942628741, 19.817431496627972 ], [ 73.97862221803851, 19.817426951599636 ], [ 73.978619533872418, 19.817422387133576 ], [ 73.978616889232228, 19.81741780238459 ], [ 73.978614283219585, 19.817413193972261 ], [ 73.978611717631139, 19.817408567812361 ], [ 73.978609193365187, 19.817403923059803 ], [ 73.978606707726797, 19.817399258024377 ], [ 73.978604265207551, 19.817394574396243 ], [ 73.978601861315852, 19.817389871330352 ], [ 73.978599498746661, 19.817385152207102 ], [ 73.978597175703314, 19.817380411955845 ], [ 73.978594896677464, 19.817375655647254 ], [ 73.97859265717743, 19.817370881591103 ], [ 73.978590458999932, 19.817366092322729 ], [ 73.978588303043267, 19.817361283616574 ], [ 73.978586189307393, 19.817356459698168 ], [ 73.978584115995716, 19.817351621412701 ], [ 73.978582085803183, 19.817346765379622 ], [ 73.97858009783144, 19.817341894134334 ], [ 73.978578152080573, 19.817337007676795 ], [ 73.978576249448778, 19.817332107697293 ], [ 73.978574387241196, 19.817327193350643 ], [ 73.978572569051067, 19.817322262946657 ], [ 73.978570793980069, 19.817317320710941 ], [ 73.9785690620282, 19.817312363262925 ], [ 73.978567372297135, 19.817307394828269 ], [ 73.978565724786918, 19.817302412026542 ], [ 73.978564123090763, 19.817297418238105 ], [ 73.978562562717102, 19.817292410927656 ], [ 73.978561046360895, 19.817287391785456 ], [ 73.978559574022142, 19.817282361656577 ], [ 73.978558144802534, 19.817277321386154 ], [ 73.97855675960038, 19.817272270129052 ], [ 73.978555418415652, 19.817267207040214 ], [ 73.978554122146704, 19.817262134654889 ], [ 73.978552868098561, 19.817257053818274 ], [ 73.978551658966197, 19.817251962840093 ], [ 73.978550493851259, 19.817246863410588 ], [ 73.978549373652115, 19.817241752994434 ], [ 73.978548298368722, 19.817236635817157 ], [ 73.978547267102755, 19.817231511033658 ], [ 73.978546278955946, 19.817226377798868 ], [ 73.978545335724888, 19.817221236957881 ], [ 73.978544439206246, 19.817216090200883 ], [ 73.978543584908408, 19.817210936682795 ], [ 73.978542777322957, 19.817205777248741 ], [ 73.978542012856664, 19.817200610208445 ], [ 73.978541294204447, 19.817195438942438 ], [ 73.978540621366292, 19.817190262605546 ], [ 73.978539991647295, 19.817185081197781 ], [ 73.978539407742346, 19.817179894719132 ], [ 73.978538867854866, 19.817174704859895 ], [ 73.978538374679786, 19.817169510774885 ], [ 73.978537926420429, 19.817164313309224 ], [ 73.97853752217857, 19.817159113308062 ], [ 73.978537163750758, 19.817153909081142 ], [ 73.978536851137051, 19.817148704008943 ], [ 73.978536583439109, 19.817143494710997 ], [ 73.978536359758593, 19.81713828541287 ], [ 73.978536182790464, 19.817133075269442 ], [ 73.978536050738128, 19.817127861745377 ], [ 73.978535963601544, 19.817122649911422 ], [ 73.978535922279036, 19.817117437232113 ], [ 73.978535925872308, 19.817112223707575 ], [ 73.978535975279641, 19.817107011027936 ], [ 73.978536068704443, 19.817101799193281 ], [ 73.978536207943321, 19.817096588203533 ], [ 73.978536392097922, 19.817091378903868 ], [ 73.978536622964981, 19.817086171294275 ], [ 73.978536897849452, 19.817080966219862 ], [ 73.978537217649688, 19.817075762835508 ], [ 73.978537583264, 19.817070562831447 ], [ 73.978537993794092, 19.817065365362541 ], [ 73.978538450138245, 19.817060172119106 ], [ 73.978538951398193, 19.817054982255925 ], [ 73.978539496675566, 19.817049798308396 ], [ 73.978540088665341, 19.817044616896066 ], [ 73.978540723774231, 19.817039441399388 ], [ 73.978541404697225, 19.817034270973224 ], [ 73.97854213233262, 19.817029105617603 ], [ 73.978542903087117, 19.817023947022761 ], [ 73.978543718757393, 19.817018794343561 ], [ 73.97854457844511, 19.817013647580037 ], [ 73.97854549023512, 19.817008510112604 ], [ 73.978546359804326, 19.817003365038961 ], [ 73.978547189847632, 19.816998214894483 ], [ 73.978547977670146, 19.816993058833958 ], [ 73.978548725966775, 19.81698789601236 ], [ 73.978549432042598, 19.816982729810093 ], [ 73.978550096795914, 19.816977556846762 ], [ 73.978550721125018, 19.816972378812547 ], [ 73.978551303233345, 19.816967198242782 ], [ 73.978551844917462, 19.81696201175707 ], [ 73.978552346177381, 19.816956822735808 ], [ 73.978552805216495, 19.8169516286437 ], [ 73.978553222034776, 19.816946433706274 ], [ 73.978553599327185, 19.816941232852852 ], [ 73.978553934398803, 19.816936031154153 ], [ 73.978554228147885, 19.816930827765066 ], [ 73.978554479676177, 19.816925620995331 ], [ 73.978554690780271, 19.816920413380302 ], [ 73.978554860561857, 19.8169152023846 ], [ 73.978554988122639, 19.816909991388773 ], [ 73.978555075259223, 19.816904778702529 ], [ 73.978555120174988, 19.81689956686122 ], [ 73.978555124666556, 19.816894353329509 ], [ 73.97855508693732, 19.816889140642758 ], [ 73.97855500698725, 19.816883927110688 ], [ 73.978554888409633, 19.816878715268718 ], [ 73.978554724916251, 19.816873504271669 ], [ 73.97855452189701, 19.816868293274464 ], [ 73.978554276656936, 19.81686308396732 ], [ 73.978553990094369, 19.816857878040466 ], [ 73.97855366310759, 19.816852672958586 ], [ 73.978553293900021, 19.816847471256999 ], [ 73.97855288426824, 19.816842270400347 ], [ 73.978552432415654, 19.816837072924013 ], [ 73.97855193924056, 19.816831877982846 ], [ 73.978551405641269, 19.816826687267113 ], [ 73.978550830719499, 19.816821500776808 ], [ 73.978550213576895, 19.816816317666774 ], [ 73.978549556010123, 19.816811139627291 ], [ 73.978548857120813, 19.816805965813252 ], [ 73.978548116909039, 19.816800797069746 ], [ 73.978547337171364, 19.816795634241902 ], [ 73.978546515212884, 19.816790474794352 ], [ 73.978545651033571, 19.816785322952708 ], [ 73.978544748226724, 19.816780177026725 ], [ 73.978543803199045, 19.816775037016424 ], [ 73.978542816848829, 19.81676990376689 ], [ 73.97854179097277, 19.816764777278117 ], [ 73.978540724672555, 19.816759658395299 ], [ 73.978539616151508, 19.816754547118332 ], [ 73.978538468104546, 19.816749444292405 ], [ 73.978537279633414, 19.816744348227267 ], [ 73.978536051636453, 19.816739260613129 ], [ 73.978534782316956, 19.816734182295157 ], [ 73.978533470776625, 19.816729113273322 ], [ 73.978532122405383, 19.816724054392736 ], [ 73.97853073181335, 19.816719003118081 ], [ 73.978529301695389, 19.816713961984696 ], [ 73.978527832949908, 19.816708931837663 ], [ 73.978526322881919, 19.816703911831905 ], [ 73.978524773288058, 19.816698901967445 ], [ 73.978523183269999, 19.816693903089359 ], [ 73.978521553726068, 19.816688916042757 ], [ 73.978519884656265, 19.816683939982571 ], [ 73.978518176958914, 19.816678975753881 ], [ 73.978516429735691, 19.81667402504695 ], [ 73.978514642088271, 19.816669086171505 ], [ 73.978512815813303, 19.81666415912758 ], [ 73.97851095091076, 19.816659244760331 ], [ 73.978509047380683, 19.816654343914806 ], [ 73.978507105223059, 19.816649456591037 ], [ 73.978505122641224, 19.816644582789014 ], [ 73.978503104126773, 19.816639724198975 ], [ 73.978501045188125, 19.816634879130756 ], [ 73.978498946723647, 19.816630047584223 ], [ 73.978496812326512, 19.816625232939973 ], [ 73.978494638403532, 19.816620431817455 ], [ 73.978492425852977, 19.816615646752094 ], [ 73.978490178268146, 19.816610876898729 ], [ 73.978487890259103, 19.816606123947579 ], [ 73.978485565419163, 19.816601387053577 ], [ 73.978483202849944, 19.816596666216707 ], [ 73.978480804348166, 19.816591960591843 ], [ 73.978478367218784, 19.816587274404572 ], [ 73.978475893258505, 19.816582604274434 ], [ 73.978473381568946, 19.816577951891698 ], [ 73.97847083304849, 19.816573318101419 ], [ 73.978468248595433, 19.816568701213434 ], [ 73.978465628209747, 19.816564102917916 ], [ 73.978462970094824, 19.816559523214931 ], [ 73.978460276047301, 19.816554962104394 ], [ 73.978457546965444, 19.816550419586367 ], [ 73.978454780154379, 19.816545898196214 ], [ 73.978451979207307, 19.816541393708334 ], [ 73.978449141429351, 19.816536912038565 ], [ 73.978446268617063, 19.816532448961315 ], [ 73.978443361668781, 19.816528006166763 ], [ 73.97844041699129, 19.81652358534523 ], [ 73.978437439974442, 19.81651918396134 ], [ 73.978434427024979, 19.81651480370531 ], [ 73.978431378142901, 19.816510445422285 ], [ 73.978428296921493, 19.816506108267127 ], [ 73.978425180665752, 19.816501793084992 ], [ 73.978422030274075, 19.816497499030699 ], [ 73.97841884574639, 19.816493228639672 ], [ 73.978415627981022, 19.816488981066765 ], [ 73.978412376079703, 19.816484754621765 ], [ 73.978409091839012, 19.816480551839966 ], [ 73.978405771665734, 19.816476374411714 ], [ 73.978402421848031, 19.816472218111304 ], [ 73.978399036996024, 19.816468086319304 ], [ 73.978395619804701, 19.816463978190544 ], [ 73.978392171172317, 19.816459893725032 ], [ 73.978388689302307, 19.816455834613024 ], [ 73.978385175991207, 19.816451800009425 ], [ 73.978381631239102, 19.816447789914175 ], [ 73.97837805324933, 19.816443806862672 ], [ 73.97837444471682, 19.816439846629336 ], [ 73.978370804743292, 19.81643591428486 ], [ 73.978367134227042, 19.816432005603655 ], [ 73.978363432269774, 19.816428123966201 ], [ 73.978359700668065, 19.816424267682248 ], [ 73.978355936727027, 19.816420437596939 ], [ 73.978352144938214, 19.816416636245641 ], [ 73.978348320810071, 19.816412861092978 ], [ 73.978344467935784, 19.816409112138967 ], [ 73.978340586315468, 19.816405391918948 ], [ 73.978336674152388, 19.81640169705247 ], [ 73.978332733243235, 19.816398031765086 ], [ 73.978328762689685, 19.816394392676401 ], [ 73.978324764288345, 19.816390784011933 ], [ 73.978320775768509, 19.816387162670615 ], [ 73.978316799825052, 19.816383532877968 ], [ 73.978312834661395, 19.816379888718217 ], [ 73.978308881175835, 19.816376236107139 ], [ 73.978304937571707, 19.816372571664342 ], [ 73.97830100744234, 19.816368896234856 ], [ 73.978297088092773, 19.81636520897359 ], [ 73.978293180421304, 19.816361513261072 ], [ 73.978289284427888, 19.816357804871611 ], [ 73.978285399214315, 19.81635408465041 ], [ 73.978281524780456, 19.81635035513278 ], [ 73.978277663821359, 19.816346616318718 ], [ 73.978273813642076, 19.816342863982669 ], [ 73.978269975140876, 19.816339102350188 ], [ 73.978266149216068, 19.816335329731057 ], [ 73.978262334071061, 19.816331546125241 ], [ 73.978258530604165, 19.81632775322301 ], [ 73.978254738815338, 19.816323949334151 ], [ 73.978250961399553, 19.816320132768379 ], [ 73.978247193865258, 19.816316308596399 ], [ 73.978243438907384, 19.816312472592625 ], [ 73.978239695627579, 19.81630862560224 ], [ 73.978235963127574, 19.816304770160531 ], [ 73.978232244102287, 19.816300902887011 ], [ 73.97822853675514, 19.816297026317095 ], [ 73.978224841984371, 19.816293137915363 ], [ 73.978221157993389, 19.816289241062329 ], [ 73.978217488375435, 19.816285333222663 ], [ 73.978213830435621, 19.816281414396304 ], [ 73.978210184173875, 19.816277486273517 ], [ 73.978206548691915, 19.81627354800915 ], [ 73.978202927583013, 19.816269598758151 ], [ 73.978199318152178, 19.816265640210698 ], [ 73.978195721297794, 19.816261670676582 ], [ 73.978192136121478, 19.816257692691142 ], [ 73.978188564419924, 19.816253703719052 ], [ 73.978185004396451, 19.816249707140766 ], [ 73.978181456949386, 19.816245698730665 ], [ 73.978177922078743, 19.816241680179019 ], [ 73.978174399784521, 19.816237652330909 ], [ 73.978170890965018, 19.816233614341304 ], [ 73.978167393823625, 19.816229566210069 ], [ 73.97816390836033, 19.816225508782452 ], [ 73.978160437270063, 19.81622144290348 ], [ 73.978156977857907, 19.816217365192717 ], [ 73.978153531920483, 19.816213279875761 ], [ 73.978150097661143, 19.816209185262334 ], [ 73.978146678673156, 19.816205078817141 ], [ 73.978143269566672, 19.816200964765731 ], [ 73.978139874833218, 19.816196841417888 ], [ 73.978136492676171, 19.816192707083353 ], [ 73.978133123993857, 19.816188565142614 ], [ 73.978129767887935, 19.816184412215193 ], [ 73.978126424358464, 19.816180249991316 ], [ 73.978123094303697, 19.816176079316147 ], [ 73.978119776825352, 19.816171899344482 ], [ 73.978116472821768, 19.816167710921512 ], [ 73.978113181394519, 19.816163513202085 ], [ 73.978109904340386, 19.816159305341102 ], [ 73.978106638964334, 19.816155087338515 ], [ 73.978103387063001, 19.816150861729746 ], [ 73.978100147738076, 19.816146626824523 ], [ 73.978096922786236, 19.816142384313114 ], [ 73.978093711309057, 19.81613813166009 ], [ 73.978090513306668, 19.816133869710633 ], [ 73.978087327880672, 19.816129600154945 ], [ 73.978084155929409, 19.816125321302838 ], [ 73.978080995656228, 19.816121033154261 ], [ 73.978077850654415, 19.816116735709191 ], [ 73.978074720025674, 19.816112430657952 ], [ 73.978071601074973, 19.816108116310243 ], [ 73.978068495599047, 19.816103794356277 ], [ 73.97806540539446, 19.816099463105907 ], [ 73.978062326868013, 19.816095123404192 ], [ 73.978059262714538, 19.816090774405982 ], [ 73.978056212934163, 19.816086418646712 ], [ 73.978053175730182, 19.816082052745816 ], [ 73.978050152000947, 19.816077678393608 ], [ 73.978047141746444, 19.816073297280308 ], [ 73.978044145864942, 19.816068906870512 ], [ 73.97804116255989, 19.816064508009426 ], [ 73.978038196322842, 19.816060100696941 ], [ 73.978035239967227, 19.816055684933161 ], [ 73.97803229978129, 19.816051262408227 ], [ 73.97802937217179, 19.816046829741733 ], [ 73.978026458935332, 19.816042391159243 ], [ 73.978023560071904, 19.8160379432803 ], [ 73.978020673784897, 19.816033487795121 ], [ 73.978017801870934, 19.816029023858626 ], [ 73.978014945228338, 19.816024552315856 ], [ 73.978012101162122, 19.816020073166868 ], [ 73.978009272367302, 19.816015584721409 ], [ 73.978006455250565, 19.816011090359982 ], [ 73.978003654303521, 19.816006586702059 ], [ 73.978000866831195, 19.816002076283066 ], [ 73.977998092833587, 19.815997557412679 ], [ 73.977995333209037, 19.815993030936081 ], [ 73.977992588855841, 19.815988496853226 ], [ 73.977989857977406, 19.815983956854414 ], [ 73.977987140573646, 19.815979405868859 ], [ 73.977984439339608, 19.815974850657565 ], [ 73.977981749783623, 19.815970286149778 ], [ 73.977979074600711, 19.815965715726033 ], [ 73.977975675375689, 19.815959854799658 ], [ 73.977273560234465, 19.815425968714568 ], [ 73.97669301769389, 19.815200833851407 ], [ 73.976280778115068, 19.815096855329966 ], [ 73.97602126201599, 19.81517656434281 ], [ 73.975721858023363, 19.815485812048355 ], [ 73.975401204382692, 19.81572497218702 ], [ 73.974689023618737, 19.815972025412343 ], [ 73.974281830775183, 19.816049426802589 ], [ 73.973872478381665, 19.81629416558253 ], [ 73.973472488230044, 19.816671553918997 ], [ 73.973469940607913, 19.816676168268671 ], [ 73.973467319323902, 19.816680744587853 ], [ 73.973464620784796, 19.816685282876559 ], [ 73.973461850380446, 19.816689782289625 ], [ 73.973459007212554, 19.81669423775643 ], [ 73.973456091281165, 19.816698652657387 ], [ 73.97345310168788, 19.816703023612035 ], [ 73.97345004292437, 19.816707352310608 ], [ 73.973446912295572, 19.816711632837329 ], [ 73.973443713394843, 19.816715869417742 ], [ 73.973440444425535, 19.81672005782627 ], [ 73.973437108082592, 19.816724197217798 ], [ 73.973433705264284, 19.816728287592358 ], [ 73.973430233275707, 19.816732328949914 ], [ 73.973426696608428, 19.816736317909999 ], [ 73.973423097059097, 19.816740253627529 ], [ 73.97341943193274, 19.816744137792725 ], [ 73.973415703025978, 19.816747968715344 ], [ 73.973411913932125, 19.816751743014944 ], [ 73.973408061956178, 19.81675546322683 ], [ 73.973404148894815, 19.816759125125472 ], [ 73.973400177442912, 19.816762730401109 ], [ 73.973396146702243, 19.816766277363477 ], [ 73.973392060266008, 19.816769764322338 ], [ 73.973387913642682, 19.816773191277722 ], [ 73.973383714917034, 19.816776557384511 ], [ 73.973379458699227, 19.816779862642672 ], [ 73.973375151277452, 19.816783105362049 ], [ 73.973370789956746, 19.816786283007207 ], [ 73.973366377432072, 19.816789398113556 ], [ 73.973361913703428, 19.816792448145726 ], [ 73.973357400567437, 19.816795433103763 ], [ 73.973352839820734, 19.816798351297326 ], [ 73.97334823236163, 19.816801202726531 ], [ 73.973343577291828, 19.816803987391349 ], [ 73.973338876407951, 19.816806702756399 ], [ 73.973334132404915, 19.81680934966684 ], [ 73.973329345282778, 19.816811928122661 ], [ 73.973324516838119, 19.816814433898227 ], [ 73.973319647969291, 19.816816872064322 ], [ 73.97331473777794, 19.816819236705115 ], [ 73.973309791654003, 19.81682153120104 ], [ 73.973304806902476, 19.816823752171661 ], [ 73.973299787116659, 19.816825899616955 ], [ 73.973294731398255, 19.816827975227199 ], [ 73.973289643340493, 19.816829977312135 ], [ 73.973284522943374, 19.816831903336386 ], [ 73.973279371105221, 19.816833754990245 ], [ 73.973274187826007, 19.816835532273668 ], [ 73.973268977597371, 19.816837231806204 ], [ 73.973263740419256, 19.816838857813465 ], [ 73.973258475393365, 19.816840406069836 ], [ 73.973253186112998, 19.816841878265549 ], [ 73.973247874374721, 19.816843271020165 ], [ 73.973242536585303, 19.816844587714129 ], [ 73.973237180829571, 19.816845826657236 ], [ 73.97323180441262, 19.81684698784947 ], [ 73.973226410029312, 19.816848071290817 ], [ 73.973220996781393, 19.816849075291053 ], [ 73.973215569160473, 19.816849999005111 ], [ 73.97321012536986, 19.816850844968268 ], [ 73.973204668104486, 19.81685161233543 ], [ 73.97319919916103, 19.816852297726186 ], [ 73.973193720336127, 19.816852906211182 ], [ 73.973188228934816, 19.816853434409953 ], [ 73.97318273214357, 19.816853880632259 ], [ 73.973177226369188, 19.816854248258608 ], [ 73.973171716103238, 19.816854535598747 ], [ 73.97316620134572, 19.816854742652641 ], [ 73.973160682096619, 19.816854870265487 ], [ 73.973155162847519, 19.81685491674698 ], [ 73.973149642700093, 19.816854861814281 ], [ 73.973144122552654, 19.816854778992727 ], [ 73.973138604201893, 19.816854669972486 ], [ 73.973133084054453, 19.81685453475361 ], [ 73.973127566601988, 19.816854371645846 ], [ 73.973122048251184, 19.816854184029634 ], [ 73.97311653169703, 19.816853967679425 ], [ 73.973111016939498, 19.816853725130528 ], [ 73.97310550218198, 19.816853456383019 ], [ 73.97309999011938, 19.816853159746564 ], [ 73.973094478955119, 19.816852836911497 ], [ 73.973088969587494, 19.81685248787776 ], [ 73.973083462016461, 19.81685211180022 ], [ 73.973077956242079, 19.816851708678897 ], [ 73.973072453162658, 19.816851279358936 ], [ 73.973066951879872, 19.816850822995217 ], [ 73.973061453292004, 19.81685034127792 ], [ 73.973055957399097, 19.816849831671739 ], [ 73.973050464201137, 19.816849295866884 ], [ 73.973044972799812, 19.816848733018244 ], [ 73.973039484991745, 19.816848143970969 ], [ 73.973034000776934, 19.816847528725031 ], [ 73.973028520155381, 19.816846885590184 ], [ 73.973023043127071, 19.816846217101784 ], [ 73.973017568793765, 19.816845522414738 ], [ 73.973012098951969, 19.816844799838769 ], [ 73.973006630906838, 19.816844051909264 ], [ 73.973001169149924, 19.816843276935995 ], [ 73.972995711884593, 19.816842475764055 ], [ 73.97299025731418, 19.816841649238551 ], [ 73.972984807235363, 19.81684079397904 ], [ 73.972979363444708, 19.816839913365989 ], [ 73.972973924145691, 19.816839007399377 ], [ 73.972968488439875, 19.816838074388954 ], [ 73.972963057225655, 19.81683711433481 ], [ 73.972957632299696, 19.816836128927051 ], [ 73.972952212763573, 19.816835115630433 ], [ 73.972946797719032, 19.816834077825362 ], [ 73.972941389861035, 19.816833013821633 ], [ 73.972935987392901, 19.816831923619215 ], [ 73.972930589416379, 19.81683080721816 ], [ 73.972925198626356, 19.816829663773284 ], [ 73.972919814124509, 19.816828494129744 ], [ 73.972914435012598, 19.816827300822904 ], [ 73.97290906218889, 19.816826078782018 ], [ 73.972903698348333, 19.816824831387603 ], [ 73.972898338999343, 19.816823558639591 ], [ 73.972892986836897, 19.816822259692916 ], [ 73.972887641860936, 19.81682093539273 ], [ 73.972882304071518, 19.816819584893835 ], [ 73.97287697436694, 19.816818209041347 ], [ 73.972871650950566, 19.816816806990225 ], [ 73.972866335619045, 19.816815377895331 ], [ 73.972861028372336, 19.816813924291932 ], [ 73.972855728312155, 19.816812445334996 ], [ 73.972850436336827, 19.816810940179415 ], [ 73.972845153344622, 19.816809408825105 ], [ 73.972839876640677, 19.816807853807497 ], [ 73.97283460981815, 19.816806271746088 ], [ 73.972829351978774, 19.816804665176228 ], [ 73.97282410222428, 19.816803032407684 ], [ 73.972818860554582, 19.816801375130684 ], [ 73.972813628766374, 19.816799690809876 ], [ 73.972808405062992, 19.816797982825769 ], [ 73.97280319124107, 19.81679624864293 ], [ 73.972797987300652, 19.816794489951683 ], [ 73.972792793241666, 19.816792705906849 ], [ 73.972787608165859, 19.816790895663299 ], [ 73.972782432073188, 19.816789061756438 ], [ 73.972777266760303, 19.816787203341125 ], [ 73.97277211222719, 19.816785318727135 ], [ 73.972766967575581, 19.81678340960466 ], [ 73.972761831907064, 19.816781475128618 ], [ 73.972756707916702, 19.816779516989254 ], [ 73.9727515938078, 19.816777531806075 ], [ 73.972746491376981, 19.816775523804644 ], [ 73.972741398827623, 19.816773491294775 ], [ 73.972736318854714, 19.81677143427644 ], [ 73.972731248763225, 19.816769351059396 ], [ 73.972726188553253, 19.816767245024149 ], [ 73.972721142716281, 19.816765112790176 ], [ 73.972716105862489, 19.816762956892862 ], [ 73.972711081585118, 19.816760778177333 ], [ 73.97270606988414, 19.81675857326308 ], [ 73.972701068962976, 19.816756344685473 ], [ 73.972696082414814, 19.816754093289667 ], [ 73.972691104849829, 19.816751815695145 ], [ 73.972686141657874, 19.816749515282336 ], [ 73.972681191042341, 19.816747191206233 ], [ 73.972676252104918, 19.816744841776519 ], [ 73.972671325743917, 19.81674247037369 ], [ 73.97266641285762, 19.816740073617268 ], [ 73.972661513446056, 19.81673765319746 ], [ 73.972656624814277, 19.816735209114348 ], [ 73.972651752352178, 19.816732742212949 ], [ 73.972646891568161, 19.816730253338431 ], [ 73.97264204425889, 19.816727739110323 ], [ 73.972637211322663, 19.816725200373725 ], [ 73.972632385572965, 19.816722650650554 ], [ 73.972627597552489, 19.816720035008057 ], [ 73.972622854447792, 19.816717352601188 ], [ 73.972618149072332, 19.816714605120065 ], [ 73.972613490409287, 19.816711793409908 ], [ 73.972608872170397, 19.816708918315751 ], [ 73.972604300643908, 19.816705978147432 ], [ 73.972599774931538, 19.81670297628537 ], [ 73.972595295931498, 19.816699911039343 ], [ 73.972590863643887, 19.816696784944689 ], [ 73.972586481661949, 19.816693598001443 ], [ 73.972582149087316, 19.816690351054667 ], [ 73.972577866818384, 19.816687044104388 ], [ 73.972573635753392, 19.816683679685951 ], [ 73.972569457688991, 19.816680255263982 ], [ 73.972565332625209, 19.816676775909226 ], [ 73.972561260562046, 19.816673238241165 ], [ 73.972557245991013, 19.816669644795184 ], [ 73.97255328801387, 19.816665996416404 ], [ 73.972549384833982, 19.816662294795012 ], [ 73.972545540044578, 19.816658539085893 ], [ 73.972541752747304, 19.816654730979351 ], [ 73.972538027433856, 19.816650869630188 ], [ 73.972534359612524, 19.816646960109153 ], [ 73.972530752876651, 19.816642999035754 ], [ 73.972527209022871, 19.816638988100191 ], [ 73.972523727152819, 19.816634928992784 ], [ 73.972520309063157, 19.816630823403671 ], [ 73.972516952957278, 19.816626668797564 ], [ 73.972513664225033, 19.816622471090252 ], [ 73.972510439273151, 19.81661822690128 ], [ 73.972507279898295, 19.816613938765997 ], [ 73.972504188795412, 19.81660960837462 ], [ 73.972501163269513, 19.816605235727152 ], [ 73.972498207812237, 19.816600821668711 ], [ 73.972495319728594, 19.816596367889559 ], [ 73.972492501713546, 19.816591874389651 ], [ 73.972489752868796, 19.816587342859268 ], [ 73.972487074990909, 19.81658277414347 ], [ 73.972484468079969, 19.816578169087403 ], [ 73.972481933034217, 19.816573527691094 ], [ 73.972479469853724, 19.816568851644714 ], [ 73.972477079436743, 19.816564145173889 ], [ 73.972474762681614, 19.816559404053056 ], [ 73.97247251869004, 19.81655463166264 ], [ 73.972470350156939, 19.816549829692885 ], [ 73.972468256184058, 19.816544998143769 ], [ 73.972466235872943, 19.816540138705601 ], [ 73.972464291918683, 19.816535252223435 ], [ 73.972462424321222, 19.816530338697287 ], [ 73.972460633978841, 19.816525400662513 ], [ 73.972458919993286, 19.816520438964247 ], [ 73.972457282364502, 19.816515455292713 ], [ 73.972455721990883, 19.816510447957647 ], [ 73.97245423977067, 19.816505420339549 ], [ 73.972452835703876, 19.816500373283553 ], [ 73.972451510688813, 19.816495307634746 ], [ 73.972450263827227, 19.816490225083353 ], [ 73.972449096915653, 19.816485124784311 ], [ 73.972448008157542, 19.81648001011807 ], [ 73.972446999349458, 19.816474881084613 ], [ 73.972446069593133, 19.816469739374167 ], [ 73.972445220685216, 19.816464584141652 ], [ 73.972444451727341, 19.816459419612659 ], [ 73.972443761821197, 19.816454244942033 ], [ 73.972443153661729, 19.816449060974914 ], [ 73.972442626350656, 19.816443870246676 ], [ 73.972442178989638, 19.816438671912202 ], [ 73.97244181157869, 19.816433470197065 ], [ 73.972441526812744, 19.816428261720809 ], [ 73.972441321996868, 19.816423050708988 ], [ 73.972441198029372, 19.816417839697014 ], [ 73.972441154910214, 19.816412626994637 ], [ 73.972441192639465, 19.816407414292097 ], [ 73.972441311217082, 19.816402201589341 ], [ 73.972441512439701, 19.816396994802304 ], [ 73.972441791815754, 19.816391788860198 ], [ 73.972442153836823, 19.816386588833769 ], [ 73.972442595807934, 19.816381394723024 ], [ 73.97244312042406, 19.816376207373054 ], [ 73.972443723193621, 19.81637102762901 ], [ 73.972444407709872, 19.816365857181133 ], [ 73.972445171277869, 19.816360699409874 ], [ 73.972446015694246, 19.816355550089682 ], [ 73.972446940060664, 19.816350415136363 ], [ 73.972447945275476, 19.816345292014539 ], [ 73.972449027745384, 19.816340184949887 ], [ 73.972450191063686, 19.816335093942364 ], [ 73.972451433433704, 19.816330018146825 ], [ 73.972452753058874, 19.816324962634042 ], [ 73.972454151735747, 19.816319924868647 ], [ 73.972455630362717, 19.816314909076194 ], [ 73.972457185346485, 19.816309912721408 ], [ 73.972458816687023, 19.816304939184711 ], [ 73.972460527977645, 19.816299990156363 ], [ 73.972462313828416, 19.816295064791252 ], [ 73.972464227239996, 19.816290181682064 ], [ 73.972466086752632, 19.816285279980022 ], [ 73.972467894162989, 19.816280363065673 ], [ 73.972469648572712, 19.816275426713386 ], [ 73.972471349083548, 19.8162704726134 ], [ 73.972472998390415, 19.816265504991325 ], [ 73.972474592001745, 19.816260521311776 ], [ 73.972476132612442, 19.816255520729662 ], [ 73.972477620222563, 19.816250506625448 ], [ 73.972479053035428, 19.816245477308893 ], [ 73.972480431949407, 19.816240436160488 ], [ 73.972481756066131, 19.816235379799714 ], [ 73.972483026283925, 19.8162303116071 ], [ 73.972484241704507, 19.816225231582635 ], [ 73.972485402327848, 19.816220139726273 ], [ 73.972486508153978, 19.816215037728348 ], [ 73.972487559182852, 19.816209923898501 ], [ 73.9724885554145, 19.81620479992705 ], [ 73.972489496848922, 19.816199666659106 ], [ 73.972490382587793, 19.816194524939789 ], [ 73.972491212631098, 19.816189374769078 ], [ 73.972491987877191, 19.816184216146997 ], [ 73.972492707427747, 19.816179050763758 ], [ 73.972493372181063, 19.816173878619384 ], [ 73.972493981238827, 19.816168699713852 ], [ 73.972494531906079, 19.81616351489232 ], [ 73.972495031369405, 19.816158325845016 ], [ 73.972495472442205, 19.816153130881677 ], [ 73.972495856921128, 19.816147933382823 ], [ 73.972496186602839, 19.816142729967936 ], [ 73.972496459690689, 19.816137524862608 ], [ 73.972496677981312, 19.816132317221768 ], [ 73.972496839678058, 19.816127107045403 ], [ 73.972496946577579, 19.816121895178597 ], [ 73.972496995984926, 19.816116683311627 ], [ 73.972496989696708, 19.816111469754269 ], [ 73.972496927712939, 19.816106256196719 ], [ 73.972496810033647, 19.81610104432924 ], [ 73.972496635760493, 19.816095834151817 ], [ 73.972496405791759, 19.816090623974269 ], [ 73.972496120127516, 19.816085418022126 ], [ 73.972495777869383, 19.816080212914965 ], [ 73.972495380814038, 19.816075012878297 ], [ 73.972494927164817, 19.816069815376888 ], [ 73.972494418718384, 19.816064622100907 ], [ 73.972493852779749, 19.816059434740609 ], [ 73.972493232942185, 19.816054253295999 ], [ 73.972492557409097, 19.816049076076848 ], [ 73.972491825282134, 19.816043905618486 ], [ 73.972491038357973, 19.816038742766064 ], [ 73.972490195738231, 19.816033588364679 ], [ 73.972489297422925, 19.816028440724139 ], [ 73.972488344310406, 19.816023303224874 ], [ 73.972487337299, 19.816018174176683 ], [ 73.972486272795365, 19.816013053579546 ], [ 73.972485157087775, 19.816007945659109 ], [ 73.972483982989701, 19.816002846189708 ], [ 73.97248275499274, 19.815997759396982 ], [ 73.972481473995146, 19.815992682745545 ], [ 73.972480137301986, 19.815987621306203 ], [ 73.972478746709925, 19.815982570008149 ], [ 73.972477303117259, 19.815977533077003 ], [ 73.972475802930731, 19.815972511357916 ], [ 73.972474252438545, 19.815967502315505 ], [ 73.972472646250836, 19.815962507640037 ], [ 73.972470987062479, 19.815957529866854 ], [ 73.972469273076925, 19.815952567305729 ], [ 73.972467507887401, 19.815947621646909 ], [ 73.972465688798934, 19.81594269204529 ], [ 73.97246381670989, 19.815937781036173 ], [ 73.972461893416863, 19.815932887774522 ], [ 73.97245991712326, 19.815928012260319 ], [ 73.972457887829009, 19.815923156183782 ], [ 73.972455806432507, 19.815918320390026 ], [ 73.972453675628657, 19.815913503188849 ], [ 73.972451490027552, 19.815908706270466 ], [ 73.972449255019143, 19.815903932170269 ], [ 73.972446969705061, 19.815899178352893 ], [ 73.972444632288685, 19.815894444818319 ], [ 73.972442244566651, 19.81588973663731 ], [ 73.972439807437311, 19.815885049584214 ], [ 73.972437319103975, 19.815880387884693 ], [ 73.972434782261601, 19.815875747313115 ], [ 73.972432183435458, 19.815871138010984 ], [ 73.972429519930671, 19.815866560823366 ], [ 73.972426795340411, 19.815862016595435 ], [ 73.972424008766382, 19.815857506172318 ], [ 73.972421161106951, 19.815853028708872 ], [ 73.972418252362047, 19.815848587585602 ], [ 73.972415281633417, 19.815844181957413 ], [ 73.972412251615964, 19.81583981182429 ], [ 73.972409163208013, 19.815835479721571 ], [ 73.972406016409593, 19.815831184804175 ], [ 73.97240280762739, 19.815826929607468 ], [ 73.97239954404796, 19.815822713286341 ], [ 73.972396222078032, 19.815818535840773 ], [ 73.972392842615918, 19.815814402341541 ], [ 73.972389408356619, 19.815810306872752 ], [ 73.972385916605091, 19.815806255350253 ], [ 73.972382370954648, 19.815802246083869 ], [ 73.972378771405317, 19.81579827991866 ], [ 73.972375116160421, 19.815794359390058 ], [ 73.972371407914949, 19.815790481962665 ], [ 73.972367647567154, 19.815786651016968 ], [ 73.972363836015404, 19.815782865707853 ], [ 73.97235997236136, 19.815779126880457 ], [ 73.972356059299997, 19.815775437070169 ], [ 73.972352094136312, 19.815771792896477 ], [ 73.972348078667025, 19.815768198584991 ], [ 73.972344017383605, 19.815764654135744 ], [ 73.972339905794556, 19.815761157858468 ], [ 73.972335746594808, 19.815757713978808 ], [ 73.972331541580957, 19.815754319961339 ], [ 73.972327291651325, 19.815750976651273 ], [ 73.972322995907632, 19.815747686583936 ], [ 73.972318655248188, 19.815744448914202 ], [ 73.972314270571289, 19.815741263642085 ], [ 73.97230984277526, 19.815738133303007 ], [ 73.972305372758413, 19.815735057051754 ], [ 73.972300862317354, 19.815732034888363 ], [ 73.972296309655491, 19.815729069348262 ], [ 73.972291718366094, 19.815726157896012 ], [ 73.972287085754161, 19.815723303912176 ], [ 73.972282416311316, 19.815720504861339 ], [ 73.972277707342599, 19.815717764969136 ], [ 73.972272963339591, 19.815715083390444 ], [ 73.972268181607305, 19.815712457589918 ], [ 73.972263365739082, 19.815709890948014 ], [ 73.97225851483654, 19.815707384309857 ], [ 73.972253630696358, 19.815704936830382 ], [ 73.972248713318479, 19.815702549354697 ], [ 73.972243762702945, 19.815700221037645 ], [ 73.972238782443043, 19.815697954414638 ], [ 73.972233770742065, 19.81569574695029 ], [ 73.972228730294987, 19.815693602870191 ], [ 73.972223660203525, 19.815691519639035 ], [ 73.972218563162599, 19.815689498947062 ], [ 73.972213439172222, 19.815687539949099 ], [ 73.972208288232395, 19.815685644335442 ], [ 73.972203112139724, 19.815683812106109 ], [ 73.97219791179252, 19.815682043261042 ], [ 73.972192688089166, 19.815680336110006 ], [ 73.972187441927886, 19.815678694878677 ], [ 73.972182174207077, 19.815677117031644 ], [ 73.972176884926697, 19.815675605104307 ], [ 73.972171574985055, 19.815674155716149 ], [ 73.972166246178773, 19.815672773092782 ], [ 73.972160900304516, 19.815671454698862 ], [ 73.972155535565648, 19.815670203069757 ], [ 73.972150154657101, 19.815669014824959 ], [ 73.97214475937551, 19.815667895035215 ], [ 73.972139348822552, 19.815666838629792 ], [ 73.97213392389655, 19.815665849834296 ], [ 73.972128488190734, 19.815664927803645 ], [ 73.972123038111917, 19.815664071692673 ], [ 73.9721175772533, 19.815663283191643 ], [ 73.972112108309872, 19.815662560610328 ], [ 73.97210662858663, 19.815661904793846 ], [ 73.972101140778562, 19.81566131574213 ], [ 73.972095645783966, 19.815660795145519 ], [ 73.972090145399505, 19.815660341313734 ], [ 73.972084638726784, 19.815659950021175 ], [ 73.972079126664198, 19.815659645776385 ], [ 73.972073611008355, 19.815659428579412 ], [ 73.97206809086093, 19.815659296740012 ], [ 73.972062571611815, 19.815659252793527 ], [ 73.972057052362729, 19.815659295894875 ], [ 73.972051534011953, 19.81565942435379 ], [ 73.972046019254407, 19.815659639860502 ], [ 73.972040508988442, 19.815659942415042 ], [ 73.972035006807346, 19.815660332017369 ], [ 73.972029510914439, 19.815660806132147 ], [ 73.972024024903007, 19.815661368139846 ], [ 73.972018550569658, 19.815662016350249 ], [ 73.972013089711041, 19.815662749073081 ], [ 73.972007641428831, 19.815663568843696 ], [ 73.972002209316329, 19.815664473971861 ], [ 73.971996794271789, 19.815665463612483 ], [ 73.971991397193563, 19.815666538610653 ], [ 73.971986018979948, 19.815667698966362 ], [ 73.97198066502088, 19.815668943834496 ], [ 73.971975332621341, 19.815670270679671 ], [ 73.971970025374645, 19.815671682882414 ], [ 73.971964743280751, 19.815673178752444 ], [ 73.97195948903466, 19.815674756599503 ], [ 73.971954264432981, 19.815676417268765 ], [ 73.971949068577359, 19.815678159069893 ], [ 73.971943905959435, 19.815679983693201 ], [ 73.971938775680854, 19.815681888603301 ], [ 73.971933681334875, 19.815683874645291 ], [ 73.971928621124874, 19.815685939283814 ], [ 73.971923600440746, 19.815688084209128 ], [ 73.971918616587544, 19.815690306885788 ], [ 73.971913674056864, 19.815692609004152 ], [ 73.971908771950368, 19.815694988873872 ], [ 73.971903913861297, 19.815697443114519 ], [ 73.971899099789681, 19.815699975951656 ], [ 73.971894330633859, 19.815702583159652 ], [ 73.971889610885341, 19.815705263893449 ], [ 73.971884936052618, 19.815708022378576 ], [ 73.971880313322146, 19.815710851008976 ], [ 73.971875739100739, 19.815713752320029 ], [ 73.971871217879894, 19.815716726311642 ], [ 73.971866750558007, 19.815719769603405 ], [ 73.971862338033333, 19.81572288304039 ], [ 73.97185798030587, 19.815726066622616 ], [ 73.971853680070609, 19.815729318659844 ], [ 73.971849438225846, 19.815732638306901 ], [ 73.971845254771566, 19.815736023028435 ], [ 73.971841133301041, 19.815739472824436 ], [ 73.971837072017635, 19.815742989385193 ], [ 73.97183307361631, 19.815746567639891 ], [ 73.971829139893671, 19.815750209278796 ], [ 73.971825270849777, 19.815753911766521 ], [ 73.971821467382824, 19.815757675103089 ], [ 73.971817731289562, 19.815761496753133 ], [ 73.971814064366583, 19.815765379251971 ], [ 73.971810463918914, 19.815769316683774 ], [ 73.971806936234813, 19.815773311583897 ], [ 73.971803478619279, 19.815777362262082 ], [ 73.971800092868946, 19.815781467028092 ], [ 73.971796779882197, 19.815785624191655 ], [ 73.971793542353922, 19.81578983206256 ], [ 73.971790377589173, 19.815794090640743 ], [ 73.971787290079547, 19.815798399926241 ], [ 73.97178427802838, 19.815802757383658 ], [ 73.971781344130676, 19.815807161322759 ], [ 73.971778488386391, 19.815811610898425 ], [ 73.971775711693823, 19.81581610526548 ], [ 73.971773014053042, 19.815820642733716 ], [ 73.971770397260642, 19.815825221612915 ], [ 73.97176786221489, 19.815829841902985 ], [ 73.971765408017518, 19.815834501913759 ], [ 73.971763037363473, 19.815839200800042 ], [ 73.971760747557838, 19.815843935181395 ], [ 73.971758544888772, 19.81584870674801 ], [ 73.971756425763004, 19.815853511274309 ], [ 73.971754390180593, 19.815858348760273 ], [ 73.971752441734722, 19.815863218360768 ], [ 73.971750578628843, 19.815868118385549 ], [ 73.971748912253958, 19.815873080949309 ], [ 73.971747104843629, 19.815878000411626 ], [ 73.97174516178768, 19.815882870856651 ], [ 73.971743083086082, 19.815887690594128 ], [ 73.971740868738905, 19.815892458778947 ], [ 73.971738522339393, 19.815897166959871 ], [ 73.971736044785828, 19.815901815136932 ], [ 73.971733436976564, 19.815906399929634 ], [ 73.971730701606532, 19.815910917112344 ], [ 73.971727841370665, 19.815915364149738 ], [ 73.971724856268978, 19.81591973597105 ], [ 73.971721750793051, 19.815924034266548 ], [ 73.971718524044533, 19.815928250584996 ], [ 73.971715181413373, 19.815932385771511 ], [ 73.971711722899528, 19.8159364347554 ], [ 73.971708152096255, 19.815940396691545 ], [ 73.971704471698544, 19.815944267354315 ], [ 73.971700682604691, 19.815948043363235 ], [ 73.971696790204561, 19.815951723873159 ], [ 73.971692795396478, 19.815955306348762 ], [ 73.971688700875433, 19.815958785719328 ], [ 73.97168451023461, 19.81596216198481 ], [ 73.971680226169013, 19.8159654326099 ], [ 73.97167585137359, 19.815968594214088 ], [ 73.971671390339907, 19.815971645952246 ], [ 73.971666843067922, 19.815974583598805 ], [ 73.97166221404926, 19.81597740799884 ], [ 73.971657509572111, 19.815980114081658 ], [ 73.971652728738164, 19.815982701847279 ], [ 73.971647876937354, 19.815985169605408 ], [ 73.971642957762839, 19.815987515665846 ], [ 73.971637973909651, 19.815989735803011 ], [ 73.971632928971005, 19.815991833397334 ], [ 73.971627825641875, 19.815993801687888 ], [ 73.971622670210451, 19.815995643210002 ], [ 73.971617463575072, 19.815997353738148 ], [ 73.971612210227292, 19.815998934962487 ], [ 73.971606913760368, 19.816000384347678 ], [ 73.971601577767572, 19.816001699358381 ], [ 73.9715962067405, 19.816002881684827 ], [ 73.971590804272395, 19.81600392879167 ], [ 73.971585373058176, 19.816004840678911 ], [ 73.971579917589466, 19.816005617346534 ], [ 73.971574444154442, 19.816006257104295 ], [ 73.971568950956453, 19.816006759952177 ], [ 73.97156344608041, 19.816007124199988 ], [ 73.971557932221202, 19.816007353228194 ], [ 73.971552412972102, 19.816007442811188 ], [ 73.971546893723001, 19.816007394639204 ], [ 73.971538726240411, 19.816007070957284 ], [ 73.970850497256862, 19.816114987151877 ], [ 73.970277532904021, 19.815875993243985 ], [ 73.969686471989775, 19.815322903921732 ], [ 73.969401658434009, 19.815074422267539 ], [ 73.969259117358007, 19.814674726326388 ], [ 73.969259673415138, 19.814669543146419 ], [ 73.969260171081828, 19.814664353205238 ], [ 73.969260613052938, 19.814659159038193 ], [ 73.969260999328512, 19.81465395980025 ], [ 73.969261327213587, 19.814648758026735 ], [ 73.96926159760649, 19.814643553717637 ], [ 73.96926181230387, 19.814638345182733 ], [ 73.969261968610681, 19.814633134957411 ], [ 73.969262069222026, 19.814627923041652 ], [ 73.969262112341156, 19.814622711970848 ], [ 73.969262097968098, 19.814617499209621 ], [ 73.969262026102868, 19.814612285603094 ], [ 73.969261896745493, 19.814607073686631 ], [ 73.969261711692511, 19.81460186430542 ], [ 73.969261470045737, 19.814596654924024 ], [ 73.969261170008409, 19.814591449768116 ], [ 73.969260813377261, 19.814586246302262 ], [ 73.969260399253884, 19.814581046216791 ], [ 73.969259929435012, 19.814575851201912 ], [ 73.969259401225614, 19.814570660412532 ], [ 73.969258816422382, 19.81456547469379 ], [ 73.969258175025246, 19.814560294045616 ], [ 73.969257477034262, 19.814555121003451 ], [ 73.969256723347769, 19.814549953877062 ], [ 73.969255912169061, 19.814544795201751 ], [ 73.969255045294815, 19.814539643287361 ], [ 73.969254120030087, 19.814534500669218 ], [ 73.969253140866414, 19.814529367347358 ], [ 73.969252103312257, 19.814524243321749 ], [ 73.969251010960861, 19.814519128592416 ], [ 73.969249862913941, 19.814514025694759 ], [ 73.969248659171456, 19.814508934628744 ], [ 73.969247397936797, 19.814503853704139 ], [ 73.969246083701549, 19.814498784611224 ], [ 73.96924471287241, 19.814493730730472 ], [ 73.969243287246044, 19.814488690371657 ], [ 73.969241805924142, 19.814483661844516 ], [ 73.969240268906702, 19.814478649374689 ], [ 73.969238678888644, 19.814473652117055 ], [ 73.969237034073345, 19.814468669226486 ], [ 73.969235335359187, 19.81446370408349 ], [ 73.969233580051082, 19.814458754152742 ], [ 73.969231771742429, 19.814453821969551 ], [ 73.969229908636549, 19.814448908379095 ], [ 73.969227994326658, 19.814444010845964 ], [ 73.96922602432123, 19.814439132750689 ], [ 73.969224002213522, 19.814434274938421 ], [ 73.969221927105224, 19.814429437409135 ], [ 73.96921979809801, 19.814424619317709 ], [ 73.969217617886827, 19.814419822354402 ], [ 73.969215383776714, 19.814415045674142 ], [ 73.969213099360914, 19.814410291812251 ], [ 73.969210761046241, 19.8144055599236 ], [ 73.969208373324221, 19.814400851698483 ], [ 73.969205931703286, 19.814396166291782 ], [ 73.969203440674988, 19.814391505393736 ], [ 73.969200899341047, 19.814386868159261 ], [ 73.969198305904825, 19.814382254588264 ], [ 73.969195663061271, 19.81437766890652 ], [ 73.969192969013733, 19.814373107733406 ], [ 73.969190227355497, 19.81436857360438 ], [ 73.969187435391589, 19.814364064829149 ], [ 73.969184593122037, 19.814359583943158 ], [ 73.969181704140055, 19.814355132636607 ], [ 73.969178763954133, 19.814350709219255 ], [ 73.969175777954149, 19.814346312846009 ], [ 73.969172743445114, 19.814341946052227 ], [ 73.969169662223678, 19.814337609683047 ], [ 73.969166531594922, 19.814333302893367 ], [ 73.969163355152091, 19.814329027373439 ], [ 73.969160132895169, 19.814324783123233 ], [ 73.969156863027536, 19.814320569297646 ], [ 73.969153548244108, 19.814316387586992 ], [ 73.969150186748337, 19.814312238836315 ], [ 73.969146782133407, 19.814308123890811 ], [ 73.969143331704387, 19.814304041060183 ], [ 73.969139837257941, 19.814299992034726 ], [ 73.969136297895716, 19.814295977659583 ], [ 73.969132716312686, 19.814291997934689 ], [ 73.969129089813876, 19.814288052860153 ], [ 73.969125421094247, 19.814284143281018 ], [ 73.9691217101538, 19.814280269197319 ], [ 73.969117956992562, 19.814276432299312 ], [ 73.969114161610491, 19.814272631741883 ], [ 73.969110325804223, 19.814268869215287 ], [ 73.969106449573786, 19.814265142184137 ], [ 73.969102532020813, 19.814261454874092 ], [ 73.96909857404367, 19.814257803904638 ], [ 73.969094578337277, 19.814254194346574 ], [ 73.969090541308418, 19.814250621129087 ], [ 73.969086465651955, 19.81424708932299 ], [ 73.96908235226627, 19.814243597238015 ], [ 73.969078201151348, 19.814240144029039 ], [ 73.969074013205486, 19.814236732231418 ], [ 73.96906978663209, 19.814233361000088 ], [ 73.969065525024391, 19.814230031180145 ], [ 73.969061226585737, 19.814226743616732 ], [ 73.969056892214482, 19.814223498309811 ], [ 73.969052523707248, 19.814220295259499 ], [ 73.969048120165752, 19.814217133620531 ], [ 73.969043681589923, 19.814214015928407 ], [ 73.96903920977644, 19.81421094218306 ], [ 73.969034705623599, 19.814207912384546 ], [ 73.96903016823309, 19.814204924842578 ], [ 73.969025597604926, 19.814201983782823 ], [ 73.96902099733235, 19.814199085824725 ], [ 73.969016362923824, 19.814196234348856 ], [ 73.969011698870858, 19.814193425974693 ], [ 73.969007005173495, 19.814190664927885 ], [ 73.96900228183172, 19.814187950363269 ], [ 73.968997527947252, 19.814185278900396 ], [ 73.968992746215008, 19.814182657300236 ], [ 73.968987934838353, 19.814180079646921 ], [ 73.968983097410543, 19.814177551011255 ], [ 73.968978232134972, 19.814175068857796 ], [ 73.968973339909908, 19.814172634876851 ], [ 73.968968421633733, 19.814170249068411 ], [ 73.968963477306417, 19.814167909742224 ], [ 73.968958508724555, 19.814165620278793 ], [ 73.968953514989906, 19.81416337898786 ], [ 73.968948497899049, 19.814161185869445 ], [ 73.96894345655366, 19.814159042613806 ], [ 73.968938391852106, 19.814156948375821 ], [ 73.968933305590966, 19.814154902310364 ], [ 73.968928196871929, 19.81415290695282 ], [ 73.968923066593348, 19.814150963148315 ], [ 73.96891791565352, 19.814149066671227 ], [ 73.968912744950728, 19.81414722259229 ], [ 73.968907553586703, 19.814145428376179 ], [ 73.968902344256364, 19.814143685713109 ], [ 73.968897115163088, 19.814141992067714 ], [ 73.968891869001837, 19.814140350820498 ], [ 73.96888660397596, 19.814138761126344 ], [ 73.968881322780433, 19.814137222985266 ], [ 73.968876026313509, 19.814135736397237 ], [ 73.968870712778596, 19.814134299672041 ], [ 73.968865383972329, 19.814132917035277 ], [ 73.968860040793018, 19.814131585106466 ], [ 73.968854684138989, 19.814130307266108 ], [ 73.968849314010214, 19.814129080133725 ], [ 73.968843931305045, 19.814127905399541 ], [ 73.968838535125101, 19.814126783908684 ], [ 73.968833126368793, 19.814125714816015 ], [ 73.968827707730995, 19.814124698966737 ], [ 73.968822279211736, 19.814123736360756 ], [ 73.96881683901438, 19.814122826998151 ], [ 73.96881138983386, 19.814121969188594 ], [ 73.968805932568515, 19.814121166312692 ], [ 73.968800467218315, 19.814120415834964 ], [ 73.968794993783291, 19.814119718600598 ], [ 73.968789513161738, 19.814119074609621 ], [ 73.968784026251996, 19.81411848470708 ], [ 73.968778531257399, 19.814117948893028 ], [ 73.968773031771221, 19.814117467167463 ], [ 73.968767529590096, 19.814117037840123 ], [ 73.968762022019106, 19.814116664291522 ], [ 73.968756510854831, 19.81411634314113 ], [ 73.968750996995624, 19.814116075234093 ], [ 73.968745481339781, 19.814115862260703 ], [ 73.968739962090666, 19.814115701685502 ], [ 73.96873444284158, 19.814115596043937 ], [ 73.96872892269414, 19.814115545335973 ], [ 73.96872340344504, 19.814115547026233 ], [ 73.968717883297614, 19.814115602804996 ], [ 73.968712364946839, 19.81411571436248 ], [ 73.968706848392671, 19.814115876627941 ], [ 73.968701332736828, 19.814116094672166 ], [ 73.968695823369188, 19.814116366804864 ], [ 73.96869031489986, 19.814116693026012 ], [ 73.968684810922113, 19.814117073335698 ], [ 73.968679311435935, 19.814117506043562 ], [ 73.968673818237988, 19.814117992839911 ], [ 73.968668330429935, 19.814118533724759 ], [ 73.968662848011732, 19.81411912700781 ], [ 73.968657373678397, 19.814119775224494 ], [ 73.968651907429887, 19.814120476684533 ], [ 73.968646449266231, 19.814121232233045 ], [ 73.968640997390779, 19.814122029193015 ], [ 73.968635551803544, 19.814122865029123 ], [ 73.968630114301106, 19.814123740586428 ], [ 73.968624683985212, 19.814124658400349 ], [ 73.968619261754171, 19.814125615090386 ], [ 73.968613847607926, 19.814126612346779 ], [ 73.9686084433432, 19.814127650169521 ], [ 73.96860304626496, 19.814128726023181 ], [ 73.968597659966534, 19.814129843288391 ], [ 73.968592282651244, 19.8141310011199 ], [ 73.968586915217415, 19.814132196982378 ], [ 73.968581558563358, 19.814133435101478 ], [ 73.968576211790804, 19.81413471125154 ], [ 73.968570876696305, 19.81413602712281 ], [ 73.968565553279944, 19.814137381870154 ], [ 73.968560239745045, 19.814138777183842 ], [ 73.968554938786539, 19.814140212218781 ], [ 73.96854965130278, 19.814141685284628 ], [ 73.968544374598807, 19.81414319722656 ], [ 73.968539113166216, 19.81414474973484 ], [ 73.968533861615043, 19.814146340274057 ], [ 73.96852862623355, 19.814147968844207 ], [ 73.968523404326831, 19.814149637135593 ], [ 73.968518195894788, 19.814151345148172 ], [ 73.968513002734127, 19.814153090346529 ], [ 73.968507823048199, 19.814154874420996 ], [ 73.968502658633668, 19.814156698216657 ], [ 73.968497512185394, 19.814158558352958 ], [ 73.968492379211838, 19.814160457365354 ], [ 73.968487262408019, 19.814162394408687 ], [ 73.968482162672117, 19.814164367792682 ], [ 73.968477080004249, 19.81416638089787 ], [ 73.968472014404384, 19.814168431188822 ], [ 73.968466964974155, 19.814170518665609 ], [ 73.968461934408538, 19.814172644173297 ], [ 73.968456920012642, 19.814174806021668 ], [ 73.968451926277979, 19.8141770050558 ], [ 73.968446948713009, 19.814179242120883 ], [ 73.968441992707568, 19.814181514681486 ], [ 73.968437053770131, 19.814183826118104 ], [ 73.968432134595631, 19.814186172205115 ], [ 73.968427236082391, 19.814188554632793 ], [ 73.968422358230384, 19.814190974246269 ], [ 73.968417498344721, 19.814193430200355 ], [ 73.968412660916911, 19.814195920804838 ], [ 73.968407845048674, 19.814198447749963 ], [ 73.968403048943372, 19.814201011035735 ], [ 73.968398276194264, 19.814203609817017 ], [ 73.968393524106418, 19.814206244093786 ], [ 73.968388793578143, 19.814208913020931 ], [ 73.968384087304344, 19.814211616598474 ], [ 73.968379400793523, 19.814214357361752 ], [ 73.968374741232154, 19.814217130239996 ], [ 73.968370103230328, 19.814219937768652 ], [ 73.968365486788088, 19.814222780792758 ], [ 73.968360898193595, 19.814225655931825 ], [ 73.968356331158702, 19.814228567411543 ], [ 73.968351788378314, 19.814231511851347 ], [ 73.968347270750726, 19.814234490096364 ], [ 73.968342779174307, 19.814237501301459 ], [ 73.96833831185242, 19.814240546311805 ], [ 73.968333870581674, 19.814243624282224 ], [ 73.968329455362039, 19.814246736057854 ], [ 73.968325066193543, 19.814249879103301 ], [ 73.968320703076202, 19.81425305510886 ], [ 73.968316366908354, 19.814256264074455 ], [ 73.968312057689914, 19.814259504309881 ], [ 73.968307775420982, 19.814262775815116 ], [ 73.968303520999797, 19.814266080280404 ], [ 73.968299292629723, 19.814269415170397 ], [ 73.968295093904089, 19.814272783020463 ], [ 73.968290923026231, 19.814276181295156 ], [ 73.968286780894445, 19.814279609994561 ], [ 73.968282666610449, 19.814283069118609 ], [ 73.968278581970878, 19.814286560357594 ], [ 73.968274526975677, 19.81429008033097 ], [ 73.968270501624872, 19.81429362988391 ], [ 73.968266505020196, 19.814297210706616 ], [ 73.96826255872115, 19.814300839701723 ], [ 73.968258590862533, 19.814304448413605 ], [ 73.96825460413929, 19.814308035997112 ], [ 73.968250594958178, 19.814311604987655 ], [ 73.968246566014116, 19.81431515115959 ], [ 73.968242516408836, 19.814318677893365 ], [ 73.968238447040591, 19.814322184343936 ], [ 73.968234357011099, 19.814325668821024 ], [ 73.968230248117024, 19.814329133859999 ], [ 73.96822611766332, 19.814332576925462 ], [ 73.968221970141656, 19.814335998862578 ], [ 73.968217801060433, 19.81433939882621 ], [ 73.96821361221626, 19.814342777661505 ], [ 73.968209406304084, 19.814346136213562 ], [ 73.968205177934053, 19.814349471946972 ], [ 73.968200931597707, 19.814352787397198 ], [ 73.968196669091682, 19.814356080028773 ], [ 73.968192385026086, 19.814359350686903 ], [ 73.968188082994189, 19.814362599371545 ], [ 73.968183762097681, 19.814365826927826 ], [ 73.968179423234858, 19.814369031665525 ], [ 73.968175064609085, 19.814372213584576 ], [ 73.96817068891535, 19.81437537522044 ], [ 73.968166295255287, 19.814378513192572 ], [ 73.968161883628937, 19.814381628346091 ], [ 73.968157454036245, 19.814384719835878 ], [ 73.968153007375619, 19.814387791887579 ], [ 73.96814854185034, 19.814390838585297 ], [ 73.968144059257057, 19.814393864154678 ], [ 73.968139558697501, 19.814396865215212 ], [ 73.968135042866564, 19.814399842612001 ], [ 73.968130509069312, 19.814402798880444 ], [ 73.968125958204084, 19.814405730640065 ], [ 73.968121390270881, 19.814408641271335 ], [ 73.968116805269659, 19.814411525703502 ], [ 73.968112204997084, 19.814414389007347 ], [ 73.968107586758208, 19.814417227802316 ], [ 73.968102954146289, 19.814420042088457 ], [ 73.968098305364705, 19.81442283440116 ], [ 73.968093638616807, 19.814425602204995 ], [ 73.968088956597541, 19.814428344654846 ], [ 73.968084261103556, 19.814431064286126 ], [ 73.968079547643242, 19.814433760253685 ], [ 73.968074819809928, 19.814436430867286 ], [ 73.968070075806878, 19.814439078662314 ], [ 73.968065317430813, 19.814441702793623 ], [ 73.968060543783409, 19.814444302416085 ], [ 73.968055755762961, 19.814446875839455 ], [ 73.968050951572806, 19.814449425599154 ], [ 73.968046133907947, 19.814451950849982 ], [ 73.968041301870016, 19.814454451591963 ], [ 73.968036456357368, 19.814456926980004 ], [ 73.968031594675082, 19.81445937870436 ], [ 73.968026718619697, 19.814461805919869 ], [ 73.968021830886229, 19.814464206936282 ], [ 73.968016928779733, 19.814466582598769 ], [ 73.968012012300193, 19.814468933752405 ], [ 73.968007083244217, 19.814471261242335 ], [ 73.968002140713523, 19.814473561688061 ], [ 73.967997184708096, 19.81447583762499 ], [ 73.967992215227966, 19.814478089053047 ], [ 73.967987233171385, 19.814480314282076 ], [ 73.967982237640086, 19.814482513311972 ], [ 73.967977231329044, 19.814484687833076 ], [ 73.967972210644888, 19.814486837000256 ], [ 73.967967178282692, 19.814488959968322 ], [ 73.967962134242342, 19.814491056737328 ], [ 73.967957077625627, 19.814493128152368 ], [ 73.967952009330801, 19.814495174213484 ], [ 73.967946930256176, 19.814497194075521 ], [ 73.967941837706817, 19.814499186893354 ], [ 73.967936735276012, 19.814501154357266 ], [ 73.967931621167097, 19.814503097312336 ], [ 73.967926495380098, 19.814505013223236 ], [ 73.9679213588133, 19.81450690293504 ], [ 73.967916212365026, 19.81450876475753 ], [ 73.967911054238655, 19.814510602071213 ], [ 73.967905885332527, 19.814512413185827 ], [ 73.967900707443235, 19.814514197256248 ], [ 73.967895517875832, 19.814515955127625 ], [ 73.967890319325292, 19.814517686799906 ], [ 73.967885109994953, 19.814519389737736 ], [ 73.967879890783152, 19.814521069011896 ], [ 73.967874662588187, 19.8145227212419 ], [ 73.967869423613479, 19.814524344737411 ], [ 73.967864176553888, 19.81452594287903 ], [ 73.967858921409473, 19.814527513976415 ], [ 73.967853656383582, 19.814529058874761 ], [ 73.967848380577934, 19.814530575883815 ], [ 73.967843097585742, 19.814532065848674 ], [ 73.967837809203658, 19.814533534685236 ], [ 73.967832503753598, 19.814534957884756 ], [ 73.967827186625442, 19.814536336292349 ], [ 73.967821856022539, 19.814537670753172 ], [ 73.967816513741525, 19.814538960422066 ], [ 73.967811158884132, 19.814540206144166 ], [ 73.967805792348642, 19.814541405384091 ], [ 73.967800414135013, 19.814542562367496 ], [ 73.967795026039923, 19.814543672868734 ], [ 73.967789627165061, 19.814544738578043 ], [ 73.967784218408752, 19.814545758650301 ], [ 73.967778800669279, 19.814546734775774 ], [ 73.96777337215002, 19.814547664419123 ], [ 73.967767937342558, 19.814548550115642 ], [ 73.96776249265362, 19.814549389330018 ], [ 73.967757039879828, 19.814550183752477 ], [ 73.967751580817875, 19.814550931692775 ], [ 73.967746113671041, 19.814551635686264 ], [ 73.967740641134313, 19.814552292352488 ], [ 73.967735162309424, 19.814552904226797 ], [ 73.967729677196274, 19.8145534713092 ], [ 73.96772418579495, 19.814553991909463 ], [ 73.967718691698678, 19.814554466872647 ], [ 73.9677131922125, 19.814554895353691 ], [ 73.967707689133093, 19.814555278197695 ], [ 73.967702181562075, 19.814555615404672 ], [ 73.96769667129611, 19.814555906129442 ], [ 73.967691158335199, 19.814556152062345 ], [ 73.967685642679385, 19.814556350667949 ], [ 73.967680126125217, 19.814556503636535 ], [ 73.967674606876102, 19.814556610968069 ], [ 73.967669087627016, 19.814556672662572 ], [ 73.967663568377887, 19.814556687029775 ], [ 73.967658047332151, 19.814556655759972 ], [ 73.96765252808305, 19.814556579698252 ], [ 73.967647007935625, 19.814556457154371 ], [ 73.967641491381471, 19.814556288128333 ], [ 73.967635973929006, 19.814556074310378 ], [ 73.967630460069785, 19.814555813165121 ], [ 73.967624947108902, 19.814555506382838 ], [ 73.967619438639559, 19.81455515396355 ], [ 73.967613932865191, 19.814554755907196 ], [ 73.967608430684066, 19.814554312213801 ], [ 73.967602932994538, 19.814553821193126 ], [ 73.967597439796592, 19.814553286225689 ], [ 73.967591951090185, 19.814552703930932 ], [ 73.967586468671996, 19.814552076844272 ], [ 73.967580991643715, 19.814551404120596 ], [ 73.967575520903637, 19.814550684914746 ], [ 73.967570058248384, 19.814549920916949 ], [ 73.967564600084714, 19.814549111282176 ], [ 73.967559150904222, 19.814548257700583 ], [ 73.967553709808541, 19.814547356791689 ], [ 73.967548277696025, 19.814546411936028 ], [ 73.96754285366832, 19.814545419753077 ], [ 73.967537437725483, 19.814544383623321 ], [ 73.967532034359053, 19.814543304391908 ], [ 73.967526639077448, 19.81454217698807 ], [ 73.967521254575644, 19.814541007327723 ], [ 73.967515880853597, 19.814539791185176 ], [ 73.967510518809661, 19.814538531095835 ], [ 73.967505169342147, 19.8145372262146 ], [ 73.967499830654432, 19.814535877386561 ], [ 73.967494506339733, 19.814534483766607 ], [ 73.967489192804834, 19.814533045354747 ], [ 73.96748389364295, 19.814531562996081 ], [ 73.967478609752462, 19.814530036690638 ], [ 73.967473339336692, 19.814528467283484 ], [ 73.96746808329398, 19.814526853084441 ], [ 73.967462841624283, 19.81452519578372 ], [ 73.967457616124264, 19.814523493691066 ], [ 73.967452406793967, 19.81452175018703 ], [ 73.967447212734982, 19.814519961891026 ], [ 73.967442038438932, 19.814518131338527 ], [ 73.967436877617644, 19.814516256839187 ], [ 73.967431734762613, 19.814514340083303 ], [ 73.967426611670575, 19.814512380225739 ], [ 73.967421504748174, 19.814510378111613 ], [ 73.967416419385344, 19.814508332895837 ], [ 73.967411351988858, 19.814506247113751 ], [ 73.967406302558629, 19.814504119075146 ], [ 73.967401274687973, 19.814501947089685 ], [ 73.967396265681955, 19.814499735383102 ], [ 73.967391279133807, 19.814497481419899 ], [ 73.967386313246919, 19.81449518520019 ], [ 73.967381368021293, 19.814492849259285 ], [ 73.967376445253535, 19.814490471906947 ], [ 73.967371544045349, 19.814488053143187 ], [ 73.967366666193328, 19.81448559381311 ], [ 73.967361809900922, 19.814483093916721 ], [ 73.967356978761302, 19.814480555144286 ], [ 73.967352170977904, 19.814477974115295 ], [ 73.967347387449024, 19.814475354210245 ], [ 73.967342628174663, 19.81447269373886 ], [ 73.967337893154792, 19.814469995236564 ], [ 73.967333184186074, 19.814467257858198 ], [ 73.967328500370172, 19.814464479913507 ], [ 73.967323840808803, 19.814461663937898 ], [ 73.96731921089183, 19.814458809086211 ], [ 73.967314606127673, 19.814455917048729 ], [ 73.967310028313008, 19.814452985290075 ], [ 73.967305478346063, 19.814450016345571 ], [ 73.967300955328625, 19.814447009370145 ], [ 73.967296460158948, 19.814443965208884 ], [ 73.967291994633669, 19.814440883016697 ], [ 73.96728755695618, 19.814437765328936 ], [ 73.967283149821384, 19.814434609610252 ], [ 73.967278771432703, 19.814431416705705 ], [ 73.96727442179008, 19.81442818915076 ], [ 73.967270103588504, 19.814424926100237 ], [ 73.967265815031325, 19.814421625018753 ], [ 73.967261557915222, 19.814418290131957 ], [ 73.967257332240109, 19.814414919749595 ], [ 73.96725313890434, 19.814411514716799 ], [ 73.967248976111335, 19.814408075033548 ], [ 73.96724484475935, 19.814404599854722 ], [ 73.967240745746693, 19.814401090870597 ], [ 73.96723668087003, 19.814397548926255 ], [ 73.967232650129361, 19.81439397317661 ], [ 73.967228650829711, 19.814390362776479 ], [ 73.967224685666054, 19.814386720261293 ], [ 73.967220753740051, 19.814383044785902 ], [ 73.967216857746678, 19.814379337195476 ], [ 73.967212996787595, 19.814375598335065 ], [ 73.967209169964448, 19.814371824824221 ], [ 73.967205378175649, 19.814368020888544 ], [ 73.96720162231945, 19.814364188218324 ], [ 73.967197902395853, 19.814360320897613 ], [ 73.967194216608235, 19.814356424842362 ], [ 73.967190580227978, 19.814352489065836 ], [ 73.967186950135911, 19.814348548218426 ], [ 73.967183328128684, 19.814344599764731 ], [ 73.96717971240966, 19.814340647085274 ], [ 73.967176102978868, 19.814336686799571 ], [ 73.967172503429524, 19.814332722288071 ], [ 73.967168911066693, 19.814328751015424 ], [ 73.967165324093756, 19.814324772981653 ], [ 73.967161747002308, 19.81432078903185 ], [ 73.96715817619905, 19.814316800011159 ], [ 73.96715461437897, 19.814312804229296 ], [ 73.967151058847051, 19.814308803376601 ], [ 73.9671475114, 19.814304794072417 ], [ 73.967143969342814, 19.814300781387665 ], [ 73.967140437167131, 19.814296761941712 ], [ 73.967136912177963, 19.814292736579763 ], [ 73.967133394375296, 19.8142887061469 ], [ 73.967129883759171, 19.814284667262644 ], [ 73.96712638212621, 19.814280624997739 ], [ 73.967122886781439, 19.814276576816837 ], [ 73.967119400419804, 19.814272521874734 ], [ 73.967115920346387, 19.814268461016624 ], [ 73.967112449256135, 19.814264395087655 ], [ 73.967108983555761, 19.81426032324261 ], [ 73.967105527736862, 19.814256244636432 ], [ 73.967102079104507, 19.814252160959331 ], [ 73.967098637658665, 19.814248071366233 ], [ 73.967095204297621, 19.814243976702237 ], [ 73.967091779021459, 19.814239876122215 ], [ 73.967088360033472, 19.814235768781 ], [ 73.967084950028649, 19.814231656368907 ], [ 73.967081548108681, 19.814227538040782 ], [ 73.967078154273537, 19.814223412951485 ], [ 73.967074764929961, 19.814219285326725 ], [ 73.967071386366172, 19.814215149250483 ], [ 73.967068014988939, 19.814211008103378 ], [ 73.967064651696504, 19.814206861885349 ], [ 73.967061295590611, 19.814202708906176 ], [ 73.967057947569529, 19.814198551701214 ], [ 73.96705460763333, 19.814194388580244 ], [ 73.967051274883602, 19.814190218698098 ], [ 73.967047951117067, 19.814186044590169 ], [ 73.967044633638722, 19.814181865411342 ], [ 73.967041325143512, 19.814177678626205 ], [ 73.967038024733171, 19.814173487615342 ], [ 73.96703473240764, 19.814169290688383 ], [ 73.967031447268667, 19.814165088690526 ], [ 73.967028170214519, 19.814160880776683 ], [ 73.967024900346885, 19.814156667791892 ], [ 73.967021638564091, 19.814152448891065 ], [ 73.967018385764433, 19.814148224919339 ], [ 73.967015141049615, 19.814143995876705 ], [ 73.967011902623014, 19.814139760072909 ], [ 73.967008674077874, 19.814135520043315 ], [ 73.967005451820953, 19.814131274942834 ], [ 73.96700223764887, 19.814127023081181 ], [ 73.966999034256588, 19.81412276699373 ], [ 73.966995836254156, 19.814118504990265 ], [ 73.966992647234889, 19.814114237915856 ], [ 73.966989466300461, 19.814109964925446 ], [ 73.96698629255259, 19.814105686864103 ], [ 73.966983126889517, 19.814101403731847 ], [ 73.966979970209621, 19.814097114683545 ], [ 73.966976820716226, 19.814092821409453 ], [ 73.966973681104307, 19.814088523064477 ], [ 73.966970546882294, 19.814084217958303 ], [ 73.966967423440025, 19.814079907781206 ], [ 73.966964306286002, 19.81407559422351 ], [ 73.966961198115101, 19.814071273904563 ], [ 73.966958097130771, 19.814066949359908 ], [ 73.966955005129549, 19.814062618054006 ], [ 73.966951923009816, 19.814058283367505 ], [ 73.966948845381665, 19.814053941919791 ], [ 73.966945779431597, 19.814049596246317 ], [ 73.966942718871422, 19.814045244656793 ], [ 73.966939668192708, 19.814040888841486 ], [ 73.966936623802212, 19.814036528800365 ], [ 73.966933589293191, 19.814032161152934 ], [ 73.966930563767292, 19.814027790124854 ], [ 73.96692754542795, 19.814023414025876 ], [ 73.966924535173447, 19.814019032010837 ], [ 73.96692153300377, 19.814014646615146 ], [ 73.966918538918918, 19.814010253613123 ], [ 73.966915553817216, 19.814005858920723 ], [ 73.966912576800382, 19.814001456622002 ], [ 73.966909608766656, 19.813997050942632 ], [ 73.966906647919501, 19.813992639347212 ], [ 73.966903696953793, 19.81398822268083 ], [ 73.966900755869545, 19.813983799253304 ], [ 73.966897824666773, 19.813979370754826 ], [ 73.966894903345477, 19.813974937185453 ], [ 73.966891990108991, 19.813970496854864 ], [ 73.966889087652334, 19.813966050608244 ], [ 73.96688619597542, 19.813961599290661 ], [ 73.96688331507832, 19.813957142902183 ], [ 73.966880442266032, 19.813952679752514 ], [ 73.966877579335218, 19.81394821068675 ], [ 73.966874727184205, 19.813943737395224 ], [ 73.966871884914625, 19.813939257342486 ], [ 73.966869051628208, 19.81393477221884 ], [ 73.966866228223296, 19.813930281179143 ], [ 73.966863417394748, 19.813925785913625 ], [ 73.966860612854447, 19.813921283886906 ], [ 73.966857820890539, 19.81391677594414 ], [ 73.966855037909795, 19.813912262930437 ], [ 73.966852264810512, 19.813907744845825 ], [ 73.966849501592705, 19.813903221690275 ], [ 73.966846749154669, 19.813898691773499 ], [ 73.966844005699798, 19.813894157630941 ], [ 73.966841273922995, 19.81388961841747 ], [ 73.966838552027681, 19.813885071597625 ], [ 73.966835839115561, 19.813880522242268 ], [ 73.966833136084858, 19.813875966125728 ], [ 73.966830443833956, 19.813871404938226 ], [ 73.966827762362811, 19.813866836989536 ], [ 73.966825089874845, 19.813862267350448 ], [ 73.966822428166665, 19.813857689259912 ], [ 73.966819775441635, 19.813853106943551 ], [ 73.966817135293027, 19.81384851871109 ], [ 73.966814502330891, 19.813843926252883 ], [ 73.966811881945233, 19.813839327878565 ], [ 73.966809271440994, 19.813834725278468 ], [ 73.966806669919933, 19.813830117607402 ], [ 73.966804079178672, 19.813825504020297 ], [ 73.966801498318844, 19.813820887052508 ], [ 73.966798929137141, 19.813816263323506 ], [ 73.966796368938589, 19.81381163367843 ], [ 73.966793820418118, 19.81380700065268 ], [ 73.966791279982502, 19.813802363401155 ], [ 73.966788750326671, 19.813797719388408 ], [ 73.966786232348909, 19.813793071149835 ], [ 73.96678372425265, 19.813788416995177 ], [ 73.966781225139513, 19.813783760305004 ], [ 73.966778737704487, 19.813779096853597 ], [ 73.966776260150965, 19.813774428331268 ], [ 73.9667737933772, 19.813769754737987 ], [ 73.966771337383193, 19.813765076918905 ], [ 73.966768890372379, 19.813760394874016 ], [ 73.966766454141322, 19.813755707758173 ], [ 73.966764027791726, 19.813751016416521 ], [ 73.966761614018552, 19.813746320003919 ], [ 73.966759209228556, 19.813741617675255 ], [ 73.966756814319993, 19.813736911965893 ], [ 73.966754431089569, 19.813732201185566 ], [ 73.966752056842253, 19.813727485334329 ], [ 73.966749694273062, 19.813722765257268 ], [ 73.966747340687007, 19.813718040109233 ], [ 73.966744999677374, 19.813713310735409 ], [ 73.966742667650905, 19.813708576290651 ], [ 73.966740347302533, 19.813703837620068 ], [ 73.966738035937297, 19.813699093878508 ], [ 73.966735736250158, 19.813694346756314 ], [ 73.966733448241158, 19.813689595408253 ], [ 73.966731169215251, 19.813684838144123 ], [ 73.966728900969187, 19.81368007665419 ], [ 73.966726642604542, 19.813675310093309 ], [ 73.96672439501971, 19.813670540996853 ], [ 73.966722159112962, 19.813665766829473 ], [ 73.966719933087688, 19.81366098674598 ], [ 73.96671771694389, 19.813656204972084 ], [ 73.966715511579878, 19.813651417282092 ], [ 73.966713318792259, 19.813646626211426 ], [ 73.96671113498779, 19.813641829224657 ], [ 73.966708961963135, 19.813637028857215 ], [ 73.966706799718224, 19.813632224263976 ], [ 73.966704648253142, 19.813627416290021 ], [ 73.966702505771167, 19.813622603245129 ], [ 73.966700376763953, 19.813617785129239 ], [ 73.9666982576382, 19.813612962787563 ], [ 73.966696149292233, 19.813608137910322 ], [ 73.966694050827712, 19.813603308807242 ], [ 73.966691963142992, 19.813598474633253 ], [ 73.966689887136368, 19.813593637078537 ], [ 73.96668782101122, 19.813588793607732 ], [ 73.966685765665858, 19.81358394929163 ], [ 73.966683721100253, 19.813579099059449 ], [ 73.966681687314463, 19.813574243756324 ], [ 73.966679663410147, 19.813569386762754 ], [ 73.966677652082211, 19.813564523853103 ], [ 73.966675649737454, 19.813559659252999 ], [ 73.966673659969103, 19.813554788736845 ], [ 73.966671731286169, 19.813549897937278 ], [ 73.966669656177871, 19.813545058690814 ], [ 73.966667434644194, 19.813540278603707 ], [ 73.966665071176664, 19.813535559366208 ], [ 73.966662564877012, 19.813530905204018 ], [ 73.966659922033458, 19.81352631865256 ], [ 73.96665714084935, 19.813521805627801 ], [ 73.966654224019607, 19.813517367819969 ], [ 73.96665117693415, 19.813513010299921 ], [ 73.966647996898061, 19.813508735603055 ], [ 73.966644691996137, 19.813504548800207 ], [ 73.966641261330054, 19.813500451581653 ], [ 73.966637709391435, 19.813496448173076 ], [ 73.966634037078521, 19.813492541955021 ], [ 73.966630250679628, 19.813488733772619 ], [ 73.96662635109297, 19.813485030387021 ], [ 73.966622340115222, 19.813481432643307 ], [ 73.966618223136251, 19.813477943076901 ], [ 73.966614003749385, 19.813474565913534 ], [ 73.966609683751187, 19.813471303688583 ], [ 73.966605269429877, 19.813468158937482 ], [ 73.966600760785482, 19.813465133350494 ], [ 73.966596163207839, 19.813462230308151 ], [ 73.966591480290262, 19.813459450655646 ], [ 73.966586715626008, 19.813456798618645 ], [ 73.966581876401577, 19.813454275887402 ], [ 73.966576960820319, 19.813451884997388 ], [ 73.966571976068821, 19.813449625103406 ], [ 73.96656692574031, 19.813447501276315 ], [ 73.966561814326326, 19.813445514361248 ], [ 73.966556645420184, 19.813443665203344 ], [ 73.96655142261514, 19.813441954647768 ], [ 73.966546152199356, 19.81344038607503 ], [ 73.966540835969511, 19.813438958640052 ], [ 73.966535480213778, 19.813437677413599 ], [ 73.966530087627135, 19.813436539015154 ], [ 73.96652466629439, 19.813435545980131 ], [ 73.966519215317234, 19.813434699998794 ], [ 73.966513741882224, 19.813434001071126 ], [ 73.96650824958256, 19.813433448352082 ], [ 73.966502745604814, 19.813433044376957 ], [ 73.966497230847295, 19.813432788300677 ], [ 73.966491713394817, 19.813432681813531 ], [ 73.966486192349066, 19.81343272322518 ], [ 73.966480676693223, 19.813432914225988 ], [ 73.966475170918841, 19.813433250590194 ], [ 73.966469677720895, 19.81343373823379 ], [ 73.966464200692627, 19.813434372085947 ], [ 73.966458747020511, 19.813435153836924 ], [ 73.966453320297887, 19.813436081796475 ], [ 73.966447923219647, 19.813437155964557 ], [ 73.966442561175739, 19.813438374650953 ], [ 73.966437239555972, 19.813439737855607 ], [ 73.966431961953688, 19.813441243043137 ], [ 73.966426732860413, 19.813442891058649 ], [ 73.96642155497112, 19.813444679366739 ], [ 73.966416434574001, 19.813446604586883 ], [ 73.966411376160636, 19.813448669254448 ], [ 73.966406382425973, 19.813450869143757 ], [ 73.966401456064958, 19.813453201719433 ], [ 73.966396603365808, 19.813455666981412 ], [ 73.966390922419933, 19.813458773701655 ], [ 73.966233028237397, 19.813526686286615 ], [ 73.966216678899215, 19.813531628640163 ], [ 73.966201228774651, 19.813537973073636 ], [ 73.966185899922635, 19.81354457865379 ], [ 73.966170694139834, 19.813551443690262 ], [ 73.966155616816096, 19.813558565647618 ], [ 73.966140672443046, 19.813565942835631 ], [ 73.966125864613886, 19.813573571028464 ], [ 73.966111201413511, 19.813581452761628 ], [ 73.966096681943583, 19.813589579583621 ], [ 73.966082315187236, 19.813597953184747 ], [ 73.966068102941122, 19.813606570184373 ], [ 73.966054050595133, 19.813615427201935 ], [ 73.966040161742541, 19.813624520011739 ], [ 73.966026442671492, 19.813633850303969 ], [ 73.966012895178707, 19.813643411317592 ], [ 73.965999523755713, 19.81365320220733 ], [ 73.965986332894062, 19.813663217902342 ], [ 73.965964672715955, 19.813679404771936 ], [ 73.965952953294746, 19.813687710757524 ], [ 73.965941082956576, 19.813695817290871 ], [ 73.965929067989663, 19.813703720146332 ], [ 73.965916908393979, 19.81371141763363 ], [ 73.965904612254349, 19.81371890806258 ], [ 73.965892178672519, 19.8137261872075 ], [ 73.965879615733286, 19.813733254223305 ], [ 73.965866925233243, 19.813740105729469 ], [ 73.965854109867379, 19.813746740880919 ], [ 73.965841175923941, 19.813753157987382 ], [ 73.965828126097804, 19.81375935366836 ], [ 73.965814963083943, 19.813765327923829 ], [ 73.965801694967212, 19.813771078218505 ], [ 73.965788320849256, 19.813776600326676 ], [ 73.965774848814917, 19.813781895093495 ], [ 73.9657612806609, 19.813786960828736 ], [ 73.965747621776998, 19.81379179584215 ], [ 73.965733873959877, 19.813796399288641 ], [ 73.96572004529439, 19.813800767787697 ], [ 73.96570613578055, 19.813804901339267 ], [ 73.965692154401438, 19.813808798253181 ], [ 73.965678100258827, 19.813812457684261 ], [ 73.965663978742555, 19.813815877942311 ], [ 73.965649797937502, 19.813819059027331 ], [ 73.965635561436869, 19.813821999249047 ], [ 73.965621268342389, 19.813824697762332 ], [ 73.965606927637182, 19.813827153722105 ], [ 73.965592542914536, 19.813829367128339 ], [ 73.965578118666045, 19.813831336290782 ], [ 73.965563657586571, 19.813833061209451 ], [ 73.965549166862729, 19.813834540194094 ], [ 73.965534648291097, 19.813835774934962 ], [ 73.965520108159907, 19.813836762051579 ], [ 73.965505549164135, 19.813837504079274 ], [ 73.965490976693587, 19.813838000172971 ], [ 73.965476396138186, 19.813838248642369 ], [ 73.965461811091245, 19.813838252022929 ], [ 73.965447225145979, 19.813838007779179 ], [ 73.964728872955973, 19.813800295357645 ], [ 73.964729184671398, 19.813792064594875 ], [ 73.964298787445728, 19.813796442390498 ], [ 73.96392728377009, 19.813794000797547 ], [ 73.963868451305487, 19.813793612880929 ], [ 73.963417292216988, 19.813782904183892 ], [ 73.963402954206757, 19.81378231681553 ], [ 73.963388632366161, 19.813781491964409 ], [ 73.963374330288545, 19.813780425404836 ], [ 73.963360049770444, 19.813779117981973 ], [ 73.963345800693418, 19.813777573076351 ], [ 73.963331583057425, 19.813775789842772 ], [ 73.96331740315064, 19.813773768281301 ], [ 73.96330326276977, 19.813771509237046 ], [ 73.963289170897895, 19.813769012709972 ], [ 73.963275125738448, 19.813766282080614 ], [ 73.963261137172836, 19.813763315658711 ], [ 73.963247206997721, 19.813760114289387 ], [ 73.963233338806361, 19.813756679662838 ], [ 73.963219537988664, 19.81375301262425 ], [ 73.963205807239547, 19.813749115708966 ], [ 73.963192151948903, 19.813744988917001 ], [ 73.963178578404964, 19.813740633093474 ], [ 73.963165085709392, 19.813736049083467 ], [ 73.963151681947039, 19.813731240267508 ], [ 73.96313837071115, 19.813726205800478 ], [ 73.963125153798387, 19.813720949062827 ], [ 73.963112039293563, 19.813715470899769 ], [ 73.963099027196677, 19.813709773846572 ], [ 73.963086121999297, 19.813703857903302 ], [ 73.963073330887966, 19.813697727295544 ], [ 73.963060652964359, 19.813691380333022 ], [ 73.963048096313301, 19.813684822931695 ], [ 73.963035662731471, 19.813678054246349 ], [ 73.963023355812069, 19.81367107765757 ], [ 73.963011180945017, 19.813663894010354 ], [ 73.96299913992695, 19.813656508375566 ], [ 73.962987237249436, 19.813648919062864 ], [ 73.962975477404072, 19.813641130297945 ], [ 73.962963861289111, 19.813633146306422 ], [ 73.962952394294518, 19.813624967088266 ], [ 73.962941080911833, 19.813616595178839 ], [ 73.962929922937704, 19.813608033958687 ], [ 73.962927529825762, 19.813606129868891 ], [ 73.962918924863658, 19.813599285963146 ], [ 73.962898505258948, 19.813582182113503 ], [ 73.962596313793981, 19.813317286028109 ], [ 73.962432768309981, 19.813170512738203 ], [ 73.96229738501016, 19.813049014864497 ], [ 73.96215438579334, 19.812929148861159 ], [ 73.962123487340833, 19.812903247887551 ], [ 73.96199225335927, 19.812793243708782 ], [ 73.961893365016195, 19.812710353239343 ], [ 73.961508636342913, 19.812399890738646 ], [ 73.961428566806703, 19.812335277952233 ], [ 73.961281401203607, 19.812220773841169 ], [ 73.961136687102893, 19.812111785052512 ], [ 73.961132355426614, 19.812108521954485 ], [ 73.961123062354986, 19.812101760808325 ], [ 73.961113645315876, 19.812095157703709 ], [ 73.961104107004189, 19.81208871433093 ], [ 73.961094452809817, 19.812082433225392 ], [ 73.961084682732775, 19.812076314387149 ], [ 73.961074803061308, 19.81207036119676 ], [ 73.961064812897021, 19.812064575344589 ], [ 73.961054717629878, 19.812058959366063 ], [ 73.961044521751376, 19.812053512416011 ], [ 73.96103422615991, 19.812048238720241 ], [ 73.961023832652074, 19.812043140814147 ], [ 73.961013348414411, 19.812038217007473 ], [ 73.961002773446879, 19.812033469835672 ], [ 73.960992111342762, 19.812028901834186 ], [ 73.960981365695346, 19.812024513848204 ], [ 73.960970540996158, 19.812020308413121 ], [ 73.960959639041889, 19.812016282993525 ], [ 73.96094866432405, 19.812012442660333 ], [ 73.960937618639306, 19.812008787413525 ], [ 73.960926505580929, 19.812005317253131 ], [ 73.960915331437107, 19.812002034714602 ], [ 73.960904096207855, 19.811998940643043 ], [ 73.960892804384727, 19.811996035038547 ], [ 73.960881458662683, 19.811993319591352 ], [ 73.960870065329942, 19.811990795991729 ], [ 73.960858624386503, 19.811988463394641 ], [ 73.960847141222203, 19.811986321800017 ], [ 73.96083561943037, 19.811984374588462 ], [ 73.960824059909285, 19.811982620914847 ], [ 73.960812470743832, 19.811981059934002 ], [ 73.960800851933939, 19.811979695026565 ], [ 73.960789207971231, 19.81197852281192 ], [ 73.960777543347263, 19.811977548360954 ], [ 73.960765817637878, 19.811976765757663 ], [ 73.960754161997031, 19.811976185143767 ], [ 73.960735770788219, 19.811975661999657 ], [ 73.960727750629374, 19.811975474377693 ], [ 73.960719736758733, 19.811975149842432 ], [ 73.960711731871228, 19.811974691774392 ], [ 73.960703737763524, 19.811974101863914 ], [ 73.960695756232226, 19.811973375885259 ], [ 73.960687789972283, 19.811972516373842 ], [ 73.960679844373601, 19.811971524174798 ], [ 73.960671916741205, 19.811970399288175 ], [ 73.960664014261638, 19.811969140868751 ], [ 73.960656135138294, 19.811967749761752 ], [ 73.960648284761035, 19.811966227657415 ], [ 73.960640464926456, 19.811964573710586 ], [ 73.960632678329588, 19.811962789611552 ], [ 73.960624924970375, 19.811960873670042 ], [ 73.960617209340413, 19.811958829266629 ], [ 73.960615762154475, 19.811958419371752 ], [ 73.960609535032944, 19.811956654710986 ], [ 73.960601901149644, 19.811954354228849 ], [ 73.960594312182124, 19.811951921904186 ], [ 73.960586769028694, 19.811949363653042 ], [ 73.960579276180908, 19.811946682010817 ], [ 73.960571835435417, 19.811943872751748 ], [ 73.960564444995555, 19.811940938411336 ], [ 73.960557112047894, 19.811937879834655 ], [ 73.960549838389056, 19.811934701247452 ], [ 73.960542622222377, 19.811931397578867 ], [ 73.960535470734371, 19.811927974744847 ], [ 73.960528383026769, 19.811924431900309 ], [ 73.960521361794534, 19.811920770735455 ], [ 73.960514409732568, 19.81191699209548 ], [ 73.960507528637464, 19.811913095980383 ], [ 73.960500722102552, 19.811909085770687 ], [ 73.96049398833118, 19.811904960621263 ], [ 73.960487332713257, 19.811900723067513 ], [ 73.960485367199396, 19.811899423235499 ], [ 73.96048075704536, 19.811896373109477 ], [ 73.960474262225887, 19.811891914127671 ], [ 73.960467850051373, 19.811887346122127 ], [ 73.96046152321685, 19.811882670783106 ], [ 73.960455284417165, 19.811877888955738 ], [ 73.960449133652446, 19.811873003175467 ], [ 73.960443073617526, 19.811868015132553 ], [ 73.960437107905733, 19.811862924826983 ], [ 73.960431235618714, 19.811857733949051 ], [ 73.960425458553104, 19.81185244587931 ], [ 73.960419781200514, 19.811847058927462 ], [ 73.960414203560902, 19.811841579009524 ], [ 73.960408727430973, 19.811836005280355 ], [ 73.960403354607223, 19.811830337739906 ], [ 73.960398085988089, 19.811824583149356 ], [ 73.960397529032619, 19.811823952671361 ], [ 73.960392924268461, 19.811818738973269 ], [ 73.960387870346693, 19.811812807747028 ], [ 73.96038292691766, 19.81180679200607 ], [ 73.960378092184826, 19.811800694285832 ], [ 73.960373372436308, 19.811794513741166 ], [ 73.960368764977218, 19.811788254597801 ], [ 73.960364273400799, 19.811781920236257 ], [ 73.960359898605375, 19.811775508966289 ], [ 73.960355642387555, 19.811769025013586 ], [ 73.960351504747351, 19.811762469223247 ], [ 73.960347489278035, 19.811755844130783 ], [ 73.960344065798495, 19.811749965301178 ], [ 73.960343593284648, 19.811749152271531 ], [ 73.960339823055406, 19.811742395335855 ], [ 73.960336174997025, 19.811735573323698 ], [ 73.96033138338332, 19.811726134741484 ], [ 73.960243741049254, 19.811588277118926 ], [ 73.960174442313274, 19.81147927183904 ], [ 73.960022043125321, 19.811229779298301 ], [ 73.959874234328481, 19.810977732325103 ], [ 73.959712321981655, 19.810689091617764 ], [ 73.959707165651949, 19.810679471265995 ], [ 73.959702186290315, 19.81066976301798 ], [ 73.959697383896824, 19.810659972789722 ], [ 73.959692762962987, 19.810650102271513 ], [ 73.959688321692212, 19.810640153153646 ], [ 73.959684064576081, 19.810630128816712 ], [ 73.959679989817957, 19.810620036021891 ], [ 73.959676101011084, 19.810609872233744 ], [ 73.95967239815549, 19.810599644213429 ], [ 73.959668882149487, 19.810589353651245 ], [ 73.959665555687963, 19.810579003927845 ], [ 73.959662416974368, 19.810568597578612 ], [ 73.959659469601931, 19.810558139674448 ], [ 73.959656712672299, 19.810547632750808 ], [ 73.959654149778814, 19.810537079343135 ], [ 73.959651777328148, 19.810526481986887 ], [ 73.959649599811883, 19.810515844907787 ], [ 73.959647617230047, 19.810505170641303 ], [ 73.959645827786005, 19.810494464258323 ], [ 73.959644235073029, 19.810483725758868 ], [ 73.959642837294425, 19.810472962749294 ], [ 73.959641637145211, 19.810462175229553 ], [ 73.959640632828723, 19.810451366580278 ], [ 73.9596398252433, 19.810440542717533 ], [ 73.959639215287211, 19.810429702796196 ], [ 73.959638776909358, 19.810417924755111 ], [ 73.959637866915955, 19.810392979239861 ], [ 73.959636504171698, 19.810368054849512 ], [ 73.959634686879866, 19.81034316172591 ], [ 73.959632416837138, 19.810318308320564 ], [ 73.9596296940435, 19.810293498859306 ], [ 73.959626520295615, 19.810268742638812 ], [ 73.959622894695144, 19.810244049800971 ], [ 73.959618821733642, 19.810219425416697 ], [ 73.95961429871619, 19.810194875402136 ], [ 73.959609331032667, 19.810170409899087 ], [ 73.959603916886422, 19.810146034823774 ], [ 73.959598058074164, 19.810121757782518 ], [ 73.959591758189077, 19.810097588917298 ], [ 73.959585019926109, 19.810073530763585 ], [ 73.959577842387006, 19.810049594308403 ], [ 73.959570229164981, 19.810025786313112 ], [ 73.959562182056644, 19.810002111848654 ], [ 73.959553703756995, 19.809978580211762 ], [ 73.95954479785928, 19.80995519900895 ], [ 73.959535466160091, 19.809931971620902 ], [ 73.959525712252756, 19.809908910724918 ], [ 73.959515537933854, 19.809886018856666 ], [ 73.959504947694967, 19.809863307003138 ], [ 73.959493943332731, 19.809840776854774 ], [ 73.959482529338743, 19.809818440243813 ], [ 73.959470705712945, 19.809796301396087 ], [ 73.95945848323521, 19.809774367072968 ], [ 73.959445859210518, 19.809752644880909 ], [ 73.959432840825428, 19.809731139890953 ], [ 73.959419428978222, 19.809709861399913 ], [ 73.959405631753768, 19.809688812788472 ], [ 73.95937690722424, 19.809647460139935 ], [ 73.959364394590636, 19.809630440380939 ], [ 73.959351572936598, 19.809613632754367 ], [ 73.959338444058716, 19.809597047402221 ], [ 73.959325014245209, 19.809580686014876 ], [ 73.959311287089378, 19.80956455535366 ], [ 73.959297264387772, 19.809548659644378 ], [ 73.959282953326991, 19.809533003958112 ], [ 73.959273356624834, 19.809522872216444 ], [ 73.958978472954698, 19.80933688009959 ], [ 73.95884888558507, 19.809268122257528 ], [ 73.958746209944735, 19.809220320094518 ], [ 73.958611054816998, 19.809161743831787 ], [ 73.958459393145901, 19.809118313645083 ], [ 73.958335574757001, 19.809023976108993 ], [ 73.958184914707459, 19.808903550956728 ], [ 73.957957824196882, 19.808807606642617 ], [ 73.95770229122779, 19.808808765358052 ], [ 73.957538696336456, 19.808847290317338 ], [ 73.957418717347124, 19.808876224387074 ], [ 73.957320212584648, 19.80892602799274 ], [ 73.957237549612202, 19.809012013718991 ], [ 73.957143948752829, 19.809102962173768 ], [ 73.957061084557765, 19.809204342370489 ], [ 73.956989160046234, 19.8093007571984 ], [ 73.956885021050283, 19.809365867325237 ], [ 73.956726995713709, 19.809394201238703 ], [ 73.956568837426474, 19.809432797049428 ], [ 73.956416512798683, 19.809440683213566 ], [ 73.95624868504575, 19.809386725818918 ], [ 73.956120102890907, 19.809240980840226 ], [ 73.95607278413334, 19.809117039990269 ], [ 73.955944403201116, 19.80895589764032 ], [ 73.95544325915526, 19.808586530175003 ], [ 73.955431687057796, 19.808573314376847 ], [ 73.955412235836931, 19.808550056361128 ], [ 73.955407272644976, 19.808544060780687 ], [ 73.955402199858568, 19.808538149716224 ], [ 73.955397020172626, 19.808532325703236 ], [ 73.955391733587177, 19.80852659212244 ], [ 73.955386341898873, 19.808520947283469 ], [ 73.955380848700884, 19.808515393721812 ], [ 73.955375253993296, 19.808509934818158 ], [ 73.955369559572716, 19.808504572262816 ], [ 73.955363768134077, 19.808499306055829 ], [ 73.955357878779068, 19.808494137042327 ], [ 73.955351897795921, 19.80848907029333 ], [ 73.955345823387958, 19.808484103273372 ], [ 73.955339659148507, 19.80847924105338 ], [ 73.955333405975807, 19.808474482788238 ], [ 73.955327064768198, 19.808469831013447 ], [ 73.955320640915616, 19.808465287419335 ], [ 73.955314132621382, 19.808460852851063 ], [ 73.955307544377064, 19.808456527308682 ], [ 73.955306352312689, 19.808455774268747 ], [ 73.95530087797934, 19.808452315017963 ], [ 73.955294133428197, 19.808448214288571 ], [ 73.955287314316877, 19.808444229346421 ], [ 73.955280423340326, 19.808440357655972 ], [ 73.955273462295196, 19.808436604288204 ], [ 73.955266431181471, 19.808432968397934 ], [ 73.955259335389044, 19.808429450830431 ], [ 73.955252173121281, 19.80842605327592 ], [ 73.955244949768087, 19.808422778269986 ], [ 73.955237668922706, 19.808419623277089 ], [ 73.955230328788531, 19.808416591677911 ], [ 73.95522293295879, 19.808413684317621 ], [ 73.955215485026756, 19.808410901196265 ], [ 73.955207985890794, 19.808408243158929 ], [ 73.95520043824574, 19.808405712741127 ], [ 73.955192844786666, 19.808403309097777 ], [ 73.955185206411784, 19.808401033919129 ], [ 73.955177527612733, 19.808398886360035 ], [ 73.955169809287838, 19.808396868110908 ], [ 73.9551620550303, 19.808394980016807 ], [ 73.955154264840161, 19.8083932220778 ], [ 73.955146443208974, 19.808391595139046 ], [ 73.955138591933405, 19.808390100045653 ], [ 73.955130711911735, 19.808388735952583 ], [ 73.955122809432169, 19.808387505395213 ], [ 73.955114882698112, 19.808386405838135 ], [ 73.955106936201076, 19.808385440661972 ], [ 73.95509897263608, 19.808384609021527 ], [ 73.955090992901447, 19.808383910071687 ], [ 73.955082999692038, 19.808383346347959 ], [ 73.955074996601155, 19.808382915314787 ], [ 73.955066987222096, 19.808382617817394 ], [ 73.95505896975817, 19.808382454700943 ], [ 73.955050951395947, 19.808382426810542 ], [ 73.955042931237088, 19.808382533301113 ], [ 73.955034912874865, 19.808382773327409 ], [ 73.955026899004224, 19.808383146889472 ], [ 73.955018893218394, 19.808383655677613 ], [ 73.955010893720811, 19.808384297156358 ], [ 73.955002907697917, 19.808385073861196 ], [ 73.95499493514977, 19.808385983256624 ], [ 73.954986978771316, 19.808387025342633 ], [ 73.954979042155799, 19.808388200119229 ], [ 73.954971125303175, 19.808389509276733 ], [ 73.954963233603408, 19.808390948589324 ], [ 73.954955367056456, 19.808392519747333 ], [ 73.95494752925562, 19.808394221905594 ], [ 73.954939721997462, 19.808396055909274 ], [ 73.954931948875327, 19.808398019222867 ], [ 73.954924210787453, 19.808400112691505 ], [ 73.95491651132717, 19.808402333779728 ], [ 73.954908851392759, 19.808404684177859 ], [ 73.954902621576238, 19.808406710033385 ], [ 73.954901233679138, 19.808407162195543 ], [ 73.954893660881268, 19.808409765297288 ], [ 73.954886135694153, 19.808412495173467 ], [ 73.954878659914343, 19.808415350133671 ], [ 73.954871237135151, 19.808418330177943 ], [ 73.954863867356565, 19.808421432770739 ], [ 73.954856555070151, 19.808424657066965 ], [ 73.954849300275924, 19.808428003911708 ], [ 73.954842105668817, 19.808431469924326 ], [ 73.954834974842086, 19.808435056795176 ], [ 73.954827909592382, 19.808438761143535 ], [ 73.954820910818, 19.80844258212429 ], [ 73.95481398301051, 19.808446518892207 ], [ 73.954807124373346, 19.80845057060219 ], [ 73.954795372612779, 19.808457888020531 ], [ 73.954767500584467, 19.80847548937685 ], [ 73.954750841327538, 19.808485616114233 ], [ 73.954739316840744, 19.808492621666044 ], [ 73.954710827669814, 19.808509285733432 ], [ 73.954689436986271, 19.808521315774239 ], [ 73.954682047444749, 19.808525472282405 ], [ 73.954652980657087, 19.808541176242112 ], [ 73.95462363898497, 19.808556394232035 ], [ 73.954594026919949, 19.808571121181348 ], [ 73.954564157936758, 19.80858535286438 ], [ 73.954534039221912, 19.808599085055469 ], [ 73.95450368065687, 19.808612312683763 ], [ 73.954473091224841, 19.808625033213907 ], [ 73.954442279010593, 19.808637240729894 ], [ 73.954411255692236, 19.808648934386675 ], [ 73.954380030252963, 19.808660108268203 ], [ 73.954348608082654, 19.808670758993991 ], [ 73.954317006249269, 19.808680884873755 ], [ 73.954285227447784, 19.808690479991576 ], [ 73.954253285152888, 19.808699546037751 ], [ 73.954221188347788, 19.808708075406024 ], [ 73.954188946913931, 19.808716068941564 ], [ 73.954156569834453, 19.808723522418653 ], [ 73.954111943327774, 19.808732867366167 ], [ 73.954110496141851, 19.808733164862897 ], [ 73.954094444146051, 19.808736473668905 ], [ 73.954093279929452, 19.808736734823718 ], [ 73.954077011439651, 19.8087403732425 ], [ 73.954059648801845, 19.808744562706224 ], [ 73.954045945900489, 19.808748113228067 ], [ 73.954042361622498, 19.808749042060128 ], [ 73.954025156189857, 19.808753807923477 ], [ 73.954008036995518, 19.808758861141492 ], [ 73.953991010327584, 19.808764200023724 ], [ 73.953974079779428, 19.808769822034744 ], [ 73.953957250740899, 19.808775724638984 ], [ 73.953940528601905, 19.808781907836437 ], [ 73.953923919650606, 19.80878836909157 ], [ 73.953907428378614, 19.808795105868892 ], [ 73.953891060175835, 19.808802115632865 ], [ 73.953875472609013, 19.8088091042675 ], [ 73.953874816838862, 19.808809399228629 ], [ 73.953874046982676, 19.808809759267113 ], [ 73.953858707350875, 19.80881695074002 ], [ 73.95384273440682, 19.808824770166986 ], [ 73.953826903396561, 19.808832854128827 ], [ 73.953811220608301, 19.808841200090079 ], [ 73.953795687838721, 19.808849806360346 ], [ 73.953780312274347, 19.808858670404085 ], [ 73.953765098406706, 19.808867788840661 ], [ 73.953750048032433, 19.808877158289338 ], [ 73.953747937889815, 19.808878523223413 ], [ 73.953735170134664, 19.808886777059797 ], [ 73.953720464713484, 19.808896642616467 ], [ 73.953709958017924, 19.808903954098202 ], [ 73.953705940751973, 19.808906749043199 ], [ 73.953691600046781, 19.808917098030275 ], [ 73.953677446191151, 19.80892768197117 ], [ 73.953663486371653, 19.808938500020751 ], [ 73.953649723283192, 19.808949548798278 ], [ 73.953636158722375, 19.808960823232738 ], [ 73.953622800774113, 19.808972320788602 ], [ 73.953609652133295, 19.808984038930376 ], [ 73.953596716393193, 19.808995974277355 ], [ 73.953588795947354, 19.809003537612099 ], [ 73.953583997147092, 19.809008120913351 ], [ 73.953571497089911, 19.809020477148042 ], [ 73.953559225204827, 19.809033039600699 ], [ 73.953547178796853, 19.809045803200313 ], [ 73.953535366849181, 19.809058762030766 ], [ 73.95352378756516, 19.809071916937125 ], [ 73.95351244992797, 19.809085261158089 ], [ 73.953501353937583, 19.809098789622645 ], [ 73.953490504085579, 19.809112500640413 ], [ 73.953479862642737, 19.809126444920942 ], [ 73.953461969998912, 19.809150760991407 ], [ 73.953403003685338, 19.809230897254029 ], [ 73.953271584650864, 19.80941890266006 ], [ 73.953246666283164, 19.809442789345859 ], [ 73.953221322114061, 19.809466257675197 ], [ 73.953195558431702, 19.809489303422477 ], [ 73.953169382422658, 19.809511917291196 ], [ 73.953142803968333, 19.809534094210527 ], [ 73.953115829356989, 19.809555824884018 ], [ 73.953088469368382, 19.809577105931144 ], [ 73.953060731189055, 19.809597928900548 ], [ 73.95303262200548, 19.809618288721499 ], [ 73.953004152597487, 19.809638176942574 ], [ 73.952975330151631, 19.809657590183328 ], [ 73.952946162752653, 19.809676520837563 ], [ 73.952916660282085, 19.809694962989326 ], [ 73.952886832621402, 19.809712912412994 ], [ 73.952856686957105, 19.809730362347533 ], [ 73.952826234068965, 19.809747306876996 ], [ 73.952795482041822, 19.809763745156374 ], [ 73.952764441655532, 19.809779666198811 ], [ 73.952733120096497, 19.809795068314159 ], [ 73.952701529941237, 19.809809945586462 ], [ 73.952669676579546, 19.809824296325605 ], [ 73.952637576181203, 19.809838112925249 ], [ 73.95260523233938, 19.809851392850142 ], [ 73.952572656732244, 19.809864131029435 ], [ 73.95253986193616, 19.809876324927838 ], [ 73.952506854239388, 19.809887967784203 ], [ 73.952473645319955, 19.809899061289006 ], [ 73.952440245059364, 19.809909596990735 ], [ 73.952406664237415, 19.809919574889584 ], [ 73.95237291183723, 19.809928989914678 ], [ 73.952366072064663, 19.809930775726833 ], [ 73.952338998638638, 19.809937840375795 ], [ 73.952304938116328, 19.809946122892462 ], [ 73.952270734761868, 19.809953835774422 ], [ 73.952236402948373, 19.809960977331485 ], [ 73.952201952557218, 19.809967543337883 ], [ 73.952167394368246, 19.809973532948611 ], [ 73.952132737364551, 19.809978942783076 ], [ 73.952097993224314, 19.809983775376814 ], [ 73.952063172727293, 19.809988023968629 ], [ 73.952028284856596, 19.809991690248893 ], [ 73.95202644331026, 19.809991853363702 ], [ 73.951993342188658, 19.809994774217621 ], [ 73.95195835640159, 19.809997270803915 ], [ 73.951923332885329, 19.809999181698167 ], [ 73.951888287809467, 19.810000507745507 ], [ 73.951853230157184, 19.810001247255638 ], [ 73.951818169809954, 19.810001400228604 ], [ 73.951783119344213, 19.810000964974058 ], [ 73.951748085946448, 19.809999944027481 ], [ 73.951713083989702, 19.809998335698559 ], [ 73.951678121558842, 19.809996141677541 ], [ 73.951612355896899, 19.809990414910725 ], [ 73.951588370878795, 19.809987739151559 ], [ 73.951564338250009, 19.809984646731152 ], [ 73.951540576014125, 19.809981184132962 ], [ 73.951516781438869, 19.809977308254144 ], [ 73.951493064118736, 19.809973030926795 ], [ 73.951469432138566, 19.80996835806695 ], [ 73.951445893583156, 19.809963288829472 ], [ 73.951422454740793, 19.809957826594886 ], [ 73.951399122797909, 19.809951972208317 ], [ 73.951375905839384, 19.80994572566976 ], [ 73.951373579202809, 19.80994505715233 ], [ 73.951352809255127, 19.809939092050037 ], [ 73.951329840231594, 19.809932071349152 ], [ 73.95130700685371, 19.809924665257341 ], [ 73.951284316307962, 19.809916876310027 ], [ 73.951261773085903, 19.809908707887743 ], [ 73.951239387069037, 19.809900163371086 ], [ 73.951230671614127, 19.809896665274586 ], [ 73.951228526437262, 19.809895803216484 ], [ 73.9512171636472, 19.809891241914837 ], [ 73.951195108210371, 19.809881950280175 ], [ 73.951173232436545, 19.809872285931526 ], [ 73.951151536325824, 19.809862259010739 ], [ 73.951130029759611, 19.809851866982221 ], [ 73.951108720822731, 19.809841114071734 ], [ 73.951087613108527, 19.809830005350129 ], [ 73.951066714701753, 19.809818543352776 ], [ 73.951046031890655, 19.809806730615062 ], [ 73.951025570963424, 19.809794572207871 ], [ 73.951076728222205, 19.809691918737126 ], [ 73.951122961814946, 19.809599150151829 ], [ 73.951168767809605, 19.809465377021283 ], [ 73.951206005673058, 19.809356627214505 ], [ 73.951189505417929, 19.809278663072025 ], [ 73.951169254696467, 19.809182986054338 ], [ 73.951103088385921, 19.808870358128459 ], [ 73.951101173177705, 19.808861308995226 ], [ 73.950959666062602, 19.808192745909476 ], [ 73.950957496631176, 19.808182496604648 ], [ 73.95094757024728, 19.808135596750915 ], [ 73.950892570894027, 19.807874002108534 ], [ 73.950836513325356, 19.807607378291401 ], [ 73.950791145708536, 19.807391599361143 ], [ 73.950759507942564, 19.807241127214066 ], [ 73.95071448168558, 19.807026985726996 ], [ 73.950671357162051, 19.806821877143193 ], [ 73.950619121026605, 19.8065599042386 ], [ 73.950567089707022, 19.806308536992368 ], [ 73.950542501919372, 19.806205674204232 ], [ 73.950537340199759, 19.806183282991633 ], [ 73.950517670688299, 19.806097955818235 ], [ 73.950449114859083, 19.805760765214387 ], [ 73.950376177047886, 19.805402010003331 ], [ 73.950305520957542, 19.805073890093581 ], [ 73.95028266063018, 19.804957829847833 ], [ 73.950252153843152, 19.804802942703311 ], [ 73.950216559896617, 19.804625773004815 ], [ 73.95017021221787, 19.804235025827573 ], [ 73.950144191617355, 19.804028546133097 ], [ 73.950125061993361, 19.803855453600065 ], [ 73.950117787436199, 19.803789643093129 ], [ 73.950088674834461, 19.803539143704878 ], [ 73.950081191868136, 19.803404052054066 ], [ 73.950088081048079, 19.803205416340134 ], [ 73.950098362266502, 19.803122137157825 ], [ 73.95010037539106, 19.803105266299525 ], [ 73.950113969596231, 19.80299128463454 ], [ 73.95012410618591, 19.802910305107972 ], [ 73.95011596924607, 19.802867613603173 ], [ 73.950064230777272, 19.802717857281959 ], [ 73.95001705215688, 19.802565157854456 ], [ 73.950016079281426, 19.802562006971375 ], [ 73.950006320882494, 19.802523533737347 ], [ 73.949994761361395, 19.802477949028294 ], [ 73.9498930226639, 19.802485593811589 ], [ 73.949827242628913, 19.802456874104202 ], [ 73.949768921305719, 19.802416139103595 ], [ 73.949670124590767, 19.802347134009064 ], [ 73.949594391222433, 19.802282528972189 ], [ 73.94955653082647, 19.802247990901499 ], [ 73.949442548989964, 19.802115884233203 ], [ 73.949368190043998, 19.802029698694149 ], [ 73.9492964272292, 19.801946525391386 ], [ 73.949148703772309, 19.801775312004576 ], [ 73.949055011284813, 19.801666721754877 ], [ 73.948914718691938, 19.801504123186657 ], [ 73.948807304438461, 19.801379626929258 ], [ 73.948659758847995, 19.801208620852016 ], [ 73.948568042654117, 19.801077328940622 ], [ 73.948496435247876, 19.800974821136435 ], [ 73.948467172627502, 19.800933121380236 ], [ 73.948375541773558, 19.800802542593168 ], [ 73.948337782887251, 19.800748732715167 ], [ 73.948224428074809, 19.80058719394059 ], [ 73.94821698373606, 19.80057646068882 ], [ 73.94810720960831, 19.800418176625211 ], [ 73.947925096845708, 19.800158082214175 ], [ 73.947916513443175, 19.800146003364269 ], [ 73.947687328061363, 19.79982356763114 ], [ 73.947669532435583, 19.79979769326086 ], [ 73.94752888231325, 19.799593177992474 ], [ 73.947493051211481, 19.799512948973721 ], [ 73.947386237032646, 19.799273777984045 ], [ 73.94737181997067, 19.799240981241461 ], [ 73.947279580058961, 19.799031144643713 ], [ 73.947242998863956, 19.798947926667886 ], [ 73.947242678165409, 19.798947138929236 ], [ 73.947215287634066, 19.798879891219826 ], [ 73.947170038594905, 19.79876880138676 ], [ 73.94709654831982, 19.798588368356288 ], [ 73.947010018998384, 19.798375923406155 ], [ 73.946959224658968, 19.798251213397354 ], [ 73.946945156143286, 19.798206903742393 ], [ 73.946815236397015, 19.797971666971954 ], [ 73.947135386082806, 19.798005652352835 ], [ 73.947320834290068, 19.798032468587376 ], [ 73.94734465581476, 19.798034507253234 ], [ 73.947490258349276, 19.798046964075841 ], [ 73.947623789322989, 19.798058387195951 ], [ 73.947662414185288, 19.79806169199788 ], [ 73.947770704296161, 19.798074564665484 ], [ 73.947924707875188, 19.79809890101977 ], [ 73.948176460733592, 19.79812811512069 ], [ 73.948277865257779, 19.798140002259391 ], [ 73.948413183878912, 19.798155863609331 ], [ 73.948669879267996, 19.798185951654364 ], [ 73.949265797372959, 19.798255796163136 ], [ 73.949492468370295, 19.798283997665649 ], [ 73.949596275887885, 19.79829691173089 ], [ 73.949750318992827, 19.79830715575601 ], [ 73.949909620835413, 19.798302829092357 ], [ 73.950110691643758, 19.798285617946028 ], [ 73.9503659155924, 19.798266413776709 ], [ 73.950538480161853, 19.798262851187918 ], [ 73.95110644539011, 19.798218085119 ], [ 73.95113149670847, 19.798216109846763 ], [ 73.951266717413233, 19.798206336601723 ], [ 73.951473295792582, 19.798201594088482 ], [ 73.951550273327598, 19.798195566845074 ], [ 73.951700327912647, 19.798183820861794 ], [ 73.951794966326162, 19.798176409997012 ], [ 73.95193262056705, 19.79816563263137 ], [ 73.952069899312136, 19.798154884002383 ], [ 73.952119739640722, 19.798151027275463 ], [ 73.952795877300559, 19.798055330888047 ], [ 73.952854350439054, 19.79804705366891 ], [ 73.953036165859288, 19.798027093000652 ], [ 73.953323315933105, 19.797995562138055 ], [ 73.953703824321153, 19.797953776234216 ], [ 73.953760304996322, 19.797947572330727 ], [ 73.95391418909945, 19.797934903350491 ], [ 73.954219735771986, 19.797909639766264 ], [ 73.954372335284248, 19.797897020650915 ], [ 73.95438589894674, 19.79789419592986 ], [ 73.954532221031783, 19.797863703815022 ], [ 73.954546626415663, 19.797860220667786 ], [ 73.954602650746693, 19.797846675188488 ], [ 73.954650733970595, 19.797835050045801 ], [ 73.954720553729402, 19.797824942915813 ], [ 73.954862693258505, 19.797804367745282 ], [ 73.954954761591949, 19.797791040327812 ], [ 73.954981128043855, 19.797787223317371 ], [ 73.955181305926828, 19.797758244124928 ], [ 73.95531409309551, 19.797739018761462 ], [ 73.955425277578229, 19.797722922398911 ], [ 73.955568683731869, 19.797703676745911 ], [ 73.955760659996272, 19.79767905887298 ], [ 73.95590944705846, 19.79765997803257 ], [ 73.956130135275998, 19.797631674147837 ], [ 73.956164399715874, 19.797629588144499 ], [ 73.956450511337266, 19.797612163929859 ], [ 73.956610131183453, 19.797602443051392 ], [ 73.956855179914868, 19.797587517305303 ], [ 73.957051192309876, 19.797575575185991 ], [ 73.957283645762686, 19.797506279772279 ], [ 73.95732483980666, 19.797488405041417 ], [ 73.957425390033038, 19.797447636650649 ], [ 73.95750438518418, 19.797415606992725 ], [ 73.957623703013468, 19.7973672282086 ], [ 73.957663383396223, 19.797342329670016 ], [ 73.958566872078052, 19.796775359022551 ], [ 73.95882901395268, 19.796610837640163 ], [ 73.958862318991834, 19.796575591729866 ], [ 73.959237863289616, 19.796465171398179 ], [ 73.959490419241888, 19.796390907258338 ], [ 73.959817708737546, 19.796327921794383 ], [ 73.960185464641825, 19.796256440924513 ], [ 73.960587112185124, 19.796181296805106 ], [ 73.961506846898871, 19.795992173579453 ], [ 73.961573998661322, 19.795977959365121 ], [ 73.962463089145785, 19.795438638999457 ], [ 73.962570408177825, 19.795373534161705 ], [ 73.962647724377717, 19.795326629687469 ], [ 73.963617965970002, 19.794737963118411 ], [ 73.964418318175731, 19.794246956596449 ], [ 73.96457738735468, 19.794125145057468 ], [ 73.966593530245746, 19.792580939582365 ], [ 73.966937926359364, 19.792300172803429 ], [ 73.967467309844508, 19.792189227987574 ], [ 73.969938969551521, 19.791671047214336 ], [ 73.970169046062097, 19.791622796007971 ], [ 73.970230243790823, 19.791633838380459 ], [ 73.971268369272508, 19.791821159637106 ], [ 73.971375905696846, 19.791840564063243 ], [ 73.971616832059425, 19.792012477015401 ], [ 73.972505872238244, 19.79264685868943 ], [ 73.9726216848413, 19.792670425008705 ], [ 73.972840677039585, 19.79271498724296 ], [ 73.973443202253463, 19.792837590165547 ], [ 73.973734852886878, 19.792884776839866 ], [ 73.973770446833385, 19.792890536341599 ], [ 73.973821108222154, 19.792870292714746 ], [ 73.974054724094913, 19.79277693871018 ], [ 73.974190969777425, 19.792771001702672 ], [ 73.97432709688232, 19.79276507061163 ], [ 73.974980344570398, 19.792736597652578 ], [ 73.975229837267534, 19.792725717643833 ], [ 73.975420913420052, 19.792717386051805 ], [ 73.97656715114617, 19.792581805960499 ], [ 73.977411034812278, 19.792484229775663 ], [ 73.977448720935072, 19.792483431862024 ], [ 73.977529389647586, 19.792482950916192 ], [ 73.977625734860112, 19.792482376147898 ], [ 73.977708936821742, 19.792481879142365 ], [ 73.977825491433222, 19.792481182658445 ], [ 73.977926868109662, 19.792480324732228 ], [ 73.978117254356036, 19.79244158872487 ], [ 73.978298161579531, 19.792083930207117 ], [ 73.97946901494106, 19.79205801738776 ], [ 73.979583586072394, 19.792055982026358 ], [ 73.980908458284333, 19.792032417306622 ], [ 73.98104392063594, 19.792030004963436 ], [ 73.981306226003952, 19.792025333267176 ], [ 73.982899161784871, 19.791996915117114 ], [ 73.983026267109395, 19.791890814221372 ], [ 73.983047393688224, 19.792096231124198 ], [ 73.983038734827204, 19.792159219107717 ], [ 73.983028476066693, 19.792233830083187 ], [ 73.983009811770017, 19.792489517643823 ], [ 73.983049536170199, 19.793106716139576 ], [ 73.983061416389816, 19.793291276789539 ], [ 73.983061628392235, 19.793294579999909 ], [ 73.983063826569733, 19.79332875233284 ], [ 73.983097115439193, 19.793679673172893 ], [ 73.983109664903708, 19.793811959272539 ], [ 73.983115415918178, 19.793872586666893 ], [ 73.983132795623973, 19.794108191257273 ], [ 73.983165573352082, 19.794235561940877 ], [ 73.983187972843666, 19.794322608771594 ], [ 73.983211365871981, 19.794399600611957 ], [ 73.983250318619355, 19.794904999319076 ], [ 73.983263251664496, 19.795072787602518 ], [ 73.983273260693394, 19.795202640809087 ], [ 73.98335930941613, 19.795452874392744 ], [ 73.983441216007108, 19.795691062204284 ], [ 73.983480844287556, 19.795899943870143 ], [ 73.983517574602885, 19.796093556213048 ], [ 73.983620719163824, 19.796637207830635 ], [ 73.983642299391889, 19.796750944705209 ], [ 73.983659257787835, 19.79684033058674 ], [ 73.983678064916603, 19.79693945593251 ], [ 73.983683029006855, 19.796965617298323 ], [ 73.983773534271762, 19.797145169755833 ], [ 73.983900513832111, 19.797397085657288 ], [ 73.983931731186544, 19.797590034371595 ], [ 73.984013913560304, 19.798097950995082 ], [ 73.9840320990549, 19.798143798976149 ], [ 73.984251286187629, 19.798696455268235 ], [ 73.984378799347255, 19.79901795594386 ], [ 73.984633292067215, 19.799659596250077 ], [ 73.984742446357401, 19.799934793651669 ], [ 73.984826693059702, 19.800147190879791 ], [ 73.984827403627108, 19.800151116865322 ], [ 73.984868935437603, 19.80037988628245 ], [ 73.98492489868319, 19.80068815189048 ], [ 73.985061603404816, 19.801441083963017 ], [ 73.985173186739502, 19.802055583689082 ], [ 73.985199770583705, 19.802191471814094 ], [ 73.985633647882807, 19.804408985106576 ], [ 73.985694382080837, 19.804570226722806 ], [ 73.98576964473196, 19.804770034691032 ], [ 73.985770319366736, 19.804771824787025 ], [ 73.985776479114634, 19.804788178217144 ], [ 73.986058054243841, 19.80553568090361 ], [ 73.986081893734848, 19.805598965296998 ], [ 73.986114801718657, 19.805686325389601 ], [ 73.986117891024904, 19.805686490199204 ], [ 73.986221402996776, 19.806102824872401 ], [ 73.98625741735485, 19.806247670079994 ], [ 73.986327215554084, 19.806594471799571 ], [ 73.986365934739482, 19.806849317318683 ], [ 73.98649843444727, 19.807100251828683 ], [ 73.986540445958155, 19.807163888035376 ], [ 73.986749980693091, 19.807768456929622 ], [ 73.986816179343023, 19.808067163778038 ], [ 73.986983326173004, 19.808821325291937 ], [ 73.987094118091917, 19.809357234882988 ], [ 73.987095928197235, 19.809365992408576 ], [ 73.987127097940956, 19.809516754124868 ], [ 73.987159133660612, 19.809671700911849 ], [ 73.987165952771946, 19.809704683974175 ], [ 73.98725306959156, 19.810643869282782 ], [ 73.987255365685442, 19.810668616993357 ], [ 73.987275799663195, 19.810717623905912 ], [ 73.987444973092437, 19.812059019371233 ], [ 73.987637408395997, 19.813116570131125 ], [ 73.987725748721019, 19.814063524036445 ], [ 73.987583263340539, 19.814094124604075 ], [ 73.987480862584675, 19.814104219713844 ], [ 73.986856094186038, 19.814165807053008 ], [ 73.986212427030438, 19.814445154307975 ], [ 73.986203079161612, 19.814581611608833 ], [ 73.986089914792004, 19.814607296800954 ], [ 73.98608744981486, 19.814926266279297 ], [ 73.986066672680664, 19.815242492682071 ], [ 73.98606410888884, 19.815516392059298 ], [ 73.98592996167082, 19.815523151369973 ], [ 73.985930489880218, 19.815528237332778 ], [ 73.985944649125742, 19.815664277057895 ], [ 73.9859673046372, 19.815881943756512 ], [ 73.986096458120556, 19.81726236790686 ] ] ] } },
{ "type": "Feature", "properties": { "gp_code": "183683", "gp_name": "MUSALGAON", "blklgdcode": "4490", "blk_lgdcod": "4490", "blkname": "Sinnar", "dtname": "Nashik", "stname": "MAHARASHTRA" }, "geometry": { "type": "Polygon", "coordinates": [ [ [ 74.027480124782798, 19.825056633061109 ], [ 74.027157164268473, 19.825071719328943 ], [ 74.027028683623271, 19.825093538301857 ], [ 74.026245815327897, 19.825160663378377 ], [ 74.025747412041966, 19.825206998771765 ], [ 74.025412091607649, 19.825238109309012 ], [ 74.025376139233344, 19.825241440588549 ], [ 74.025044733657055, 19.825287948353306 ], [ 74.024190130394672, 19.825373647202483 ], [ 74.023619823258429, 19.825417312949757 ], [ 74.023555241576034, 19.825422247328024 ], [ 74.023482017202284, 19.825431467068487 ], [ 74.022189985600463, 19.825545856031095 ], [ 74.022024957896249, 19.825560427603811 ], [ 74.02203537116705, 19.824877253237961 ], [ 74.021953609204814, 19.824039126398532 ], [ 74.021907833752891, 19.823931410796611 ], [ 74.021868610612628, 19.823839104327462 ], [ 74.021849510633075, 19.823577951299335 ], [ 74.021828008558415, 19.823283911407632 ], [ 74.021805803102936, 19.822480976625215 ], [ 74.021788834825529, 19.822257237698977 ], [ 74.021762079403103, 19.8219044742142 ], [ 74.02182497764268, 19.819020745957506 ], [ 74.023209329106194, 19.818947902830214 ], [ 74.024106950890925, 19.818939678249663 ], [ 74.02411401075075, 19.818580325695233 ], [ 74.024113626271799, 19.818573390731835 ], [ 74.024095638406536, 19.818249760178929 ], [ 74.024092705407156, 19.818196972026165 ], [ 74.02407236126092, 19.817326911082063 ], [ 74.02404888379094, 19.816941788940206 ], [ 74.024016786087529, 19.816415366874882 ], [ 74.024105686961306, 19.816422106709606 ], [ 74.0250791067931, 19.816495240870271 ], [ 74.025087305716667, 19.816282571367051 ], [ 74.025113418843659, 19.816284238790882 ], [ 74.025134578660186, 19.815677577624395 ], [ 74.025156008869615, 19.815063145731092 ], [ 74.025188957277592, 19.81411829201684 ], [ 74.025234552168172, 19.812616218977222 ], [ 74.025264057333672, 19.810269740764554 ], [ 74.02526850399434, 19.810051872844085 ], [ 74.025451347087241, 19.810214099260602 ], [ 74.025974340855768, 19.810620276889953 ], [ 74.026327821631867, 19.810856292781878 ], [ 74.02686150984384, 19.811134504054593 ], [ 74.027175852819639, 19.811194500284817 ], [ 74.02763098695327, 19.811235488272381 ], [ 74.027988844321442, 19.811447778293306 ], [ 74.028355937269055, 19.811883974840981 ], [ 74.028466039281838, 19.812059809580436 ], [ 74.02868143462571, 19.812122054387594 ], [ 74.029087880070975, 19.812341956264522 ], [ 74.029581901374939, 19.812673507664297 ], [ 74.029780087692913, 19.812853524970343 ], [ 74.029816096661094, 19.812909190059937 ], [ 74.029923506422975, 19.81307523105087 ], [ 74.030208433166493, 19.813517236823927 ], [ 74.030376758586115, 19.813656765296614 ], [ 74.030588149240458, 19.81383196084488 ], [ 74.030660963982456, 19.813864750353915 ], [ 74.031012580754307, 19.814023064985925 ], [ 74.031419545425805, 19.81412450374112 ], [ 74.031819947904125, 19.814429008082612 ], [ 74.032119130911198, 19.814671578218579 ], [ 74.032231752698351, 19.814828564349984 ], [ 74.032239327292828, 19.815343917137351 ], [ 74.032333204833265, 19.815505113863921 ], [ 74.032496957828101, 19.81563616483896 ], [ 74.03262170776992, 19.815734008252868 ], [ 74.033131997563686, 19.816062223644025 ], [ 74.033477651318719, 19.816241851738649 ], [ 74.033755062756569, 19.816484658278096 ], [ 74.033862326991397, 19.816666624339817 ], [ 74.033968230278532, 19.816846273724703 ], [ 74.034050024580125, 19.816986727215092 ], [ 74.034075749634894, 19.81703089980121 ], [ 74.034270542117739, 19.817365358762665 ], [ 74.034395234567384, 19.817515597375721 ], [ 74.034514070899675, 19.81758054694803 ], [ 74.034530337592855, 19.817582004769985 ], [ 74.034969219406364, 19.817621336378078 ], [ 74.03546857041492, 19.817712326390531 ], [ 74.035740900083198, 19.817858689834146 ], [ 74.035827685424479, 19.818120297631953 ], [ 74.035824820697044, 19.818244492604403 ], [ 74.035820105440109, 19.81844871092343 ], [ 74.035888166297624, 19.818666290144414 ], [ 74.036154700933992, 19.819004382159299 ], [ 74.036280844162818, 19.819115484059367 ], [ 74.036514359424316, 19.819321149769419 ], [ 74.03669808556117, 19.819523366344644 ], [ 74.036732738971565, 19.819723540894376 ], [ 74.036749931827785, 19.819822836213902 ], [ 74.036808226201529, 19.82015948909843 ], [ 74.036852425110126, 19.820549194020217 ], [ 74.036970061293218, 19.821364318901839 ], [ 74.03698204931068, 19.821845238381943 ], [ 74.036984729883486, 19.822219216281518 ], [ 74.036981622610895, 19.822840730228837 ], [ 74.037020853836012, 19.82333214033542 ], [ 74.037052205039402, 19.823596258315806 ], [ 74.037057505099582, 19.823670852857731 ], [ 74.037079721334891, 19.823983520981027 ], [ 74.037106896270558, 19.824365862658052 ], [ 74.037021170042991, 19.824372880186395 ], [ 74.036196735801084, 19.824394696719988 ], [ 74.034878214678187, 19.824524362891022 ], [ 74.034375936958426, 19.824458238962688 ], [ 74.034052749170343, 19.824493840387944 ], [ 74.033500986854847, 19.824554614118487 ], [ 74.033025116011203, 19.824655467276571 ], [ 74.032838661690832, 19.824666339186059 ], [ 74.032576845006318, 19.824707108206212 ], [ 74.032349025063752, 19.824719611954364 ], [ 74.032215546192305, 19.824722613665045 ], [ 74.031966887131787, 19.824760751104126 ], [ 74.03185549603657, 19.824777832624303 ], [ 74.031598850054806, 19.824782645331496 ], [ 74.031306373869668, 19.824821993749623 ], [ 74.030991541312062, 19.824840365693579 ], [ 74.030737371985566, 19.824828308999965 ], [ 74.030572964118889, 19.824820503036147 ], [ 74.030468343625969, 19.824820217400557 ], [ 74.030444074740231, 19.824820150639582 ], [ 74.03002656294899, 19.824852311681408 ], [ 74.029682975319133, 19.824878742260768 ], [ 74.029216288850947, 19.824912532595707 ], [ 74.028974171322304, 19.824930038327238 ], [ 74.02852357637579, 19.824962566109349 ], [ 74.028324248299086, 19.824984575239053 ], [ 74.02813766282469, 19.825006480421536 ], [ 74.027982396214341, 19.825019918798649 ], [ 74.027852286923533, 19.82501877118732 ], [ 74.027480124782798, 19.825056633061109 ] ] ] } },
{ "type": "Feature", "properties": { "gp_code": "183683", "gp_name": "MUSALGAON", "blklgdcode": "4490", "blk_lgdcod": "4490", "blkname": "Sinnar", "dtname": "Nashik", "stname": "MAHARASHTRA" }, "geometry": { "type": "Polygon", "coordinates": [ [ [ 74.080678664030486, 19.861018174140359 ], [ 74.079957405790552, 19.860983294830273 ], [ 74.079893498742933, 19.860980204247454 ], [ 74.079782272039395, 19.860974825720664 ], [ 74.077585492317738, 19.860804325651685 ], [ 74.077510320396456, 19.860798490881479 ], [ 74.076656498668342, 19.860727747866452 ], [ 74.07656165633729, 19.860693163357272 ], [ 74.076079755103137, 19.860517439902221 ], [ 74.076047289090425, 19.860476480683054 ], [ 74.074863057119373, 19.860254448732675 ], [ 74.07473503461496, 19.860250414396727 ], [ 74.07453051158096, 19.860243967907845 ], [ 74.074049153827545, 19.860228799647956 ], [ 74.073812729821171, 19.860190140982819 ], [ 74.072836391363055, 19.860023954070225 ], [ 74.072244795951235, 19.85999140981334 ], [ 74.071945818658392, 19.860006388840883 ], [ 74.071541662120467, 19.860026635745768 ], [ 74.071110110559673, 19.859994835836197 ], [ 74.070244357407958, 19.859931039983689 ], [ 74.070240596161881, 19.859930762860152 ], [ 74.069602568629648, 19.859879195062341 ], [ 74.069187007080899, 19.859845609027275 ], [ 74.068808799278287, 19.859815039240431 ], [ 74.068785042432282, 19.859813119651637 ], [ 74.068475047302471, 19.859758586252571 ], [ 74.067891429828663, 19.859647731610284 ], [ 74.067660495427006, 19.859603868277695 ], [ 74.067014978640273, 19.859480273413027 ], [ 74.066364248929915, 19.859355683169451 ], [ 74.066192438046969, 19.859349414071499 ], [ 74.064077831715949, 19.859371415055623 ], [ 74.063934082405851, 19.859372909669219 ], [ 74.06389307970305, 19.859373142859333 ], [ 74.062982063139117, 19.859378336409119 ], [ 74.062378981868065, 19.859395888189727 ], [ 74.06148482937698, 19.859435763692201 ], [ 74.060428290228586, 19.859409966619094 ], [ 74.059220301411514, 19.859366459765116 ], [ 74.058763820703291, 19.859355298743615 ], [ 74.058212023353462, 19.859341806664467 ], [ 74.057753762184319, 19.859344306699743 ], [ 74.057609496342963, 19.859345091604368 ], [ 74.056959586794491, 19.859494169338401 ], [ 74.056758789972278, 19.859527143746796 ], [ 74.056332231247794, 19.859597184348278 ], [ 74.055674792020625, 19.859722195157417 ], [ 74.054872968374426, 19.85978954807905 ], [ 74.054530127244547, 19.859809989336156 ], [ 74.054020256964023, 19.859840374938099 ], [ 74.053794545367424, 19.859853823040623 ], [ 74.05358614161139, 19.859888078226074 ], [ 74.053283214426216, 19.85993786330571 ], [ 74.053184477000087, 19.859952082783348 ], [ 74.053144440884509, 19.859956215134005 ], [ 74.052321442150429, 19.86004113740815 ], [ 74.052140163024433, 19.860059835628611 ], [ 74.052048558221614, 19.860049618396022 ], [ 74.051460000912101, 19.859983953672128 ], [ 74.051296915365512, 19.859965755616805 ], [ 74.050367344099413, 19.85986201170687 ], [ 74.049391768310969, 19.859885484416658 ], [ 74.047889155436891, 19.859814696215341 ], [ 74.046911457827761, 19.859768576228568 ], [ 74.046664356445902, 19.859743489761936 ], [ 74.046499344013085, 19.85974166311011 ], [ 74.045695629413188, 19.859732746987483 ], [ 74.0450147046312, 19.859725164945491 ], [ 74.044270079414105, 19.859716845314242 ], [ 74.043475821379218, 19.859707936794187 ], [ 74.042877612570294, 19.85970120302067 ], [ 74.042792528638145, 19.859700244915338 ], [ 74.042387864552126, 19.85970259624434 ], [ 74.042390060034663, 19.857828427272992 ], [ 74.042397735240471, 19.85720424263501 ], [ 74.042423585161075, 19.85592879676301 ], [ 74.042423621991986, 19.855927391677422 ], [ 74.042487202052854, 19.853578426917647 ], [ 74.042505305800788, 19.853422012223895 ], [ 74.042488675289931, 19.851965574592619 ], [ 74.042475991976431, 19.85171412285565 ], [ 74.042426168715821, 19.850726287132126 ], [ 74.042401069786791, 19.85050784773664 ], [ 74.042307491385316, 19.849627559958368 ], [ 74.042268728182492, 19.849376353775796 ], [ 74.042201338366496, 19.848902638018959 ], [ 74.042167337133037, 19.848663614851503 ], [ 74.042139754362225, 19.848433223334006 ], [ 74.042136647987959, 19.848257597834465 ], [ 74.041944634892602, 19.847223122664719 ], [ 74.041918749937707, 19.847103346657264 ], [ 74.041796730874324, 19.846418215916696 ], [ 74.041503276423853, 19.844301233697255 ], [ 74.041226256651484, 19.843139587232944 ], [ 74.041231234216468, 19.842966211126235 ], [ 74.04117111087281, 19.842717553847919 ], [ 74.041123843319198, 19.842411859898853 ], [ 74.04084520837597, 19.8408594757048 ], [ 74.040741004701289, 19.840282111332741 ], [ 74.040466919724949, 19.838763355126432 ], [ 74.040476281068536, 19.838695193909786 ], [ 74.040481674553519, 19.838656662664601 ], [ 74.040491240712967, 19.838588343386679 ], [ 74.040503816228636, 19.838498544951573 ], [ 74.040520655148626, 19.838378286625236 ], [ 74.04053305189953, 19.838289757267439 ], [ 74.040539337411587, 19.838236367368669 ], [ 74.040539602414611, 19.838234124727183 ], [ 74.040531229217834, 19.838171605379635 ], [ 74.040453279705702, 19.837589376665644 ], [ 74.040439553448152, 19.837486845926094 ], [ 74.04042498457089, 19.837378031634394 ], [ 74.040384484924601, 19.837075496195677 ], [ 74.040376757616542, 19.836980676694921 ], [ 74.040283718204236, 19.836164610297399 ], [ 74.040229432113307, 19.835941247235642 ], [ 74.040218853552517, 19.835897722118386 ], [ 74.040215829823282, 19.835868569037476 ], [ 74.040151719756395, 19.835250628936326 ], [ 74.040117459808101, 19.834920349911958 ], [ 74.03989579961339, 19.832989925232631 ], [ 74.039902192024982, 19.832824574310376 ], [ 74.039902747183817, 19.832810202831659 ], [ 74.039887594401605, 19.832698998960758 ], [ 74.039861023133838, 19.832503988706566 ], [ 74.03964068795419, 19.830886467224989 ], [ 74.039546255254876, 19.830193035759525 ], [ 74.039416092065181, 19.829121534388538 ], [ 74.039278415366397, 19.827952256718174 ], [ 74.039161149289228, 19.827128884847415 ], [ 74.039158404037735, 19.827074024167008 ], [ 74.039153088706172, 19.82696784018842 ], [ 74.039149568208586, 19.826897476742495 ], [ 74.038995190930379, 19.825526965294536 ], [ 74.038944301369526, 19.825074988921546 ], [ 74.038857755878425, 19.82419559961286 ], [ 74.038815506313966, 19.823575512391866 ], [ 74.038775238433047, 19.822984176786367 ], [ 74.038643702617577, 19.821713113342266 ], [ 74.038578826287775, 19.82099598930299 ], [ 74.03849746227921, 19.820135233023251 ], [ 74.038318540332511, 19.820030285017371 ], [ 74.038167884774523, 19.819912870001442 ], [ 74.038020808104619, 19.819783780653861 ], [ 74.03824979855203, 19.819619163061475 ], [ 74.03842012631641, 19.819530756777528 ], [ 74.038779621313324, 19.819506913017158 ], [ 74.039066509079078, 19.819594699008412 ], [ 74.039430660942443, 19.819783030202899 ], [ 74.040114030938639, 19.819954766761185 ], [ 74.040506489614927, 19.820128128262457 ], [ 74.040824952264614, 19.820012944386058 ], [ 74.041484587872702, 19.820048438634025 ], [ 74.042069171933719, 19.820065782641866 ], [ 74.042495948948783, 19.82007844563411 ], [ 74.0429822797756, 19.820134293271387 ], [ 74.043134819999068, 19.82014842588795 ], [ 74.043160168659767, 19.820015531240919 ], [ 74.043254606748945, 19.819520460032528 ], [ 74.043298025919896, 19.819385806197928 ], [ 74.043402425427274, 19.818504200806917 ], [ 74.043481779006214, 19.818034212881688 ], [ 74.043545055436496, 19.817659363965902 ], [ 74.043588841120084, 19.817399934961589 ], [ 74.043660487153886, 19.816899183177767 ], [ 74.043697009060082, 19.816643862747501 ], [ 74.04372812041332, 19.816484061623353 ], [ 74.043727753900669, 19.816441281643474 ], [ 74.043724650221364, 19.816078504077947 ], [ 74.043724555898265, 19.816067396637138 ], [ 74.04373950206795, 19.815917903744385 ], [ 74.043775644885102, 19.815334967252184 ], [ 74.043788108111357, 19.815133893032534 ], [ 74.04376262290674, 19.814978525622692 ], [ 74.043762337242455, 19.814884626803757 ], [ 74.043761219738272, 19.814520382765988 ], [ 74.043760829869427, 19.814393171147181 ], [ 74.043746653555942, 19.814236882664897 ], [ 74.043753031594463, 19.813877968247802 ], [ 74.043753189697952, 19.813869070678432 ], [ 74.043746331959042, 19.81368571201358 ], [ 74.043739272099245, 19.813496891024286 ], [ 74.043724731968055, 19.813107993671551 ], [ 74.043717196899451, 19.812906394340111 ], [ 74.043723500377808, 19.812787320970298 ], [ 74.043721412693088, 19.812591550167749 ], [ 74.04371116291567, 19.811628808626285 ], [ 74.043710602366957, 19.811576054616829 ], [ 74.043700261859698, 19.811445668806964 ], [ 74.043767790914572, 19.811378880224176 ], [ 74.043837546893016, 19.811311238014426 ], [ 74.043840735013958, 19.81130814815517 ], [ 74.043869667952634, 19.81128009094591 ], [ 74.04396061518861, 19.811190920237379 ], [ 74.043983518635102, 19.811125460121058 ], [ 74.043985570387207, 19.811119390264594 ], [ 74.044028701198954, 19.810991715318963 ], [ 74.044031158989569, 19.810923427250284 ], [ 74.044203419928451, 19.810341240693958 ], [ 74.044254842190256, 19.810188896786723 ], [ 74.044342394692805, 19.809840854609067 ], [ 74.044407195564119, 19.809583251065398 ], [ 74.044430257114115, 19.809491576895255 ], [ 74.04448905364606, 19.809300147839362 ], [ 74.044655769284731, 19.808577035625227 ], [ 74.044685214263097, 19.808449314690428 ], [ 74.044890766766386, 19.807695891778852 ], [ 74.044893202997443, 19.807686959211818 ], [ 74.044899174997454, 19.80766507277233 ], [ 74.044982092193138, 19.807325589166773 ], [ 74.044980836348358, 19.807307870204788 ], [ 74.044978127029452, 19.807269638146305 ], [ 74.044956674362169, 19.806966840865176 ], [ 74.044949556111874, 19.806914638896441 ], [ 74.044949131208739, 19.806911522751502 ], [ 74.044910262903031, 19.806626475945169 ], [ 74.044956444393449, 19.806536034023392 ], [ 74.044973213244859, 19.80650319398346 ], [ 74.044982076921755, 19.806477635103757 ], [ 74.045002463288824, 19.80641884738284 ], [ 74.045143702705985, 19.80601156621325 ], [ 74.045163738730096, 19.805857508367527 ], [ 74.045177316765631, 19.805445655034809 ], [ 74.045184797036981, 19.805218797090895 ], [ 74.045185466281893, 19.805198522070071 ], [ 74.045216500380022, 19.805200819269199 ], [ 74.045559740361867, 19.80392557199659 ], [ 74.045774544614289, 19.803066329186798 ], [ 74.045799634560183, 19.802965965225177 ], [ 74.046072391826513, 19.801927374911244 ], [ 74.046086571733255, 19.801857264931353 ], [ 74.046091789148434, 19.801831472875904 ], [ 74.046526980682785, 19.801999355281094 ], [ 74.047009781130541, 19.802171313889755 ], [ 74.047718516855412, 19.802462640866327 ], [ 74.04837329617105, 19.802717771917461 ], [ 74.04909846477743, 19.80304908981913 ], [ 74.049496131885718, 19.803217500874158 ], [ 74.049523917675785, 19.803229269306058 ], [ 74.049673227557477, 19.803292497989069 ], [ 74.049732732860207, 19.803318441941894 ], [ 74.049967389880422, 19.803464694388783 ], [ 74.049983381689103, 19.803475101202732 ], [ 74.050243394556517, 19.803590379040312 ], [ 74.050859137581483, 19.803864289185739 ], [ 74.051143860407421, 19.80398072380159 ], [ 74.051378041320518, 19.804084423071881 ], [ 74.051580953675227, 19.804174275602701 ], [ 74.051758014312654, 19.8042334647707 ], [ 74.051815943970382, 19.804250442002676 ], [ 74.051834024362094, 19.804247969836528 ], [ 74.051876582048678, 19.804242151582827 ], [ 74.052255686369961, 19.80420978606347 ], [ 74.052411440765511, 19.804218466960581 ], [ 74.05270959879482, 19.804183250626263 ], [ 74.052880688330561, 19.804161334968455 ], [ 74.05314120425453, 19.804138250415964 ], [ 74.053302494068859, 19.804125397678099 ], [ 74.053645001025444, 19.80407524181739 ], [ 74.053752730587561, 19.804077382673324 ], [ 74.054321657911501, 19.804009576773403 ], [ 74.054703309854915, 19.803925152783986 ], [ 74.054698455359116, 19.803933528584238 ], [ 74.054695599614817, 19.80393900116789 ], [ 74.054692940601583, 19.803944559115227 ], [ 74.054690481014319, 19.803950199045484 ], [ 74.05468822264973, 19.803955911661578 ], [ 74.054686171795922, 19.803961691892372 ], [ 74.054684325758018, 19.8039675321312 ], [ 74.054682691722533, 19.803973423926209 ], [ 74.054681267892803, 19.803979362206235 ], [ 74.0546800578621, 19.803985336829083 ], [ 74.054679064325384, 19.803991344413941 ], [ 74.054678283689412, 19.803997373973417 ], [ 74.054677723140685, 19.804003422126769 ], [ 74.054677378187606, 19.804009477041387 ], [ 74.054677253321771, 19.804015533646162 ], [ 74.054677345848262, 19.804021586024767 ], [ 74.054677656665334, 19.804027623189764 ], [ 74.054678184874732, 19.804033640070084 ], [ 74.054678933171374, 19.804039629059041 ], [ 74.054679894368732, 19.804045585085504 ], [ 74.054681071161724, 19.804051494626535 ], [ 74.054682462652096, 19.804057357682101 ], [ 74.054684066144887, 19.804063162419602 ], [ 74.054685878945122, 19.804068902922776 ], [ 74.05468790105283, 19.804074574120492 ], [ 74.054690127976428, 19.804080165870548 ], [ 74.05469255612266, 19.804085673946965 ], [ 74.054695186389793, 19.804091090743142 ], [ 74.05469801159137, 19.804096410342776 ], [ 74.054701029930712, 19.804101622603639 ], [ 74.054712257075124, 19.804119741695548 ], [ 74.054721231244841, 19.804133570623247 ], [ 74.054730457841131, 19.804147238119327 ], [ 74.054739934169049, 19.804160740803081 ], [ 74.054749658431987, 19.804174073603409 ], [ 74.054759625240081, 19.804187233139611 ], [ 74.054769834593301, 19.804200216031017 ], [ 74.054770549652261, 19.804201089952571 ], [ 74.054780281101699, 19.804213016361352 ], [ 74.054790963867092, 19.804225631595099 ], [ 74.054801876601161, 19.80423805666123 ], [ 74.054813019303921, 19.804250289869394 ], [ 74.054824384788901, 19.804262326993715 ], [ 74.054835973056058, 19.804274162963093 ], [ 74.054847776918919, 19.804285794396915 ], [ 74.05485979817405, 19.804297218759604 ], [ 74.054966334773482, 19.804400066723108 ], [ 74.055021965642396, 19.804456612917086 ], [ 74.055076540990854, 19.804514121755055 ], [ 74.055130041055904, 19.804572574642012 ], [ 74.0551364469422, 19.804579941259362 ], [ 74.055139873116701, 19.804584089418697 ], [ 74.055143222934362, 19.804588296740739 ], [ 74.055146492801995, 19.804592564070688 ], [ 74.055149683617884, 19.804596887182619 ], [ 74.055152797178664, 19.804601265231316 ], [ 74.055155827196145, 19.804605698216779 ], [ 74.055158776365218, 19.804610185293875 ], [ 74.055161641092667, 19.804614723081794 ], [ 74.0551644231751, 19.804619309045055 ], [ 74.055167119917556, 19.804623945719129 ], [ 74.055169732218417, 19.804628628878145 ], [ 74.055172257382694, 19.804633359367273 ], [ 74.055174696308683, 19.804638132960577 ], [ 74.055177046301452, 19.804642949658106 ], [ 74.055179308259341, 19.804647808614572 ], [ 74.05518148218232, 19.804652707294547 ], [ 74.055183563578865, 19.804657644852735 ], [ 74.055185557838783, 19.804662619598819 ], [ 74.055187458673913, 19.804667628997265 ], [ 74.055189267880905, 19.804672673048032 ], [ 74.055190987256353, 19.80467775006078 ], [ 74.055192612308687, 19.804682856654736 ], [ 74.055194143936276, 19.804687993675113 ], [ 74.055195582139035, 19.804693158586385 ], [ 74.055196925120399, 19.804698349698111 ], [ 74.055198173778621, 19.804703566165141 ], [ 74.05519932991038, 19.804708804606779 ], [ 74.055199895849029, 19.804711613993579 ], [ 74.055200389024122, 19.804714065022985 ], [ 74.055201352916413, 19.804719344878176 ], [ 74.055202220688983, 19.804724643327226 ], [ 74.055202992341819, 19.804729958679776 ], [ 74.05520366697661, 19.804735289245404 ], [ 74.055204246389962, 19.804740631643394 ], [ 74.05520522465531, 19.804748403095342 ], [ 74.05520613375036, 19.804753717601905 ], [ 74.055207236881529, 19.804758990694349 ], [ 74.055208528658895, 19.804764219837139 ], [ 74.055210011777447, 19.804769394888069 ], [ 74.055211681745547, 19.804774511621289 ], [ 74.055213536766615, 19.804779564965699 ], [ 74.055215575043988, 19.804784545624244 ], [ 74.055217792984436, 19.804789449371061 ], [ 74.055220189689621, 19.804794268599522 ], [ 74.05522276156627, 19.804798999928941 ], [ 74.055225504122845, 19.804803636597789 ], [ 74.055228414664342, 19.804808174380188 ], [ 74.055231493190817, 19.804812603134 ], [ 74.05523472982081, 19.804816922014023 ], [ 74.05523812365594, 19.804821123413632 ], [ 74.055241672001301, 19.804825203952113 ], [ 74.055245367670409, 19.804829156868035 ], [ 74.055249209764852, 19.804832978780652 ], [ 74.055253190199892, 19.804836664618911 ], [ 74.055257305382185, 19.804840209311699 ], [ 74.055261549023626, 19.804843610323474 ], [ 74.055265918429157, 19.80484686004765 ], [ 74.05527040731063, 19.804849957639039 ], [ 74.055275010278152, 19.804852898026549 ], [ 74.055279720145165, 19.804855677829472 ], [ 74.055284534216781, 19.804858295357413 ], [ 74.055289442611496, 19.804860744694164 ], [ 74.055294442634363, 19.804863024149363 ], [ 74.055299527997207, 19.804865130342275 ], [ 74.05530468971682, 19.804867059892146 ], [ 74.055309925098271, 19.804868813644195 ], [ 74.055315225158481, 19.804870385682186 ], [ 74.055320583609131, 19.804871777696469 ], [ 74.055325995958711, 19.804872986306282 ], [ 74.055331454122381, 19.804874009821322 ], [ 74.055336950913613, 19.804874847396341 ], [ 74.055340800194614, 19.804875297878187 ], [ 74.05534248184081, 19.804875494805511 ], [ 74.055348814963594, 19.804876237720226 ], [ 74.055357012988864, 19.804877197001417 ], [ 74.055364428581541, 19.804878255168855 ], [ 74.055371820817982, 19.804879439268387 ], [ 74.055379186105014, 19.80488074676439 ], [ 74.055386521747621, 19.804882181037623 ], [ 74.055393828644128, 19.804883740397759 ], [ 74.055401101404684, 19.804885422309209 ], [ 74.055408339130921, 19.804887229307496 ], [ 74.055415538229624, 19.804889158011935 ], [ 74.055422697802427, 19.804891210112878 ], [ 74.055429816052722, 19.804893383074756 ], [ 74.055436891183888, 19.804895677742724 ], [ 74.055443918704398, 19.804898093271628 ], [ 74.055450897715815, 19.804900627125935 ], [ 74.055488845248362, 19.804914073118567 ], [ 74.055530591756252, 19.804928864638864 ], [ 74.055572852998793, 19.804942651237173 ], [ 74.055615379244358, 19.804955712668786 ], [ 74.055658157916497, 19.804968048088703 ], [ 74.05570117374387, 19.804979649890456 ], [ 74.05574441684503, 19.804990518074177 ], [ 74.055808037330053, 19.80500662976003 ], [ 74.055860332754349, 19.805020938673419 ], [ 74.055912332632872, 19.805036135870576 ], [ 74.055964025287579, 19.805052218815689 ], [ 74.056015391853848, 19.805069181592238 ], [ 74.056066417060308, 19.805087019128852 ], [ 74.056117087432213, 19.80510572635416 ], [ 74.056167384104967, 19.805125297351598 ], [ 74.056177187419664, 19.805128847109046 ], [ 74.056182558446736, 19.805130494365493 ], [ 74.05618798876263, 19.805131958217807 ], [ 74.056193474774062, 19.805133236130441 ], [ 74.056199011091181, 19.805134326413036 ], [ 74.056204587832454, 19.805135228220411 ], [ 74.056210199608032, 19.805135938171855 ], [ 74.056215841028035, 19.80513645880292 ], [ 74.056221503109285, 19.805136786732877 ], [ 74.0562271777669, 19.805136925342456 ], [ 74.056232862306047, 19.805136868715376 ], [ 74.05623854594684, 19.805136622767904 ], [ 74.056244224197769, 19.805136183274165 ], [ 74.056249888973923, 19.805135551924479 ], [ 74.056258138203162, 19.805134696602018 ], [ 74.056263855979964, 19.805134341626289 ], [ 74.056269580044955, 19.805134179351665 ], [ 74.056275297821728, 19.805134208932976 ], [ 74.05628100571704, 19.805134433750929 ], [ 74.056286695646065, 19.805134849579648 ], [ 74.056292362218883, 19.805135458954641 ], [ 74.056297997350654, 19.80513626103075 ], [ 74.056303593854864, 19.805137253272388 ], [ 74.0563091436467, 19.805138434834443 ], [ 74.056314643132865, 19.805139804871693 ], [ 74.056320084228545, 19.805141360848559 ], [ 74.056325459747214, 19.805143102765065 ], [ 74.056330764298949, 19.805145027240513 ], [ 74.056335988002331, 19.805147130048933 ], [ 74.056341129060726, 19.805149411190396 ], [ 74.056346179389223, 19.805151867284085 ], [ 74.056351131801392, 19.805154494949356 ], [ 74.056355981805623, 19.805157291650591 ], [ 74.05636072311367, 19.805160253161937 ], [ 74.056365349437385, 19.805163376947785 ], [ 74.056369855386862, 19.805166657937097 ], [ 74.05637902359264, 19.805173165823966 ], [ 74.056384672199158, 19.805176784039933 ], [ 74.056390452858011, 19.805180206174025 ], [ 74.056396359280996, 19.805183427155225 ], [ 74.056402386078247, 19.80518644106721 ], [ 74.056408524266587, 19.805189247910064 ], [ 74.05641476576119, 19.805191841767517 ], [ 74.056421104273809, 19.805194220949168 ], [ 74.056427529923042, 19.805196382919572 ], [ 74.056434037318951, 19.805198321762425 ], [ 74.056440618376726, 19.805200039168088 ], [ 74.056447263214892, 19.805201530065538 ], [ 74.056453964646892, 19.805202793609535 ], [ 74.056490102972461, 19.805209545751939 ], [ 74.056510103962268, 19.805213780948375 ], [ 74.056530014222247, 19.805218356752196 ], [ 74.056549828362449, 19.805223268937457 ], [ 74.056569540094728, 19.805228520039659 ], [ 74.056589144029189, 19.805234105832891 ], [ 74.056608632979277, 19.80524002378155 ], [ 74.056628003351733, 19.805246274730798 ], [ 74.05664890894505, 19.805250129595414 ], [ 74.056655551986552, 19.805253794294511 ], [ 74.056668856035927, 19.805255296178753 ], [ 74.05668682503655, 19.805264327768363 ], [ 74.056704823681585, 19.80527337626107 ], [ 74.056722845682827, 19.805282433205004 ], [ 74.056741374333853, 19.805290630600933 ], [ 74.056759740389836, 19.805299144093556 ], [ 74.056777939359165, 19.805307971992441 ], [ 74.056795967648625, 19.805317110071652 ], [ 74.056813818969943, 19.805326555795574 ], [ 74.056831488831591, 19.805336308319021 ], [ 74.056848969148703, 19.805346363416014 ], [ 74.056866257226332, 19.805356715170237 ], [ 74.056883345877992, 19.805367366117203 ], [ 74.056900232408694, 19.805378308650194 ], [ 74.056916907835316, 19.805389541078799 ], [ 74.056933371259532, 19.805401058331917 ], [ 74.056949613698166, 19.805412858719105 ], [ 74.056965634252975, 19.805424939704739 ], [ 74.056981424839023, 19.805437293682189 ], [ 74.057160025188878, 19.805575334968118 ], [ 74.057269323209496, 19.805655739262797 ], [ 74.057380112433492, 19.805734239332775 ], [ 74.057492359623168, 19.805810814051508 ], [ 74.057606030642589, 19.805885436376098 ], [ 74.057741819082651, 19.805975665683405 ], [ 74.057823856827639, 19.806032981272299 ], [ 74.05790480311957, 19.806091702366906 ], [ 74.057984636398885, 19.806151816288097 ], [ 74.058063328817752, 19.806213300214569 ], [ 74.058105381651174, 19.806245603628593 ], [ 74.058127723650585, 19.806261858021838 ], [ 74.05815036658565, 19.806277726168801 ], [ 74.058173305066404, 19.806293197927509 ], [ 74.058196530109768, 19.806308274143223 ], [ 74.058220037224132, 19.806322944674026 ], [ 74.058243817426344, 19.806337208674801 ], [ 74.058267862631538, 19.806351061919816 ], [ 74.058355029756825, 19.806398744085204 ], [ 74.058413624167841, 19.806429137369648 ], [ 74.05841629575751, 19.806430464291921 ], [ 74.058472789009102, 19.806458519821081 ], [ 74.058517152309392, 19.806480781683412 ], [ 74.058546871273947, 19.806496513735688 ], [ 74.058576285709606, 19.806512753735355 ], [ 74.058605389328207, 19.806529498301565 ], [ 74.058634168654947, 19.806546738982462 ], [ 74.058662619198316, 19.806564473242343 ], [ 74.058690730178483, 19.806582696010029 ], [ 74.058718492612357, 19.806601399678765 ], [ 74.058745899313365, 19.806620580022564 ], [ 74.058772940400019, 19.806640231970178 ], [ 74.058799608685888, 19.806660346224561 ], [ 74.058825896086049, 19.806680920250017 ], [ 74.058858265978998, 19.806706057356259 ], [ 74.058881349986834, 19.806723194907072 ], [ 74.058904752896623, 19.806739930154244 ], [ 74.058928465725174, 19.806756259717261 ], [ 74.058952483082606, 19.806772176834844 ], [ 74.058976795087446, 19.806787677281278 ], [ 74.059001397248153, 19.806802755985675 ], [ 74.059026277886559, 19.806817408722253 ], [ 74.059051436104411, 19.806831631265325 ], [ 74.059076858426977, 19.806845417698728 ], [ 74.059102538565995, 19.806858767177506 ], [ 74.059128470233304, 19.806871671249979 ], [ 74.059154644445726, 19.806884128225978 ], [ 74.05918105222014, 19.806896136415205 ], [ 74.059207687268312, 19.806907687366081 ], [ 74.059234539708783, 19.8069187810787 ], [ 74.059248575885093, 19.806924681216113 ], [ 74.059256702943472, 19.806928327282872 ], [ 74.059264759933271, 19.806932111957554 ], [ 74.059272743261175, 19.806936032704623 ], [ 74.059280650232338, 19.806940092059591 ], [ 74.0592884781517, 19.806944284106283 ], [ 74.059296224324413, 19.806948611380133 ], [ 74.059303887852082, 19.806953071345671 ], [ 74.05931146603983, 19.806957662312541 ], [ 74.059318956192655, 19.806962381745208 ], [ 74.059326355615653, 19.806967232179151 ], [ 74.059333661613877, 19.806972207698209 ], [ 74.059340875085596, 19.806977309147491 ], [ 74.059347990640973, 19.806982534836681 ], [ 74.059355008279965, 19.806987882230256 ], [ 74.059361921714398, 19.80699334963785 ], [ 74.059368733639189, 19.806998937904613 ], [ 74.059375441359407, 19.807004641959555 ], [ 74.059382040383497, 19.807010460957407 ], [ 74.059388529813091, 19.807016394898252 ], [ 74.05939490605499, 19.807022440401312 ], [ 74.059401171804112, 19.807028595776305 ], [ 74.059407320772209, 19.807034860178003 ], [ 74.059413352959353, 19.807041231070905 ], [ 74.059424781326399, 19.807053184312206 ], [ 74.059432425989471, 19.80706082211432 ], [ 74.059440209891406, 19.807068327224357 ], [ 74.059448133930502, 19.807075695416501 ], [ 74.059456191818597, 19.807082923310091 ], [ 74.059464385352328, 19.807090010905164 ], [ 74.059472708243433, 19.807096955666182 ], [ 74.059481159593631, 19.807103754212548 ], [ 74.059489737606285, 19.807110405699035 ], [ 74.059498439586434, 19.807116907590245 ], [ 74.059507260144187, 19.807123258195748 ], [ 74.05951620017791, 19.807129455825326 ], [ 74.059525255195979, 19.807135497098262 ], [ 74.059534421605136, 19.807141381169437 ], [ 74.059543699405381, 19.807147106348467 ], [ 74.05955308230854, 19.807152671790245 ], [ 74.059562569416258, 19.807158074114135 ], [ 74.059572157135278, 19.807163313320096 ], [ 74.059581842770683, 19.807168385182333 ], [ 74.059591625424105, 19.807173291391191 ], [ 74.059601497909071, 19.807178027720852 ], [ 74.059611462022204, 19.807182594171305 ], [ 74.059621510576974, 19.807186989897399 ], [ 74.059631642675072, 19.807191213208842 ], [ 74.059641854723239, 19.807195259879755 ], [ 74.059652144924797, 19.807199134136035 ], [ 74.059662506991614, 19.807202830061485 ], [ 74.059672940025294, 19.807206347656148 ], [ 74.059683441331003, 19.807209686920014 ], [ 74.059694006417033, 19.807212847853066 ], [ 74.059704631690224, 19.807215827074689 ], [ 74.059715315353927, 19.807218624584866 ], [ 74.059726053814813, 19.807221240383619 ], [ 74.059736842581358, 19.807223671935457 ], [ 74.059747680755279, 19.807225920085511 ], [ 74.059761787898495, 19.807228913674745 ], [ 74.059770957002598, 19.807231068010964 ], [ 74.059780080292626, 19.807233378703458 ], [ 74.059789155073631, 19.807235844061847 ], [ 74.059798178650638, 19.807238464086179 ], [ 74.059807151023719, 19.807241236240859 ], [ 74.05981606590457, 19.807244163061487 ], [ 74.059824920598331, 19.807247241167307 ], [ 74.059833716003283, 19.807250468867963 ], [ 74.059842445831208, 19.807253847008674 ], [ 74.059851109183811, 19.807257373899056 ], [ 74.059859703366143, 19.80726104869392 ], [ 74.059868223886625, 19.807264872238481 ], [ 74.059876669846929, 19.807268837771282 ], [ 74.059885041247043, 19.807272948673081 ], [ 74.059893330002154, 19.807277204098646 ], [ 74.059901537010617, 19.807281599822158 ], [ 74.059909658679103, 19.807286135843547 ], [ 74.059917694109302, 19.807290811317706 ], [ 74.059925639707998, 19.807295623709031 ], [ 74.059933492780232, 19.807300573862747 ], [ 74.059941250630999, 19.807305658398132 ], [ 74.059948910565453, 19.807310874779709 ], [ 74.059956474380144, 19.807316222162239 ], [ 74.059965665043805, 19.807322722354662 ], [ 74.059974944640686, 19.8073290399904 ], [ 74.059984340120238, 19.807335197043873 ], [ 74.059993852380799, 19.807341190979532 ], [ 74.060003476930731, 19.807347019261968 ], [ 74.060013208380227, 19.807352681891128 ], [ 74.060023046729199, 19.807358174641241 ], [ 74.060032986587814, 19.807363500047806 ], [ 74.06004302795607, 19.807368651349496 ], [ 74.060053166342357, 19.807373630236651 ], [ 74.060063396356838, 19.807378435018983 ], [ 74.060073717101119, 19.80738306316098 ], [ 74.060084126778648, 19.807387512972301 ], [ 74.060094619999475, 19.807391783607841 ], [ 74.060105194068669, 19.807395875912757 ], [ 74.060115847189621, 19.807399785661211 ], [ 74.060126572175804, 19.807403512853234 ], [ 74.060137369925513, 19.807407055798485 ], [ 74.060328347263351, 19.807470964871705 ], [ 74.060548050927324, 19.807544490235326 ], [ 74.060555715353331, 19.807547053628333 ], [ 74.060571379276951, 19.807552297047337 ], [ 74.060827774628706, 19.807644776088903 ], [ 74.060939310352694, 19.807687293052659 ], [ 74.061042302200022, 19.807728697765924 ], [ 74.061144476580452, 19.807771858723967 ], [ 74.06124580295122, 19.807816764093051 ], [ 74.061270408705184, 19.807827583908477 ], [ 74.061289102646256, 19.807835355209615 ], [ 74.061307944809343, 19.807842805347352 ], [ 74.061326928007887, 19.807849930095848 ], [ 74.061346046852094, 19.807856731145538 ], [ 74.06136529505369, 19.80786320427055 ], [ 74.061384669019432, 19.807869345245201 ], [ 74.061404159766155, 19.807875155759785 ], [ 74.061423761903953, 19.807880634969209 ], [ 74.06144347183961, 19.807885776957306 ], [ 74.061463280589933, 19.807890583414505 ], [ 74.061483184561681, 19.807895050114968 ], [ 74.061503175670026, 19.807899178749057 ], [ 74.06152325032167, 19.807902966781288 ], [ 74.06154340043183, 19.807906413366542 ], [ 74.061563618813935, 19.807909515969342 ], [ 74.061583901874727, 19.807912273744542 ], [ 74.061604243326002, 19.807914689227673 ], [ 74.06162463508295, 19.807916758192857 ], [ 74.061643470059522, 19.80791870714453 ], [ 74.061658688418746, 19.807920575805504 ], [ 74.061673860963879, 19.807922701396723 ], [ 74.06168898769495, 19.807925083918214 ], [ 74.061704058730484, 19.807927723369975 ], [ 74.061719073172128, 19.807930618906816 ], [ 74.06173402473172, 19.807933768838431 ], [ 74.061748909816004, 19.807937173164728 ], [ 74.061763723035028, 19.807940830195442 ], [ 74.061778458998958, 19.807944739085325 ], [ 74.061793115911129, 19.80794889898927 ], [ 74.061807688381649, 19.80795330737168 ], [ 74.061822169224016, 19.80795796338737 ], [ 74.061836556641637, 19.807962867036402 ], [ 74.061850846142875, 19.807968014092868 ], [ 74.061865034134456, 19.807973406247072 ], [ 74.061879113429896, 19.807979039273146 ], [ 74.061893082232572, 19.807984913171122 ], [ 74.061906934254239, 19.807991023715115 ], [ 74.061920667698303, 19.807997371750261 ], [ 74.061934278073181, 19.808003953895874 ], [ 74.061947759090671, 19.808010770151924 ], [ 74.061961108055755, 19.808017816292562 ], [ 74.061974322273599, 19.808025088937104 ], [ 74.061987393659308, 19.808032588085496 ], [ 74.062000323111192, 19.808040311202198 ], [ 74.062013104341062, 19.80804825659693 ], [ 74.062025731958983, 19.808056421734069 ], [ 74.062038204168388, 19.808064802387797 ], [ 74.062050517376008, 19.808073396022571 ], [ 74.06206266619192, 19.808082201793255 ], [ 74.062074647921165, 19.808091216319063 ], [ 74.062086459868851, 19.808100437064542 ], [ 74.062098096645045, 19.808109859803793 ], [ 74.062109554656487, 19.808119483691627 ], [ 74.062120832106544, 19.808129305347315 ], [ 74.06213192630031, 19.808139319699901 ], [ 74.062169908867133, 19.80817511494115 ], [ 74.062196898749875, 19.808201663235163 ], [ 74.062223390965897, 19.808228674674581 ], [ 74.062246386040542, 19.808249582336877 ], [ 74.062250555121807, 19.808253372051123 ], [ 74.062274850956967, 19.808284066704637 ], [ 74.062299804358943, 19.808312428701196 ], [ 74.062309807997906, 19.808324222111139 ], [ 74.06232422685656, 19.808341220880813 ], [ 74.062348113958279, 19.808370439017427 ], [ 74.062355995776585, 19.808380056973348 ], [ 74.062363172417392, 19.808388479023023 ], [ 74.062370503568403, 19.808396774297801 ], [ 74.062377987433052, 19.808404940262228 ], [ 74.062385620418027, 19.808412971845307 ], [ 74.062393401625016, 19.808420871582616 ], [ 74.062401329257398, 19.808428632712815 ], [ 74.062409397925265, 19.80843625523595 ], [ 74.062417607628632, 19.808443736616557 ], [ 74.062425955672595, 19.808451072628813 ], [ 74.062434441158757, 19.808458264963079 ], [ 74.062443056900648, 19.808465306858096 ], [ 74.062451804694874, 19.808472198313822 ], [ 74.06246067915157, 19.808478937640029 ], [ 74.062469680270709, 19.808485523991529 ], [ 74.062478800865819, 19.808491952297384 ], [ 74.062488042733449, 19.808498220867275 ], [ 74.062497401382075, 19.808504331391525 ], [ 74.062506873218453, 19.808510277954067 ], [ 74.062516454649241, 19.80851605970971 ], [ 74.062526145674539, 19.808521676658536 ], [ 74.062535941802722, 19.808527127110146 ], [ 74.062545839440517, 19.80853240599367 ], [ 74.062555835893008, 19.808537515844563 ], [ 74.062565929363529, 19.808542451591869 ], [ 74.062576113563892, 19.808547214080765 ], [ 74.062586390290747, 19.808551801620983 ], [ 74.062596750560942, 19.808556213367336 ], [ 74.062607197069354, 19.808560444248869 ], [ 74.062617721731243, 19.808564497646262 ], [ 74.062628325444862, 19.80856837102402 ], [ 74.06264143905139, 19.808572657685954 ], [ 74.062650508442474, 19.808575200778471 ], [ 74.062657090398545, 19.808576803205671 ], [ 74.062659673055009, 19.808577432006217 ], [ 74.062668922109182, 19.808579349678801 ], [ 74.062678243028557, 19.808580952951125 ], [ 74.062687627728337, 19.808582237597339 ], [ 74.062697062733761, 19.808583202772315 ], [ 74.062706538163368, 19.808583846785748 ], [ 74.062716038745805, 19.808584171327944 ], [ 74.062725556396259, 19.808584173018257 ], [ 74.062735079436592, 19.808583852701897 ], [ 74.06274459259545, 19.808583212069092 ], [ 74.062754088686304, 19.808582251119937 ], [ 74.062763555132776, 19.808580970699509 ], [ 74.062772979358428, 19.808579371653011 ], [ 74.062781352555177, 19.808577661045121 ], [ 74.062782348786826, 19.808577458206241 ], [ 74.062791655333186, 19.808575231204319 ], [ 74.062800883726098, 19.808572692337574 ], [ 74.062810026779047, 19.808569844986643 ], [ 74.062819070119005, 19.808566695912813 ], [ 74.062828004762835, 19.808563245961217 ], [ 74.062836819032384, 19.808559497667311 ], [ 74.062845500351301, 19.808555458637564 ], [ 74.062851048346516, 19.808552918080174 ], [ 74.062857386859136, 19.808550369916301 ], [ 74.062863845746023, 19.808548142068812 ], [ 74.062870406142565, 19.80854623960877 ], [ 74.062877049184067, 19.808544670987786 ], [ 74.062883757802624, 19.808543437896152 ], [ 74.062890513133567, 19.808542545404851 ], [ 74.062897297210569, 19.808541992668797 ], [ 74.062904090270763, 19.808541785604049 ], [ 74.062910875246104, 19.808541923365489 ], [ 74.062917632373669, 19.808542404262763 ], [ 74.062924341890522, 19.808543226605583 ], [ 74.062930987626984, 19.808544390393948 ], [ 74.06293755161677, 19.808545891401987 ], [ 74.062944014096928, 19.808547725403869 ], [ 74.062950359796091, 19.808549885638378 ], [ 74.062956568053039, 19.808552368724772 ], [ 74.062962623596377, 19.808555167901776 ], [ 74.06296851115475, 19.808558273872578 ], [ 74.062974210965223, 19.808561679875851 ], [ 74.062980757887004, 19.808565631853764 ], [ 74.062986202575956, 19.80856863386941 ], [ 74.062991761350915, 19.808571447413883 ], [ 74.062997420737204, 19.808574067416206 ], [ 74.063003178938203, 19.808576492186049 ], [ 74.063009027869001, 19.80857871834278 ], [ 74.063014959444828, 19.80858074335093 ], [ 74.063020964682494, 19.808582563829873 ], [ 74.063027039988768, 19.808584178934407 ], [ 74.063033176380472, 19.808585585283922 ], [ 74.063039366671063, 19.808586782878429 ], [ 74.063045602775787, 19.808587769182441 ], [ 74.063051876609748, 19.808588543350801 ], [ 74.063058180986417, 19.808589102848 ], [ 74.063064508719265, 19.808589449364408 ], [ 74.063070852621806, 19.80858958120967 ], [ 74.063077202812551, 19.808589498383778 ], [ 74.063083553901606, 19.808589200041641 ], [ 74.063089897804133, 19.808588688718661 ], [ 74.063096224638684, 19.808587964414851 ], [ 74.06310252991365, 19.808587026285057 ], [ 74.063108802849285, 19.808585877709959 ], [ 74.06311503805567, 19.808584518689528 ], [ 74.063121225651344, 19.808582951759213 ], [ 74.063127361144751, 19.808581177764204 ], [ 74.063133434654389, 19.808579199239976 ], [ 74.063143847925147, 19.808575822817744 ], [ 74.063153530865591, 19.808573054066944 ], [ 74.063163299145998, 19.808570609858315 ], [ 74.06317313839331, 19.808568495262858 ], [ 74.063183036929416, 19.808566711125735 ], [ 74.063192983076263, 19.808565261672772 ], [ 74.06320296515571, 19.808564148594328 ], [ 74.063212970591294, 19.808563371045221 ], [ 74.063222987705032, 19.808562932406058 ], [ 74.063233003920473, 19.808562830141454 ], [ 74.063243006661153, 19.808563066786846 ], [ 74.063252984249019, 19.808563642342236 ], [ 74.063262925005972, 19.808564555117282 ], [ 74.063272816355536, 19.808565805111989 ], [ 74.06328264482309, 19.808567388100553 ], [ 74.063292399628736, 19.808569304928088 ], [ 74.063302069992787, 19.80857155305916 ], [ 74.063311642440453, 19.808574128267875 ], [ 74.063327595621573, 19.808578480852262 ], [ 74.063337751075863, 19.808581011267282 ], [ 74.063347956835813, 19.808583367578926 ], [ 74.063358206613202, 19.808585550632287 ], [ 74.063368503102964, 19.808587557891961 ], [ 74.063378838220331, 19.808589391893403 ], [ 74.06338921016858, 19.808591048410793 ], [ 74.063399615354541, 19.808592526599014 ], [ 74.063410051083196, 19.808593830683886 ], [ 74.063420514659612, 19.808594957284711 ], [ 74.063431003388885, 19.808595906401553 ], [ 74.063441511881067, 19.808596676344045 ], [ 74.063452039237887, 19.808597267957396 ], [ 74.063462580967766, 19.808597682931897 ], [ 74.063473132579063, 19.808597917886914 ], [ 74.063483695868499, 19.80859797535792 ], [ 74.063494261852867, 19.808597853654579 ], [ 74.063521553569515, 19.808597014408818 ], [ 74.063542762793375, 19.808595951195137 ], [ 74.063563959440827, 19.808594531323099 ], [ 74.063585139918587, 19.808592753947579 ], [ 74.063606296141842, 19.808590619068543 ], [ 74.063627420924078, 19.808588128376275 ], [ 74.063648509773657, 19.808585284406259 ], [ 74.063669554605838, 19.808582082932688 ], [ 74.063690550030671, 19.808578529871671 ], [ 74.063711488861614, 19.808574624377972 ], [ 74.063732366607113, 19.808570367296799 ], [ 74.063753176080681, 19.808565760318405 ], [ 74.063773909197451, 19.808560805133073 ], [ 74.063794559669205, 19.808555501740834 ], [ 74.06381512300436, 19.808549854367381 ], [ 74.063835592914756, 19.808543863012716 ], [ 74.063855962213808, 19.808537530212313 ], [ 74.063876223715027, 19.808530856811256 ], [ 74.063896374723498, 19.808523846190148 ], [ 74.063916406255998, 19.808516499194138 ], [ 74.063936312024381, 19.808508818358657 ], [ 74.063956086638754, 19.808500807064288 ], [ 74.063978015413142, 19.808492085833048 ], [ 74.063990596318718, 19.808487412929697 ], [ 74.06400325627601, 19.808482951316847 ], [ 74.064015986301882, 19.808478700994506 ], [ 74.064028784599756, 19.808474663653037 ], [ 74.064041649372925, 19.80847084267306 ], [ 74.06405457073997, 19.808467238054615 ], [ 74.064067549599216, 19.808463848952552 ], [ 74.064080580560699, 19.808460679592727 ], [ 74.064093660031233, 19.808457728284793 ], [ 74.064106784417547, 19.808454996719103 ], [ 74.064114626709966, 19.808453525290901 ], [ 74.064120391199168, 19.808452561805456 ], [ 74.064126167366439, 19.808451697204031 ], [ 74.064131955211806, 19.808450927260839 ], [ 74.064137752938649, 19.808450256201674 ], [ 74.064143559648642, 19.808449683181351 ], [ 74.064149371748528, 19.808449207354776 ], [ 74.064155189238335, 19.808448828721865 ], [ 74.064161007626396, 19.808448549818184 ], [ 74.064166829607757, 19.808448368108209 ], [ 74.064172649792482, 19.80844828612743 ], [ 74.064178468180586, 19.808448301340366 ], [ 74.064184282077093, 19.808448414592156 ], [ 74.0641900887871, 19.808448626728005 ], [ 74.064195889208904, 19.80844893605752 ], [ 74.064201678850893, 19.808449345116266 ], [ 74.064207457713124, 19.80844985221389 ], [ 74.064213223100623, 19.808450455660047 ], [ 74.064218975013375, 19.808451157990245 ], [ 74.064224708959841, 19.808451956668964 ], [ 74.064230424041682, 19.808452854231735 ], [ 74.064236120258897, 19.808453847297887 ], [ 74.06424179401823, 19.808454938402871 ], [ 74.06424744531968, 19.808456124166096 ], [ 74.064253069671679, 19.808457406277814 ], [ 74.06425866797251, 19.808458784738104 ], [ 74.064264238425622, 19.808460257856581 ], [ 74.064269777437659, 19.808461824788118 ], [ 74.064275283212027, 19.808463488068156 ], [ 74.064280756647051, 19.808465242625715 ], [ 74.064286195047785, 19.808467091841504 ], [ 74.064291594820958, 19.808469033179971 ], [ 74.064296957763204, 19.808471066641143 ], [ 74.064302279382943, 19.808473192225009 ], [ 74.064307558781891, 19.808475407396081 ], [ 74.064312795061667, 19.808477712154346 ], [ 74.064317986425678, 19.808480108190153 ], [ 74.064323130179005, 19.80848259212279 ], [ 74.064330911385994, 19.808486346334654 ], [ 74.064338517421518, 19.808489848687984 ], [ 74.064346188135687, 19.808493221731386 ], [ 74.064353921732007, 19.808496462084225 ], [ 74.064361719108646, 19.808499569746495 ], [ 74.064369573977501, 19.808502544718227 ], [ 74.064377487236825, 19.808505382773554 ], [ 74.064385452598458, 19.808508088138353 ], [ 74.064393470960681, 19.808510654051325 ], [ 74.064401538730266, 19.808513083893097 ], [ 74.064409653212238, 19.808515375973389 ], [ 74.06441781171165, 19.808517528601879 ], [ 74.064426013330177, 19.808519541778505 ], [ 74.064434252677955, 19.808521416348519 ], [ 74.064442530653295, 19.808523148931254 ], [ 74.064450841866318, 19.808524741217028 ], [ 74.064459185418656, 19.808526192360684 ], [ 74.064467557717109, 19.808527499826731 ], [ 74.064475957863337, 19.808528666995809 ], [ 74.064484382264084, 19.808529689642153 ], [ 74.064492828224388, 19.808530570301244 ], [ 74.064501292150979, 19.808531307282745 ], [ 74.064509774043898, 19.808531900586647 ], [ 74.06451826941155, 19.808532351058098 ], [ 74.064526773762353, 19.808532657006847 ], [ 74.064535290689562, 19.80853281927801 ], [ 74.064543811210029, 19.808532836181257 ], [ 74.064552337120375, 19.808532711097232 ], [ 74.064560863030721, 19.808532438954977 ], [ 74.064569387144459, 19.808532025670637 ], [ 74.06457790676663, 19.808531467863546 ], [ 74.064586420100596, 19.808530767224052 ], [ 74.064594923553045, 19.808529922061769 ], [ 74.064603416225737, 19.808528934067102 ], [ 74.064611893627074, 19.808527804085131 ], [ 74.064620353960436, 19.808526528735271 ], [ 74.064628793632508, 19.80852511477876 ], [ 74.064637211745037, 19.808523557144635 ], [ 74.064645604704765, 19.80852185921357 ], [ 74.064653970714986, 19.808520020140381 ], [ 74.064662306182512, 19.8085180416154 ], [ 74.064672342160861, 19.808515682767315 ], [ 74.064680293149436, 19.808513972158739 ], [ 74.064688269290869, 19.808512395930936 ], [ 74.064696267890156, 19.808510953238802 ], [ 74.064704288049001, 19.80850964492743 ], [ 74.064715149579115, 19.808504250255943 ], [ 74.064720379570687, 19.808507434827842 ], [ 74.064728446441947, 19.808506533039552 ], [ 74.064736523194654, 19.808505767322437 ], [ 74.064744608930525, 19.808505136831286 ], [ 74.064752700954614, 19.808504644101625 ], [ 74.064760795673635, 19.808504289133413 ], [ 74.064768891290967, 19.808504067700856 ], [ 74.064776986009974, 19.808503984029777 ], [ 74.064785075339145, 19.808504038965335 ], [ 74.064793159278352, 19.808504229126882 ], [ 74.064801234234466, 19.808504556204717 ], [ 74.064809296614143, 19.808505019353721 ], [ 74.06481734731571, 19.808505619419034 ], [ 74.064825379152651, 19.808506354710289 ], [ 74.064833393921617, 19.808507227763045 ], [ 74.064841387131025, 19.808508236041778 ], [ 74.064849355187619, 19.808509377856151 ], [ 74.064857298989651, 19.808510656586787 ], [ 74.064865214045639, 19.808512071388602 ], [ 74.064873096762241, 19.80851361888088 ], [ 74.064886506812812, 19.808511531329856 ], [ 74.064891786211717, 19.808513772700415 ], [ 74.064902378247254, 19.808518389822286 ], [ 74.064907638781563, 19.808520735147724 ], [ 74.064912911892264, 19.808523083008584 ], [ 74.064918193087834, 19.808525435940421 ], [ 74.064923480571565, 19.808527791407705 ], [ 74.064928786021667, 19.808530126591041 ], [ 74.064934175913351, 19.808532301193541 ], [ 74.06493952627919, 19.808534567073519 ], [ 74.064944829034289, 19.808536923385823 ], [ 74.064950086873679, 19.808539371820785 ], [ 74.064955296204005, 19.808541908997739 ], [ 74.064960457025308, 19.808544535761811 ], [ 74.06496556574433, 19.808547251267896 ], [ 74.064970622361059, 19.808550052980475 ], [ 74.064975625977198, 19.808552941744711 ], [ 74.06498057389777, 19.808555915870262 ], [ 74.064985464326199, 19.80855897535713 ], [ 74.064990294567465, 19.808562117669801 ], [ 74.064995068214898, 19.808565343653502 ], [ 74.064999778081926, 19.808568650772656 ], [ 74.065004425066903, 19.808572039872494 ], [ 74.065009009169785, 19.808575508417459 ], [ 74.065013526797358, 19.808579056407563 ], [ 74.065017976152959, 19.808582679617036 ], [ 74.065022359033222, 19.808586380581353 ], [ 74.065026670048255, 19.808590157610109 ], [ 74.065030910994722, 19.808594009013031 ], [ 74.065035080075958, 19.808597933099797 ], [ 74.065039173698722, 19.808601929025244 ], [ 74.06504319455793, 19.808605996789318 ], [ 74.065062517319703, 19.808625270704358 ], [ 74.065073656429206, 19.808635840296972 ], [ 74.065084988676531, 19.808646213811329 ], [ 74.065096514061622, 19.808656390402394 ], [ 74.065108227194614, 19.808666364154053 ], [ 74.065120125380531, 19.808676131685647 ], [ 74.065132203229538, 19.808685692997248 ], [ 74.065144458944971, 19.808695043017948 ], [ 74.065156888035204, 19.808704180057465 ], [ 74.065169485110445, 19.80871310073514 ], [ 74.065182250170636, 19.808721803360719 ], [ 74.065195175130938, 19.808730282018072 ], [ 74.06532268379901, 19.808811994717338 ], [ 74.065450512267319, 19.808893247607443 ], [ 74.06546788568491, 19.808903916065969 ], [ 74.065479244881672, 19.808910542122394 ], [ 74.065490726249323, 19.808916971256242 ], [ 74.065502326194562, 19.808923201777166 ], [ 74.065514045615757, 19.80892923284004 ], [ 74.065525877326365, 19.808935061064297 ], [ 74.065537820428077, 19.808940683914429 ], [ 74.065549866836065, 19.808946103080768 ], [ 74.06556201744857, 19.808951314337552 ], [ 74.065574265079164, 19.808956315994514 ], [ 74.065586609727802, 19.808961108896789 ], [ 74.065599044207971, 19.808965688818635 ], [ 74.06561156582471, 19.808970055760021 ], [ 74.065624171883101, 19.808974208030694 ], [ 74.06565697206905, 19.808985304979821 ], [ 74.065673831650315, 19.808991489014282 ], [ 74.065690568162367, 19.808997962093152 ], [ 74.065707177113666, 19.809004719990604 ], [ 74.065723653114262, 19.809011761861413 ], [ 74.065739988977725, 19.80901908432493 ], [ 74.065756182009025, 19.809026684845588 ], [ 74.065772226818325, 19.809034561733093 ], [ 74.066012379731433, 19.809156177615137 ], [ 74.066251572345507, 19.809279473578815 ], [ 74.066261402609641, 19.8092848428693 ], [ 74.066269754246861, 19.809289823386806 ], [ 74.066277912746258, 19.809295087032151 ], [ 74.06628586822643, 19.809300631269835 ], [ 74.066293608110925, 19.809306445112767 ], [ 74.066301127908162, 19.809312522644856 ], [ 74.066308414143407, 19.809318859640182 ], [ 74.066315459630175, 19.80932544342145 ], [ 74.066322256283627, 19.809332269762734 ], [ 74.066328795120597, 19.809339327677076 ], [ 74.06633506895453, 19.809346610403072 ], [ 74.066341067904006, 19.809354108644012 ], [ 74.066354186900412, 19.809370532596329 ], [ 74.066361295269246, 19.80937896558061 ], [ 74.066368558148312, 19.809387272635959 ], [ 74.066375973740989, 19.809395452072046 ], [ 74.066383539352316, 19.809403499663151 ], [ 74.066391254083982, 19.809411415409244 ], [ 74.066399114342715, 19.809419194239407 ], [ 74.066407118331895, 19.80942683530855 ], [ 74.066415261559939, 19.809434335236027 ], [ 74.066423544925186, 19.809441692331507 ], [ 74.066431963037715, 19.809448904904759 ], [ 74.066440514999229, 19.809455971265482 ], [ 74.066449198114753, 19.809462887187891 ], [ 74.06645800789272, 19.809469650981658 ], [ 74.066466945231525, 19.809476261801713 ], [ 74.066476002944512, 19.809482717112541 ], [ 74.066485182828387, 19.809489015223892 ], [ 74.066606828192604, 19.809574071818549 ], [ 74.066666548192671, 19.80961824561852 ], [ 74.066725430064622, 19.809663446271035 ], [ 74.066783454943774, 19.809709656872155 ], [ 74.066840607558774, 19.809756867279074 ], [ 74.066896868146699, 19.809805058897517 ], [ 74.066952219639546, 19.809854220739563 ], [ 74.067077517553699, 19.809988628254107 ], [ 74.067201264077354, 19.810116584596003 ], [ 74.067327365085376, 19.810242362030102 ], [ 74.067480472145746, 19.810391021866984 ], [ 74.06763493925547, 19.810538353831738 ], [ 74.067639219727823, 19.810542311676592 ], [ 74.067646291265731, 19.810548477057189 ], [ 74.067653589179116, 19.810554393117847 ], [ 74.067661102688135, 19.810560052252267 ], [ 74.067668823708033, 19.810565446854035 ], [ 74.067676744153871, 19.810570574387786 ], [ 74.067678023354844, 19.810571340094988 ], [ 74.067684852347639, 19.810575423866577 ], [ 74.067693140204426, 19.810579991909805 ], [ 74.067701596046206, 19.810584271756294 ], [ 74.067710209991461, 19.810588258335134 ], [ 74.067718972158758, 19.810591948265785 ], [ 74.067727870869945, 19.81059533478707 ], [ 74.067736896243602, 19.810598416208631 ], [ 74.067746036601605, 19.810601185769329 ], [ 74.067755282062549, 19.81060364262402 ], [ 74.067764620948239, 19.810605783392109 ], [ 74.06777403978397, 19.810607604693018 ], [ 74.067783528688338, 19.810609104836416 ], [ 74.067793077779783, 19.810610282132068 ], [ 74.067802672685346, 19.810611133199341 ], [ 74.06781230172686, 19.81061166141885 ], [ 74.067821956819543, 19.810611860874516 ], [ 74.06785609369868, 19.810612508260338 ], [ 74.067875175711919, 19.810613321295786 ], [ 74.06789422987741, 19.810614456333848 ], [ 74.067913251703558, 19.81061591168417 ], [ 74.067932233105523, 19.810617692417708 ], [ 74.067951168693369, 19.810619791773192 ], [ 74.067970054873911, 19.810622213976401 ], [ 74.067988883562279, 19.810624954801536 ], [ 74.068007651165175, 19.810628015938946 ], [ 74.068026348699533, 19.810631394853054 ], [ 74.068044972571997, 19.810635090698778 ], [ 74.068063517392702, 19.810639104321197 ], [ 74.068081976873486, 19.81064342980423 ], [ 74.068100347421037, 19.810648071373663 ], [ 74.068118620052218, 19.810653023958494 ], [ 74.068136790275474, 19.810658286713565 ], [ 74.068175106117323, 19.810669308326787 ], [ 74.068206715137208, 19.810677747158266 ], [ 74.068238487650476, 19.810685646783096 ], [ 74.06827041736895, 19.810693002975579 ], [ 74.068302489021221, 19.810699815735795 ], [ 74.068334697217423, 19.810706080838052 ], [ 74.068367032076068, 19.81071179912761 ], [ 74.068399480122437, 19.810716964688439 ], [ 74.068412539830035, 19.810718818103766 ], [ 74.068432035068341, 19.810721580901177 ], [ 74.068464686133979, 19.810725644385293 ], [ 74.06849742164124, 19.810729150915101 ], [ 74.068530235301949, 19.810732103026048 ], [ 74.068718064943027, 19.81075032700657 ], [ 74.068820726210319, 19.810762783678825 ], [ 74.068923091033568, 19.810776981359744 ], [ 74.069025127971742, 19.810792913287745 ], [ 74.069126808278767, 19.810810576081604 ], [ 74.069276254704363, 19.810840014348756 ], [ 74.069367540605242, 19.810860143284806 ], [ 74.069458398009701, 19.810881822222964 ], [ 74.069548801764924, 19.810905045246574 ], [ 74.069595282394374, 19.81091658830001 ], [ 74.069619517144119, 19.810921960915813 ], [ 74.069643858793356, 19.810926922788756 ], [ 74.069668298358991, 19.810931468848015 ], [ 74.06969282955275, 19.8109355990936 ], [ 74.069717445188189, 19.810939310990069 ], [ 74.069742138078709, 19.810942606227766 ], [ 74.069766899241202, 19.810945479735871 ], [ 74.069791722387421, 19.810947934894934 ], [ 74.069816597635992, 19.810949968324429 ], [ 74.069841519596892, 19.810951579179193 ], [ 74.069866481083707, 19.810952768304368 ], [ 74.069891474011555, 19.810953535700026 ], [ 74.069916489397258, 19.810953879675832 ], [ 74.069941520952653, 19.810953800231797 ], [ 74.069966560592874, 19.810953299058198 ], [ 74.069991601131434, 19.810952375309917 ], [ 74.070016633585112, 19.810951028141773 ], [ 74.070041652564115, 19.810949259244062 ], [ 74.07006378166281, 19.810947823335209 ], [ 74.070076876404698, 19.810947272297788 ], [ 74.070089969349951, 19.810946940999241 ], [ 74.070103059600299, 19.810946831129815 ], [ 74.07011614356243, 19.81094694268954 ], [ 74.070129215846421, 19.810947275678412 ], [ 74.070142273757398, 19.810947830096431 ], [ 74.070155312803735, 19.810948604253262 ], [ 74.070168327595582, 19.810949598994117 ], [ 74.070181317234585, 19.810950815164134 ], [ 74.07019427543257, 19.81095225022781 ], [ 74.070207197697925, 19.810953905030285 ], [ 74.070220082234059, 19.810955778726484 ], [ 74.070232922752737, 19.810957872161456 ], [ 74.070245719253961, 19.810960181109504 ], [ 74.070258461856241, 19.810962708951198 ], [ 74.070271152356284, 19.810965450615644 ], [ 74.070283785364083, 19.810968410328524 ], [ 74.070299647815403, 19.810972085882817 ], [ 74.070312067024204, 19.810974706690736 ], [ 74.070324535640324, 19.810977117056456 ], [ 74.07033705366382, 19.810979313599365 ], [ 74.070349616603082, 19.810981298009782 ], [ 74.070362219966498, 19.810983068597434 ], [ 74.070374859262557, 19.810984625362302 ], [ 74.070387531796271, 19.810985965768982 ], [ 74.070400233076072, 19.810987093198012 ], [ 74.070412961305351, 19.810988005114016 ], [ 74.070414168641079, 19.81098807103567 ], [ 74.070425709297524, 19.810988699826673 ], [ 74.07043847525604, 19.810989179871417 ], [ 74.070451253790949, 19.810989444403099 ], [ 74.070464044003955, 19.810989490886307 ], [ 74.070476837810247, 19.81098932270163 ], [ 74.070573958268881, 19.810986015632789 ], [ 74.07063977782974, 19.810982399239258 ], [ 74.070705556966402, 19.810977672319524 ], [ 74.070771277712595, 19.81097183571864 ], [ 74.070836917610407, 19.810964895352512 ], [ 74.0708538966676, 19.810963127300131 ], [ 74.07086823288121, 19.810961900143294 ], [ 74.070882582569553, 19.810960913854 ], [ 74.070896940342763, 19.81096017012257 ], [ 74.070911300810891, 19.81095966810387 ], [ 74.07092566127902, 19.810959408642997 ], [ 74.07094001456062, 19.810959390894865 ], [ 74.070954359757408, 19.810959617394889 ], [ 74.0709686896828, 19.810960084762488 ], [ 74.070983003438556, 19.810960797223402 ], [ 74.070997293838076, 19.810961748861548 ], [ 74.071011557288159, 19.810962943057568 ], [ 74.071025788398899, 19.810964378966279 ], [ 74.071039983577009, 19.810966056587695 ], [ 74.071054139229275, 19.810967974231488 ], [ 74.071068249067437, 19.810970132742799 ], [ 74.071082313091537, 19.810972528741051 ], [ 74.071096323216693, 19.810975163916488 ], [ 74.071110274951351, 19.810978036578859 ], [ 74.071124167397244, 19.810981145882934 ], [ 74.071137990672838, 19.810984491828737 ], [ 74.071151746574785, 19.810988072725955 ], [ 74.07116542791654, 19.810991886884253 ], [ 74.071179031104904, 19.810995934303641 ], [ 74.071192550749913, 19.811000211603485 ], [ 74.071205985055002, 19.811004721319232 ], [ 74.071219327731939, 19.811009456689661 ], [ 74.071232576984045, 19.811014421940477 ], [ 74.071245727421484, 19.811019612845929 ], [ 74.071258773654336, 19.811025026870556 ], [ 74.071271714784316, 19.811030664014314 ], [ 74.071284545421534, 19.811036520896629 ], [ 74.071297261074378, 19.811042599207724 ], [ 74.071309857251308, 19.811048892186413 ], [ 74.071317168639396, 19.811052538158656 ], [ 74.071323940140019, 19.811055759866051 ], [ 74.07133077092945, 19.811058866633189 ], [ 74.071337659211011, 19.811061855079391 ], [ 74.071344606781437, 19.811064725204734 ], [ 74.07135160735244, 19.811067475318882 ], [ 74.071358659127441, 19.811070103731574 ], [ 74.071365763004678, 19.81107261382342 ], [ 74.071372912696049, 19.811075001368607 ], [ 74.071380109998088, 19.811077266367217 ], [ 74.071387351317597, 19.811079407974095 ], [ 74.071394633061288, 19.811081426189226 ], [ 74.071401954330881, 19.811083320167441 ], [ 74.071409313329667, 19.811085088218526 ], [ 74.071416705566151, 19.81108673034241 ], [ 74.071424131040288, 19.811088248229435 ], [ 74.071431586158823, 19.811089637653843 ], [ 74.07143907092177, 19.811090901996234 ], [ 74.07144657993922, 19.811092037876012 ], [ 74.071454113211217, 19.811093046138357 ], [ 74.071461666246108, 19.811093926783265 ], [ 74.071469239942274, 19.811094678965514 ], [ 74.071476828011484, 19.811095302685228 ], [ 74.071484431352047, 19.811095797942336 ], [ 74.071492047269004, 19.81109616389169 ], [ 74.071499671270843, 19.811096402223605 ], [ 74.071507303357478, 19.811096510402638 ], [ 74.07151633142611, 19.811096698025622 ], [ 74.071526476998926, 19.81109723384985 ], [ 74.071536584842505, 19.811098111959243 ], [ 74.071546645075358, 19.811099333199014 ], [ 74.07155664332447, 19.811100894188495 ], [ 74.071566568810056, 19.811102793237392 ], [ 74.071576408057368, 19.811105028655405 ], [ 74.071586152083242, 19.811107598752219 ], [ 74.071595784718028, 19.811110499302064 ], [ 74.071605297876886, 19.8111137243889 ], [ 74.071614678983408, 19.811117274857864 ], [ 74.071616470224086, 19.811118023659468 ], [ 74.071623916359457, 19.8111211431026 ], [ 74.071632997428679, 19.811125324897283 ], [ 74.071641912309545, 19.811129815171064 ], [ 74.07165065022231, 19.811134608853017 ], [ 74.071659200387188, 19.81113970002701 ], [ 74.071675000854739, 19.811149184282055 ], [ 74.071684956883033, 19.811154850156488 ], [ 74.071695018014182, 19.811160345310732 ], [ 74.071705181553327, 19.811165663828824 ], [ 74.071715445703759, 19.811170810781615 ], [ 74.071725806872237, 19.811175779408007 ], [ 74.071736262363856, 19.811180568862813 ], [ 74.071746807686949, 19.811185179146072 ], [ 74.071757439248358, 19.811189606877207 ], [ 74.071768156149702, 19.81119385205621 ], [ 74.071778953001086, 19.811197913837951 ], [ 74.071789827107622, 19.811201792222501 ], [ 74.071800775774278, 19.811205482138917 ], [ 74.071811796306193, 19.811208983587253 ], [ 74.071822883313445, 19.811212298257761 ], [ 74.071834034101059, 19.8112154219248 ], [ 74.071845245974131, 19.811218357123771 ], [ 74.071856514441052, 19.811221097938624 ], [ 74.071918463161353, 19.811236724723724 ], [ 74.071949604159002, 19.811245435662713 ], [ 74.071980567290183, 19.811254675663726 ], [ 74.072011340876884, 19.811264443036382 ], [ 74.072041918630859, 19.811274731864604 ], [ 74.07207229067059, 19.811285542993335 ], [ 74.072102444419755, 19.811296872196817 ], [ 74.072132372691755, 19.811308714404014 ], [ 74.072162068300102, 19.81132106538907 ], [ 74.072191518668376, 19.811333924306737 ], [ 74.072198840836251, 19.811336807949541 ], [ 74.072204690665387, 19.811338591210422 ], [ 74.072210666258641, 19.811339969645736 ], [ 74.07221674066659, 19.811340939029733 ], [ 74.072222883346498, 19.811341494291515 ], [ 74.072229063755657, 19.811341632050539 ], [ 74.072235254046305, 19.811341350616459 ], [ 74.072241420082406, 19.811340653369918 ], [ 74.072247534914553, 19.811339542846326 ], [ 74.072253568, 19.811338024961731 ], [ 74.072261740872449, 19.811335793772713 ], [ 74.072271754392929, 19.811333389328471 ], [ 74.072281836185354, 19.811331321252851 ], [ 74.072291976368291, 19.811329592081311 ], [ 74.072302160568654, 19.811328205194425 ], [ 74.072312379803336, 19.811327160592242 ], [ 74.072322618800953, 19.81132646334564 ], [ 74.072332864985071, 19.811326109228876 ], [ 74.072343105779282, 19.811326101622541 ], [ 74.072353332200521, 19.811326441371822 ], [ 74.07236352718067, 19.81132712594118 ], [ 74.07237367994, 19.811328155330731 ], [ 74.072383778800429, 19.811329527850098 ], [ 74.072393812982142, 19.811331241809008 ], [ 74.072403766315489, 19.811333296362257 ], [ 74.07241362891898, 19.81133568812929 ], [ 74.072423390012887, 19.81133841372948 ], [ 74.07243303522408, 19.811341470627401 ], [ 74.072442552874534, 19.811344856287555 ], [ 74.072451933981014, 19.811348563103607 ], [ 74.072461165068887, 19.811352590230346 ], [ 74.07247023535831, 19.811356929216348 ], [ 74.0724791331712, 19.811361578371276 ], [ 74.072487847727771, 19.811366530088769 ], [ 74.072496370044874, 19.811371776762446 ], [ 74.072504689342722, 19.811377315856841 ], [ 74.072512793044908, 19.811383137230223 ], [ 74.072520673964874, 19.811389236656737 ], [ 74.072534851176698, 19.811400292025187 ], [ 74.072543970873468, 19.811407070949222 ], [ 74.072553216334356, 19.811413692675654 ], [ 74.072562584864471, 19.811420153823896 ], [ 74.072572073768796, 19.811426451858519 ], [ 74.072581680352457, 19.811432584244105 ], [ 74.072591401022152, 19.811438550135531 ], [ 74.072601233082921, 19.811444347842556 ], [ 74.07261117383986, 19.811449974829724 ], [ 74.072621219699712, 19.811455431942179 ], [ 74.07263136706915, 19.811460714954226 ], [ 74.072641615049903, 19.811465822175592 ], [ 74.072651958252095, 19.811470751916026 ], [ 74.072662393980735, 19.811475505020628 ], [ 74.072672921337542, 19.811480078108914 ], [ 74.072683534034326, 19.81148447033566 ], [ 74.072694230274394, 19.811488679165489 ], [ 74.072705005566263, 19.811492704598429 ], [ 74.072715859011524, 19.811496545789343 ], [ 74.072726786118608, 19.811500201893054 ], [ 74.072737783294315, 19.811503668683876 ], [ 74.072748846047062, 19.811506948697254 ], [ 74.072759972580158, 19.811510040242929 ], [ 74.072771160198698, 19.811512939940293 ], [ 74.072782404411129, 19.811515648634536 ], [ 74.072793700725796, 19.811518166325644 ], [ 74.072805048244462, 19.811520492168491 ], [ 74.072816440678935, 19.811522623627631 ], [ 74.072827877130806, 19.811524560703074 ], [ 74.072839352210224, 19.811526304239997 ], [ 74.072850864120596, 19.811527851702948 ], [ 74.07286240567538, 19.81152920393707 ], [ 74.072873979569522, 19.811530360942392 ], [ 74.072885577718139, 19.811531321028585 ], [ 74.072897195629693, 19.811532084195711 ], [ 74.07290642671758, 19.811532727352059 ], [ 74.072912746365589, 19.811533300361248 ], [ 74.07291905164054, 19.811533979013731 ], [ 74.072925339847558, 19.811534764999809 ], [ 74.072931611884869, 19.81153565916458 ], [ 74.072937860565972, 19.811536657282343 ], [ 74.072944087687517, 19.811537763578826 ], [ 74.072950290554587, 19.811538973828302 ], [ 74.072956468268785, 19.811540291411333 ], [ 74.072962617236882, 19.811541711257064 ], [ 74.072968735662315, 19.811543236746072 ], [ 74.072974824443307, 19.811544866188036 ], [ 74.072980877291684, 19.811546598737809 ], [ 74.072986896004068, 19.811548436085715 ], [ 74.072992876987243, 19.811550374005989 ], [ 74.072998819342843, 19.811552414188949 ], [ 74.073004718579313, 19.811554554944262 ], [ 74.073010578289924, 19.81155679796225 ], [ 74.073016392186432, 19.811559138172004 ], [ 74.073022159370566, 19.811561579799271 ], [ 74.07302787804565, 19.811564118618293 ], [ 74.07303354821174, 19.811566754629087 ], [ 74.073039167173832, 19.811569488676792 ], [ 74.073044732237022, 19.811572319071104 ], [ 74.073050240706337, 19.811575244121741 ], [ 74.073055696175061, 19.811578262138358 ], [ 74.073061089660044, 19.811581374811276 ], [ 74.073066424754501, 19.811584578759941 ], [ 74.073071698763528, 19.811587874829446 ], [ 74.073076909890489, 19.811591261329493 ], [ 74.073082056338762, 19.811594737414943 ], [ 74.073087136311685, 19.811598301395492 ], [ 74.073092147114352, 19.811601951580851 ], [ 74.073100825738322, 19.811608242847129 ], [ 74.073107756240717, 19.811613055107824 ], [ 74.073114774778048, 19.811617747357676 ], [ 74.073121883146882, 19.81162231621613 ], [ 74.073129075059043, 19.81162676421857 ], [ 74.073136349616206, 19.811631086294213 ], [ 74.073143705021764, 19.811635283288116 ], [ 74.073151140377377, 19.811639351819785 ], [ 74.073158651191434, 19.811643293579468 ], [ 74.073166235667401, 19.811647102651182 ], [ 74.073173892008569, 19.811650784105822 ], [ 74.073181618418332, 19.811654332872493 ], [ 74.073189411303431, 19.811657748106093 ], [ 74.073197267968894, 19.811661029806572 ], [ 74.073205189313072, 19.811664176283735 ], [ 74.073213168149422, 19.811667186692354 ], [ 74.073221205376257, 19.811670061032519 ], [ 74.073229297400346, 19.811672795923563 ], [ 74.073237442425025, 19.811675393055872 ], [ 74.073245635958713, 19.811677849893972 ], [ 74.073253878001452, 19.811680168973307 ], [ 74.073262164959942, 19.811682346068139 ], [ 74.073270494139265, 19.811684382023692 ], [ 74.0732788637428, 19.811686274304446 ], [ 74.07328727017719, 19.811688023755622 ], [ 74.073295711645912, 19.811689632067459 ], [ 74.073304187250642, 19.811691095014258 ], [ 74.073312689804794, 19.811692414286345 ], [ 74.073321296563549, 19.811693786802554 ], [ 74.073327019730229, 19.811694826331458 ], [ 74.073332718642376, 19.811695961361799 ], [ 74.07333839509667, 19.811697192738706 ], [ 74.073344044601484, 19.811698522152462 ], [ 74.073349665360226, 19.811699946222515 ], [ 74.073355258271192, 19.811701466639111 ], [ 74.073360817046151, 19.811703081711993 ], [ 74.073366345278387, 19.811704790595982 ], [ 74.073371836679755, 19.811706595826532 ], [ 74.073377293945086, 19.811708493177903 ], [ 74.073382711684573, 19.811710484340409 ], [ 74.073388089898174, 19.811712565933398 ], [ 74.073393426789295, 19.811714739647265 ], [ 74.073398722357879, 19.811717006327047 ], [ 74.073402268906619, 19.811718596045388 ], [ 74.073403972112388, 19.811719360901908 ], [ 74.073409176052834, 19.81172180590729 ], [ 74.073414332382583, 19.811724339652898 ], [ 74.073419438406646, 19.8117269621387 ], [ 74.073424494125078, 19.811729671674428 ], [ 74.073429497741216, 19.811732468260107 ], [ 74.073434446560086, 19.81173535020536 ], [ 74.073439340581785, 19.8117383149748 ], [ 74.073444178907863, 19.811741365949015 ], [ 74.073448957046878, 19.811744498902229 ], [ 74.073453676795381, 19.81174771298932 ], [ 74.073458333661804, 19.8117510099006 ], [ 74.073462929442812, 19.811754385410293 ], [ 74.073467459646778, 19.811757841208689 ], [ 74.073471926070383, 19.811761373070073 ], [ 74.073476324222, 19.811764982684725 ], [ 74.073480655898322, 19.81176866836234 ], [ 74.073484915709386, 19.811772426722374 ], [ 74.073489106350181, 19.811776261145347 ], [ 74.073500163713021, 19.811786310764404 ], [ 74.073508465942894, 19.811793544359979 ], [ 74.07351690381833, 19.81180063089996 ], [ 74.073525471051212, 19.811807571229629 ], [ 74.073534167641483, 19.811814360278056 ], [ 74.073542990894197, 19.811820999735556 ], [ 74.073551937216095, 19.811827483686148 ], [ 74.073561002115639, 19.811833812975003 ], [ 74.073570184694475, 19.81183998422155 ], [ 74.073579484952617, 19.811845996580647 ], [ 74.073588895703509, 19.811851848362064 ], [ 74.073598416048924, 19.811857535340053 ], [ 74.073608042395492, 19.811863058359823 ], [ 74.073617771150012, 19.811868414885911 ], [ 74.073627602312484, 19.811873604073199 ], [ 74.073637528696381, 19.811878621696 ], [ 74.073647552098322, 19.811883470289747 ], [ 74.073657664433469, 19.811888144783605 ], [ 74.073667866600161, 19.811892645177579 ], [ 74.073678153208476, 19.811896970626556 ], [ 74.073688521563469, 19.811901120285345 ], [ 74.07369896897022, 19.811905089928327 ], [ 74.073709491835487, 19.811908881245753 ], [ 74.073720089260874, 19.811912491702181 ], [ 74.073730753161627, 19.811915922142841 ], [ 74.073746656037116, 19.8119210868194 ], [ 74.073758420374062, 19.811925174782058 ], [ 74.073770102066021, 19.811929461353511 ], [ 74.073781699316314, 19.811933947378872 ], [ 74.073793206735132, 19.811938632012964 ], [ 74.073804621627417, 19.811943511875214 ], [ 74.073815942196632, 19.811948586965624 ], [ 74.073827162154558, 19.811953853903567 ], [ 74.073838278806164, 19.811959314379305 ], [ 74.073849290354929, 19.811964963321994 ], [ 74.073860189614265, 19.81197080242184 ], [ 74.073870980177475, 19.811976825762898 ], [ 74.073881651264728, 19.811983035035354 ], [ 74.073892202876067, 19.811989426858673 ], [ 74.073902634113125, 19.811995998697352 ], [ 74.07391293778943, 19.812002749706245 ], [ 74.073938414010911, 19.81201928240862 ], [ 74.073955675139075, 19.812029945586612 ], [ 74.073973133896644, 19.812040311273357 ], [ 74.073990785791963, 19.812050374398005 ], [ 74.074008628130159, 19.8120601332704 ], [ 74.074026651928008, 19.812069581129375 ], [ 74.074044852693973, 19.812078721355565 ], [ 74.074053463944281, 19.812082856642217 ], [ 74.07406322593647, 19.812087546342806 ], [ 74.074093921369723, 19.812103790842514 ], [ 74.074138894626117, 19.812435981665757 ], [ 74.074142976570755, 19.812466130395944 ], [ 74.074148541633946, 19.81250723468526 ], [ 74.074154530701961, 19.812551472746414 ], [ 74.074169607127374, 19.812675351760284 ], [ 74.074182481782003, 19.812799458020219 ], [ 74.074193152869256, 19.812923755184691 ], [ 74.074201616795875, 19.813048202686627 ], [ 74.074211109293486, 19.813266242291071 ], [ 74.074287004358581, 19.814302300089114 ], [ 74.074337956801486, 19.814295966672866 ], [ 74.074446071740894, 19.815221596925674 ], [ 74.074469404582075, 19.815488569692185 ], [ 74.074477326824564, 19.81552385366895 ], [ 74.074561102809653, 19.815896972581569 ], [ 74.074623427025742, 19.816181330056732 ], [ 74.074926239226542, 19.817045369895311 ], [ 74.074960869280758, 19.817047894259822 ], [ 74.075097351220208, 19.817393402221505 ], [ 74.075441891064258, 19.81826555276011 ], [ 74.075669563683135, 19.818758817655254 ], [ 74.075747788079752, 19.81895390900484 ], [ 74.07582886193245, 19.81925198298778 ], [ 74.075887338664202, 19.819412828414286 ], [ 74.076044903165041, 19.819846215120762 ], [ 74.076249115381941, 19.820696426147705 ], [ 74.076303352065523, 19.820694380166394 ], [ 74.076405661193263, 19.821054316973807 ], [ 74.076645494306092, 19.821898016872371 ], [ 74.076803180977834, 19.822438593760399 ], [ 74.076862099680682, 19.822640568055355 ], [ 74.076902945178347, 19.82290990474494 ], [ 74.076961560250624, 19.823184375710856 ], [ 74.077158251771962, 19.823968111789224 ], [ 74.077282407927413, 19.824462784635053 ], [ 74.077459538633448, 19.825239862836412 ], [ 74.0776318579628, 19.825999416415183 ], [ 74.077646824793774, 19.826060498865274 ], [ 74.077665366919533, 19.826136169713177 ], [ 74.077676076634347, 19.826188392413837 ], [ 74.077742631915442, 19.826512922010945 ], [ 74.077771032153137, 19.826510379205288 ], [ 74.078098495921978, 19.828843625855129 ], [ 74.078128468211432, 19.828948753953249 ], [ 74.078165794109793, 19.829163018025245 ], [ 74.078252507585887, 19.829660769273143 ], [ 74.078470785623495, 19.830913560159683 ], [ 74.078481127927347, 19.830974206368658 ], [ 74.07849519105315, 19.831056659723046 ], [ 74.078736656404885, 19.83108423092267 ], [ 74.078766441844749, 19.83109821890832 ], [ 74.078817664680557, 19.83112227134523 ], [ 74.079037414158634, 19.831225461100274 ], [ 74.079089085253784, 19.831230419804392 ], [ 74.079119868721918, 19.831233461954071 ], [ 74.07915069800417, 19.831235973417588 ], [ 74.079181564117334, 19.831237956730128 ], [ 74.079192086982573, 19.831238452769512 ], [ 74.07921245807826, 19.831239411891655 ], [ 74.079243369107161, 19.831240337212158 ], [ 74.079274290017594, 19.831240732691576 ], [ 74.079305209131363, 19.831240595794853 ], [ 74.079336118363656, 19.831239931592215 ], [ 74.079367007833014, 19.831238736703455 ], [ 74.079397866759635, 19.831237011973673 ], [ 74.079428689753684, 19.831234759092865 ], [ 74.079459463340356, 19.831231977216021 ], [ 74.07949018033321, 19.83122866803318 ], [ 74.079520829952372, 19.831224833234355 ], [ 74.079522001355485, 19.831224666761145 ], [ 74.079551403214751, 19.831220471974508 ], [ 74.0795565487647, 19.831219637918394 ], [ 74.079586910024659, 19.831338889305517 ], [ 74.079598303357415, 19.831383637600897 ], [ 74.07960722811977, 19.831418690733308 ], [ 74.07982123197327, 19.832084946375531 ], [ 74.080060904287706, 19.832922026878578 ], [ 74.080064762551828, 19.832935505992843 ], [ 74.080285404955291, 19.833399994337796 ], [ 74.080539338923188, 19.833934558600994 ], [ 74.080775612012587, 19.834634367182865 ], [ 74.080823273028315, 19.834802705911244 ], [ 74.080919145727009, 19.835064690582261 ], [ 74.081126566726098, 19.835779083411079 ], [ 74.08115181387717, 19.835866039056846 ], [ 74.081153986901839, 19.835936754282688 ], [ 74.08119866012089, 19.83608785500051 ], [ 74.081258718785875, 19.836291000881449 ], [ 74.081285949417065, 19.836544043701991 ], [ 74.081289238149324, 19.836646444073224 ], [ 74.081299666691464, 19.836971094269916 ], [ 74.081298836648116, 19.837079454224785 ], [ 74.081297657160164, 19.837233680391215 ], [ 74.081296324060276, 19.837407911145689 ], [ 74.081293744098772, 19.837745442762017 ], [ 74.0814011601489, 19.837990061939436 ], [ 74.081700132051864, 19.83905573129568 ], [ 74.081726706912903, 19.839124768622153 ], [ 74.081796592248764, 19.839306318370234 ], [ 74.081856253858348, 19.839461306252119 ], [ 74.081866300616483, 19.83957819897962 ], [ 74.081869857046698, 19.839619571726008 ], [ 74.081881719300029, 19.839692959694734 ], [ 74.081910346811497, 19.839870070031253 ], [ 74.081907360811485, 19.840054404874607 ], [ 74.081928837733287, 19.840193919343847 ], [ 74.082078472805136, 19.841165905247834 ], [ 74.0821155992775, 19.841435338970122 ], [ 74.0822745543704, 19.842588813416189 ], [ 74.082279663089409, 19.842625891184994 ], [ 74.082396743215327, 19.843482475646383 ], [ 74.082409847838704, 19.843707754644512 ], [ 74.082252647155556, 19.843820753137908 ], [ 74.082273584189878, 19.843950448236203 ], [ 74.08233641056421, 19.844339639361852 ], [ 74.082336804924637, 19.84446289282107 ], [ 74.082336029678544, 19.844647599189141 ], [ 74.082340772783255, 19.845175806926026 ], [ 74.082334627408372, 19.846008244644377 ], [ 74.082286105806617, 19.847439205775668 ], [ 74.082241849405847, 19.848745234351842 ], [ 74.08219400603214, 19.849031213635463 ], [ 74.081886827120726, 19.850326773825113 ], [ 74.08178627869097, 19.850750862992243 ], [ 74.081646022929036, 19.85133696224672 ], [ 74.081516817343399, 19.852044333148996 ], [ 74.081472540281354, 19.852221461813134 ], [ 74.081465686135743, 19.85224888232019 ], [ 74.081435722829454, 19.852368749076565 ], [ 74.081432373910076, 19.852404238629422 ], [ 74.08140475700327, 19.852696889625634 ], [ 74.081356484234846, 19.853199420354613 ], [ 74.081343253847379, 19.853423168079235 ], [ 74.081318425311224, 19.853843124911112 ], [ 74.081295266743183, 19.854144753059828 ], [ 74.08120657877015, 19.855403091113658 ], [ 74.081170785397632, 19.855911011403588 ], [ 74.081088841975728, 19.856920170667223 ], [ 74.081013526324028, 19.857860254653652 ], [ 74.08100752917116, 19.857935117832366 ], [ 74.081003295411236, 19.857987972198714 ], [ 74.080922138913522, 19.858264089232616 ], [ 74.080898877039218, 19.858581828748378 ], [ 74.080861763143275, 19.85908880525438 ], [ 74.080818786841775, 19.859675906165712 ], [ 74.080678664030486, 19.861018174140359 ] ] ] } },
{ "type": "Feature", "properties": { "gp_code": "183677", "gp_name": "MARHAL BK.", "blklgdcode": "4490", "blk_lgdcod": "4490", "blkname": "Sinnar", "dtname": "Nashik", "stname": "MAHARASHTRA" }, "geometry": { "type": "Polygon", "coordinates": [ [ [ 74.18481149034325, 19.781605787657792 ], [ 74.184818919410631, 19.781669292045247 ], [ 74.184805574038791, 19.781667312341199 ], [ 74.184598014699134, 19.781636517035597 ], [ 74.184533153640672, 19.781626893237199 ], [ 74.18402976829816, 19.781552209667936 ], [ 74.183835096189569, 19.78152546589007 ], [ 74.18367321528379, 19.781511825192251 ], [ 74.183503218997728, 19.781498476969045 ], [ 74.183314341921047, 19.781526985749611 ], [ 74.183116770949042, 19.781554969590367 ], [ 74.182825537133922, 19.78158652568656 ], [ 74.182647538655317, 19.78161825337342 ], [ 74.1825350956329, 19.781496187880965 ], [ 74.182427766719385, 19.781236239228175 ], [ 74.182375922249378, 19.781110669641961 ], [ 74.182459605707976, 19.78060339367693 ], [ 74.182523929573918, 19.780508476263957 ], [ 74.18266040522515, 19.780185525697444 ], [ 74.18277731197621, 19.780180960163165 ], [ 74.183122796847982, 19.78016746558934 ], [ 74.183466753685423, 19.780154034412853 ], [ 74.183501784388241, 19.780150188239016 ], [ 74.183563383663909, 19.780143425735293 ], [ 74.183620015256054, 19.780129146707782 ], [ 74.18431178629676, 19.779573146146241 ], [ 74.184356154088647, 19.779537484795835 ], [ 74.18442526507674, 19.77956985871225 ], [ 74.184429109866144, 19.779649244856277 ], [ 74.184434753981094, 19.779765801155595 ], [ 74.184435303750035, 19.779777150354171 ], [ 74.184438515227171, 19.77984346360557 ], [ 74.184456819299385, 19.780031534152631 ], [ 74.184476964917963, 19.780176454645979 ], [ 74.184546189093766, 19.780472564910809 ], [ 74.184618973293013, 19.780678600092667 ], [ 74.184648309575266, 19.780871848862894 ], [ 74.184701143090379, 19.781092693324251 ], [ 74.184712902935757, 19.781141854736092 ], [ 74.184735660855154, 19.781262487704659 ], [ 74.184770272044759, 19.781410543164512 ], [ 74.18481149034325, 19.781605787657792 ] ] ] } },
{ "type": "Feature", "properties": { "gp_code": "183677", "gp_name": "MARHAL BK.", "blklgdcode": "4490", "blk_lgdcod": "4490", "blkname": "Sinnar", "dtname": "Nashik", "stname": "MAHARASHTRA" }, "geometry": { "type": "Polygon", "coordinates": [ [ [ 74.167377907183905, 19.798925240299798 ], [ 74.167373821646009, 19.798925907173061 ], [ 74.167370705390269, 19.798927111601984 ], [ 74.167337055398036, 19.798940131266704 ], [ 74.16717659472873, 19.79976689131907 ], [ 74.167134417029516, 19.800395472717355 ], [ 74.16712052099038, 19.800392708050222 ], [ 74.167028718558242, 19.800374444848959 ], [ 74.166203546799494, 19.80021028724483 ], [ 74.165003772177371, 19.799958089270703 ], [ 74.164867212084516, 19.799923323334557 ], [ 74.164717194330407, 19.799885131762053 ], [ 74.163520188315971, 19.799581360269531 ], [ 74.16304963100724, 19.799476234730474 ], [ 74.162635018977724, 19.799383613171763 ], [ 74.162467590076773, 19.799346210051652 ], [ 74.1622433032082, 19.799284902656527 ], [ 74.162017240370318, 19.799239651723614 ], [ 74.161803357789367, 19.799196840904425 ], [ 74.161365456037842, 19.799107200246979 ], [ 74.160453595057561, 19.798938765402152 ], [ 74.160310991997747, 19.798912424330254 ], [ 74.160158029566119, 19.798884172226291 ], [ 74.159973549742773, 19.798880482869293 ], [ 74.15995410930168, 19.798880094916289 ], [ 74.159819687199203, 19.79889060007482 ], [ 74.159660185930605, 19.798895323972811 ], [ 74.158358157876364, 19.798688034395962 ], [ 74.15793178600147, 19.798620160272836 ], [ 74.157879147420758, 19.798628145863045 ], [ 74.157089356707814, 19.798571710011569 ], [ 74.15663765324021, 19.79853943800304 ], [ 74.156592671000695, 19.798553001172891 ], [ 74.156585648870106, 19.798555116746677 ], [ 74.156090148939199, 19.798509138720934 ], [ 74.155652815821199, 19.798468561610388 ], [ 74.155563967948027, 19.798464656713751 ], [ 74.155057224703015, 19.798442390349031 ], [ 74.154829111909621, 19.798432366934001 ], [ 74.154590584048862, 19.798423935905149 ], [ 74.153641617257477, 19.798258214328492 ], [ 74.153348874272695, 19.798247129309424 ], [ 74.153341642834619, 19.79824685461395 ], [ 74.15244496607761, 19.798120864844673 ], [ 74.152403967866334, 19.798115104686904 ], [ 74.15182086333057, 19.798051414148247 ], [ 74.15159967924302, 19.798031845661669 ], [ 74.150104478368362, 19.797899591806321 ], [ 74.149940746933098, 19.797885113208828 ], [ 74.149861165182102, 19.797885087007035 ], [ 74.149848053372196, 19.797788316185986 ], [ 74.150077500163761, 19.797676277254254 ], [ 74.150080008260034, 19.797639714726962 ], [ 74.150145555631369, 19.796683938647526 ], [ 74.150212372322173, 19.795709675023108 ], [ 74.150238778299951, 19.795324619724806 ], [ 74.150250016224177, 19.795160746827392 ], [ 74.15021281968319, 19.795100784277231 ], [ 74.150210615217489, 19.795097230069942 ], [ 74.15084968479546, 19.794878173260095 ], [ 74.15095205231367, 19.794843084179849 ], [ 74.152069764936257, 19.794421401816535 ], [ 74.152242485812536, 19.794353002672011 ], [ 74.152385336807342, 19.794301324839093 ], [ 74.153020276829963, 19.794011260080328 ], [ 74.154203643723406, 19.793529400215952 ], [ 74.154477015437394, 19.793418089421429 ], [ 74.154869939440985, 19.793293710244701 ], [ 74.155060093023707, 19.793136107812686 ], [ 74.155280617747863, 19.792973683102666 ], [ 74.155616472679753, 19.792731517723158 ], [ 74.157233940552786, 19.791638597994385 ], [ 74.158705353140405, 19.790691884231464 ], [ 74.15882854630182, 19.790629106981807 ], [ 74.159393759092097, 19.790229456134789 ], [ 74.159795325787016, 19.788134750808702 ], [ 74.160204874013274, 19.786235238151768 ], [ 74.160331842793809, 19.785605019316773 ], [ 74.160360375982194, 19.785427173999903 ], [ 74.161185145295676, 19.785132167590973 ], [ 74.161238374967851, 19.785129089902785 ], [ 74.161291543554569, 19.785125111984328 ], [ 74.161344635784488, 19.785120231299739 ], [ 74.161397634589633, 19.785114451230058 ], [ 74.161450523800283, 19.785107775156334 ], [ 74.161503288145127, 19.785100203923736 ], [ 74.161555909657835, 19.785091740067998 ], [ 74.161608373965379, 19.785082385279566 ], [ 74.161660663101429, 19.785072142939377 ], [ 74.161712763591282, 19.785061017273772 ], [ 74.161764658366934, 19.785049008282538 ], [ 74.16181633125872, 19.785036124418319 ], [ 74.161867768791879, 19.785022365680916 ], [ 74.161918952101828, 19.785007738832412 ], [ 74.1619698659172, 19.784992248098998 ], [ 74.162020496763247, 19.784975895171002 ], [ 74.162070829368616, 19.78495868765572 ], [ 74.162167233869951, 19.784923015676945 ], [ 74.16221584260829, 19.7848673399529 ], [ 74.162295777397219, 19.784726698351797 ], [ 74.162314841444186, 19.784223821809146 ], [ 74.162323379032628, 19.784075539044565 ], [ 74.162348603725789, 19.783637413394676 ], [ 74.162102423117119, 19.781546987370426 ], [ 74.162005207437105, 19.780420840307965 ], [ 74.161984035942481, 19.780120319103276 ], [ 74.161976591603732, 19.780004220378046 ], [ 74.16196626277457, 19.779869413915549 ], [ 74.161869057874313, 19.778600890294545 ], [ 74.161818489910345, 19.777958552269894 ], [ 74.161811294404927, 19.777867142225631 ], [ 74.161009886678684, 19.777670119656541 ], [ 74.160250448242579, 19.777496658645713 ], [ 74.158669163610867, 19.777133451641529 ], [ 74.158369246680223, 19.77706650918255 ], [ 74.158318976058595, 19.777055288280948 ], [ 74.158235508195659, 19.777036658065974 ], [ 74.15811286210824, 19.778039235944014 ], [ 74.158117038376005, 19.778157632845112 ], [ 74.158116780559496, 19.778350981039882 ], [ 74.158122089602827, 19.778477473356595 ], [ 74.1581261374115, 19.778573878054406 ], [ 74.15812295198549, 19.778752846000071 ], [ 74.158122370775516, 19.778785449157699 ], [ 74.158121015217745, 19.779002434248536 ], [ 74.158097058945771, 19.779281587090164 ], [ 74.158066537785686, 19.779579388804827 ], [ 74.158050807386729, 19.779746804390818 ], [ 74.158043209436059, 19.779827669747306 ], [ 74.158020729994377, 19.780046025362577 ], [ 74.158016674100864, 19.780191524881971 ], [ 74.157998985374618, 19.780446503118 ], [ 74.157979983311407, 19.780612397079242 ], [ 74.157974252958226, 19.780653075950898 ], [ 74.157972175154981, 19.780667831686419 ], [ 74.157978689737391, 19.781090914796316 ], [ 74.157965698301766, 19.781682352005205 ], [ 74.157905397989992, 19.781877369623935 ], [ 74.157901592726461, 19.781889673865294 ], [ 74.15788201574145, 19.781952988791641 ], [ 74.157706440019183, 19.781937397170026 ], [ 74.157346562339967, 19.781913457328862 ], [ 74.156679699785428, 19.781869104243341 ], [ 74.156188603396004, 19.781836446772058 ], [ 74.155927835045432, 19.781854390038998 ], [ 74.155868371963507, 19.781848714668495 ], [ 74.155768849409839, 19.781839215987915 ], [ 74.155583917733864, 19.781821567730375 ], [ 74.1554998497963, 19.781813544949188 ], [ 74.155497611194633, 19.781813331932543 ], [ 74.155320291842372, 19.781796410633774 ], [ 74.155110557681411, 19.781827111234417 ], [ 74.154823054569675, 19.781774695612416 ], [ 74.154809278904807, 19.781772910329657 ], [ 74.154797097749523, 19.781771112367338 ], [ 74.154784950730289, 19.78176911406786 ], [ 74.154772841440234, 19.781766914585905 ], [ 74.154760774371027, 19.781764517302697 ], [ 74.154748751319275, 19.781761919682303 ], [ 74.154736776776545, 19.781759125105975 ], [ 74.154724856132717, 19.781756132728326 ], [ 74.154712990286129, 19.781752945930624 ], [ 74.154701184626674, 19.781749562176905 ], [ 74.154689441849243, 19.781745984003106 ], [ 74.154677766445502, 19.781742213945069 ], [ 74.154666162907006, 19.781738251157556 ], [ 74.154654631233697, 19.781734098176386 ], [ 74.154643177713822, 19.781729755001606 ], [ 74.154631805940639, 19.781725225014377 ], [ 74.154620517710782, 19.781720507369396 ], [ 74.154609318414131, 19.781715602911941 ], [ 74.154598208948997, 19.781710515023235 ], [ 74.154587195603611, 19.781705246239195 ], [ 74.154576280174624, 19.781699795714431 ], [ 74.154565465356896, 19.781694166830153 ], [ 74.154554757438731, 19.781688359586401 ], [ 74.154544153725084, 19.781682378209656 ], [ 74.154533664097514, 19.781676221854557 ], [ 74.154523286759385, 19.781669893902347 ], [ 74.154513027998831, 19.781663396043587 ], [ 74.154502891409138, 19.781656729968876 ], [ 74.154492876990361, 19.781649898214095 ], [ 74.15448298923404, 19.781642903315181 ], [ 74.154468152658794, 19.781634789232012 ], [ 74.154459099437375, 19.781630096943534 ], [ 74.154449960876008, 19.781625555119195 ], [ 74.154440742364557, 19.781621164604353 ], [ 74.1544314421064, 19.781616927089622 ], [ 74.154422068186435, 19.781612843420334 ], [ 74.154412618807925, 19.781608915287087 ], [ 74.154403101157513, 19.781605142689926 ], [ 74.154393515235128, 19.781601528164739 ], [ 74.154383864633999, 19.78159807086627 ], [ 74.154374152947483, 19.781594775020984 ], [ 74.154364381972115, 19.781591639783684 ], [ 74.154354555301225, 19.78158866599961 ], [ 74.15434467742638, 19.781585852823497 ], [ 74.154334748347537, 19.781583206172503 ], [ 74.154324772556308, 19.781580721820095 ], [ 74.154314753645934, 19.781578400611558 ], [ 74.154304695209703, 19.781576249309396 ], [ 74.154294599044235, 19.781574261996443 ], [ 74.154284466946123, 19.781572441208617 ], [ 74.154274304305332, 19.78157078779126 ], [ 74.154264113816751, 19.781569304280243 ], [ 74.154253898175341, 19.781567987294405 ], [ 74.154243660076048, 19.781566840214953 ], [ 74.154233404010455, 19.781565861351261 ], [ 74.154223131775169, 19.781565052393962 ], [ 74.154212846963475, 19.78156441334302 ], [ 74.154202553168645, 19.781563944198535 ], [ 74.154192252187286, 19.781563644960386 ], [ 74.154181946714345, 19.781563514783347 ], [ 74.15417164303804, 19.781563556203317 ], [ 74.154161342056653, 19.781563768374991 ], [ 74.154151048261824, 19.781564149607735 ], [ 74.154140761653522, 19.781564700746898 ], [ 74.154130490316547, 19.781565421792422 ], [ 74.154120231555993, 19.781566312744349 ], [ 74.154100703978358, 19.781568651704465 ], [ 74.154090355386288, 19.781569642402442 ], [ 74.154079987031295, 19.781570459812741 ], [ 74.154069606099867, 19.781571107316694 ], [ 74.154059215286978, 19.781571580687729 ], [ 74.154048813694288, 19.781571884152353 ], [ 74.154038410304992, 19.781572016020007 ], [ 74.15402800422072, 19.781571976290653 ], [ 74.154017599034802, 19.781571764118993 ], [ 74.154007199238748, 19.781571380350329 ], [ 74.153996806629223, 19.781570824984694 ], [ 74.153986425697795, 19.781570098022041 ], [ 74.153976060037749, 19.781569198617078 ], [ 74.153965709649029, 19.781568129305725 ], [ 74.153955380819909, 19.781566889242644 ], [ 74.153945076245265, 19.781565479273201 ], [ 74.153934797721774, 19.781563899397341 ], [ 74.153924548842724, 19.781562148769769 ], [ 74.153914334997921, 19.781560229926345 ], [ 74.153904155289155, 19.781558143712466 ], [ 74.153894015106218, 19.781555889282753 ], [ 74.15388391894075, 19.781553468327807 ], [ 74.153873865894383, 19.781550880002332 ], [ 74.153863863153717, 19.781548126842257 ], [ 74.153853911616991, 19.781545209692844 ], [ 74.153844013979182, 19.781542127708818 ], [ 74.153834173833573, 19.781538885116653 ], [ 74.153824395671705, 19.781535477689854 ], [ 74.153814680391889, 19.781531911345493 ], [ 74.153805031587439, 19.781528186083634 ], [ 74.15379545285154, 19.781524300213587 ], [ 74.153785946879225, 19.781520257961859 ], [ 74.153776513670408, 19.781516060173836 ], [ 74.15376716131, 19.781511706849436 ], [ 74.153757888899634, 19.781507199679265 ], [ 74.15374870003258, 19.781502542044556 ], [ 74.153739599200449, 19.781497733099947 ], [ 74.153730586403199, 19.78149277284545 ], [ 74.153721666132427, 19.781487667198217 ], [ 74.152908385373124, 19.781270134351974 ], [ 74.152762839432455, 19.781231204578503 ], [ 74.15253935655609, 19.781171217341068 ], [ 74.15238030264851, 19.781166720304974 ], [ 74.152239354285456, 19.781160040684572 ], [ 74.151948814868092, 19.781146274004602 ], [ 74.151638591566183, 19.7811490795807 ], [ 74.150154805583838, 19.781094902959186 ], [ 74.148294437749556, 19.781098406760535 ], [ 74.148291752685168, 19.781094639223124 ], [ 74.147199029397157, 19.781105308699495 ], [ 74.146336848845351, 19.781170361889846 ], [ 74.146315812098024, 19.781095056805224 ], [ 74.146292108252609, 19.781010203081816 ], [ 74.146281744389199, 19.780973105028526 ], [ 74.146078118772166, 19.780094329949794 ], [ 74.145959923836969, 19.779502973067761 ], [ 74.145942698641392, 19.77941679726618 ], [ 74.145728807077305, 19.778696846052405 ], [ 74.145583184779852, 19.778127934936542 ], [ 74.145576442025344, 19.778099581932647 ], [ 74.145443644975188, 19.777541242877358 ], [ 74.145364653417303, 19.77724179403495 ], [ 74.145298944349221, 19.777022089657326 ], [ 74.145140645026473, 19.776357779289992 ], [ 74.145134517617933, 19.776332065946733 ], [ 74.144974894178461, 19.775656628071093 ], [ 74.144955375583962, 19.77557234459001 ], [ 74.144895872976193, 19.775315393987206 ], [ 74.144809995831665, 19.774944544359478 ], [ 74.144748258215444, 19.774789061639389 ], [ 74.144735270373047, 19.774756351151066 ], [ 74.144734759231667, 19.774743812199208 ], [ 74.144729469052947, 19.774614022619676 ], [ 74.144682335348321, 19.773457609579701 ], [ 74.144680509073353, 19.773412850909072 ], [ 74.144661373161142, 19.773006018726285 ], [ 74.144645606829599, 19.772670825774448 ], [ 74.144585127753103, 19.77206197206565 ], [ 74.144541337577962, 19.771621104008311 ], [ 74.144529688225333, 19.771416005608444 ], [ 74.144482894083865, 19.771057776603822 ], [ 74.14443657515119, 19.770871999923237 ], [ 74.144335400595693, 19.770084303039681 ], [ 74.144296114573365, 19.769778440750738 ], [ 74.144287098182872, 19.769588753593084 ], [ 74.144268391665378, 19.769195277812077 ], [ 74.144252571434933, 19.768862497149076 ], [ 74.14424353528149, 19.768672436091688 ], [ 74.144218666321152, 19.768571821357778 ], [ 74.144212776966143, 19.768449794058213 ], [ 74.144186830925804, 19.768321373089044 ], [ 74.144156164238623, 19.768169574821957 ], [ 74.144133823137508, 19.768058998692844 ], [ 74.144125950302353, 19.76770722337567 ], [ 74.144142067875165, 19.767579702983038 ], [ 74.144144375647144, 19.767561446163672 ], [ 74.144195461939063, 19.76736663505158 ], [ 74.144342834154671, 19.766807731722608 ], [ 74.144368675990449, 19.766201237075016 ], [ 74.14436989859756, 19.766172509979128 ], [ 74.144375611882765, 19.766038416314391 ], [ 74.144384374948345, 19.765841757012097 ], [ 74.144412646726977, 19.764417464054684 ], [ 74.144416813113281, 19.764207570592042 ], [ 74.144335900957316, 19.763419013978282 ], [ 74.144288842711163, 19.763000511698372 ], [ 74.144259024033602, 19.762573078295052 ], [ 74.144208797429442, 19.762428636359097 ], [ 74.144103592133263, 19.761618926369874 ], [ 74.144082326315541, 19.761455246218691 ], [ 74.143988579030818, 19.760733691283626 ], [ 74.143895837859162, 19.760451575742554 ], [ 74.143824340945713, 19.760175282102399 ], [ 74.143749051345111, 19.759845729029443 ], [ 74.143497512285805, 19.758744673080201 ], [ 74.143412292708049, 19.758436466648469 ], [ 74.143289790351062, 19.757993407604719 ], [ 74.143176646642715, 19.7575841959193 ], [ 74.143203660779932, 19.757180586725813 ], [ 74.144555053954008, 19.757357680689971 ], [ 74.145762229795764, 19.757511454880905 ], [ 74.147482367919238, 19.757728341268891 ], [ 74.147895887597329, 19.757773374035295 ], [ 74.148422276997664, 19.757858056669832 ], [ 74.148441359909228, 19.757861127275756 ], [ 74.148527993435209, 19.757871037419324 ], [ 74.148530544650626, 19.758390253851303 ], [ 74.148532177787814, 19.758722565176758 ], [ 74.148545539329348, 19.759672392344733 ], [ 74.148550560911787, 19.760029614672526 ], [ 74.148762020736413, 19.760508607591007 ], [ 74.148821128983798, 19.760649483608951 ], [ 74.149100457426457, 19.761315203644148 ], [ 74.148595411098981, 19.761377391354728 ], [ 74.148652820632151, 19.762317761201409 ], [ 74.148659552606887, 19.762438055037425 ], [ 74.148691237983613, 19.762841807326765 ], [ 74.148716742951137, 19.763166810167508 ], [ 74.148747518334474, 19.763558965938262 ], [ 74.148764585426562, 19.76377645109952 ], [ 74.148791878041507, 19.764124249883334 ], [ 74.148797918313491, 19.76451403703647 ], [ 74.14886431369446, 19.764512281994616 ], [ 74.149281131986271, 19.76449987327333 ], [ 74.151274726265399, 19.764440614387713 ], [ 74.15218672199299, 19.764429784861179 ], [ 74.15222364364945, 19.764429346945882 ], [ 74.152448471303842, 19.767215140212791 ], [ 74.152607806384083, 19.769628883252956 ], [ 74.152668707668781, 19.770170613228881 ], [ 74.152672194030416, 19.770201611947421 ], [ 74.152694182991922, 19.770345285167892 ], [ 74.152701798908879, 19.770406933395392 ], [ 74.152794685607589, 19.771158781170655 ], [ 74.152883945807488, 19.772110885193062 ], [ 74.152881869800865, 19.772204858274414 ], [ 74.152862548835728, 19.773079146629655 ], [ 74.152847853296009, 19.773396976105296 ], [ 74.15283878929479, 19.773593009828627 ], [ 74.152838448833293, 19.77361526276076 ], [ 74.152833714711747, 19.773926189762992 ], [ 74.152810134833842, 19.774272263035282 ], [ 74.152813532262272, 19.77480911482651 ], [ 74.152818220569714, 19.775550585608197 ], [ 74.152823607766479, 19.776402938666607 ], [ 74.153150110337947, 19.776425039891816 ], [ 74.153162571767595, 19.776425884379183 ], [ 74.15343180673969, 19.776444109751235 ], [ 74.153708068333955, 19.776462815270076 ], [ 74.154170105122276, 19.77649410102314 ], [ 74.154574889582548, 19.776521515993956 ], [ 74.154644382354604, 19.776535760686169 ], [ 74.155120934121257, 19.776633454844152 ], [ 74.155960280396869, 19.776805532142969 ], [ 74.156366309922149, 19.776815649060367 ], [ 74.156810584322315, 19.7768267228913 ], [ 74.157227741279016, 19.776837126374382 ], [ 74.157633218340379, 19.776847240753771 ], [ 74.157649106842797, 19.776847638059081 ], [ 74.158062363314528, 19.776857950245116 ], [ 74.158062589690005, 19.776851621256203 ], [ 74.158126617111847, 19.775063100793162 ], [ 74.158128286181665, 19.773899794678421 ], [ 74.158129439618506, 19.773090124350293 ], [ 74.158129752232199, 19.772871164075767 ], [ 74.15812985284353, 19.772799710719195 ], [ 74.158109753937339, 19.772648916769015 ], [ 74.158042798905981, 19.771002533086687 ], [ 74.158000589765692, 19.769964891617974 ], [ 74.158001853695311, 19.769451457159875 ], [ 74.158002084562327, 19.769357852727428 ], [ 74.158002190563565, 19.769314228238041 ], [ 74.158002460956439, 19.769204324972844 ], [ 74.158005103800008, 19.768125738663233 ], [ 74.158010447877643, 19.768121769619444 ], [ 74.158125997274325, 19.768142785684013 ], [ 74.158194086877927, 19.768152386626166 ], [ 74.159186106327638, 19.768292282863552 ], [ 74.159276044755572, 19.768304966882187 ], [ 74.160909401131036, 19.768374413641695 ], [ 74.16107472797421, 19.768390311770805 ], [ 74.161102358355734, 19.768392969630817 ], [ 74.16110825938884, 19.76765231008606 ], [ 74.161110270716776, 19.767399626877378 ], [ 74.1611178551927, 19.767244552725124 ], [ 74.161124927628947, 19.76709989775761 ], [ 74.161131849148177, 19.766958351977216 ], [ 74.161149697774576, 19.764919802869763 ], [ 74.161117248829882, 19.763761745369571 ], [ 74.161112600946609, 19.763595937007882 ], [ 74.161104276258882, 19.763094093655667 ], [ 74.161080911078329, 19.7626338866582 ], [ 74.16103656664265, 19.762244799979523 ], [ 74.160947444783318, 19.761320133246304 ], [ 74.160943589214099, 19.761280133379678 ], [ 74.160892013340387, 19.760745082417266 ], [ 74.160875546322927, 19.76042653024972 ], [ 74.160817584325841, 19.758844081674102 ], [ 74.160860872342738, 19.758838566115237 ], [ 74.161081150928496, 19.758810497970813 ], [ 74.161879919404427, 19.758799773740229 ], [ 74.161882624231751, 19.759524605827238 ], [ 74.161876945082497, 19.759704157365199 ], [ 74.162023356100761, 19.760483120799357 ], [ 74.162116490734505, 19.761022409012117 ], [ 74.162156788259836, 19.761213481003214 ], [ 74.162164611687615, 19.76125058027397 ], [ 74.162216330393477, 19.761644526265115 ], [ 74.162374581207189, 19.762312067381654 ], [ 74.162373479872642, 19.762480547717903 ], [ 74.162420204843841, 19.762653020727548 ], [ 74.162695251017539, 19.76335750761244 ], [ 74.162750094063938, 19.763463318092636 ], [ 74.162747829411117, 19.763578613054911 ], [ 74.162801853193997, 19.763659287945419 ], [ 74.163104367154105, 19.764111041385341 ], [ 74.16379324831459, 19.765168770282045 ], [ 74.163940980754631, 19.76534889709464 ], [ 74.164308303670936, 19.765862972888922 ], [ 74.164577729984231, 19.766237813581764 ], [ 74.164757223259471, 19.766415092772696 ], [ 74.164850242010473, 19.766552724057213 ], [ 74.16487481542508, 19.766594947654166 ], [ 74.165115121051798, 19.767007882954577 ], [ 74.165146559391786, 19.767009358147284 ], [ 74.16591836493447, 19.767045596315683 ], [ 74.167200582441765, 19.767118945062009 ], [ 74.16721283186898, 19.767119207130481 ], [ 74.167419762387922, 19.767114368163483 ], [ 74.169008473392083, 19.767142288595277 ], [ 74.169936870560136, 19.767168064288565 ], [ 74.17030626319486, 19.767178322151072 ], [ 74.171638690238325, 19.767138663597493 ], [ 74.172505567182455, 19.767136550142567 ], [ 74.172825007199179, 19.767135774927286 ], [ 74.172829692811703, 19.767135763937311 ], [ 74.172960370736064, 19.767135447764467 ], [ 74.173354573940628, 19.767134494173604 ], [ 74.173885470188708, 19.767124981935261 ], [ 74.174071797846636, 19.767138918902816 ], [ 74.175069024830066, 19.767157841086103 ], [ 74.175205865197285, 19.767164156088441 ], [ 74.175367817968265, 19.767183819668492 ], [ 74.17541899229505, 19.767190033224022 ], [ 74.175471483552045, 19.767192748589949 ], [ 74.175530739123147, 19.767195813943896 ], [ 74.175993573615415, 19.767219757686785 ], [ 74.176623129136189, 19.767252332769939 ], [ 74.177729956872483, 19.767299964084657 ], [ 74.178051940918095, 19.767313823261915 ], [ 74.178119565194365, 19.767313639814198 ], [ 74.178309002819802, 19.767313131740206 ], [ 74.179424883777514, 19.767310145854349 ], [ 74.18040497270195, 19.767279960675697 ], [ 74.180534421731025, 19.767275976394007 ], [ 74.180602157398397, 19.767267312081522 ], [ 74.180635336673419, 19.767263068267447 ], [ 74.180708195432842, 19.767253747938344 ], [ 74.180707707647642, 19.766217844700396 ], [ 74.181049577698687, 19.766013650677039 ], [ 74.1811643240015, 19.765953360134951 ], [ 74.18130580326887, 19.765879021747672 ], [ 74.181822715442905, 19.765607422662828 ], [ 74.182436824432401, 19.765303342324469 ], [ 74.182941397347705, 19.765182234000914 ], [ 74.183493704940574, 19.765056147066058 ], [ 74.184024625443143, 19.76494310614607 ], [ 74.184177225853745, 19.764919172206046 ], [ 74.184333609069967, 19.764850883822213 ], [ 74.184478454324719, 19.764822612150532 ], [ 74.184815326149518, 19.764778812268915 ], [ 74.185029615667261, 19.764732008687865 ], [ 74.185616930606784, 19.764614211343972 ], [ 74.185802711190675, 19.764576605618419 ], [ 74.185887414237115, 19.764561231254273 ], [ 74.187291340889033, 19.764306421200395 ], [ 74.187803729147319, 19.764238453805163 ], [ 74.188292138675706, 19.764152438829868 ], [ 74.18843633175355, 19.764124912675317 ], [ 74.188551460738665, 19.764102937399784 ], [ 74.188638032280892, 19.764086409866916 ], [ 74.188802511114488, 19.764065002693709 ], [ 74.189062588660576, 19.763989759694887 ], [ 74.189123748660094, 19.763972067190817 ], [ 74.189126039364069, 19.763972122987138 ], [ 74.189871417369375, 19.763990304976996 ], [ 74.190035857575396, 19.764036396104927 ], [ 74.190080660151864, 19.764046330381312 ], [ 74.190377303621645, 19.764112100669053 ], [ 74.19050511412361, 19.764171972590056 ], [ 74.190685315271281, 19.764256386372463 ], [ 74.19078647096218, 19.764303771726272 ], [ 74.190989465961877, 19.764405276819886 ], [ 74.191146708865844, 19.764483904588396 ], [ 74.191583131092116, 19.764707149854178 ], [ 74.192009105013327, 19.764909210931425 ], [ 74.192496128441235, 19.765155805343564 ], [ 74.192762381904942, 19.765321946012925 ], [ 74.193387320085165, 19.765711901852328 ], [ 74.193917927075731, 19.766042993243833 ], [ 74.19399113977137, 19.766127932711981 ], [ 74.195004211239763, 19.766733060652339 ], [ 74.195071926245902, 19.766773508050029 ], [ 74.195122555295313, 19.766803749119894 ], [ 74.195161996726185, 19.766828660040495 ], [ 74.19526227476301, 19.766892008848281 ], [ 74.195368028031552, 19.766982713374844 ], [ 74.195808842121224, 19.767360797697386 ], [ 74.195819135916068, 19.767514773587965 ], [ 74.195961676093759, 19.768213452392096 ], [ 74.19602495432072, 19.7685236189498 ], [ 74.196066081889356, 19.768690842414948 ], [ 74.196113256018208, 19.769012417185117 ], [ 74.196218086716911, 19.769727013627858 ], [ 74.19624103507914, 19.769883452324429 ], [ 74.196499627710097, 19.771271801621587 ], [ 74.19660480695515, 19.771271601271259 ], [ 74.196889049182403, 19.771271059395463 ], [ 74.196976863094662, 19.771270892014169 ], [ 74.197028762361896, 19.771270792261706 ], [ 74.197104843378241, 19.771270646859772 ], [ 74.197647318910356, 19.771269612139065 ], [ 74.198319062910144, 19.771282446394878 ], [ 74.199326032122841, 19.771301680024123 ], [ 74.199546239741693, 19.771355144801003 ], [ 74.199816497894915, 19.771363047222344 ], [ 74.200965762045229, 19.771456306416162 ], [ 74.20121682409912, 19.771476678722966 ], [ 74.201500736644675, 19.771497289418321 ], [ 74.202795106561155, 19.771591250181054 ], [ 74.202831453295858, 19.771593887699062 ], [ 74.203510698228285, 19.771635778580453 ], [ 74.205466011699869, 19.771756353653064 ], [ 74.205702630640673, 19.771780610338528 ], [ 74.205707898361467, 19.771781148831167 ], [ 74.206572763079379, 19.771797159053037 ], [ 74.206681115174007, 19.771799164240427 ], [ 74.206835943406475, 19.771798357769629 ], [ 74.206909580106952, 19.771797974822793 ], [ 74.207130280002588, 19.771792173981229 ], [ 74.207450364111352, 19.771783759294614 ], [ 74.207602572856459, 19.771778643191993 ], [ 74.207984480819746, 19.771765808130752 ], [ 74.208202003374197, 19.771758495788905 ], [ 74.208410144822182, 19.771751498765038 ], [ 74.208712701901419, 19.771741329113993 ], [ 74.208928676658687, 19.771734069183175 ], [ 74.209210991999626, 19.771717636276108 ], [ 74.209389634570314, 19.771707239221705 ], [ 74.209583890758921, 19.771695930870916 ], [ 74.210163514322971, 19.771662190947119 ], [ 74.21039022394784, 19.771633669411965 ], [ 74.211010342666555, 19.771555652982386 ], [ 74.21185243688862, 19.771449709233931 ], [ 74.212075271181376, 19.771421672896953 ], [ 74.212438418728254, 19.77137598375916 ], [ 74.21264094929893, 19.771350502086012 ], [ 74.212803582094608, 19.771330041000336 ], [ 74.212963684336103, 19.771309896921981 ], [ 74.213176515888179, 19.771283117610693 ], [ 74.213215283582556, 19.7712782407289 ], [ 74.213431151440304, 19.771263846783384 ], [ 74.213457251092578, 19.771250042897972 ], [ 74.213918595279765, 19.771226995842323 ], [ 74.214338420232863, 19.771200332331507 ], [ 74.214370826058428, 19.771198273878881 ], [ 74.214795669899004, 19.771178397763151 ], [ 74.214945419955185, 19.771171392260204 ], [ 74.215027634668274, 19.771137502596538 ], [ 74.215453718183952, 19.771078668858593 ], [ 74.216136303052593, 19.770984413607881 ], [ 74.216209554375808, 19.77097429801108 ], [ 74.21623514468331, 19.770962876329811 ], [ 74.216239400901131, 19.770960975111382 ], [ 74.216264772019684, 19.770949650645758 ], [ 74.216294139742971, 19.770936541620564 ], [ 74.216374426671493, 19.770900704192886 ], [ 74.216420233564449, 19.770880255729889 ], [ 74.216438315752825, 19.77094912229467 ], [ 74.216497908192139, 19.771176080629882 ], [ 74.2165815251754, 19.771494541156681 ], [ 74.216378220256928, 19.772511895175459 ], [ 74.216347424212373, 19.772665999656244 ], [ 74.216186422757232, 19.773426826212944 ], [ 74.216135515230093, 19.773667395339526 ], [ 74.216066681821445, 19.773992664374337 ], [ 74.215978778077627, 19.774178203257112 ], [ 74.215723498433462, 19.774408582325737 ], [ 74.215185194677545, 19.774936755391323 ], [ 74.215090788029386, 19.775018788913037 ], [ 74.214968787830642, 19.775124801297608 ], [ 74.214611180194154, 19.775435541916398 ], [ 74.214204917106883, 19.776007534592125 ], [ 74.214046559393665, 19.776311460948612 ], [ 74.213823493335568, 19.776815314309427 ], [ 74.213971945326165, 19.777491974688633 ], [ 74.214123695032157, 19.777764944929327 ], [ 74.214414492266059, 19.777947048247377 ], [ 74.213995498254604, 19.778000787215955 ], [ 74.213787408010603, 19.778018780789015 ], [ 74.213093044431957, 19.7780735552553 ], [ 74.213027836623809, 19.778077213817351 ], [ 74.211927075210625, 19.778138948658327 ], [ 74.210878565204254, 19.778207840827491 ], [ 74.210763406574756, 19.778215408161046 ], [ 74.210414607817896, 19.778231552142913 ], [ 74.209823436410886, 19.778258915250102 ], [ 74.209441118815874, 19.778278667065635 ], [ 74.20909857772331, 19.778290139787284 ], [ 74.208458654745797, 19.778311574636415 ], [ 74.208033127287294, 19.778329854738779 ], [ 74.207529744639743, 19.77835147978012 ], [ 74.20752733625649, 19.778351582909476 ], [ 74.207414132360995, 19.778337380645709 ], [ 74.207397332966877, 19.778335273256552 ], [ 74.207222436370955, 19.778316753928515 ], [ 74.206838417366754, 19.778322420971623 ], [ 74.2068147090298, 19.778322770935205 ], [ 74.206784333396783, 19.778323218956203 ], [ 74.206775578416028, 19.778323348290545 ], [ 74.205000518194396, 19.7783495313118 ], [ 74.204476919859658, 19.77838935614038 ], [ 74.204169088771366, 19.778385012029077 ], [ 74.203472131756499, 19.778447772971663 ], [ 74.203320715325475, 19.778461406323963 ], [ 74.202623231897846, 19.778457030092383 ], [ 74.202505442102833, 19.778463196715723 ], [ 74.201763875649277, 19.778502027417613 ], [ 74.201565174596638, 19.778512258345703 ], [ 74.201402558868963, 19.7785084899018 ], [ 74.200585494405686, 19.778543525099277 ], [ 74.200422392689418, 19.778552757700108 ], [ 74.200396337054599, 19.778553136404124 ], [ 74.199702301361029, 19.778563219397686 ], [ 74.19909138228914, 19.778577139303984 ], [ 74.199056204262604, 19.778574914418339 ], [ 74.199039251256593, 19.778573841705601 ], [ 74.198370011759792, 19.778536592617769 ], [ 74.198244764151326, 19.778528187585806 ], [ 74.198191566818508, 19.778524617792858 ], [ 74.197887240956433, 19.778523480835343 ], [ 74.197542801723657, 19.778522195946543 ], [ 74.197093274874021, 19.778520519673837 ], [ 74.197023544946731, 19.778518339589436 ], [ 74.197002866627216, 19.778517692918395 ], [ 74.1969320263822, 19.778515475639811 ], [ 74.196886213201026, 19.778514043664988 ], [ 74.196830022681695, 19.778512287086635 ], [ 74.196499370791926, 19.778526263633953 ], [ 74.196324732012499, 19.77853031187885 ], [ 74.196205406996654, 19.778533077770902 ], [ 74.195543365700274, 19.77854842711842 ], [ 74.19522578339955, 19.778555793249296 ], [ 74.193470819389148, 19.778630775776222 ], [ 74.193429218408326, 19.778632681975072 ], [ 74.192879927358177, 19.778657847179172 ], [ 74.192868876283541, 19.778658354371679 ], [ 74.192633718901732, 19.778663869244891 ], [ 74.192565041799938, 19.778665479581061 ], [ 74.192375642802077, 19.778660820172622 ], [ 74.192087872890681, 19.778653739765044 ], [ 74.191985120893563, 19.77865121225555 ], [ 74.191981243764786, 19.77865111673432 ], [ 74.191400188286195, 19.778636825738548 ], [ 74.191303083098916, 19.778532480128572 ], [ 74.191178864959753, 19.77819100536874 ], [ 74.190903507968983, 19.77712070238978 ], [ 74.190873072148833, 19.776845675201717 ], [ 74.190866992351005, 19.776790727020572 ], [ 74.190668632658159, 19.776226328253451 ], [ 74.190633851686968, 19.776127361617803 ], [ 74.190589365317479, 19.77601189736561 ], [ 74.190571698150791, 19.775940539249376 ], [ 74.19045481655256, 19.775566510917667 ], [ 74.190420169430368, 19.775572743589194 ], [ 74.190279608241198, 19.775598032695747 ], [ 74.189571485167349, 19.775796997027708 ], [ 74.188817486928599, 19.776008860077297 ], [ 74.188737140711268, 19.776031435589974 ], [ 74.188669758980126, 19.776053212258166 ], [ 74.188518240141121, 19.776102177416693 ], [ 74.188343058779267, 19.776158790298187 ], [ 74.18819712656304, 19.776109289215025 ], [ 74.188186604596112, 19.776105720213234 ], [ 74.187983898853943, 19.776095425730521 ], [ 74.188040924806515, 19.776028892822854 ], [ 74.188030406432844, 19.775995836001705 ], [ 74.187334966672466, 19.77610342428498 ], [ 74.186610473599217, 19.776247885953605 ], [ 74.185949535433963, 19.77642714561556 ], [ 74.185865718126394, 19.776440823098035 ], [ 74.185108064642705, 19.776617806910068 ], [ 74.184962479176178, 19.776651817136155 ], [ 74.184858493792177, 19.77666537540761 ], [ 74.184798901352849, 19.776691799620693 ], [ 74.184519707657486, 19.776815596649861 ], [ 74.18389046564873, 19.777094617224805 ], [ 74.183857385188418, 19.777109285375658 ], [ 74.183572567141056, 19.777334314353464 ], [ 74.18351400327272, 19.777380585059205 ], [ 74.182741686588685, 19.777426816866406 ], [ 74.182669238359338, 19.777431155086528 ], [ 74.182623550942296, 19.777433511013914 ], [ 74.182576257337544, 19.777435950628636 ], [ 74.182465144720055, 19.777441681102605 ], [ 74.182455666595473, 19.777442171392437 ], [ 74.182401524234976, 19.777444962663218 ], [ 74.182392757576153, 19.777445235703926 ], [ 74.182214550688386, 19.777445698943293 ], [ 74.18221499086286, 19.777456565625286 ], [ 74.182217890624628, 19.777585273407652 ], [ 74.182218479021117, 19.777714010672451 ], [ 74.182216754255762, 19.777842742761305 ], [ 74.182212717226875, 19.777971429098603 ], [ 74.18220636883278, 19.77810003079961 ], [ 74.182187234717219, 19.778351641236739 ], [ 74.182163274851959, 19.778634468983661 ], [ 74.182145491802586, 19.778844379798226 ], [ 74.182111388161147, 19.77939925102363 ], [ 74.18209764034404, 19.779622892140164 ], [ 74.182092177688816, 19.779719974933048 ], [ 74.182084972301894, 19.779816953693061 ], [ 74.18207602508167, 19.779913797989085 ], [ 74.18206533962136, 19.780010477390093 ], [ 74.182052921310898, 19.780106964000989 ], [ 74.182038771048553, 19.780203228236253 ], [ 74.182022893325879, 19.780299238819673 ], [ 74.182005294431136, 19.780394971237737 ], [ 74.181985977957595, 19.780490389987829 ], [ 74.181964951091729, 19.780585471401828 ], [ 74.181923425569394, 19.780753349160356 ], [ 74.181915476377455, 19.780784554611831 ], [ 74.181908087734271, 19.780815891080184 ], [ 74.181901264131383, 19.780847346730962 ], [ 74.181895007365384, 19.780878913111003 ], [ 74.181889315639751, 19.780910579231271 ], [ 74.181884196140956, 19.780942336638585 ], [ 74.181879646174067, 19.780974175189176 ], [ 74.181875668433989, 19.7810060847393 ], [ 74.181872264717342, 19.781038056835875 ], [ 74.181869435922508, 19.781070079644508 ], [ 74.181867182049459, 19.781102146402699 ], [ 74.181865504894844, 19.781134245276128 ], [ 74.181864406255272, 19.781166365275798 ], [ 74.181863881639131, 19.781198499639206 ], [ 74.181863937334683, 19.781230637377362 ], [ 74.18186456705368, 19.781262768346586 ], [ 74.181865776186072, 19.781294882403184 ], [ 74.181867561138532, 19.781326970248809 ], [ 74.181869922809412, 19.78135902173976 ], [ 74.181872859402077, 19.781391027577744 ], [ 74.181876370916513, 19.781422979309696 ], [ 74.181880455556112, 19.781454864256055 ], [ 74.18188511332086, 19.781486674809141 ], [ 74.181890339719175, 19.78151839997998 ], [ 74.181896137446032, 19.781550032160915 ], [ 74.181902502009805, 19.781581560363005 ], [ 74.181909431613917, 19.781612973597358 ], [ 74.181916925359999, 19.781644265101576 ], [ 74.181924980553177, 19.781675423886782 ], [ 74.181933592701824, 19.781706439809398 ], [ 74.181934878190972, 19.781710762697504 ], [ 74.181942761805928, 19.781737304416499 ], [ 74.181952485170541, 19.781768008409738 ], [ 74.181962759202449, 19.781798540800338 ], [ 74.181973579410055, 19.781828894825935 ], [ 74.181984942200074, 19.781859058652394 ], [ 74.182006440681448, 19.781912103152507 ], [ 74.182014380890251, 19.781930383687044 ], [ 74.182022649882427, 19.781948527280328 ], [ 74.182031243166435, 19.7819665280153 ], [ 74.182040158047329, 19.781984376593627 ], [ 74.182049393626755, 19.782002073860731 ], [ 74.182058945413203, 19.782019611363559 ], [ 74.182068809813316, 19.782036980649192 ], [ 74.182078986827165, 19.782054183408285 ], [ 74.182089471064856, 19.782071207806617 ], [ 74.182100259831401, 19.782088052998986 ], [ 74.182111348635274, 19.782104709687079 ], [ 74.182122735679812, 19.782121177870973 ], [ 74.182134418270095, 19.78213744994304 ], [ 74.182146391016218, 19.782153520831471 ], [ 74.182158652121487, 19.782169384619227 ], [ 74.18217119529784, 19.782185038770482 ], [ 74.182184017850204, 19.782200477368178 ], [ 74.182197117083675, 19.782215696185848 ], [ 74.182210486710048, 19.782230689306456 ], [ 74.182224125830999, 19.782245453348871 ], [ 74.182238027260027, 19.782259984086636 ], [ 74.182252188302172, 19.782274274757356 ], [ 74.182266602669202, 19.782288323670588 ], [ 74.182281270361173, 19.782302125754537 ], [ 74.18229618329319, 19.782315677628038 ], [ 74.182311336075387, 19.782328974219354 ], [ 74.182326727809496, 19.782342009611487 ], [ 74.182342351308904, 19.782354782959153 ], [ 74.182358202082099, 19.782367289190624 ], [ 74.182374274739161, 19.782379523234141 ], [ 74.182390566585156, 19.782391485089782 ], [ 74.18240707043357, 19.782403166304615 ], [ 74.182423780894467, 19.782414565188059 ], [ 74.182440695272945, 19.782425680894914 ], [ 74.18245780907742, 19.782436505817508 ], [ 74.182475112426445, 19.78244703911059 ], [ 74.182492602625004, 19.782457278238343 ], [ 74.182510276079896, 19.782467217283703 ], [ 74.182528124706295, 19.782476856246753 ], [ 74.182546144910901, 19.782486190901 ], [ 74.182564330405512, 19.782495217865296 ], [ 74.182582675800234, 19.782503933758555 ], [ 74.182601174806891, 19.782512338580769 ], [ 74.182619822933873, 19.782520427260202 ], [ 74.182638615689612, 19.782528198951596 ], [ 74.182657544090958, 19.782535650273797 ], [ 74.182676603646343, 19.782542780381586 ], [ 74.182695788965844, 19.782549585048461 ], [ 74.182716728695127, 19.782556594277668 ], [ 74.184044489889033, 19.782981328310004 ], [ 74.184063049981134, 19.782986187927694 ], [ 74.184081520241676, 19.782991361150749 ], [ 74.184099891687552, 19.782996847979099 ], [ 74.18411816342045, 19.783002644186318 ], [ 74.184136327355489, 19.783008749772282 ], [ 74.184154378102804, 19.783015163891683 ], [ 74.184172310272501, 19.783021882318007 ], [ 74.184190117576392, 19.783028903360609 ], [ 74.184207797319502, 19.78303622617414 ], [ 74.184225342315315, 19.78304384737741 ], [ 74.18424274717394, 19.783051766125059 ], [ 74.184260005607186, 19.783059978190533 ], [ 74.184277114920064, 19.783068481037901 ], [ 74.184294067027793, 19.78307727382186 ], [ 74.184310860133735, 19.783086353161114 ], [ 74.184327485254684, 19.783095715674449 ], [ 74.184343938797412, 19.78310535967125 ], [ 74.184360218067013, 19.783115280924914 ], [ 74.184376314978579, 19.783125476054288 ], [ 74.18439222683719, 19.783135944213949 ], [ 74.184407947354657, 19.783146680332059 ], [ 74.184423472937723, 19.783157681872737 ], [ 74.18443879639986, 19.783168943764082 ], [ 74.184453915944403, 19.783180466006087 ], [ 74.184468827079783, 19.783192241836289 ], [ 74.184483521721219, 19.78320427040936 ], [ 74.184497998970329, 19.783216544962865 ], [ 74.184512253437276, 19.783229064651426 ], [ 74.1845262788338, 19.783241824403191 ], [ 74.184540075159944, 19.783254819991658 ], [ 74.18455363433084, 19.783268047190308 ], [ 74.184566951854904, 19.783281502617864 ], [ 74.184580026833885, 19.783295182893081 ], [ 74.184592853877803, 19.783309082944129 ], [ 74.184605429393471, 19.783323199389773 ], [ 74.184617747990984, 19.783337526312877 ], [ 74.184629806975352, 19.783352060332209 ], [ 74.18464160365167, 19.783366797221213 ], [ 74.184653132630018, 19.783381732753362 ], [ 74.184664393012099, 19.783396861856833 ], [ 74.184675377611413, 19.783412177769211 ], [ 74.184686086427902, 19.783427679645115 ], [ 74.184696514970042, 19.783443363258062 ], [ 74.184706658746222, 19.783459219309734 ], [ 74.184716517756485, 19.783475245264164 ], [ 74.184726085712569, 19.783491436049534 ], [ 74.184735360817854, 19.783507788284666 ], [ 74.184744342174071, 19.783524295207084 ], [ 74.184753024391284, 19.783540950899713 ], [ 74.184761404774576, 19.783557755362484 ], [ 74.184769483323933, 19.783574695915974 ], [ 74.184777256446083, 19.783591773405384 ], [ 74.184784718751146, 19.783608980223018 ], [ 74.184791872934056, 19.783626311297084 ], [ 74.184798715401584, 19.783643759865232 ], [ 74.184805240763794, 19.78366132423675 ], [ 74.184811450817378, 19.783678996803985 ], [ 74.184817342867333, 19.783696771649854 ], [ 74.184822914218699, 19.783714643702584 ], [ 74.184828163074911, 19.783732609580902 ], [ 74.184833089435912, 19.783750660831885 ], [ 74.184837688810191, 19.783768794074334 ], [ 74.184841962095987, 19.783787003391112 ], [ 74.184845908395033, 19.783805281174594 ], [ 74.184849525012382, 19.783823624888864 ], [ 74.184850117002128, 19.783826944356228 ], [ 74.184852811947991, 19.783842026926287 ], [ 74.184855767405281, 19.783860482215051 ], [ 74.184858391384239, 19.783878987373985 ], [ 74.184860681189903, 19.783897532259495 ], [ 74.184862637720585, 19.783916114335781 ], [ 74.184864260077973, 19.783934726840442 ], [ 74.184865549160406, 19.783953364701699 ], [ 74.18486650317125, 19.783972022847792 ], [ 74.184867121212164, 19.783990695361673 ], [ 74.18486740328315, 19.784009373790404 ], [ 74.184867349384263, 19.784028054752856 ], [ 74.184866960413714, 19.784046734022528 ], [ 74.184866237269915, 19.784065403991747 ], [ 74.184865177257876, 19.784084057898291 ], [ 74.184863782174247, 19.784102693206194 ], [ 74.184862052917339, 19.784121302307856 ], [ 74.18485999128373, 19.784139879286297 ], [ 74.184857594578574, 19.784158419069712 ], [ 74.184854864598435, 19.784176914895806 ], [ 74.18485180403826, 19.784195363383436 ], [ 74.184848412898049, 19.784213756924988 ], [ 74.184844692076126, 19.784232091294012 ], [ 74.184840640674224, 19.784250359728244 ], [ 74.184836264980461, 19.784268557155876 ], [ 74.184831561401623, 19.784286676814727 ], [ 74.184822615978021, 19.784317968639009 ], [ 74.184811689769234, 19.784352929018596 ], [ 74.184800138332989, 19.784387700045439 ], [ 74.184787964364261, 19.784422269885606 ], [ 74.184775169659673, 19.784456629241067 ], [ 74.184761762304049, 19.784490768813725 ], [ 74.184747743195757, 19.784524675079084 ], [ 74.18473311682628, 19.784558339584425 ], [ 74.184717890382203, 19.784591752186401 ], [ 74.184702062965215, 19.784624902741751 ], [ 74.184685646253385, 19.784657780261814 ], [ 74.18466863934843, 19.784690374603326 ], [ 74.184651050335177, 19.784722678158886 ], [ 74.184632883705206, 19.784754679094565 ], [ 74.184614146645004, 19.784786367267145 ], [ 74.184594842747842, 19.784817733378652 ], [ 74.184574980098603, 19.784848768976342 ], [ 74.184554562290501, 19.784879463917012 ], [ 74.184533597408404, 19.784909808057346 ], [ 74.18451209084219, 19.784939793789992 ], [ 74.184490047981754, 19.784969410971705 ], [ 74.184453649144757, 19.785016057303217 ], [ 74.184431963813793, 19.785051018374865 ], [ 74.184410909998491, 19.785086342912162 ], [ 74.184390493987024, 19.785122017390268 ], [ 74.184370721169316, 19.785158033356019 ], [ 74.18435159693523, 19.785194374748848 ], [ 74.18433312757297, 19.785231037342079 ], [ 74.184315320269107, 19.785268005075 ], [ 74.184298178616828, 19.785305266958737 ], [ 74.184281708904422, 19.785342815385516 ], [ 74.184265914725117, 19.785380634294704 ], [ 74.184250803265414, 19.785418716078517 ], [ 74.184236376321934, 19.785457046366982 ], [ 74.184222641081249, 19.785495615016469 ], [ 74.184209599339951, 19.78553440934753 ], [ 74.184197257386259, 19.785573418371325 ], [ 74.184185616118498, 19.785612629408433 ], [ 74.184174681824871, 19.785652028934166 ], [ 74.184164456301971, 19.78569160934083 ], [ 74.184154943143113, 19.785731355413201 ], [ 74.184146145043201, 19.785771255317179 ], [ 74.184138063798912, 19.785811297218654 ], [ 74.184130703901801, 19.785851469283639 ], [ 74.184127480746582, 19.785871040957872 ], [ 74.184124067148474, 19.785891758832719 ], [ 74.184118154437272, 19.785932154031922 ], [ 74.184112966666504, 19.78597264304717 ], [ 74.184108509226078, 19.786013210663342 ], [ 74.184104780319331, 19.786053847582284 ], [ 74.184101781742925, 19.786094541969995 ], [ 74.184099512598507, 19.786135278611336 ], [ 74.184097979174297, 19.786176045672391 ], [ 74.184097176080456, 19.786216832164463 ], [ 74.184097106011848, 19.786257626253619 ], [ 74.184097768968556, 19.786298411879535 ], [ 74.184099164950496, 19.786339180589394 ], [ 74.184101292161088, 19.786379918013431 ], [ 74.184104150600334, 19.786420612317826 ], [ 74.184107742064825, 19.786461250823368 ], [ 74.184112062063036, 19.786501820850908 ], [ 74.18411710879829, 19.786542309721352 ], [ 74.184122884067264, 19.786582705600814 ], [ 74.184129384276659, 19.786622998346058 ], [ 74.184136605833231, 19.78666317274212 ], [ 74.184144549635263, 19.786703216955207 ], [ 74.184153212089569, 19.786743119151541 ], [ 74.184162589602806, 19.786782868342609 ], [ 74.18417268037841, 19.78682245015877 ], [ 74.184183479026444, 19.786861855302167 ], [ 74.184194987343531, 19.786901067712638 ], [ 74.184219382891698, 19.786976768177723 ], [ 74.184226166070417, 19.78699605739126 ], [ 74.18423329330389, 19.787015228263797 ], [ 74.184240764592118, 19.787034274878348 ], [ 74.184248578138437, 19.78705319131809 ], [ 74.184256728552995, 19.787071971666109 ], [ 74.184265216734133, 19.787090610850804 ], [ 74.184274039088535, 19.787109103800542 ], [ 74.184283191124663, 19.78712744206268 ], [ 74.18429267284246, 19.787145623101399 ], [ 74.184302478852118, 19.787163640154535 ], [ 74.184312609153579, 19.787181485614685 ], [ 74.184323056560316, 19.787199157791346 ], [ 74.184333821970711, 19.787216650767643 ], [ 74.184344899994784, 19.787233956936173 ], [ 74.184356286141025, 19.787251071225338 ], [ 74.184367978612741, 19.787267990254122 ], [ 74.184379974715043, 19.787284708105616 ], [ 74.184392269058023, 19.787301218862979 ], [ 74.184404858946735, 19.787317519145166 ], [ 74.1844177389913, 19.787333603035361 ], [ 74.184430907395011, 19.787349464616653 ], [ 74.184444357869779, 19.787365101353316 ], [ 74.184458090415504, 19.78738050563793 ], [ 74.184472095150795, 19.787395675780019 ], [ 74.1844863711773, 19.787410605862746 ], [ 74.184500914003451, 19.787425289969224 ], [ 74.184515719137636, 19.787439726409012 ], [ 74.184543463605195, 19.787465471770357 ], [ 74.184567537556489, 19.787492062401576 ], [ 74.184591130909112, 19.787519056223964 ], [ 74.184614234679898, 19.787546447320416 ], [ 74.184636840784023, 19.787574227237975 ], [ 74.184658947424865, 19.787602385833203 ], [ 74.184680540229323, 19.787630914653082 ], [ 74.18470162009578, 19.787659807780607 ], [ 74.184722175346124, 19.78768905422697 ], [ 74.184742202387056, 19.787718646384469 ], [ 74.184761692235469, 19.787748573264476 ], [ 74.184780642196372, 19.787778827259341 ], [ 74.184799045083295, 19.787809398225498 ], [ 74.184816894607991, 19.787840276864905 ], [ 74.184834188075527, 19.787871454724559 ], [ 74.18485091740105, 19.787902923351616 ], [ 74.184867078991331, 19.787934670912097 ], [ 74.184882665659842, 19.787966687262603 ], [ 74.184897677406568, 19.787998964795463 ], [ 74.184912104350019, 19.788031493367342 ], [ 74.184925944693589, 19.788064261144221 ], [ 74.184939193047398, 19.788097259673293 ], [ 74.184951847614812, 19.788130478811148 ], [ 74.184963903005922, 19.788163910104963 ], [ 74.184975354729175, 19.788197539184992 ], [ 74.184986200987893, 19.788231359288936 ], [ 74.18499643818889, 19.788265357737647 ], [ 74.185006062738822, 19.78829952692357 ], [ 74.185015070146193, 19.788333855858131 ], [ 74.185023460410946, 19.788368331862127 ], [ 74.185031229939838, 19.788402947328105 ], [ 74.18503231061311, 19.788408204902101 ], [ 74.185038375139612, 19.78843768704105 ], [ 74.185044896010254, 19.788472545929352 ], [ 74.185050788958506, 19.788507511313849 ], [ 74.185056053086072, 19.788542569670167 ], [ 74.185060685697991, 19.788577715926699 ], [ 74.185064686794277, 19.788612934023263 ], [ 74.185068053679956, 19.788648216352385 ], [ 74.185070789049988, 19.788683551925544 ], [ 74.185072884819562, 19.788718929754218 ], [ 74.185074348175164, 19.788754337159418 ], [ 74.185075171930265, 19.788789765688399 ], [ 74.185075362373112, 19.788825204352726 ], [ 74.185074914113798, 19.788860641318621 ], [ 74.18507382894893, 19.788896065597619 ], [ 74.185072107776833, 19.788931468737097 ], [ 74.18506975239417, 19.78896683721279 ], [ 74.18506676010594, 19.789002160881552 ], [ 74.18506313540378, 19.789037429600167 ], [ 74.185058875592716, 19.789072633225523 ], [ 74.185053986062613, 19.789107759078682 ], [ 74.185048465016891, 19.78914280039756 ], [ 74.18504231694709, 19.789177740276958 ], [ 74.185028215193739, 19.789246951408341 ], [ 74.184984416933759, 19.78945578489634 ], [ 74.184973718897027, 19.789512284838501 ], [ 74.184961808134688, 19.789569492245697 ], [ 74.184948864309746, 19.789626474792477 ], [ 74.184947206918068, 19.789633197166225 ], [ 74.184885592371046, 19.789926976370992 ], [ 74.184783523991797, 19.790413603407615 ], [ 74.184781963618178, 19.790448656272758 ], [ 74.184781032963528, 19.790483731106896 ], [ 74.184780733824553, 19.790518814385887 ], [ 74.184781064404575, 19.790553895966617 ], [ 74.184782024703622, 19.790588967396545 ], [ 74.184783614721638, 19.790624014306278 ], [ 74.184785836255372, 19.790659028243276 ], [ 74.184788683914803, 19.790693999064484 ], [ 74.184792160394977, 19.790728914936278 ], [ 74.184796264797512, 19.790763765715695 ], [ 74.184800992630826, 19.790798540414372 ], [ 74.184806346589923, 19.790833228044093 ], [ 74.184812322183191, 19.790867819307053 ], [ 74.18481892030897, 19.790902304060232 ], [ 74.184826134678985, 19.790936667934425 ], [ 74.184833967089958, 19.790970905858099 ], [ 74.184842412151966, 19.791005002616778 ], [ 74.184851469864967, 19.791038952293743 ], [ 74.184861136635732, 19.791072741365024 ], [ 74.184871408871004, 19.791106359687667 ], [ 74.184882284774162, 19.791139798809251 ], [ 74.184893758955297, 19.791173046896297 ], [ 74.184905828719423, 19.791206094651145 ], [ 74.18491849227, 19.791238931930867 ], [ 74.184931744217053, 19.791271548592508 ], [ 74.184945579170758, 19.791303935338465 ], [ 74.184959994436113, 19.791336080335345 ], [ 74.184974986419903, 19.791367975975952 ], [ 74.184990548833881, 19.791399611272166 ], [ 74.185006678084804, 19.791430977771636 ], [ 74.185023369681105, 19.791462062795695 ], [ 74.185040614639618, 19.791492862118236 ], [ 74.185058413858641, 19.791523362215454 ], [ 74.185076758355066, 19.791553554634934 ], [ 74.185095642738986, 19.791583430924284 ], [ 74.185115061620479, 19.791612981786038 ], [ 74.185135008711356, 19.791642197922513 ], [ 74.185155478621724, 19.791671070881392 ], [ 74.185176465063407, 19.791699592210328 ], [ 74.185197960849806, 19.791727751766551 ], [ 74.185219960591127, 19.791755541942926 ], [ 74.185242456202488, 19.79178295428715 ], [ 74.18528573433791, 19.791833061616071 ], [ 74.185338964010086, 19.791885854290562 ], [ 74.185391236078161, 19.791939541222444 ], [ 74.185442534372442, 19.791994108041596 ], [ 74.18549284272332, 19.792049536996824 ], [ 74.185542146757683, 19.792105812872723 ], [ 74.185590431204204, 19.792162917072957 ], [ 74.18563767899488, 19.792220832691648 ], [ 74.185683879349924, 19.792279542822921 ], [ 74.185729016099728, 19.792339028025193 ], [ 74.185773076667758, 19.792399272237883 ], [ 74.185816046681055, 19.792460254328979 ], [ 74.185857911766576, 19.792521958237856 ], [ 74.185898663839453, 19.792584362832567 ], [ 74.185938284933357, 19.792647452052552 ], [ 74.185976766963478, 19.792711203920664 ], [ 74.186014093760178, 19.792775602376341 ], [ 74.186050260831848, 19.792840622906773 ], [ 74.186085251110455, 19.792906250296721 ], [ 74.186119055612934, 19.792972460878566 ], [ 74.186151665356078, 19.793039238592002 ], [ 74.186183068661776, 19.793106559769388 ], [ 74.186213259241825, 19.793174404969516 ], [ 74.186259096677517, 19.793284213937209 ], [ 74.186276133226869, 19.793325646064783 ], [ 74.186293908191402, 19.793366782346585 ], [ 74.186312420672778, 19.793407609259003 ], [ 74.186331666179441, 19.793448113278341 ], [ 74.186351636626512, 19.793488285952453 ], [ 74.186372325725827, 19.793528112067246 ], [ 74.186393728985763, 19.79356757978957 ], [ 74.186415838321537, 19.793606678131585 ], [ 74.186438645648295, 19.793645394414888 ], [ 74.186462148271062, 19.793683715961215 ], [ 74.18648633630842, 19.793721632627882 ], [ 74.186511200777161, 19.793759134272349 ], [ 74.186536736287437, 19.793796205680543 ], [ 74.186562935652688, 19.793832838400398 ], [ 74.18658978988978, 19.793869018908328 ], [ 74.186617290913887, 19.793904738752289 ], [ 74.186645428843534, 19.793939986944455 ], [ 74.186674200085463, 19.793974749961286 ], [ 74.186703590266603, 19.794009020195951 ], [ 74.186733592200483, 19.794042784970252 ], [ 74.18676419690388, 19.794076034986762 ], [ 74.186795396292013, 19.794108760948266 ], [ 74.186843536109791, 19.794157088317913 ], [ 74.188023697814302, 19.795409142097441 ], [ 74.187936837014533, 19.795444568300379 ], [ 74.187734137560582, 19.795527237862299 ], [ 74.187332416355389, 19.795691083335061 ], [ 74.187174539240829, 19.795755472978261 ], [ 74.187007443614831, 19.79582362386785 ], [ 74.186805697273385, 19.795855640322472 ], [ 74.186504597261518, 19.795903418607963 ], [ 74.186138401730886, 19.795961533185171 ], [ 74.185967925744478, 19.795988585582919 ], [ 74.185744127559431, 19.796062865969816 ], [ 74.185222041089347, 19.79623615461907 ], [ 74.185104900776309, 19.796275035927462 ], [ 74.184565375311593, 19.796532840205138 ], [ 74.183800876665472, 19.796898145612548 ], [ 74.183799192324315, 19.796898951956276 ], [ 74.18355219335038, 19.797016978997959 ], [ 74.183535401142819, 19.797020943095745 ], [ 74.18302113989715, 19.797209049141728 ], [ 74.182618408087279, 19.797178951614569 ], [ 74.181838027226945, 19.796955582802358 ], [ 74.181838492554263, 19.796968196921 ], [ 74.18184448880875, 19.797130244812053 ], [ 74.181847623030791, 19.797214993590732 ], [ 74.181699513298327, 19.797256143236286 ], [ 74.181508446128973, 19.797309229094779 ], [ 74.180919724427724, 19.797395653852242 ], [ 74.180189806428473, 19.797491360778924 ], [ 74.18006724388438, 19.797504815849813 ], [ 74.17995431217841, 19.797517215238852 ], [ 74.178638747411128, 19.797661667627359 ], [ 74.178253911838382, 19.797703928621427 ], [ 74.178244755310658, 19.79766297180181 ], [ 74.177697868152237, 19.797737558222014 ], [ 74.176920394240128, 19.79780668364597 ], [ 74.176814105575701, 19.79781613488705 ], [ 74.175999264442737, 19.797866197210801 ], [ 74.174815580444005, 19.797938940959423 ], [ 74.174709277406535, 19.797945473653222 ], [ 74.17437793201735, 19.797949249244166 ], [ 74.173688418442936, 19.79802406881041 ], [ 74.173515087610568, 19.798042879137434 ], [ 74.172884327448983, 19.798133791601423 ], [ 74.17286619585326, 19.798136404168627 ], [ 74.172190581911224, 19.798212470342097 ], [ 74.1711168526016, 19.798315559744108 ], [ 74.171109277108798, 19.798316288320741 ], [ 74.169499431440954, 19.798578979707013 ], [ 74.167377907183905, 19.798925240299798 ] ] ] } },
{ "type": "Feature", "properties": { "gp_code": "183667", "gp_name": "KHOPADI KH.", "blklgdcode": "4490", "blk_lgdcod": "4490", "blkname": "Sinnar", "dtname": "Nashik", "stname": "MAHARASHTRA" }, "geometry": { "type": "Polygon", "coordinates": [ [ [ 74.097275301212647, 19.838619276388137 ], [ 74.097267938620604, 19.83861971409933 ], [ 74.097260595791468, 19.838620395171173 ], [ 74.097253281708433, 19.838621318758655 ], [ 74.097246005354606, 19.83862248486178 ], [ 74.097238773916573, 19.838623890100518 ], [ 74.097231599072387, 19.838625532784899 ], [ 74.09722448711031, 19.838627413759877 ], [ 74.097217447911746, 19.838629527955462 ], [ 74.097210488663237, 19.838631872836611 ], [ 74.097203619246272, 19.838634446713339 ], [ 74.09719684774565, 19.838637246205597 ], [ 74.097190183144548, 19.838640267933378 ], [ 74.09718363173117, 19.838643506826646 ], [ 74.097177203387005, 19.838646961195419 ], [ 74.097170902603608, 19.838650625969617 ], [ 74.097164741957386, 19.838654496079251 ], [ 74.097158726838245, 19.838658567299252 ], [ 74.097152862636065, 19.838662833714654 ], [ 74.097148120429679, 19.838666518768562 ], [ 74.0971520766102, 19.838671080089444 ], [ 74.097155774974212, 19.838675833225651 ], [ 74.09715920474197, 19.838680762967115 ], [ 74.097162356930312, 19.838685858328788 ], [ 74.097165222556058, 19.838691104100665 ], [ 74.097167796229343, 19.838696486762643 ], [ 74.097170066272071, 19.838701990259725 ], [ 74.097172030887592, 19.838707601071849 ], [ 74.097173681991094, 19.838713303143919 ], [ 74.097175015090983, 19.838719078730978 ], [ 74.097176029288931, 19.838724916002946 ], [ 74.097176718296751, 19.838730797214811 ], [ 74.097177082114442, 19.838736704621486 ], [ 74.097177119843678, 19.838742623857964 ], [ 74.097176829687854, 19.83874853802422 ], [ 74.097176215240211, 19.8387544319102 ], [ 74.09717527560241, 19.83876028777091 ], [ 74.097174015266049, 19.83876609124129 ], [ 74.09717243602779, 19.838771825421368 ], [ 74.097170544175796, 19.838777473411085 ], [ 74.097168343303338, 19.83878302084543 ], [ 74.097165795681207, 19.838788533634499 ], [ 74.097163038751617, 19.838793755742945 ], [ 74.097159951241963, 19.838798913631091 ], [ 74.097156582559634, 19.838803911813844 ], [ 74.097152946179392, 19.838808736771199 ], [ 74.097148521976621, 19.83881396479395 ], [ 74.097145853081912, 19.838817152983626 ], [ 74.097143424935695, 19.838820509328457 ], [ 74.097141907681205, 19.838822953071936 ], [ 74.097141249216094, 19.838824016083421 ], [ 74.097139334906203, 19.838827658038525 ], [ 74.097137693684175, 19.838831414913695 ], [ 74.097136330939875, 19.838835272343875 ], [ 74.097135255656482, 19.83883920666911 ], [ 74.097134472325592, 19.838843205214292 ], [ 74.097133983642067, 19.83884724093944 ], [ 74.097133794097545, 19.838851298634502 ], [ 74.097133901895361, 19.838855358019469 ], [ 74.097134308832182, 19.838859399659334 ], [ 74.09713501311137, 19.838863404119007 ], [ 74.097136008444721, 19.838867348583538 ], [ 74.097137292137234, 19.838871218687892 ], [ 74.097138857900788, 19.838874991617029 ], [ 74.097140697650502, 19.838878652160986 ], [ 74.097142803301509, 19.838882179194684 ], [ 74.097144719408007, 19.838884920377517 ], [ 74.097145164074064, 19.838885558353173 ], [ 74.097148839081896, 19.838889968412602 ], [ 74.097151967914044, 19.838893556286123 ], [ 74.097154893726938, 19.83889729372471 ], [ 74.097157609334019, 19.838901173968356 ], [ 74.097160105752195, 19.838905182651988 ], [ 74.09716237938818, 19.838909313860633 ], [ 74.097164416767271, 19.838913550694279 ], [ 74.097166220584342, 19.838917884702866 ], [ 74.097167781856299, 19.838922303211412 ], [ 74.097169096989873, 19.838926795234915 ], [ 74.097170162391791, 19.838931344718297 ], [ 74.097170972672188, 19.838935944901625 ], [ 74.097171531424308, 19.838940578884813 ], [ 74.097171830563269, 19.838945234837873 ], [ 74.097171873682441, 19.838949900930817 ], [ 74.097171660781683, 19.838954563643611 ], [ 74.097171189166176, 19.838959211146253 ], [ 74.097170462429133, 19.838963828228763 ], [ 74.0971694805705, 19.838968404751121 ], [ 74.097168248980253, 19.83897292803832 ], [ 74.097166771251622, 19.838977385415355 ], [ 74.097165047384593, 19.838981763362234 ], [ 74.097163086362329, 19.838986050893947 ], [ 74.097160890879749, 19.838990236180496 ], [ 74.09715846902175, 19.838994308236948 ], [ 74.09715582707652, 19.838998254388226 ], [ 74.09715297043391, 19.839002065339354 ], [ 74.09715018206326, 19.839005403090265 ], [ 74.097149908077114, 19.839005730105345 ], [ 74.097146648090941, 19.839009240236251 ], [ 74.097143201255179, 19.83901258305702 ], [ 74.097139573858072, 19.839015750117674 ], [ 74.097135779374298, 19.839018734658243 ], [ 74.097129348335173, 19.839023126968993 ], [ 74.097122598394151, 19.839027504914615 ], [ 74.097116010149847, 19.839032101715134 ], [ 74.097109596178726, 19.839036913990519 ], [ 74.097103360074001, 19.839041935825787 ], [ 74.097097311717221, 19.839047158770882 ], [ 74.097091460091463, 19.839052577755815 ], [ 74.097085808789984, 19.839058186865554 ], [ 74.097080367694332, 19.839063980185042 ], [ 74.097075141295988, 19.839069946729321 ], [ 74.09707013767985, 19.83907608311835 ], [ 74.097065361337499, 19.839082380902081 ], [ 74.097060818557111, 19.839088830785546 ], [ 74.097056515626903, 19.839095426853703 ], [ 74.097052457936755, 19.839102160656545 ], [ 74.097047919647949, 19.839110405318493 ], [ 74.097045881370562, 19.839121071748909 ], [ 74.097043647260449, 19.839131704378651 ], [ 74.097041216419299, 19.839142298137695 ], [ 74.097038592440342, 19.839152852181034 ], [ 74.097035772628658, 19.839163362283713 ], [ 74.097032764170777, 19.839173824220772 ], [ 74.097029561676806, 19.839184234612144 ], [ 74.097026167841662, 19.839194592612888 ], [ 74.097022585360307, 19.839204893998051 ], [ 74.097018814232754, 19.839215133697568 ], [ 74.097014853560651, 19.839225310866489 ], [ 74.097010707835622, 19.839235422969885 ], [ 74.09700637885426, 19.839245464092677 ], [ 74.097001863921662, 19.839255433389944 ], [ 74.096997166631027, 19.839265326636689 ], [ 74.09699228967736, 19.839275142142952 ], [ 74.096987232162306, 19.839284875683678 ], [ 74.096981996780812, 19.839294524724 ], [ 74.096976586227868, 19.839304086728848 ], [ 74.096970999605119, 19.839313559163262 ], [ 74.096965241404149, 19.839322936957291 ], [ 74.096959309828321, 19.839332219265906 ], [ 74.096953211165868, 19.839341402709202 ], [ 74.096946943620111, 19.839350484752142 ], [ 74.09694051078435, 19.839359461169764 ], [ 74.096936321940191, 19.839365093928595 ], [ 74.09693391355691, 19.839368331962106 ], [ 74.096927156429345, 19.839377092059163 ], [ 74.096920239401655, 19.839385739770975 ], [ 74.096913163372179, 19.839394273407574 ], [ 74.096905931934117, 19.839402687053997 ], [ 74.096898548680812, 19.839410982400235 ], [ 74.096891012713897, 19.839419154376344 ], [ 74.096883330321575, 19.839427199602298 ], [ 74.096875499707252, 19.839435118923195 ], [ 74.09686752626078, 19.839442907268968 ], [ 74.096859411778837, 19.839450561259763 ], [ 74.096851158058001, 19.839458081740478 ], [ 74.096842766894952, 19.839465465331241 ], [ 74.096834242781185, 19.839472710342015 ], [ 74.096825586615125, 19.839479811702834 ], [ 74.09681680288827, 19.839486770258759 ], [ 74.096807891600662, 19.839493584319769 ], [ 74.096798858142151, 19.839500247970896 ], [ 74.096789705207726, 19.839506762057205 ], [ 74.09678043279736, 19.839513124888697 ], [ 74.096771046300944, 19.839519333085363 ], [ 74.096761546616847, 19.839525385802268 ], [ 74.096751938236551, 19.839531281349441 ], [ 74.096732981089119, 19.839542268850604 ], [ 74.096725929314132, 19.839545015937002 ], [ 74.096718827233502, 19.839547646413759 ], [ 74.096711679338782, 19.839550157745805 ], [ 74.096704488324946, 19.839552550778215 ], [ 74.096697252395316, 19.839554824666003 ], [ 74.096689976939828, 19.839556979409092 ], [ 74.096682663755132, 19.839559011627546 ], [ 74.096675314637778, 19.839560924701381 ], [ 74.096667933181095, 19.839562715250576 ], [ 74.096660520283336, 19.839564384120163 ], [ 74.096653076842912, 19.839565928775116 ], [ 74.096645608249659, 19.839567350060491 ], [ 74.096638113605238, 19.839568648821256 ], [ 74.096630598299555, 19.839569823367377 ], [ 74.096623063230965, 19.839570872008927 ], [ 74.096615509297735, 19.839571797280897 ], [ 74.096607940991447, 19.839572595803233 ], [ 74.096600358312159, 19.839573270955999 ], [ 74.096592766649678, 19.839573820204194 ], [ 74.096585166004047, 19.839574241857793 ], [ 74.096577559070226, 19.839574539296805 ], [ 74.096569949441445, 19.839574710831233 ], [ 74.096562337117746, 19.839574754771078 ], [ 74.096554726590668, 19.839574673651363 ], [ 74.096547118758522, 19.839574466627045 ], [ 74.09653951721458, 19.839574133698147 ], [ 74.096531922857181, 19.839573675709648 ], [ 74.096524339279554, 19.839573090971601 ], [ 74.096516768278306, 19.839572381173955 ], [ 74.096509210751833, 19.839571546316698 ], [ 74.09650167119166, 19.839570586399876 ], [ 74.096494151394424, 19.839569500578456 ], [ 74.096486653156759, 19.839568291387415 ], [ 74.096479179173571, 19.839566957981773 ], [ 74.096471730343239, 19.839565501206522 ], [ 74.096464310259009, 19.839563921061679 ], [ 74.096456920717458, 19.839562218392214 ], [ 74.096449566210254, 19.839560392353128 ], [ 74.096442244940675, 19.839558447169395 ], [ 74.096434962298673, 19.839556376926033 ], [ 74.096427719182529, 19.839554190073017 ], [ 74.096420517388907, 19.839551882385376 ], [ 74.0964133587144, 19.839549454708035 ], [ 74.096406249447242, 19.839546908731059 ], [ 74.096399185095834, 19.839544246144413 ], [ 74.096392173745059, 19.839541466948102 ], [ 74.096385215394875, 19.839538571142068 ], [ 74.096378309146957, 19.839535560416348 ], [ 74.096371463086172, 19.839532435615912 ], [ 74.096364673619249, 19.839529197585783 ], [ 74.096357947034406, 19.839525848015892 ], [ 74.096350668883957, 19.839522020177355 ], [ 74.096347177132486, 19.839520182307865 ], [ 74.096337316325602, 19.83951461377432 ], [ 74.096327557926671, 19.839508883001074 ], [ 74.096317909122178, 19.839502989988077 ], [ 74.096308369013869, 19.839496938960316 ], [ 74.096298942991609, 19.839490729917763 ], [ 74.096289634648642, 19.839484363705377 ], [ 74.096280444883263, 19.839477846238179 ], [ 74.096271376390462, 19.839471175826109 ], [ 74.096262433661821, 19.839464355849138 ], [ 74.096253617595622, 19.839457389687286 ], [ 74.096244932683476, 19.839450277340465 ], [ 74.096236380721948, 19.839443021343694 ], [ 74.096227964406069, 19.839435624231939 ], [ 74.096219684634079, 19.83942808938518 ], [ 74.096211545897617, 19.839420415958369 ], [ 74.096203549993248, 19.839412609021494 ], [ 74.096195701412611, 19.839404671109552 ], [ 74.096187999257396, 19.839396603912494 ], [ 74.096180448019098, 19.839388409120279 ], [ 74.096173047697818, 19.839380090957913 ], [ 74.096165802785023, 19.839371650270351 ], [ 74.096158715975747, 19.839363089592613 ], [ 74.096151787269974, 19.839354413994588 ], [ 74.096145020260934, 19.839345622631342 ], [ 74.09613841584698, 19.839336721417773 ], [ 74.096131976723015, 19.839327710353935 ], [ 74.096125705584015, 19.839318593664728 ], [ 74.09611960332829, 19.839309373040212 ], [ 74.096113672650802, 19.839300054395302 ], [ 74.096107913551492, 19.839290636040001 ], [ 74.096102329623662, 19.839281123044241 ], [ 74.096096922663975, 19.839271518788092 ], [ 74.096091692672417, 19.839261826651459 ], [ 74.096086643242188, 19.839252048324337 ], [ 74.096081775271642, 19.839242187186731 ], [ 74.096077087862497, 19.839232244928603 ], [ 74.096072586404617, 19.839222226619931 ], [ 74.096068269101352, 19.839212133950689 ], [ 74.096064138647705, 19.839201971990903 ], [ 74.096063110076699, 19.839199302638455 ], [ 74.096060196840241, 19.839191740740517 ], [ 74.096056442780636, 19.83918144611453 ], [ 74.096052880062246, 19.839171089802914 ], [ 74.096046522684958, 19.83915086220733 ], [ 74.096038512407574, 19.839124590327241 ], [ 74.096030018836586, 19.839098457022754 ], [ 74.096021044666884, 19.839072470743957 ], [ 74.096011594390092, 19.839046638250885 ], [ 74.096001668006224, 19.83902096799364 ], [ 74.095991270905117, 19.838995468422329 ], [ 74.095980403985124, 19.83897014629699 ], [ 74.095969074432759, 19.838945010067729 ], [ 74.095957282248008, 19.83892006733965 ], [ 74.095945031922483, 19.838895325717864 ], [ 74.0959323261511, 19.838870791117404 ], [ 74.095909104700993, 19.838828546979755 ], [ 74.095903871116178, 19.83881955616711 ], [ 74.095898470444695, 19.83881065576907 ], [ 74.095892908076436, 19.838801844940665 ], [ 74.095887182214838, 19.838793128751931 ], [ 74.095881297351383, 19.838784509737895 ], [ 74.095875254384467, 19.838775989588552 ], [ 74.095869055110697, 19.838767573373907 ], [ 74.09586270042837, 19.838759259404032 ], [ 74.0958561939308, 19.838751053593935 ], [ 74.095849537414537, 19.838742956788593 ], [ 74.095842731777935, 19.838734973213086 ], [ 74.095835779715955, 19.838727102022389 ], [ 74.095828683923514, 19.838719349976568 ], [ 74.095821446197263, 19.838711717075586 ], [ 74.095814068333837, 19.838704204164515 ], [ 74.095806552129858, 19.838696816313373 ], [ 74.095798901178583, 19.838689554367164 ], [ 74.095791117276661, 19.838682420860909 ], [ 74.095777735073867, 19.838670720963577 ], [ 74.095764358260965, 19.838663681251703 ], [ 74.095750852988999, 19.838656864620091 ], [ 74.095737223749495, 19.838650273603722 ], [ 74.095723472339131, 19.838643910737677 ], [ 74.095709606842732, 19.838637775176952 ], [ 74.095695628158566, 19.838631871991627 ], [ 74.095681542574908, 19.838626200336677 ], [ 74.095667352786691, 19.838620763592136 ], [ 74.095653065980429, 19.838615564293075 ], [ 74.095638683054389, 19.8386106015945 ], [ 74.095624211195187, 19.838605878031437 ], [ 74.095609651301075, 19.838601395293917 ], [ 74.095595012355204, 19.838597155071938 ], [ 74.095580294357561, 19.838593157365558 ], [ 74.09556550539304, 19.838589404709762 ], [ 74.095550648156546, 19.838585897949581 ], [ 74.095535727139691, 19.838582637930116 ], [ 74.095520746834026, 19.838579624651235 ], [ 74.095492844262978, 19.83857469997665 ], [ 74.095482676232265, 19.838575219653205 ], [ 74.095472500116742, 19.838575571174253 ], [ 74.095462320407933, 19.838575755384802 ], [ 74.09545332827193, 19.838575767214813 ], [ 74.095452139800841, 19.838575768904821 ], [ 74.095441961888653, 19.838575615114365 ], [ 74.095431789366387, 19.838575290633425 ], [ 74.09542162313231, 19.838574799686963 ], [ 74.095411471271277, 19.838574142274986 ], [ 74.095401330190043, 19.838573315017523 ], [ 74.095391208871746, 19.838572319604541 ], [ 74.095381108214681, 19.838571156881049 ], [ 74.09537103091381, 19.838569826847074 ], [ 74.095360980562418, 19.838568330347535 ], [ 74.095350958957098, 19.838566668227518 ], [ 74.095340972386097, 19.838564838796984 ], [ 74.095331019951047, 19.838562844590889 ], [ 74.095321107041912, 19.838560687299285 ], [ 74.095311237251877, 19.838558365232164 ], [ 74.095301409682662, 19.838555880079504 ], [ 74.095291633317416, 19.838553231841281 ], [ 74.095281906359546, 19.838550422207518 ], [ 74.095272233300577, 19.838547452023171 ], [ 74.095262616835441, 19.838544322133277 ], [ 74.095253062354075, 19.838541031692795 ], [ 74.095243568059857, 19.838537584081774 ], [ 74.095234139342608, 19.838533980145151 ], [ 74.095224779795672, 19.838530219882941 ], [ 74.095215492113937, 19.838526304985169 ], [ 74.095206278094068, 19.838522237141746 ], [ 74.095197141329336, 19.838518017197721 ], [ 74.095188083616321, 19.838513645998095 ], [ 74.095179110344958, 19.838509125232822 ], [ 74.0951619633028, 19.838499942586417 ], [ 74.095072738137191, 19.838483824155016 ], [ 74.094983798635866, 19.838466368082084 ], [ 74.094977259798924, 19.838469310382813 ], [ 74.094970620350637, 19.838472033827721 ], [ 74.094963883884347, 19.838474535881744 ], [ 74.09495706028143, 19.838476814854971 ], [ 74.094950157626783, 19.838478867367336 ], [ 74.094943184903556, 19.83848068919384 ], [ 74.09493615199321, 19.838482278644531 ], [ 74.094929065183905, 19.838483637409347 ], [ 74.094921932560553, 19.838484758728328 ], [ 74.094914765801249, 19.838485644291463 ], [ 74.094907572092424, 19.838486292408739 ], [ 74.094900358620706, 19.838486701390185 ], [ 74.094893136165837, 19.838486871235801 ], [ 74.0948859128126, 19.838486802790555 ], [ 74.094878699340882, 19.838486495209469 ], [ 74.094871500242206, 19.838485947647541 ], [ 74.094864328092982, 19.838485164329771 ], [ 74.094857190079708, 19.838484141876144 ], [ 74.094850095185606, 19.838482883666664 ], [ 74.094843050597163, 19.838481391391362 ], [ 74.094836068890757, 19.838479666740191 ], [ 74.094829154558028, 19.838477713093205 ], [ 74.094822316582082, 19.838475528760334 ], [ 74.094815565742707, 19.838473121346652 ], [ 74.094811410136231, 19.838471509925824 ], [ 74.094805807343803, 19.838469431218243 ], [ 74.09480009585522, 19.838467634741701 ], [ 74.094794293636809, 19.838466124721169 ], [ 74.09478841236664, 19.838464906226726 ], [ 74.094782470909337, 19.838463980103324 ], [ 74.094776487231229, 19.838463349731011 ], [ 74.094770473010399, 19.838463020179795 ], [ 74.094764448009812, 19.838462988069665 ], [ 74.094758428399089, 19.838463254245646 ], [ 74.094752431246221, 19.838463818707741 ], [ 74.094746470924321, 19.838464683145915 ], [ 74.094740565399633, 19.838465839110142 ], [ 74.094734729045271, 19.838467288290445 ], [ 74.094728979827437, 19.838469023081771 ], [ 74.09472333391588, 19.83847104094913 ], [ 74.09471780658194, 19.83847333597744 ], [ 74.094713592584924, 19.838475310749569 ], [ 74.09470897883763, 19.838477303266725 ], [ 74.094704171952529, 19.838478826807197 ], [ 74.094699225828577, 19.838479867850911 ], [ 74.094694192568042, 19.838480412032851 ], [ 74.094689132358056, 19.838480455128007 ], [ 74.094684094605938, 19.838479997136389 ], [ 74.094679138600512, 19.838479040592965 ], [ 74.094674319139017, 19.838477598172791 ], [ 74.094669684730462, 19.838475684240908 ], [ 74.094665290172102, 19.838473320767381 ], [ 74.094661182176296, 19.838470533947262 ], [ 74.09465740476054, 19.838467353355689 ], [ 74.094652594282181, 19.838462105041419 ], [ 74.094636027551715, 19.83845958777713 ], [ 74.094619416803823, 19.838457345983784 ], [ 74.094602765631677, 19.838455378816477 ], [ 74.094586081221919, 19.838453688810159 ], [ 74.0945693653711, 19.83845227511986 ], [ 74.094552626164131, 19.838451137745608 ], [ 74.094535866295843, 19.838450279222361 ], [ 74.094519090257904, 19.838449697015161 ], [ 74.094502307033466, 19.838449393659058 ], [ 74.09448551841912, 19.838449366618939 ], [ 74.09446872980476, 19.838449620119896 ], [ 74.094451949275282, 19.838450149091877 ], [ 74.094435177728911, 19.838450956914929 ], [ 74.09441842414887, 19.838452041053987 ], [ 74.094401690331736, 19.838453404044095 ], [ 74.09438472744425, 19.838455070390328 ], [ 74.094379030328724, 19.838455454021773 ], [ 74.094373322433412, 19.83845564921749 ], [ 74.094367611843154, 19.838455654287497 ], [ 74.094361904846124, 19.838455470921843 ], [ 74.094356210425559, 19.838455100810453 ], [ 74.094350533072969, 19.838454539728328 ], [ 74.094344879974869, 19.838453791900537 ], [ 74.094339260114467, 19.838452857327049 ], [ 74.094333678881597, 19.838451736852864 ], [ 74.094328142564521, 19.838450432167935 ], [ 74.094322659248007, 19.838448944962359 ], [ 74.094317234322006, 19.838447276926054 ], [ 74.094311874973016, 19.83844543059406 ], [ 74.094306588387568, 19.838443406811379 ], [ 74.094301379057228, 19.838441208957995 ], [ 74.094296255965176, 19.83843884041395 ], [ 74.094291221806316, 19.838436302869184 ], [ 74.09428628556384, 19.838433598858739 ], [ 74.094281454424234, 19.838430734297663 ], [ 74.094276731082473, 19.838427710030871 ], [ 74.094272122725059, 19.838424531973434 ], [ 74.094267633843586, 19.838421201815343 ], [ 74.094263271624598, 19.838417722936569 ], [ 74.094259040559592, 19.838414103787198 ], [ 74.094254946936843, 19.838410346057131 ], [ 74.094250994349593, 19.838406453971455 ], [ 74.094247188187722, 19.838402432600184 ], [ 74.094243531146205, 19.838398287013295 ], [ 74.094239321640771, 19.838393119817088 ], [ 74.094235504699142, 19.838390915202964 ], [ 74.094231730876643, 19.838388648058576 ], [ 74.094227998376624, 19.838386316693889 ], [ 74.094130048772982, 19.838322809596725 ], [ 74.094034404246386, 19.838059763903278 ], [ 74.095620080741497, 19.83807009493723 ], [ 74.096858184680173, 19.838127475005063 ], [ 74.09893120170851, 19.83808581710321 ], [ 74.09932919760017, 19.838011275804277 ], [ 74.099353045176017, 19.838204748148975 ], [ 74.099363541990101, 19.83828990767816 ], [ 74.099387421007009, 19.838430735987668 ], [ 74.099390365684499, 19.838604865718629 ], [ 74.099390173445016, 19.838605048239121 ], [ 74.099385666597243, 19.838609605336774 ], [ 74.099381331327677, 19.838614306084665 ], [ 74.099377171229605, 19.838619147102801 ], [ 74.099373188997973, 19.838624124166135 ], [ 74.099369395412523, 19.838629227134668 ], [ 74.099365787778311, 19.838634452628355 ], [ 74.09936237507857, 19.838639793887172 ], [ 74.099359160906488, 19.838645244151067 ], [ 74.099356147957025, 19.838650795815052 ], [ 74.099351680635081, 19.838660042672874 ], [ 74.099349848970249, 19.838663949962367 ], [ 74.099347873574928, 19.838667794721594 ], [ 74.099345758042418, 19.838671571035615 ], [ 74.099343506864329, 19.838675276369326 ], [ 74.09934112004062, 19.83867890565282 ], [ 74.099338602062886, 19.838682453816013 ], [ 74.099335953829438, 19.838685918323911 ], [ 74.099333180730142, 19.838689292416579 ], [ 74.099330288154917, 19.838692571868954 ], [ 74.099327274307143, 19.838695756681037 ], [ 74.099324147271659, 19.838698839247829 ], [ 74.099320907048423, 19.838701817034337 ], [ 74.099317560823962, 19.838704684970569 ], [ 74.099314113089903, 19.838707442211486 ], [ 74.099310564744542, 19.838710083687136 ], [ 74.099306922076082, 19.838712606017467 ], [ 74.099303191372698, 19.838715006667506 ], [ 74.099299372634448, 19.838717283947279 ], [ 74.0992954739461, 19.838719432786711 ], [ 74.099291499799278, 19.838721452340884 ], [ 74.099287454685552, 19.83872333838476 ], [ 74.099283343096488, 19.838725089228308 ], [ 74.099279168625358, 19.83872670402658 ], [ 74.099274939357016, 19.838728180244562 ], [ 74.099270657986352, 19.838729515347232 ], [ 74.099266331699965, 19.838730706799605 ], [ 74.099261964989367, 19.838731757136724 ], [ 74.099257562346168, 19.8387326612885 ], [ 74.099253129160218, 19.838733419255021 ], [ 74.099248672618089, 19.838734029346234 ], [ 74.099244198109687, 19.838734492407145 ], [ 74.099239709228186, 19.838734805902757 ], [ 74.099235211363577, 19.838734972368091 ], [ 74.099230709905697, 19.838734989268133 ], [ 74.099226213837682, 19.838734856602859 ], [ 74.099221724057898, 19.838734575217291 ], [ 74.099217248651158, 19.838734145111427 ], [ 74.099212793007354, 19.838733567975314 ], [ 74.099208363414661, 19.838732842963882 ], [ 74.099203959873151, 19.838731971767142 ], [ 74.099199594959202, 19.838730955230126 ], [ 74.099195269571112, 19.838729794197786 ], [ 74.099190990895394, 19.838728491205192 ], [ 74.09918676342366, 19.838727047097265 ], [ 74.099181953843626, 19.838725206683545 ], [ 74.099131070571005, 19.838716411060446 ], [ 74.099080364266484, 19.838706774660057 ], [ 74.09902984301489, 19.83869630001724 ], [ 74.098979528375821, 19.838684987131796 ], [ 74.09892943202739, 19.838672843608595 ], [ 74.09887696322825, 19.838659168940751 ], [ 74.098872810316706, 19.838658083958066 ], [ 74.098868639438848, 19.838657069110585 ], [ 74.098864447899729, 19.838656124398266 ], [ 74.09886024019093, 19.838655247286102 ], [ 74.098856018109103, 19.838654441154098 ], [ 74.098851779857583, 19.838653704312286 ], [ 74.098847528131358, 19.838653037605624 ], [ 74.098843264727009, 19.83865244272414 ], [ 74.098838992339509, 19.838651917977835 ], [ 74.098834709172252, 19.838651464211697 ], [ 74.098830417920155, 19.838651082270768 ], [ 74.098826120379798, 19.838650769619978 ], [ 74.098821816551293, 19.838650528794371 ], [ 74.098817510027814, 19.838650359793956 ], [ 74.098813199911078, 19.838650261773715 ], [ 74.09880888799772, 19.838650234733631 ], [ 74.098804576084333, 19.838650280363762 ], [ 74.09880026596764, 19.838650396974042 ], [ 74.098795957647525, 19.83865058371952 ], [ 74.098791653818992, 19.838650843135152 ], [ 74.098787353583717, 19.838651172685985 ], [ 74.09878306233162, 19.838651574906983 ], [ 74.098778775571063, 19.838652047263171 ], [ 74.098774501386941, 19.838652589754517 ], [ 74.098770235287674, 19.838653203226038 ], [ 74.098765980866489, 19.838653887677726 ], [ 74.098761739021725, 19.838654642264594 ], [ 74.098757512448316, 19.838655466986658 ], [ 74.098753300247949, 19.838656360153827 ], [ 74.098749105115573, 19.838657325146205 ], [ 74.098744929746132, 19.838658358583761 ], [ 74.098740771444668, 19.838659459621464 ], [ 74.098736633804478, 19.838660630794315 ], [ 74.098732520418807, 19.838661870412309 ], [ 74.098728427694354, 19.838663176785502 ], [ 74.098724360122731, 19.838664549913805 ], [ 74.098720317703965, 19.838665992332299 ], [ 74.09871630313296, 19.838667498970885 ], [ 74.098712314613124, 19.838669073209669 ], [ 74.098708358432603, 19.838670713358564 ], [ 74.098704430998154, 19.838672416882609 ], [ 74.098700534106484, 19.838674186316766 ], [ 74.098696671350723, 19.838676019971064 ], [ 74.098691006574555, 19.838678854952693 ], [ 74.098683280164792, 19.83868276139669 ], [ 74.098675482788124, 19.838686540245337 ], [ 74.098667617139498, 19.838690188118587 ], [ 74.098659685913873, 19.838693708396455 ], [ 74.098651692704465, 19.838697095163976 ], [ 74.098643639307952, 19.838700350111147 ], [ 74.09863552662263, 19.838703470702946 ], [ 74.098627359140053, 19.838706457784369 ], [ 74.098619138656872, 19.838709307975485 ], [ 74.098610866969736, 19.838712022966245 ], [ 74.098602548570213, 19.838714601066659 ], [ 74.098594184356614, 19.838717039741759 ], [ 74.098585777023871, 19.83871934068155 ], [ 74.098577328368606, 19.838721503041 ], [ 74.098568841984132, 19.838723525130114 ], [ 74.09856031966703, 19.838725405258934 ], [ 74.098551766807191, 19.838727144272472 ], [ 74.098543183404658, 19.838728743015672 ], [ 74.098534572154364, 19.838730198108614 ], [ 74.098525935751226, 19.838731511241235 ], [ 74.098517277788503, 19.83873268241355 ], [ 74.098508600062871, 19.838733708245574 ], [ 74.098497550784884, 19.838734767032676 ], [ 74.09849397818499, 19.838735109258362 ], [ 74.098477459065222, 19.838740573883999 ], [ 74.098461040556771, 19.838746312290017 ], [ 74.098444730744475, 19.838752320251299 ], [ 74.098428532323283, 19.838758596922851 ], [ 74.098412449784746, 19.838765139769606 ], [ 74.09839648941707, 19.838771948791585 ], [ 74.098380654813582, 19.838779019763692 ], [ 74.09836495136409, 19.838786350995935 ], [ 74.09834938535684, 19.838793941643235 ], [ 74.098333958588483, 19.838801785790579 ], [ 74.098318678245491, 19.838809885972918 ], [ 74.098303547022851, 19.838818237120194 ], [ 74.09828857210708, 19.83882683585238 ], [ 74.098273755294784, 19.838835681324415 ], [ 74.098259101975856, 19.838844769311304 ], [ 74.098244618438528, 19.838854097277949 ], [ 74.098230305581097, 19.838863664379293 ], [ 74.098209903942688, 19.838877927150211 ], [ 74.098206707736907, 19.838881614734113 ], [ 74.098203446852409, 19.83888525161786 ], [ 74.098200117695967, 19.838888832731485 ], [ 74.098196723860838, 19.838892358074958 ], [ 74.098193266245318, 19.83889582933833 ], [ 74.098189744849392, 19.838899239761545 ], [ 74.098186163266362, 19.838902595259633 ], [ 74.098182517902941, 19.83890588822765 ], [ 74.098178815047348, 19.838909122045489 ], [ 74.098175052902931, 19.838912294178215 ], [ 74.098171234164639, 19.838915402090809 ], [ 74.098167357035905, 19.838918449163348 ], [ 74.098163426008199, 19.838921430325737 ], [ 74.098159441081606, 19.838924345578022 ], [ 74.098155403154394, 19.838927195765194 ], [ 74.098151314023241, 19.838929978352297 ], [ 74.098147173688076, 19.838932694184304 ], [ 74.0981429857422, 19.838935339881171 ], [ 74.098138750185669, 19.838937916287964 ], [ 74.098137897684438, 19.838938414838321 ], [ 74.098134467018397, 19.838940423404694 ], [ 74.098130138935346, 19.838942857851322 ], [ 74.09812576773318, 19.838945222162877 ], [ 74.09812135431018, 19.838947512959322 ], [ 74.098116897768065, 19.838949730240689 ], [ 74.098112404395025, 19.838951874007023 ], [ 74.098107869699433, 19.838953943413248 ], [ 74.098103299969594, 19.838955936769409 ], [ 74.098098694307154, 19.838957854920501 ], [ 74.098094052712085, 19.83895969702154 ], [ 74.098089379675955, 19.83896146222752 ], [ 74.098084675198805, 19.838963148848414 ], [ 74.09807994197557, 19.838964757729254 ], [ 74.098075178209641, 19.838966288870044 ], [ 74.098070388392543, 19.838967740580784 ], [ 74.098065573422602, 19.838969112861456 ], [ 74.098060733299874, 19.8389704057121 ], [ 74.098055870719222, 19.838971618287694 ], [ 74.09805098657904, 19.838972749743242 ], [ 74.098046082675879, 19.83897379923371 ], [ 74.098041161704785, 19.838974769294172 ], [ 74.098036223665673, 19.838975657389579 ], [ 74.098031270355165, 19.838976462674943 ], [ 74.098026303569952, 19.838977187685256 ], [ 74.098021324208347, 19.838977829885557 ], [ 74.09801633316863, 19.838978390120797 ], [ 74.098011334942385, 19.838978865010997 ], [ 74.098006327733003, 19.838979258781158 ], [ 74.098001315133686, 19.838979569741291 ], [ 74.097996298042844, 19.838979797891412 ], [ 74.097991277358716, 19.83897994323145 ], [ 74.097986255776291, 19.838980004071491 ], [ 74.097981233295542, 19.838979982946476 ], [ 74.0979762126114, 19.838979878166423 ], [ 74.097971194622247, 19.838979691421361 ], [ 74.097966182022944, 19.838979420176244 ], [ 74.097961175711859, 19.83897906612108 ], [ 74.097956176587317, 19.838978629255905 ], [ 74.097951188242519, 19.838978109580658 ], [ 74.097946208880913, 19.83897750794041 ], [ 74.097941241197404, 19.838976824335116 ], [ 74.097936288785235, 19.838976057074756 ], [ 74.097931350746123, 19.83897520784938 ], [ 74.097926429774986, 19.838974279193938 ], [ 74.097921526770165, 19.838973267728466 ], [ 74.097916644426604, 19.838972175142963 ], [ 74.09791178184598, 19.838971002282381 ], [ 74.09790694262152, 19.838969748301803 ], [ 74.097902127651608, 19.838968414046114 ], [ 74.097897338732821, 19.838967000360405 ], [ 74.097892576763513, 19.838965508089643 ], [ 74.097887842641967, 19.838963937233839 ], [ 74.097883139063129, 19.838962287792967 ], [ 74.097878466925366, 19.838960558922 ], [ 74.097873828025214, 19.838958755691017 ], [ 74.09786922236276, 19.838956873874949 ], [ 74.097864652632893, 19.838954916853815 ], [ 74.097860120632319, 19.838952883782628 ], [ 74.097855627259264, 19.838950776351346 ], [ 74.097851173412081, 19.838948593715021 ], [ 74.097846759989082, 19.838946338408569 ], [ 74.097842389685241, 19.838944011277086 ], [ 74.097838061602189, 19.838941609785483 ], [ 74.097833781129836, 19.838939138158821 ], [ 74.097829547369926, 19.83893659386208 ], [ 74.097825359424064, 19.838933981965209 ], [ 74.097821220885564, 19.838931299933261 ], [ 74.097817132652708, 19.838928550301237 ], [ 74.09781309562382, 19.838925732224077 ], [ 74.097809114290484, 19.838922849081868 ], [ 74.097805183262778, 19.838919898339526 ], [ 74.097801308828977, 19.838916884222037 ], [ 74.097797490989009, 19.838913804194501 ], [ 74.097793729742932, 19.838910663326818 ], [ 74.097790028683946, 19.838907459084012 ], [ 74.097786386913782, 19.838904194846101 ], [ 74.097782805330752, 19.838900868923076 ], [ 74.097779285731463, 19.838897486384916 ], [ 74.09777582991255, 19.838894043851621 ], [ 74.097772437874056, 19.838890544703194 ], [ 74.097769109615911, 19.838886989784619 ], [ 74.097765851426374, 19.838883380785941 ], [ 74.097762656118931, 19.838879717707108 ], [ 74.097759530880055, 19.838876002238138 ], [ 74.097753590321076, 19.838868549329923 ], [ 74.097741772983511, 19.838857382641908 ], [ 74.097729749033419, 19.838846416218406 ], [ 74.097717524759048, 19.838835649214399 ], [ 74.097705103753611, 19.838825088389953 ], [ 74.097692489610367, 19.838814734590073 ], [ 74.097679685922643, 19.838804592884888 ], [ 74.097666696283653, 19.838794664119373 ], [ 74.097653524286642, 19.838784954208631 ], [ 74.097640176219798, 19.838775463997628 ], [ 74.097626653879871, 19.83876619771149 ], [ 74.097612961758301, 19.838757157040227 ], [ 74.097599104346713, 19.838748345363836 ], [ 74.097585085238364, 19.838739764372452 ], [ 74.097570909823204, 19.838731416601043 ], [ 74.097561668853857, 19.838726186040528 ], [ 74.09755658259273, 19.838723307119704 ], [ 74.097542106241946, 19.838715435928396 ], [ 74.097527487059011, 19.838707806407264 ], [ 74.097512727738859, 19.838700421936288 ], [ 74.097497833671454, 19.83869328167053 ], [ 74.097482809348335, 19.838686390679982 ], [ 74.097467661057721, 19.838679748964758 ], [ 74.097452389697892, 19.838673360749816 ], [ 74.097437001557054, 19.838667226880258 ], [ 74.097407087658112, 19.838656146368315 ], [ 74.097401023131624, 19.838652192603515 ], [ 74.09739481487469, 19.83864844417414 ], [ 74.097388471870488, 19.838644901925203 ], [ 74.097382002203787, 19.838641572616716 ], [ 74.097375411264551, 19.838638462163736 ], [ 74.097368709832537, 19.838635571411274 ], [ 74.09736190509426, 19.838632903739317 ], [ 74.09735500513456, 19.838630464217925 ], [ 74.0973480189366, 19.838628253692118 ], [ 74.097340953686896, 19.838626278076873 ], [ 74.097333821063529, 19.838624537372247 ], [ 74.097326624659786, 19.838623034113219 ], [ 74.097319377950413, 19.838621769144854 ], [ 74.097312088121853, 19.838620745847109 ], [ 74.097304763259032, 19.838619965065018 ], [ 74.097297414141693, 19.838619426798541 ], [ 74.097290047058038, 19.838619131892766 ], [ 74.09728267278787, 19.838619082882619 ], [ 74.097275301212647, 19.838619276388137 ] ] ] } },
{ "type": "Feature", "properties": { "gp_code": "183667", "gp_name": "KHOPADI KH.", "blklgdcode": "4490", "blk_lgdcod": "4490", "blkname": "Sinnar", "dtname": "Nashik", "stname": "MAHARASHTRA" }, "geometry": { "type": "Polygon", "coordinates": [ [ [ 74.117210717591121, 19.864047691302513 ], [ 74.116515355085866, 19.864153151777618 ], [ 74.115987537364276, 19.864233200307854 ], [ 74.113945535569457, 19.864609258125718 ], [ 74.113495161608483, 19.864692196703672 ], [ 74.111219110054563, 19.865132487391811 ], [ 74.109984728734446, 19.865010665975912 ], [ 74.109955887423936, 19.865007786686984 ], [ 74.108605628822062, 19.864873019347765 ], [ 74.107651871315241, 19.864777828661545 ], [ 74.107406383307662, 19.864753329322191 ], [ 74.10693717526847, 19.864704110122876 ], [ 74.106567272390663, 19.864665308921712 ], [ 74.105302793016946, 19.864532672884106 ], [ 74.104496613439935, 19.864448114617005 ], [ 74.104296158875854, 19.864427089311132 ], [ 74.103971318187646, 19.864405676209472 ], [ 74.103743722823893, 19.864390673096299 ], [ 74.103508945429454, 19.864348841286663 ], [ 74.102634246854166, 19.864192993979135 ], [ 74.101691414657807, 19.864035882597474 ], [ 74.101598937590879, 19.864020473913161 ], [ 74.101541133697324, 19.864032782780562 ], [ 74.101448444627962, 19.86400062629539 ], [ 74.101246267095192, 19.863930482029975 ], [ 74.099360611685668, 19.8632762997605 ], [ 74.0987565476577, 19.863066745421992 ], [ 74.098597450630976, 19.863038341663607 ], [ 74.098491502428047, 19.862995678987609 ], [ 74.098513203928704, 19.862778618420936 ], [ 74.098647336773666, 19.861437183188659 ], [ 74.098732568029504, 19.860514627277706 ], [ 74.098734835377286, 19.860244419077578 ], [ 74.098808870929744, 19.859440946256314 ], [ 74.098834991243237, 19.859269792281687 ], [ 74.098955004368563, 19.858483454940746 ], [ 74.098980494064762, 19.858267270272421 ], [ 74.099132255448836, 19.85739868265777 ], [ 74.099171487572249, 19.857171838898545 ], [ 74.099219766628892, 19.856883969024583 ], [ 74.099508062953049, 19.855451248609139 ], [ 74.099514654790568, 19.855418491341055 ], [ 74.099532675893485, 19.855167907733051 ], [ 74.099987845061449, 19.853541365225961 ], [ 74.100064059926751, 19.853220095660024 ], [ 74.100069380648193, 19.853197668825747 ], [ 74.100132566348648, 19.853020057953824 ], [ 74.100139301018345, 19.852982986837553 ], [ 74.100164340658566, 19.852845154872735 ], [ 74.100250019275435, 19.852556145790079 ], [ 74.100377600707006, 19.85210780518468 ], [ 74.100756210056545, 19.850451813906858 ], [ 74.100800627255765, 19.850237176365656 ], [ 74.10081763685568, 19.850154977158123 ], [ 74.100883094395485, 19.849838663084338 ], [ 74.100913968593488, 19.849670291289858 ], [ 74.100962804605587, 19.84949464941532 ], [ 74.101005571599643, 19.849340838197449 ], [ 74.101010893219382, 19.849320939736351 ], [ 74.101046639879485, 19.849187269330088 ], [ 74.101062328955905, 19.848995167353173 ], [ 74.101124663053483, 19.84870846219377 ], [ 74.101135167054096, 19.848660151406254 ], [ 74.101153526821889, 19.848575702971946 ], [ 74.101154150252697, 19.848572836903923 ], [ 74.101174836657066, 19.848477688824069 ], [ 74.101198559367077, 19.848368582107316 ], [ 74.10121290276723, 19.848302604142216 ], [ 74.101214853009708, 19.848293638369594 ], [ 74.101261738779343, 19.848048513731019 ], [ 74.101267568845529, 19.84801802785648 ], [ 74.101437591182702, 19.847068874937587 ], [ 74.101469751768192, 19.846889334926797 ], [ 74.101582767017462, 19.846337501863164 ], [ 74.10158876057703, 19.846308239164042 ], [ 74.101645216997724, 19.84603258042063 ], [ 74.10187626368878, 19.844962041862654 ], [ 74.10197300416003, 19.844512797656211 ], [ 74.101991841831534, 19.844400193412081 ], [ 74.102083620009182, 19.843851573583443 ], [ 74.10212138967529, 19.843625793718815 ], [ 74.102133109096485, 19.843557412360703 ], [ 74.102172289117618, 19.843328798869184 ], [ 74.102206239147151, 19.843130698061788 ], [ 74.102252544605108, 19.842814228034161 ], [ 74.102259474209191, 19.842766867745524 ], [ 74.102273688251927, 19.842658525191219 ], [ 74.102313874386184, 19.842352204996519 ], [ 74.102338067813406, 19.84224898106617 ], [ 74.102343990406069, 19.842224244187967 ], [ 74.102376246212984, 19.842089523405871 ], [ 74.102392398820101, 19.842022057348981 ], [ 74.102410411838193, 19.841946829235294 ], [ 74.102496685139769, 19.841485416289235 ], [ 74.102587637765623, 19.840991069378852 ], [ 74.102678596679723, 19.840496715859441 ], [ 74.10278442630505, 19.8399425190945 ], [ 74.102786135799022, 19.839885652594798 ], [ 74.102786586753297, 19.83987063195335 ], [ 74.102789237681705, 19.839782497195646 ], [ 74.1027902366083, 19.839778300100015 ], [ 74.102817648699201, 19.839663147368103 ], [ 74.102821447674529, 19.839647189604126 ], [ 74.102853881347869, 19.839652155650327 ], [ 74.103974172135324, 19.839823706804591 ], [ 74.103905977428838, 19.839532571660488 ], [ 74.103909016429455, 19.839427055107649 ], [ 74.103858882351744, 19.839307050139023 ], [ 74.103789583615779, 19.839141170063343 ], [ 74.10377586813803, 19.83911533082145 ], [ 74.103762629665709, 19.83908926680542 ], [ 74.103749877181912, 19.839062984775154 ], [ 74.10373760709345, 19.839036494870509 ], [ 74.103725828383446, 19.83900980300637 ], [ 74.10371454284855, 19.838982919322696 ], [ 74.103712033853952, 19.838976618154998 ], [ 74.103703755878598, 19.838955848889359 ], [ 74.103693469270283, 19.838928601846259 ], [ 74.103683685718522, 19.838901186643362 ], [ 74.103674408816588, 19.838873613420525 ], [ 74.103671371612606, 19.838864006604702 ], [ 74.103665642157708, 19.838845886402741 ], [ 74.103657385741968, 19.838818018264892 ], [ 74.103649645857459, 19.838790014076917 ], [ 74.103642420707644, 19.838761883978787 ], [ 74.103635715682344, 19.838733637265456 ], [ 74.103629532578253, 19.838705279851848 ], [ 74.103623873191964, 19.838676824412961 ], [ 74.103618736625165, 19.838648275173714 ], [ 74.103614128267765, 19.838619643964154 ], [ 74.103611934581849, 19.838604226051817 ], [ 74.103610046323126, 19.838590938389185 ], [ 74.103606492587843, 19.838562166898843 ], [ 74.103603469756905, 19.838533338788078 ], [ 74.103600978728608, 19.838504464196944 ], [ 74.1035980780686, 19.83845776510536 ], [ 74.103592993604082, 19.838365287089928 ], [ 74.103589919569146, 19.838309414595017 ], [ 74.103580076728576, 19.838169946635475 ], [ 74.103579459586015, 19.83816120506193 ], [ 74.103689020813022, 19.838145882590634 ], [ 74.103714927327474, 19.838142260900053 ], [ 74.103744101014641, 19.838138180371729 ], [ 74.103749364243896, 19.838136474306957 ], [ 74.103856043675435, 19.83810189163475 ], [ 74.103978530761083, 19.838062183998328 ], [ 74.10415439124931, 19.838008560801544 ], [ 74.104264211191122, 19.837975074918916 ], [ 74.104245595403455, 19.837678508904059 ], [ 74.104170788198175, 19.837665738308473 ], [ 74.104134680415342, 19.83765957482472 ], [ 74.103881310589429, 19.837616324805801 ], [ 74.103755986624179, 19.837594931746562 ], [ 74.103699709866575, 19.837585324853386 ], [ 74.103576275058302, 19.837574322006709 ], [ 74.103546634247209, 19.837571679667132 ], [ 74.103438072845108, 19.837539135031367 ], [ 74.103273293974226, 19.837489735854437 ], [ 74.103221619285833, 19.83747203715485 ], [ 74.102965550920814, 19.837384335400522 ], [ 74.102905289236617, 19.83736156663543 ], [ 74.102847993789496, 19.837339919194143 ], [ 74.102728745130463, 19.837307054252349 ], [ 74.102517312255316, 19.837268313953007 ], [ 74.102244140865594, 19.83722758026644 ], [ 74.102222732215779, 19.837224741878874 ], [ 74.102193473188635, 19.837220864129314 ], [ 74.102018504727482, 19.837197670300803 ], [ 74.101862220325955, 19.837176954038181 ], [ 74.101678548986314, 19.837120013032234 ], [ 74.101894521048621, 19.836895928829303 ], [ 74.102271325682722, 19.836578554042287 ], [ 74.102559744177753, 19.836408231412967 ], [ 74.103032246339112, 19.836446959246889 ], [ 74.103044923364379, 19.836445493147867 ], [ 74.103070262143618, 19.836443006272098 ], [ 74.103095644041971, 19.836440952888438 ], [ 74.103121061872912, 19.836439337221876 ], [ 74.103146505755035, 19.836438155892495 ], [ 74.103171970298376, 19.836437413970295 ], [ 74.103197447418168, 19.83643710723026 ], [ 74.103222927232864, 19.836437235672381 ], [ 74.10324840525098, 19.836437805211713 ], [ 74.103273869794336, 19.836438808243216 ], [ 74.103299317269716, 19.83644024983689 ], [ 74.103324737795603, 19.836442125767672 ], [ 74.103350124185553, 19.836444437725579 ], [ 74.103375466558006, 19.836447184865563 ], [ 74.103400760421465, 19.836450366342646 ], [ 74.103425996792737, 19.836453979621702 ], [ 74.103451166688714, 19.836458024702683 ], [ 74.103476263821122, 19.836462500740605 ], [ 74.103501281901785, 19.83646740773543 ], [ 74.103526210150903, 19.836472740616973 ], [ 74.103551043178626, 19.836478500230253 ], [ 74.103575772001761, 19.836484683195145 ], [ 74.103600390332119, 19.836491291201657 ], [ 74.103624890084859, 19.836498318334602 ], [ 74.103649264073468, 19.836505763748946 ], [ 74.103673505111416, 19.836513624064537 ], [ 74.10369760421554, 19.836521899281362 ], [ 74.103731061968304, 19.836534162960945 ], [ 74.105167518413268, 19.837070177699541 ], [ 74.106610598136811, 19.837588455607172 ], [ 74.106618665008057, 19.837591218782535 ], [ 74.106626780388353, 19.837593844221612 ], [ 74.106634937989426, 19.837596330234344 ], [ 74.106643138709657, 19.837598676820768 ], [ 74.106651379854057, 19.837600880600874 ], [ 74.106659656931114, 19.837602944109641 ], [ 74.106667969042434, 19.83760486565712 ], [ 74.1066763125948, 19.837606646088272 ], [ 74.106684685791549, 19.837608282023123 ], [ 74.106693085937763, 19.837609774306621 ], [ 74.106701511236821, 19.83761112124882 ], [ 74.106709958095436, 19.837612325384697 ], [ 74.106718422920366, 19.837613383334254 ], [ 74.106726904813272, 19.837614295942515 ], [ 74.10673540107922, 19.837615064054447 ], [ 74.106743909023294, 19.837615685980033 ], [ 74.106752425052179, 19.837616161719325 ], [ 74.106760948267606, 19.837616492962312 ], [ 74.106769474177966, 19.837616676328988 ], [ 74.106778000986637, 19.837616714354301 ], [ 74.106786527795322, 19.83761660534833 ], [ 74.106795049214085, 19.837616350156029 ], [ 74.106803564344673, 19.837615948777422 ], [ 74.106812069593786, 19.837615402057487 ], [ 74.106820563164774, 19.837614709151246 ], [ 74.106829042362747, 19.837613870903656 ], [ 74.106837505391042, 19.83761288731478 ], [ 74.106845946859764, 19.837611758384568 ], [ 74.106854367667253, 19.837610484113071 ], [ 74.106862763321899, 19.837609066190215 ], [ 74.106871131128756, 19.83760750377105 ], [ 74.106879469291243, 19.837605796855566 ], [ 74.106887774216048, 19.837603948823784 ], [ 74.106896045004859, 19.837601957985658 ], [ 74.10690427806442, 19.837599826031255 ], [ 74.106912470699811, 19.837597552960499 ], [ 74.106920622012709, 19.837595137928449 ], [ 74.106928728409855, 19.837592584315065 ], [ 74.106936785399625, 19.837589892120395 ], [ 74.106938935068115, 19.837589133303418 ], [ 74.106944792982091, 19.837587061344365 ], [ 74.106952749360545, 19.837584092832021 ], [ 74.106960650043447, 19.837580988273398 ], [ 74.106968495030827, 19.837577749358466 ], [ 74.106976278932791, 19.837574375242184 ], [ 74.106984001749254, 19.837570866769617 ], [ 74.106991659887086, 19.837567228165724 ], [ 74.106999250651228, 19.837563456895516 ], [ 74.107006774041722, 19.837559556339027 ], [ 74.107014225566999, 19.837555525651201 ], [ 74.107021603430425, 19.8375513682121 ], [ 74.107028904937081, 19.837547084021676 ], [ 74.107036129188558, 19.837542674769956 ], [ 74.107043272591724, 19.837538143836944 ], [ 74.107050335146496, 19.837533487842613 ], [ 74.107057312361292, 19.837528712702021 ], [ 74.107064203337828, 19.837523816725135 ], [ 74.107071003584551, 19.837518804136938 ], [ 74.10707771489804, 19.837513674937469 ], [ 74.107084332786727, 19.837508430816737 ], [ 74.107090856352301, 19.837503071774712 ], [ 74.107097282001547, 19.837497602881431 ], [ 74.107103609734395, 19.837492024136893 ], [ 74.10710983685594, 19.837486337231077 ], [ 74.107115960671265, 19.837480541319003 ], [ 74.10712198207861, 19.837474643160697 ], [ 74.107124986044894, 19.837471592680437 ], [ 74.107127894789798, 19.837468641066113 ], [ 74.107133700601466, 19.83746253841533 ], [ 74.107139395022074, 19.83745633605329 ], [ 74.107144979848186, 19.837450034825043 ], [ 74.107150448791614, 19.837443639800561 ], [ 74.107155805445686, 19.83743715097992 ], [ 74.107161045318719, 19.837430570053058 ], [ 74.107166164817542, 19.837423901245003 ], [ 74.107171164840423, 19.83741714371077 ], [ 74.107176043590727, 19.837410299985351 ], [ 74.107180801966777, 19.837403374293778 ], [ 74.107185434578682, 19.837396365791086 ], [ 74.107189941426483, 19.837389281237257 ], [ 74.107194319815179, 19.837382116407262 ], [ 74.107198572439728, 19.837374877216178 ], [ 74.107202693910239, 19.837367567044016 ], [ 74.107206721057665, 19.837360116600031 ], [ 74.107210544287511, 19.837352734601417 ], [ 74.107214268702677, 19.83734521993604 ], [ 74.107217861065507, 19.837337641049629 ], [ 74.107221315986067, 19.837330001322183 ], [ 74.107224636159373, 19.837322300753705 ], [ 74.107227817093801, 19.83731454610427 ], [ 74.107230858789336, 19.837306735683846 ], [ 74.107233763042657, 19.837298873717469 ], [ 74.107236525362168, 19.83729096274017 ], [ 74.107239146646165, 19.837283003596934 ], [ 74.107241626894648, 19.837275001357806 ], [ 74.107243964311039, 19.837266956022784 ], [ 74.10724615799694, 19.837258870971947 ], [ 74.107248207054127, 19.83725074874026 ], [ 74.107250110584204, 19.83724259270776 ], [ 74.107251870383848, 19.837234403719464 ], [ 74.107253482859775, 19.837226185155441 ], [ 74.107254950706974, 19.837217938705628 ], [ 74.107256270332101, 19.837209667750134 ], [ 74.107257444430175, 19.83720137482393 ], [ 74.107258467611302, 19.837193061617096 ], [ 74.10725934616363, 19.837184730664589 ], [ 74.107260073799011, 19.837176386191466 ], [ 74.107260656805622, 19.837168029042786 ], [ 74.107261087996974, 19.837159662598545 ], [ 74.107261371864624, 19.837151289393791 ], [ 74.107261505713581, 19.837142911118523 ], [ 74.107261492238862, 19.837134531152788 ], [ 74.107261329643791, 19.83712615203163 ], [ 74.107261017928394, 19.837117774600046 ], [ 74.107260557990955, 19.837109404773145 ], [ 74.107259948933176, 19.83710104170585 ], [ 74.107259190755101, 19.837092691313256 ], [ 74.10725828704993, 19.837084352750392 ], [ 74.107257233326095, 19.837076031087303 ], [ 74.107256033176867, 19.837067726323991 ], [ 74.107254684805625, 19.837059444375534 ], [ 74.107253190907315, 19.837051185241922 ], [ 74.107251549685287, 19.837042950613185 ], [ 74.107249762936192, 19.837034747249444 ], [ 74.107247829761704, 19.837026574305618 ], [ 74.10724575375508, 19.837018432626824 ], [ 74.107243534018011, 19.837010328128066 ], [ 74.107241168753859, 19.837002263344409 ], [ 74.107238663352533, 19.836994238275832 ], [ 74.107236015119085, 19.836986256302431 ], [ 74.107233224951798, 19.836978320804253 ], [ 74.107230294647366, 19.83697043431626 ], [ 74.107227226002351, 19.836962595993555 ], [ 74.10722129712147, 19.836948495292813 ], [ 74.106945474803382, 19.836550679591468 ], [ 74.106906513072872, 19.836492334793427 ], [ 74.106785807346441, 19.836311578677311 ], [ 74.106676731209717, 19.836148237279325 ], [ 74.106415148985477, 19.835741289158772 ], [ 74.10623344405802, 19.835444629400868 ], [ 74.106040365560759, 19.835129400601854 ], [ 74.106140357035031, 19.835036198155201 ], [ 74.106247137077915, 19.834936665595098 ], [ 74.106202693827555, 19.834710482654629 ], [ 74.106200651058586, 19.834704742412782 ], [ 74.105882801958245, 19.833906078646617 ], [ 74.105845394313192, 19.833741926927992 ], [ 74.105732743779896, 19.832824499947456 ], [ 74.105700429582512, 19.832717697022037 ], [ 74.105491053849363, 19.829153000771601 ], [ 74.105442857437723, 19.828331865228201 ], [ 74.105428260712685, 19.828083168137645 ], [ 74.105454782573119, 19.828046888934509 ], [ 74.105355290562159, 19.826529612076925 ], [ 74.105257123566204, 19.825031873223715 ], [ 74.105260630589072, 19.825029045604243 ], [ 74.105283447797291, 19.825010657625672 ], [ 74.105256287234681, 19.824512285891579 ], [ 74.105180692206901, 19.823124731334605 ], [ 74.105098568223625, 19.821616548852944 ], [ 74.105090914577417, 19.821475961702607 ], [ 74.105076874807821, 19.821404996653737 ], [ 74.105060854253054, 19.821324016361366 ], [ 74.105007166440075, 19.82105262762752 ], [ 74.105006183683159, 19.82104766776072 ], [ 74.105004035811319, 19.821036805744843 ], [ 74.104889463781689, 19.820300408692159 ], [ 74.104812285024039, 19.820039335205276 ], [ 74.104769790219535, 19.819956734157557 ], [ 74.104700002800058, 19.81963574483304 ], [ 74.104660793134514, 19.81945539040283 ], [ 74.104153703139801, 19.817122614416519 ], [ 74.104211993920259, 19.817122637234647 ], [ 74.104993417724671, 19.817016815079192 ], [ 74.105281245128239, 19.816948980045389 ], [ 74.106473789210611, 19.816772479687984 ], [ 74.10710365644681, 19.816683218251011 ], [ 74.107102739266907, 19.816651998709311 ], [ 74.107816596287194, 19.816552584782883 ], [ 74.10846231609321, 19.816462658958049 ], [ 74.10845979811549, 19.816441898581225 ], [ 74.10881382686388, 19.816396836764778 ], [ 74.109291895885065, 19.816335986389916 ], [ 74.109618317608152, 19.816284908971895 ], [ 74.110774638025035, 19.816180680158233 ], [ 74.111483753737275, 19.81603435320045 ], [ 74.111763910426632, 19.815976052422034 ], [ 74.111949028053829, 19.815937526654199 ], [ 74.112780764700673, 19.815764435248685 ], [ 74.113204801854138, 19.815676187394939 ], [ 74.113658725058798, 19.815593498722812 ], [ 74.114155325425926, 19.815503038236429 ], [ 74.114276428207702, 19.815480480152722 ], [ 74.116318960906867, 19.815100016951444 ], [ 74.116462012225981, 19.815089777388106 ], [ 74.117120239275692, 19.815034235605335 ], [ 74.118244655126929, 19.814918038110214 ], [ 74.119131014732943, 19.814858809816382 ], [ 74.119235817583885, 19.814885475312771 ], [ 74.119275977666959, 19.81489569291589 ], [ 74.119367969643619, 19.814904630148874 ], [ 74.119375588255565, 19.814905369636222 ], [ 74.119429518613643, 19.814910610277252 ], [ 74.119475331794817, 19.814914431102487 ], [ 74.119758620909536, 19.814938059198784 ], [ 74.120075702848652, 19.814956291993791 ], [ 74.120389493360534, 19.814953470110975 ], [ 74.12044619771622, 19.814952958808465 ], [ 74.12079513571193, 19.814957224170097 ], [ 74.120979266090657, 19.814947711407829 ], [ 74.121228226985139, 19.814979516112686 ], [ 74.121368765716369, 19.81498616135395 ], [ 74.121446912857905, 19.814989857098453 ], [ 74.122782537005463, 19.815053016877112 ], [ 74.122956731118862, 19.815093337064702 ], [ 74.123273515715596, 19.815162849622162 ], [ 74.123448884825365, 19.81518573904064 ], [ 74.124442894043426, 19.815315477797949 ], [ 74.12453006476197, 19.815321417344787 ], [ 74.125280416739002, 19.815372543244486 ], [ 74.125574820708749, 19.815356082726414 ], [ 74.125656917742589, 19.815375972765356 ], [ 74.125755777339606, 19.815399922785996 ], [ 74.126814417647424, 19.815472362723749 ], [ 74.127467782116497, 19.817114486084836 ], [ 74.127749039242062, 19.817864758588247 ], [ 74.12848102336649, 19.81979740962057 ], [ 74.128571555580791, 19.820016018019217 ], [ 74.128652915097788, 19.820235439103488 ], [ 74.128730727167707, 19.820374310109173 ], [ 74.128804398902474, 19.820578579778552 ], [ 74.12894922888583, 19.820980148822578 ], [ 74.129070312802966, 19.821315867962252 ], [ 74.129240837298411, 19.821788656960983 ], [ 74.129554803880097, 19.822659112649262 ], [ 74.129561735280831, 19.822700948683995 ], [ 74.129623578898247, 19.823074169909411 ], [ 74.129627119158798, 19.823109779250444 ], [ 74.129630581265872, 19.82313850198906 ], [ 74.129634579667226, 19.823167163876455 ], [ 74.129639112566153, 19.823195754771579 ], [ 74.129644180860979, 19.823224267913794 ], [ 74.129649780958474, 19.823252692317123 ], [ 74.129655911061974, 19.823281021220851 ], [ 74.129662569374858, 19.823309245329153 ], [ 74.12966975320218, 19.823337355346176 ], [ 74.129677463442277, 19.823365343666197 ], [ 74.129685693806906, 19.823393200993404 ], [ 74.129685927368854, 19.823393992836422 ], [ 74.12969717337792, 19.823432273413378 ], [ 74.129706344278645, 19.82346596940658 ], [ 74.129714882765427, 19.823499809901755 ], [ 74.129722787939912, 19.823533784757863 ], [ 74.129730056208871, 19.823567884678862 ], [ 74.129736687572304, 19.823602098678663 ], [ 74.129742678436941, 19.823636416616164 ], [ 74.129748026107833, 19.823670826660191 ], [ 74.129752729686643, 19.823705320359849 ], [ 74.129756789173427, 19.823739885883931 ], [ 74.129765737291976, 19.823812792731651 ], [ 74.1297725914376, 19.823859409929916 ], [ 74.129780315152416, 19.823905907113083 ], [ 74.129788906639789, 19.823952269069778 ], [ 74.129798364103095, 19.823998483123937 ], [ 74.129808683050754, 19.824044535754435 ], [ 74.129819861686173, 19.824090410904883 ], [ 74.129831896416022, 19.824136096744301 ], [ 74.129844782748776, 19.82418157806147 ], [ 74.129845452891985, 19.824183787943252 ], [ 74.12985851619284, 19.82422684302545 ], [ 74.129873094951563, 19.824271873044658 ], [ 74.129909112902894, 19.824384849871507 ], [ 74.129927717910746, 19.824448839164234 ], [ 74.129945123667696, 19.824513124208263 ], [ 74.129961324783849, 19.824577683031237 ], [ 74.12997631676761, 19.824642497886188 ], [ 74.129990096924089, 19.82470754933604 ], [ 74.130002658066701, 19.824772815408565 ], [ 74.130013995703891, 19.824838276666778 ], [ 74.130015927081757, 19.82485080913716 ], [ 74.130024110733984, 19.824903917053948 ], [ 74.130032995970481, 19.824969711217641 ], [ 74.130040653209932, 19.825035643101248 ], [ 74.130121239277457, 19.825327927070809 ], [ 74.130211970917784, 19.825650622085213 ], [ 74.130349202052159, 19.826138687172779 ], [ 74.130379343224888, 19.826293371846546 ], [ 74.130505762236524, 19.826942128261219 ], [ 74.130613245660271, 19.827493690693402 ], [ 74.130742997421592, 19.828159465900409 ], [ 74.131063782216259, 19.829805309928634 ], [ 74.131150299859584, 19.83016245265679 ], [ 74.131205724116001, 19.830391236364111 ], [ 74.131212236003492, 19.830418122346995 ], [ 74.131255197931949, 19.830600403715025 ], [ 74.131577612270604, 19.832208817772138 ], [ 74.131580960291657, 19.832253019084082 ], [ 74.131587409297083, 19.832359736973288 ], [ 74.131592587186375, 19.832445411727573 ], [ 74.131601304437879, 19.832589645637317 ], [ 74.1316144234343, 19.832686779771908 ], [ 74.131646528324211, 19.832912639411273 ], [ 74.131817390586207, 19.834114611825246 ], [ 74.131869516228889, 19.834481252234522 ], [ 74.131887283108583, 19.834606228743489 ], [ 74.132047582979467, 19.836509683766636 ], [ 74.132054679670205, 19.836593951870924 ], [ 74.132153152991634, 19.837758320667088 ], [ 74.132205928116278, 19.838459694247494 ], [ 74.132244562860009, 19.838970097286957 ], [ 74.132280752389548, 19.839448136115902 ], [ 74.132297663174782, 19.839660710397514 ], [ 74.132372696755496, 19.840603798316188 ], [ 74.132461343406064, 19.84157580706086 ], [ 74.132469553109445, 19.841770434382884 ], [ 74.132491715445809, 19.842295755936252 ], [ 74.132492661371813, 19.842318175016068 ], [ 74.132675590703016, 19.844627514246241 ], [ 74.132673617104331, 19.844668420943407 ], [ 74.132675436192784, 19.844685540036444 ], [ 74.132563924723286, 19.844874742225521 ], [ 74.132562218822571, 19.844876820004266 ], [ 74.132561694206458, 19.844877459645783 ], [ 74.132501221418153, 19.844951149372992 ], [ 74.132493230903705, 19.844960885945675 ], [ 74.132492538302614, 19.844961730914225 ], [ 74.132473167930129, 19.844985335108259 ], [ 74.132462354010741, 19.844998513234881 ], [ 74.132095488336915, 19.845423541031085 ], [ 74.132803599732682, 19.846368297316218 ], [ 74.132827512885541, 19.846382431823866 ], [ 74.132533471835188, 19.847209997955002 ], [ 74.132726910556855, 19.849740397923345 ], [ 74.132733415257846, 19.849825449027001 ], [ 74.132723310109228, 19.849951843100769 ], [ 74.132708825673561, 19.850133044181216 ], [ 74.132693385430485, 19.850299209346154 ], [ 74.132688097946712, 19.850517111647605 ], [ 74.132655354354597, 19.851407663822627 ], [ 74.132638561248697, 19.851899446880083 ], [ 74.132637185927976, 19.851939725609043 ], [ 74.132631060316072, 19.852119126407857 ], [ 74.13264221739189, 19.852406377144444 ], [ 74.132639678752881, 19.852860242725594 ], [ 74.132638786725835, 19.853019828134052 ], [ 74.132638213600643, 19.853122471356134 ], [ 74.132637637780576, 19.853225613017326 ], [ 74.132636798754092, 19.853375823629811 ], [ 74.132636478953856, 19.853433247171107 ], [ 74.132633069847344, 19.854044466136468 ], [ 74.132653549639201, 19.854329189615793 ], [ 74.13269441759472, 19.85486779223875 ], [ 74.13274437290768, 19.855526078283177 ], [ 74.132752905106244, 19.855721673666469 ], [ 74.132769549990158, 19.856103186964795 ], [ 74.132771078922744, 19.856138238864421 ], [ 74.132772094019046, 19.856373735957295 ], [ 74.132787713026872, 19.857115453407257 ], [ 74.132790277717021, 19.857188333949107 ], [ 74.132811780689977, 19.857799403264753 ], [ 74.13280353235902, 19.85803757030709 ], [ 74.132857432174404, 19.858153741329829 ], [ 74.132911575433198, 19.858632621353692 ], [ 74.132939457342999, 19.859048063648839 ], [ 74.132971828134245, 19.859254372150762 ], [ 74.133318974889278, 19.8611227756947 ], [ 74.133430442341307, 19.861761983762079 ], [ 74.133542385002116, 19.862315587272672 ], [ 74.133567341099024, 19.862439004193966 ], [ 74.131386015993542, 19.862996764648791 ], [ 74.130298414899244, 19.863274844047744 ], [ 74.129646521870612, 19.863441513354505 ], [ 74.129639539265895, 19.863444234681122 ], [ 74.129632507253859, 19.863446841105393 ], [ 74.129625427631098, 19.863449330092696 ], [ 74.129618305787545, 19.86345170079813 ], [ 74.129611140824835, 19.863453954911442 ], [ 74.129603936336238, 19.863456089898072 ], [ 74.129596694118433, 19.863458104913111 ], [ 74.129589415967985, 19.863459999956596 ], [ 74.12958210457991, 19.863461774183655 ], [ 74.129574762649071, 19.863463426749387 ], [ 74.129567391073849, 19.863464957653839 ], [ 74.129559993447501, 19.863466367741854 ], [ 74.129552570668309, 19.86346765363399 ], [ 74.129545128126196, 19.863468817864838 ], [ 74.129537664922793, 19.863469857899755 ], [ 74.129530182854808, 19.863470774583664 ], [ 74.129522687312061, 19.863471567071699 ], [ 74.129515178294582, 19.863472236208715 ], [ 74.129507657599063, 19.863472778615218 ], [ 74.129500128818663, 19.863473199360467 ], [ 74.129492593750044, 19.863473493375214 ], [ 74.129485055986493, 19.863473663194075 ], [ 74.129477517324645, 19.863473707127305 ], [ 74.129469977764444, 19.863473627709542 ], [ 74.129462440899232, 19.863473423251019 ], [ 74.129454912118817, 19.863473093751725 ], [ 74.129447388728323, 19.863472639211672 ], [ 74.129439876117601, 19.863472061320621 ], [ 74.129432376981597, 19.863471356699076 ], [ 74.12942489042203, 19.863470530416237 ], [ 74.129417421828748, 19.863469579092662 ], [ 74.129409971201795, 19.863468504418055 ], [ 74.129402543931022, 19.863467307237286 ], [ 74.129395139118117, 19.863465985015747 ], [ 74.129387760356394, 19.863464541977795 ], [ 74.129380409442419, 19.863462977278552 ], [ 74.129373089071166, 19.863461289228262 ], [ 74.129365801039285, 19.863459481206394 ], [ 74.12935854893999, 19.863457552368132 ], [ 74.129351332773297, 19.863455504403131 ], [ 74.129343580312408, 19.863453154819506 ], [ 74.129026978073696, 19.86351673296868 ], [ 74.128960209891858, 19.863530141050642 ], [ 74.127776363298054, 19.863792533691164 ], [ 74.126370926578161, 19.864133648881975 ], [ 74.125314813231228, 19.864414205966142 ], [ 74.125154160322452, 19.864456882623234 ], [ 74.12502318505571, 19.864498248884001 ], [ 74.124564658883557, 19.863850635270371 ], [ 74.12433288455712, 19.863523283243506 ], [ 74.124123320177731, 19.863197704770975 ], [ 74.124012868720271, 19.863046557201343 ], [ 74.123443014334967, 19.863111185689291 ], [ 74.123382370866779, 19.863118257266812 ], [ 74.122898241810717, 19.863199703736743 ], [ 74.121672530131377, 19.863356527845923 ], [ 74.120419047035085, 19.863516899408037 ], [ 74.120302104351396, 19.863531861205246 ], [ 74.118982552860871, 19.86370531960705 ], [ 74.118667173229227, 19.86374677730964 ], [ 74.118621022281516, 19.863752841775625 ], [ 74.118510894217579, 19.863782918245249 ], [ 74.11829890079369, 19.863835481718198 ], [ 74.118259346175094, 19.863844595309313 ], [ 74.118085988393219, 19.863884531368679 ], [ 74.117872217203413, 19.86393005199243 ], [ 74.117846710439224, 19.863935041779918 ], [ 74.117657657292739, 19.863972026695063 ], [ 74.117442370644994, 19.864010447030793 ], [ 74.117210717591121, 19.864047691302513 ] ] ] } }
]
}
