{
"type": "FeatureCollection",
"name": "gram_manchitra_gp_20260917T050031Z",
"crs": { "type": "name", "properties": { "name": "urn:ogc:def:crs:OGC:1.3:CRS84" } },
"features": [
{ "type": "Feature", "properties": { "gp_code": "254346", "gp_name": "ADVALPAL", "blklgdcode": "5930", "blk_lgdcod": "5930", "blkname": "Bicholim", "dtname": "North Goa", "stname": "GOA" }, "geometry": { "type": "Polygon", "coordinates": [ [ [ 73.911216981574256, 15.635436778337123 ], [ 73.911364847863283, 15.636109769395722 ], [ 73.912215402418681, 15.636276522189068 ], [ 73.912189256952331, 15.637301732872947 ], [ 73.912103360943206, 15.63856997308331 ], [ 73.911886007271988, 15.640739866343722 ], [ 73.911617536766187, 15.642899959021388 ], [ 73.911348470677325, 15.645100670756179 ], [ 73.911101241734727, 15.646818270932249 ], [ 73.910872159659164, 15.647993977977306 ], [ 73.910374227988768, 15.649929180818356 ], [ 73.910859557194058, 15.650767939635809 ], [ 73.910665992708218, 15.651194197591483 ], [ 73.909930772852121, 15.652814034422127 ], [ 73.909211010307146, 15.654908430639813 ], [ 73.908534128842263, 15.656375487711291 ], [ 73.907752478662374, 15.657976495290482 ], [ 73.907408923371861, 15.659308598905143 ], [ 73.905549176273468, 15.659813204576857 ], [ 73.904566653812935, 15.66001498577581 ], [ 73.903351055367082, 15.659630336652253 ], [ 73.902453898909684, 15.659341730833205 ], [ 73.902559400649906, 15.658994639367007 ], [ 73.902616743707753, 15.658335845213527 ], [ 73.902564469843057, 15.658113678281948 ], [ 73.902511526733448, 15.657927552191049 ], [ 73.902407680588297, 15.65772266970863 ], [ 73.902275877973196, 15.657512782242414 ], [ 73.902011584633456, 15.657133700626419 ], [ 73.901823378598252, 15.656950116693565 ], [ 73.901749599065681, 15.656899174371921 ], [ 73.901534793016609, 15.656633844024546 ], [ 73.901485977665772, 15.656484051152793 ], [ 73.901131436877634, 15.65592284806123 ], [ 73.901268665317062, 15.655513771729062 ], [ 73.901584178797677, 15.65504415126007 ], [ 73.902230156420188, 15.654615879841241 ], [ 73.902286460127229, 15.654305040050403 ], [ 73.90218606530938, 15.653892296358043 ], [ 73.901421185777593, 15.652186265321705 ], [ 73.901039037065829, 15.651886613266344 ], [ 73.899773315322093, 15.651157780774142 ], [ 73.898552296441821, 15.650538107410316 ], [ 73.897697179343069, 15.650077694813994 ], [ 73.897188328650373, 15.649541146948341 ], [ 73.896541434746283, 15.649183248635582 ], [ 73.896170124208467, 15.649073602642408 ], [ 73.895615415418817, 15.649065096935685 ], [ 73.895255368856326, 15.649122839371682 ], [ 73.894921340199375, 15.649298370118036 ], [ 73.894581061963009, 15.649577732731315 ], [ 73.894061013770312, 15.649723350051357 ], [ 73.893531065244858, 15.649624837944479 ], [ 73.893070312149092, 15.649567947689343 ], [ 73.892719909899498, 15.649612301294782 ], [ 73.892213798170118, 15.649758132248561 ], [ 73.891337478135725, 15.650020162845591 ], [ 73.89084803644306, 15.650012555061181 ], [ 73.890319144336374, 15.649846232128045 ], [ 73.889715348006362, 15.649412316845339 ], [ 73.88892576300762, 15.648939268141811 ], [ 73.888176623756195, 15.64827250935809 ], [ 73.887336295621978, 15.647767003262326 ], [ 73.885496845957405, 15.646762627264327 ], [ 73.88480610079273, 15.646801588040786 ], [ 73.884101536844042, 15.646831382995442 ], [ 73.88332931088982, 15.646995566577669 ], [ 73.882606979163114, 15.647255533306151 ], [ 73.882170771634222, 15.647122301383039 ], [ 73.880747605763872, 15.646612215587876 ], [ 73.880863404892224, 15.645814282999845 ], [ 73.880914483099247, 15.645263817688386 ], [ 73.880854921202655, 15.644915058761779 ], [ 73.880818365160479, 15.644589182888188 ], [ 73.880827436348227, 15.644038138165389 ], [ 73.880974893005487, 15.643294958687363 ], [ 73.881899019582676, 15.642676706127224 ], [ 73.882492985648497, 15.642288347949357 ], [ 73.883203877330089, 15.641883635324776 ], [ 73.88377663686704, 15.641648603695966 ], [ 73.884270532406873, 15.641669754979247 ], [ 73.884877771979347, 15.641886969215207 ], [ 73.8853772577352, 15.642138727960635 ], [ 73.886366981091072, 15.642348287781973 ], [ 73.886064556962467, 15.639768290774775 ], [ 73.885908151288362, 15.638789901707113 ], [ 73.885995464839013, 15.638298769410687 ], [ 73.886130846342212, 15.63800725196535 ], [ 73.886319851878014, 15.637856507724006 ], [ 73.886645367200984, 15.637626680890916 ], [ 73.887111526358112, 15.63735373632076 ], [ 73.887422994725014, 15.637128156401841 ], [ 73.887919125273271, 15.636724617852128 ], [ 73.888057941934136, 15.636509854934822 ], [ 73.888383017980928, 15.636022514832113 ], [ 73.888572250790489, 15.635858172788382 ], [ 73.888987764728526, 15.635543831226292 ], [ 73.889446318748455, 15.635166925221208 ], [ 73.889770120984181, 15.634756228619144 ], [ 73.889895939022892, 15.634478098403886 ], [ 73.889863522417528, 15.634179342588949 ], [ 73.889720499844515, 15.633802159841183 ], [ 73.88959830471137, 15.633298753025628 ], [ 73.890879631089902, 15.633350159718026 ], [ 73.89075057821789, 15.632408461186381 ], [ 73.890565015026269, 15.631501914747959 ], [ 73.890446174202395, 15.630795219202819 ], [ 73.890454624654282, 15.630280339879741 ], [ 73.891194990958624, 15.630341415638608 ], [ 73.89237602133403, 15.630540407428462 ], [ 73.893263449935191, 15.630730355332872 ], [ 73.893882999122027, 15.630766983407961 ], [ 73.894417407782868, 15.630594494876233 ], [ 73.894927854781827, 15.630462308388353 ], [ 73.895647831125842, 15.630342401847599 ], [ 73.896056813413452, 15.630425549629386 ], [ 73.896389374223219, 15.630331250764975 ], [ 73.8970228967043, 15.629798892703327 ], [ 73.897319780024247, 15.629609175781459 ], [ 73.897914780949307, 15.629437590303425 ], [ 73.898592145707795, 15.629357693165478 ], [ 73.899475069257861, 15.629823056616374 ], [ 73.900753874963726, 15.630601868076834 ], [ 73.902239701918376, 15.631270830723826 ], [ 73.903216309871098, 15.631710475033971 ], [ 73.904114325117916, 15.632108362330058 ], [ 73.904477944280302, 15.632398640719952 ], [ 73.904825916587058, 15.633072632286463 ], [ 73.905354322705193, 15.633835267352852 ], [ 73.905560103380566, 15.634082423396409 ], [ 73.905815698333413, 15.634136047090999 ], [ 73.906069396044387, 15.634022475952674 ], [ 73.906439902590037, 15.633888064960182 ], [ 73.907066529603014, 15.633780267235501 ], [ 73.907666921318082, 15.633843671613114 ], [ 73.908060272021459, 15.634030475347791 ], [ 73.908535543688814, 15.634331458092639 ], [ 73.909123175733612, 15.634896172935209 ], [ 73.910279188028326, 15.63663082535898 ], [ 73.910355145975501, 15.636546120376998 ], [ 73.910709861036807, 15.636244384816369 ], [ 73.911105686598759, 15.63570371580154 ], [ 73.911216981574256, 15.635436778337123 ] ] ] } },
{ "type": "Feature", "properties": { "gp_code": "254353", "gp_name": "AMONA", "blklgdcode": "5930", "blk_lgdcod": "5930", "blkname": "Bicholim", "dtname": "North Goa", "stname": "GOA" }, "geometry": { "type": "Polygon", "coordinates": [ [ [ 73.992440607693709, 15.538635502908935 ], [ 73.991738189820211, 15.538455951689144 ], [ 73.991121114593682, 15.538418240010513 ], [ 73.99062648513025, 15.538466336615127 ], [ 73.990020451995164, 15.538660357816314 ], [ 73.989674370642064, 15.538926019009567 ], [ 73.989004210372116, 15.539222469293048 ], [ 73.988323805714671, 15.539475938633794 ], [ 73.987861011646615, 15.539712701353878 ], [ 73.987316672110325, 15.540189155611968 ], [ 73.98681908269802, 15.540734057314081 ], [ 73.986372762833952, 15.541290366210655 ], [ 73.986214943211593, 15.541550273832677 ], [ 73.985647952655384, 15.542470666721531 ], [ 73.985381481799394, 15.543082905823345 ], [ 73.985043195128014, 15.543662111932385 ], [ 73.984617938960696, 15.544085545103849 ], [ 73.984163937602659, 15.544283120642728 ], [ 73.983323380398019, 15.544740425632288 ], [ 73.982731127419413, 15.545143436188043 ], [ 73.982390147598821, 15.545427232386295 ], [ 73.981602748201155, 15.545690048766559 ], [ 73.981037142847114, 15.545817410411434 ], [ 73.980641973953652, 15.5458274479202 ], [ 73.980324130243162, 15.545689982992167 ], [ 73.97968223097206, 15.545083358920886 ], [ 73.978580609871159, 15.543867708960013 ], [ 73.977998274293299, 15.543153885910504 ], [ 73.977455292111372, 15.542325165428977 ], [ 73.976868736248292, 15.541751235786174 ], [ 73.97632536419755, 15.541570709300906 ], [ 73.975798428621559, 15.541591548941378 ], [ 73.975173773410646, 15.541962164272377 ], [ 73.974763263987072, 15.54232317312534 ], [ 73.974366705399831, 15.542781696712618 ], [ 73.974215385986867, 15.54319131631242 ], [ 73.974045931384921, 15.543706022810923 ], [ 73.973723605979529, 15.544311015222934 ], [ 73.973533815316188, 15.544713112696922 ], [ 73.973328648190105, 15.545198563904476 ], [ 73.973113112709058, 15.546026126968936 ], [ 73.97300663539842, 15.546506609136513 ], [ 73.973071786612721, 15.546960964073453 ], [ 73.973227049629813, 15.547297189923997 ], [ 73.973364608649248, 15.547752605881485 ], [ 73.973329109025855, 15.548122449403424 ], [ 73.973349165711213, 15.548408461352411 ], [ 73.972337294392034, 15.548042963730275 ], [ 73.971772527166152, 15.54794508563738 ], [ 73.970893378336939, 15.547740312255009 ], [ 73.969885008650749, 15.547380336718017 ], [ 73.968787129032975, 15.546852985695823 ], [ 73.968019047905486, 15.546292275431881 ], [ 73.967450320007529, 15.545619619981153 ], [ 73.966940396726415, 15.544564711976536 ], [ 73.966716417081656, 15.543267701175141 ], [ 73.966560580939444, 15.542307518568526 ], [ 73.966665220297003, 15.541530053864367 ], [ 73.966784775281511, 15.540827570792967 ], [ 73.966792764897662, 15.540328512676712 ], [ 73.966726332685781, 15.539885383921552 ], [ 73.966602006748758, 15.539384334653059 ], [ 73.966229805980475, 15.538751197033351 ], [ 73.965789099688621, 15.537804757192763 ], [ 73.965254857216109, 15.536520983061394 ], [ 73.96613434291352, 15.535139690650761 ], [ 73.967165169583524, 15.533623695132821 ], [ 73.968036204829119, 15.531906570836775 ], [ 73.969001263142218, 15.529544708219433 ], [ 73.970236823950287, 15.526007885092735 ], [ 73.97082892062204, 15.524824088741093 ], [ 73.971208569322357, 15.524396141149129 ], [ 73.972098832108259, 15.523795063996291 ], [ 73.973159137892637, 15.523345646996686 ], [ 73.974374156925123, 15.522835334247599 ], [ 73.975591507085781, 15.522474127676968 ], [ 73.979075725323156, 15.521094275795351 ], [ 73.98137785407144, 15.520491747001849 ], [ 73.981973285289541, 15.520361053753744 ], [ 73.98424897122915, 15.519861534088422 ], [ 73.985990132625204, 15.519078910801165 ], [ 73.986872121927334, 15.518708171239735 ], [ 73.989245914675735, 15.521031823358301 ], [ 73.991476782767478, 15.523424218657883 ], [ 73.993573515319326, 15.52542896693174 ], [ 73.994539151249128, 15.526486810099795 ], [ 73.995249358414455, 15.527427425827703 ], [ 73.994683079323963, 15.527736563973303 ], [ 73.995667480161757, 15.530564026942891 ], [ 73.997045084379209, 15.530720639367363 ], [ 73.996914868188881, 15.531558005372647 ], [ 73.996682124580232, 15.532960944715475 ], [ 73.996556258930823, 15.533410268922575 ], [ 73.997054573283549, 15.533814888969975 ], [ 73.998400991587573, 15.534849291247758 ], [ 73.997316348645555, 15.535562143420787 ], [ 73.996736043260228, 15.535990106784384 ], [ 73.996187493320178, 15.536346810759994 ], [ 73.995318005871837, 15.53633387079617 ], [ 73.994268196901587, 15.536192520397961 ], [ 73.993456430701812, 15.536425684716312 ], [ 73.992976132960436, 15.536765390585634 ], [ 73.992687098221126, 15.537096028173741 ], [ 73.992650122665736, 15.537478348644544 ], [ 73.992637113263768, 15.537908765140745 ], [ 73.992594040842548, 15.538296952080641 ], [ 73.992440607693709, 15.538635502908935 ] ] ] } },
{ "type": "Feature", "properties": { "gp_code": "254402", "gp_name": "CUDNEM", "blklgdcode": "5930", "blk_lgdcod": "5930", "blkname": "Bicholim", "dtname": "North Goa", "stname": "GOA" }, "geometry": { "type": "Polygon", "coordinates": [ [ [ 74.021403880675123, 15.550835690953081 ], [ 74.021371871006608, 15.550798955150595 ], [ 74.021337099916934, 15.550640327685333 ], [ 74.02133522333628, 15.550459594364204 ], [ 74.021378620049347, 15.550365347044384 ], [ 74.021435816681802, 15.550284995938629 ], [ 74.021647767884886, 15.550148026417789 ], [ 74.021846687228134, 15.549943058772469 ], [ 74.021738160860366, 15.549724708697557 ], [ 74.02149929972461, 15.549504279613309 ], [ 74.020920207963215, 15.549288013045766 ], [ 74.020539977154613, 15.549164826687599 ], [ 74.020093769579915, 15.549085935107243 ], [ 74.019862167730011, 15.548992234981183 ], [ 74.019504463075464, 15.548630072935133 ], [ 74.019295198733388, 15.548301682369889 ], [ 74.019025213668002, 15.547981470579343 ], [ 74.018279167316123, 15.547419282611504 ], [ 74.017827579731204, 15.54708730197482 ], [ 74.017185011215247, 15.546463371308903 ], [ 74.016945260747363, 15.546003549086185 ], [ 74.016690053866725, 15.545335689037199 ], [ 74.016532171362272, 15.544705431771625 ], [ 74.016184685044067, 15.544284623943565 ], [ 74.015760510448388, 15.543989278346595 ], [ 74.015169655248371, 15.543921756058758 ], [ 74.014721597144188, 15.543969293157202 ], [ 74.014410455764079, 15.544195092277761 ], [ 74.013519335985364, 15.544846114255984 ], [ 74.012932426186069, 15.545126543379997 ], [ 74.012420597578213, 15.545371909138519 ], [ 74.012010157324909, 15.545686631095572 ], [ 74.011793269879334, 15.546144250589268 ], [ 74.011488611640615, 15.546844543256578 ], [ 74.0113106481963, 15.547189752626375 ], [ 74.011069749681539, 15.547393977864013 ], [ 74.010890978651759, 15.547504275349629 ], [ 74.010391183875456, 15.547578147958935 ], [ 74.010023574396556, 15.547839312925085 ], [ 74.00962540333343, 15.548262528071918 ], [ 74.009181638278022, 15.54891563934356 ], [ 74.008752979292424, 15.549505562189809 ], [ 74.007866731077513, 15.54984036024544 ], [ 74.007115470903713, 15.54990604067901 ], [ 74.006161137576782, 15.550131305376107 ], [ 74.005644456269764, 15.550385670862639 ], [ 74.005288017341456, 15.550823105860536 ], [ 74.005086991448863, 15.550865292140115 ], [ 74.004840050865454, 15.550857200364771 ], [ 74.004296414710041, 15.55074959097292 ], [ 74.003750898380673, 15.550470465057856 ], [ 74.003232244373308, 15.550259450952941 ], [ 74.002859898077929, 15.550231391015277 ], [ 74.002475719173646, 15.550361223257969 ], [ 74.002281280626988, 15.550570639671644 ], [ 74.001953332666218, 15.550972364039419 ], [ 74.001552922103059, 15.551246487960498 ], [ 74.001249083127902, 15.551305235862118 ], [ 74.000633411968124, 15.551336772945271 ], [ 74.00043583560624, 15.551302223304971 ], [ 74.000238289787049, 15.551267635580034 ], [ 74.000151013965635, 15.551185050288325 ], [ 74.000106464714051, 15.551057908320598 ], [ 74.000121037184599, 15.55072380458957 ], [ 74.000322776339516, 15.549755417801311 ], [ 73.99973290299809, 15.549335567079762 ], [ 73.999612924008758, 15.54939120081999 ], [ 73.999497645004979, 15.549377693083555 ], [ 73.999239426971499, 15.549301120956121 ], [ 73.998876690853038, 15.549250589809921 ], [ 73.998528213693064, 15.549182103418683 ], [ 73.998198814953113, 15.549091395155388 ], [ 73.997861540683047, 15.548901181324178 ], [ 73.997669429671362, 15.548672416308619 ], [ 73.997500965012847, 15.548421404019566 ], [ 73.997074602121131, 15.547976811036188 ], [ 73.996736795150113, 15.547827247780802 ], [ 73.996434494989018, 15.547786624735108 ], [ 73.995852146834707, 15.547773377391907 ], [ 73.995475229012868, 15.547736185819712 ], [ 73.995211345304909, 15.547628354108566 ], [ 73.995074498649458, 15.547436530063878 ], [ 73.995073426060998, 15.547210628047095 ], [ 73.995206284196598, 15.547063562779229 ], [ 73.995384965394791, 15.546918791706574 ], [ 73.995786108084928, 15.546516489965455 ], [ 73.996361098138735, 15.545938171181314 ], [ 73.996821180192967, 15.545141331402574 ], [ 73.997120853680144, 15.544495130954493 ], [ 73.997436017716126, 15.543708834692358 ], [ 73.997228908432433, 15.542659615989034 ], [ 73.996862962633458, 15.541671790062294 ], [ 73.996775384978065, 15.541464510965868 ], [ 73.996617742323821, 15.541291723268786 ], [ 73.996303037326967, 15.541101656288429 ], [ 73.995917330388366, 15.540922481967167 ], [ 73.995447763023051, 15.540771906179057 ], [ 73.995004900774518, 15.540690566422075 ], [ 73.994501369904938, 15.5405484400859 ], [ 73.994108135084247, 15.540428243907554 ], [ 73.993726569379092, 15.54017431270897 ], [ 73.993318672256351, 15.539839312863963 ], [ 73.992969851939961, 15.539469208673966 ], [ 73.992440607693709, 15.538635502908935 ], [ 73.992594040842548, 15.538296952080641 ], [ 73.992637113263768, 15.537908765140745 ], [ 73.992650122665736, 15.537478348644544 ], [ 73.992687098221126, 15.537096028173741 ], [ 73.992976132960436, 15.536765390585634 ], [ 73.993456430701812, 15.536425684716312 ], [ 73.994268196901587, 15.536192520397961 ], [ 73.995318005871837, 15.53633387079617 ], [ 73.996187493320178, 15.536346810759994 ], [ 73.996736043260228, 15.535990106784384 ], [ 73.997316348645555, 15.535562143420787 ], [ 73.998400991587573, 15.534849291247758 ], [ 73.999234709019603, 15.534336691755499 ], [ 73.999764121250863, 15.533813054105472 ], [ 74.000580486824859, 15.533757409234372 ], [ 74.000975238900054, 15.533550981621911 ], [ 74.001306113572028, 15.533253188572429 ], [ 74.001599066762608, 15.532995545900137 ], [ 74.001877978386943, 15.532746724149497 ], [ 74.00210078662856, 15.532506082876793 ], [ 74.002166445390969, 15.532181819323633 ], [ 74.002186164309791, 15.531825168726126 ], [ 74.002148039809114, 15.531287034282474 ], [ 74.002024321133248, 15.530860471077709 ], [ 74.002018177555016, 15.530661677872198 ], [ 74.001988612202396, 15.530168808689732 ], [ 74.00212967375316, 15.529791338012902 ], [ 74.002540192159898, 15.529472188877456 ], [ 74.002780082764957, 15.52933120421717 ], [ 74.003036202333902, 15.529339496773298 ], [ 74.003404959859708, 15.529597989627412 ], [ 74.003697551029219, 15.529959225266262 ], [ 74.004249449888647, 15.530419160322706 ], [ 74.004385781809447, 15.530638024201265 ], [ 74.004550384610525, 15.531132907177218 ], [ 74.004698988416379, 15.531460449208717 ], [ 74.004774390306366, 15.53170098697518 ], [ 74.004904690040036, 15.532303811914007 ], [ 74.004890989833626, 15.532877325594606 ], [ 74.005026880681626, 15.533127756161456 ], [ 74.005252208697598, 15.533316336635908 ], [ 74.00555403095494, 15.533384019055196 ], [ 74.00587995501138, 15.533402490639507 ], [ 74.006332138179346, 15.533391118783921 ], [ 74.006784643842437, 15.533361683859301 ], [ 74.007167450121003, 15.533317690284509 ], [ 74.00779530423263, 15.533399275292636 ], [ 74.008101948646441, 15.533457933078569 ], [ 74.008608392752492, 15.533546829802825 ], [ 74.008910534810113, 15.533596537379937 ], [ 74.009631757117432, 15.533670465175112 ], [ 74.010428384908025, 15.533686794614612 ], [ 74.011170123838113, 15.533630021959164 ], [ 74.011568809635918, 15.533468731967064 ], [ 74.012199420677192, 15.533667802888647 ], [ 74.01261795025961, 15.533728142269515 ], [ 74.012944537272745, 15.533701439784791 ], [ 74.013403183819136, 15.533572738641196 ], [ 74.013665540391145, 15.533486245431376 ], [ 74.014102675879755, 15.533253231847642 ], [ 74.014460816217223, 15.532996516997384 ], [ 74.014716038369215, 15.532769880777748 ], [ 74.015010707341972, 15.532403746960529 ], [ 74.015286739865843, 15.532037392653587 ], [ 74.015845781230098, 15.532348331934211 ], [ 74.01605192572319, 15.532274580228652 ], [ 74.016429776894611, 15.531950391610733 ], [ 74.016651349952696, 15.531791012217461 ], [ 74.017393573074727, 15.531413462286972 ], [ 74.018196287849705, 15.531041321126224 ], [ 74.018719779284893, 15.530945216185085 ], [ 74.019241431868679, 15.530961950901078 ], [ 74.019507306243341, 15.530943230695531 ], [ 74.019830600032606, 15.530826008882549 ], [ 74.020038787294638, 15.530630290820389 ], [ 74.020319621313732, 15.530254998629401 ], [ 74.020457683389736, 15.530067346651872 ], [ 74.020635944176405, 15.529694952926306 ], [ 74.020682272092245, 15.529415438430433 ], [ 74.020704598820302, 15.529180850189519 ], [ 74.020983896720224, 15.528904991830348 ], [ 74.021610255136935, 15.528485045825599 ], [ 74.022009571552061, 15.528278572254365 ], [ 74.02286289830846, 15.527943270048402 ], [ 74.023580863324568, 15.527628591967392 ], [ 74.023830486277419, 15.527456118110297 ], [ 74.024021122255419, 15.527187926904876 ], [ 74.024093425855995, 15.527035359018283 ], [ 74.02401492298165, 15.526690737338683 ], [ 74.023870432561438, 15.526399538399575 ], [ 74.023616581238556, 15.525939532924491 ], [ 74.023424005797864, 15.525742382955459 ], [ 74.02312718266505, 15.525358564112992 ], [ 74.023000475294225, 15.525117206207197 ], [ 74.023089313285922, 15.52479785076371 ], [ 74.02366410301542, 15.52439970977737 ], [ 74.02418893922858, 15.523915013671957 ], [ 74.0243065825982, 15.523839905239287 ], [ 74.024495850442051, 15.523359330414163 ], [ 74.024653477824941, 15.5231132165846 ], [ 74.024775572346783, 15.523051724650713 ], [ 74.025223451686202, 15.523022201695426 ], [ 74.02567476887819, 15.523060491779212 ], [ 74.026419472248733, 15.523116638092073 ], [ 74.026865464227726, 15.523204541299338 ], [ 74.027097915883928, 15.523239594205357 ], [ 74.027444672770102, 15.523411816252505 ], [ 74.027890379084852, 15.523219619987312 ], [ 74.028177274037134, 15.523052160020992 ], [ 74.028776072140886, 15.522898301139749 ], [ 74.029710178102576, 15.522762983924965 ], [ 74.030248295907214, 15.522621803391838 ], [ 74.03085461290992, 15.522585593141509 ], [ 74.031515528617263, 15.522635910110798 ], [ 74.032046457204714, 15.522648219083541 ], [ 74.032791503731659, 15.52268175737357 ], [ 74.033276927260076, 15.522634681896697 ], [ 74.033874201821121, 15.522580262223476 ], [ 74.034400358557747, 15.522606048666265 ], [ 74.035067034262724, 15.522584152867511 ], [ 74.035618616016833, 15.522470345224603 ], [ 74.036142544931579, 15.522342495697105 ], [ 74.036283268715792, 15.522281264064192 ], [ 74.036592073577836, 15.522204455960313 ], [ 74.037141659275406, 15.522221625892099 ], [ 74.037637020865802, 15.522427668424269 ], [ 74.038034000762892, 15.522668354348998 ], [ 74.038375763914431, 15.522863160755398 ], [ 74.038652445021938, 15.523047912780328 ], [ 74.039272841320084, 15.52330543199098 ], [ 74.039643476324841, 15.523446439812663 ], [ 74.039930645263283, 15.523554538646511 ], [ 74.040275251582685, 15.523568589906802 ], [ 74.04049941987364, 15.523535743331642 ], [ 74.041308665400678, 15.523637926985288 ], [ 74.041735321143221, 15.523766177322445 ], [ 74.042223014714338, 15.524170873420456 ], [ 74.042623053374967, 15.524460814412429 ], [ 74.041960547649552, 15.525165421031618 ], [ 74.040702025902789, 15.525783970225882 ], [ 74.039748176767816, 15.526592189568296 ], [ 74.037799961783605, 15.529305886862153 ], [ 74.037586405291123, 15.529849372786341 ], [ 74.037606041564899, 15.530382807765648 ], [ 74.037744911226369, 15.531338113376316 ], [ 74.037990016551646, 15.532059990242367 ], [ 74.03868510057913, 15.533502207912038 ], [ 74.039410251219181, 15.535116631224346 ], [ 74.039444196757145, 15.535320818231208 ], [ 74.039020597981562, 15.536195212078539 ], [ 74.03874210587044, 15.537022400200856 ], [ 74.038741657611112, 15.537343150049768 ], [ 74.039567111440846, 15.537310024385567 ], [ 74.040772489753692, 15.538312569726365 ], [ 74.03948279556829, 15.538831268760671 ], [ 74.039774537829842, 15.539251185898296 ], [ 74.040929172108932, 15.539317821735457 ], [ 74.03989389159176, 15.540856744144049 ], [ 74.039844951375059, 15.541908609976332 ], [ 74.040227360598251, 15.542164572019548 ], [ 74.039952192253693, 15.542501976674595 ], [ 74.039612079307332, 15.542790719179546 ], [ 74.039184294382508, 15.542730170413401 ], [ 74.038771931734502, 15.542579514592763 ], [ 74.03830432269649, 15.542382958669972 ], [ 74.038034981723186, 15.542622935848787 ], [ 74.037951945051589, 15.543159383330829 ], [ 74.037596957800758, 15.543212911337797 ], [ 74.037385127870238, 15.543349906242161 ], [ 74.037237555330279, 15.543546407583733 ], [ 74.037161586603347, 15.543933896726825 ], [ 74.037097704708557, 15.544443472668846 ], [ 74.036945548964056, 15.545236334058318 ], [ 74.036787669154549, 15.54550060377783 ], [ 74.036622531855855, 15.545629199675178 ], [ 74.036299670156225, 15.545710242362931 ], [ 74.035908493375885, 15.545690986916773 ], [ 74.035461633624308, 15.545657301781628 ], [ 74.035109413184557, 15.545828329815459 ], [ 74.034796467089024, 15.546171582374726 ], [ 74.034209980396227, 15.546727705228037 ], [ 74.033946537761068, 15.546881929715452 ], [ 74.033648525258812, 15.546864029669337 ], [ 74.033278884689082, 15.546664357894423 ], [ 74.033037637627942, 15.546593013797743 ], [ 74.032844864557873, 15.546703127371893 ], [ 74.032754046679301, 15.546841893256634 ], [ 74.03265074760813, 15.54719722315569 ], [ 74.032697148287497, 15.547798783349647 ], [ 74.032543165369702, 15.548410918338904 ], [ 74.032362574353172, 15.548638652040664 ], [ 74.032226792201357, 15.548672873260781 ], [ 74.031989601033715, 15.548642223710953 ], [ 74.031782305798785, 15.548485642216445 ], [ 74.031512715093783, 15.54814283315857 ], [ 74.031304225997843, 15.548067443631529 ], [ 74.031065955055254, 15.548104573697534 ], [ 74.030652026643665, 15.548346998601055 ], [ 74.029844315439121, 15.548737188403305 ], [ 74.029205595305797, 15.549048601840232 ], [ 74.028829353915327, 15.54926892842524 ], [ 74.028353075236538, 15.549623348025285 ], [ 74.027697496420274, 15.55011973885588 ], [ 74.026959368717641, 15.550529025382192 ], [ 74.026768326701131, 15.550526189361783 ], [ 74.026676240401315, 15.550457042204611 ], [ 74.02658482334644, 15.550338170727965 ], [ 74.02660090498668, 15.550207378705215 ], [ 74.026716605300308, 15.549960735268883 ], [ 74.026920979213983, 15.549706234249436 ], [ 74.027109423302704, 15.54928420771866 ], [ 74.02712665388816, 15.548778552077502 ], [ 74.02698013507208, 15.548315641937194 ], [ 74.026811633582653, 15.54806461363532 ], [ 74.026612810359111, 15.547957759181012 ], [ 74.026375072117503, 15.54796331791953 ], [ 74.026127368864422, 15.548009362927727 ], [ 74.025976907342539, 15.548088526669369 ], [ 74.025521030302158, 15.548632921097818 ], [ 74.025170345083225, 15.549007193217506 ], [ 74.0248543896315, 15.549242038423891 ], [ 74.024302803385808, 15.549645015938314 ], [ 74.023939177935176, 15.549946910820827 ], [ 74.023028777615551, 15.550642757816826 ], [ 74.022540512715921, 15.550870418084935 ], [ 74.022109456126842, 15.551013161273458 ], [ 74.021736456756258, 15.551025744623542 ], [ 74.021522938891337, 15.550968392580861 ], [ 74.021403880675123, 15.550835690953081 ] ] ] } },
{ "type": "Feature", "properties": { "gp_code": "254424", "gp_name": "KARAPUR-SARVAN", "blklgdcode": "5930", "blk_lgdcod": "5930", "blkname": "Bicholim", "dtname": "North Goa", "stname": "GOA" }, "geometry": { "type": "Polygon", "coordinates": [ [ [ 73.980042090684989, 15.596438561727695 ], [ 73.979782569196033, 15.596633468758739 ], [ 73.979223992260813, 15.597167275689401 ], [ 73.978943718790475, 15.597203751423249 ], [ 73.978393619256579, 15.597204564744565 ], [ 73.978094047278987, 15.597276900145079 ], [ 73.977853306867672, 15.59746304242149 ], [ 73.977661724963667, 15.597785439735313 ], [ 73.977601271938326, 15.598069185776854 ], [ 73.977543487807665, 15.598474953995945 ], [ 73.977395749977717, 15.598676010873124 ], [ 73.977082075348505, 15.598761691910902 ], [ 73.976900940851237, 15.598718290295437 ], [ 73.976699269069954, 15.598502906982395 ], [ 73.976634657743148, 15.598167635287822 ], [ 73.976340370554382, 15.597331941205596 ], [ 73.976084884297691, 15.596980233298929 ], [ 73.975581702872759, 15.596674506985746 ], [ 73.975071564894264, 15.596504214296935 ], [ 73.97426381416382, 15.595999574632318 ], [ 73.973537528951553, 15.595939062297163 ], [ 73.972883389236372, 15.596885097075321 ], [ 73.972614188400271, 15.596829122304237 ], [ 73.97226991715246, 15.596597376223984 ], [ 73.971906451601967, 15.59597336909102 ], [ 73.971546589194119, 15.595347235888861 ], [ 73.971213552277263, 15.594721407939165 ], [ 73.970735504815636, 15.594334237718458 ], [ 73.970200549080801, 15.594065764210271 ], [ 73.969050080289676, 15.594034272617231 ], [ 73.968438739009585, 15.594086770716421 ], [ 73.967680922930867, 15.594006921235486 ], [ 73.9667271627291, 15.593692787183775 ], [ 73.966132590300433, 15.593506681289982 ], [ 73.965792260860098, 15.593175927570282 ], [ 73.965710245572964, 15.592776747304102 ], [ 73.96590622473029, 15.592083450035055 ], [ 73.966041511910404, 15.591689004070927 ], [ 73.966280924611709, 15.59121279022977 ], [ 73.966407914053519, 15.590886655909992 ], [ 73.966368767270083, 15.590368017171308 ], [ 73.966285459307258, 15.58994906531017 ], [ 73.965970139862748, 15.589370295841825 ], [ 73.965626052769593, 15.58897566382446 ], [ 73.965319030165048, 15.588833544023281 ], [ 73.964907967379233, 15.588820303650291 ], [ 73.964468349845475, 15.588922279246896 ], [ 73.964197359565318, 15.58897721092745 ], [ 73.96374964821085, 15.588955507356014 ], [ 73.963332626001446, 15.58901304262498 ], [ 73.96304793641319, 15.589132771725412 ], [ 73.962775137824323, 15.589605400395703 ], [ 73.962700039564908, 15.589999786332699 ], [ 73.962749374142007, 15.590564681258822 ], [ 73.962794686961558, 15.591079926811435 ], [ 73.962593756290389, 15.591365280256802 ], [ 73.96215902738841, 15.591771746146769 ], [ 73.961644791295583, 15.591971678697931 ], [ 73.96106032760882, 15.591995956956563 ], [ 73.960674142766479, 15.591801326731442 ], [ 73.959634908763746, 15.590984197745041 ], [ 73.958897040674216, 15.590111577779059 ], [ 73.958313984647447, 15.58968507766969 ], [ 73.957727064068393, 15.589679933656509 ], [ 73.957776289051012, 15.589197924774775 ], [ 73.957895326605964, 15.589030508098435 ], [ 73.958440443184955, 15.588888294020743 ], [ 73.958550962914359, 15.588445172085342 ], [ 73.958762561079539, 15.587740215316611 ], [ 73.95852543189568, 15.587617512316562 ], [ 73.958021698006831, 15.58759747685345 ], [ 73.957839382224989, 15.587281404293227 ], [ 73.957787287125043, 15.586815543680542 ], [ 73.958118584903517, 15.585498407100472 ], [ 73.958925784068342, 15.583925259717462 ], [ 73.959166879314196, 15.582594155152584 ], [ 73.959390487954707, 15.582075126857017 ], [ 73.959912357032493, 15.58170197316544 ], [ 73.960326769636012, 15.581136739760058 ], [ 73.960446365044731, 15.580567011268171 ], [ 73.960210895947512, 15.579170456164666 ], [ 73.959985947918909, 15.577881066281885 ], [ 73.959834611437927, 15.576592821784169 ], [ 73.959754296661629, 15.575645047688363 ], [ 73.959759632654425, 15.575311682205552 ], [ 73.960026081950843, 15.574779928147612 ], [ 73.960770226569267, 15.573671980114334 ], [ 73.96085537877336, 15.573603763182895 ], [ 73.961187230812371, 15.573901206248708 ], [ 73.961349108124878, 15.573944543016401 ], [ 73.961498725230413, 15.573871154941102 ], [ 73.961549095565033, 15.573752375737474 ], [ 73.961553266442877, 15.57349208995862 ], [ 73.96152241919431, 15.573267504166532 ], [ 73.961417550766399, 15.572589219594636 ], [ 73.961354525864365, 15.572234026997618 ], [ 73.961500661998144, 15.571966769834125 ], [ 73.961565127797883, 15.571548590413528 ], [ 73.961564657080686, 15.571286741628237 ], [ 73.961514604749667, 15.570991703902752 ], [ 73.961487188167183, 15.570853533218949 ], [ 73.961411043370447, 15.570620310973652 ], [ 73.961003403165876, 15.569928532049593 ], [ 73.960831594079565, 15.569500987969931 ], [ 73.960754306625802, 15.569153146409031 ], [ 73.960730633323124, 15.568715419810808 ], [ 73.960767630438127, 15.568496579094257 ], [ 73.960863339643396, 15.568329683804581 ], [ 73.961202229982675, 15.568088376252591 ], [ 73.961583671720305, 15.567982035833435 ], [ 73.962527299823975, 15.56774002779766 ], [ 73.963005147859576, 15.56746568441215 ], [ 73.963418858878825, 15.567245064047588 ], [ 73.96385561887169, 15.566903521975513 ], [ 73.964303376938503, 15.566538378249144 ], [ 73.964725447679811, 15.566134544216712 ], [ 73.96495885514345, 15.56584323142946 ], [ 73.965529645573298, 15.565442846259195 ], [ 73.9663534518928, 15.565177466776932 ], [ 73.966958990056142, 15.564951791055178 ], [ 73.967335825233022, 15.564644511335082 ], [ 73.967533353984223, 15.564298364616507 ], [ 73.967618363356166, 15.563922828297033 ], [ 73.967726594178245, 15.563588381992226 ], [ 73.968227694206632, 15.563334065707195 ], [ 73.968527531187235, 15.563330785924283 ], [ 73.969421726797464, 15.562986638618014 ], [ 73.969853387952725, 15.562737624641354 ], [ 73.97014575544172, 15.562358803078171 ], [ 73.97036047615083, 15.561890204155089 ], [ 73.970623543290202, 15.561083209357385 ], [ 73.970763239401734, 15.560577638085823 ], [ 73.971038265812496, 15.559732688054682 ], [ 73.971243356581752, 15.559253647349779 ], [ 73.971432912784778, 15.558927712419306 ], [ 73.971699415081815, 15.558730485842414 ], [ 73.971959778292188, 15.558705661050128 ], [ 73.972253080029077, 15.558684569580258 ], [ 73.972757402314414, 15.55863467420863 ], [ 73.972915828299634, 15.558368186887748 ], [ 73.972914622760499, 15.558032950097269 ], [ 73.972831279763383, 15.557686840717937 ], [ 73.972783846919739, 15.557357253035166 ], [ 73.972649718566359, 15.557099851670808 ], [ 73.972136440077634, 15.55658877960888 ], [ 73.971631517717697, 15.556265134653936 ], [ 73.971204263697203, 15.555814865078775 ], [ 73.970977443579542, 15.555386869346201 ], [ 73.970889505699759, 15.555120475611576 ], [ 73.970916995944052, 15.554905925000762 ], [ 73.971204348138826, 15.554632474918041 ], [ 73.971644920581738, 15.554252755709555 ], [ 73.972134912043344, 15.553806173606047 ], [ 73.972561566887549, 15.553266679885102 ], [ 73.972881939355531, 15.552913749024485 ], [ 73.973190825964281, 15.552532096751264 ], [ 73.9735039130953, 15.552096202379781 ], [ 73.973915540921425, 15.55144986711324 ], [ 73.974436328427615, 15.551711753261907 ], [ 73.975162944219903, 15.551984512287497 ], [ 73.975813912882131, 15.552045362962579 ], [ 73.976498666283845, 15.552055653737451 ], [ 73.97716664634261, 15.551874055367049 ], [ 73.977915629287139, 15.551572382263393 ], [ 73.978476859845742, 15.551433944102014 ], [ 73.978871490648388, 15.551465373852363 ], [ 73.979303455434206, 15.551631525572271 ], [ 73.979728100747124, 15.551848622218493 ], [ 73.980284432792459, 15.552061225346758 ], [ 73.980730523586132, 15.55217011488206 ], [ 73.981330632331918, 15.552115181156346 ], [ 73.981724091731408, 15.551808209399372 ], [ 73.982553974255509, 15.550912529927817 ], [ 73.982959991204368, 15.550228959148054 ], [ 73.983577875812983, 15.549887039197509 ], [ 73.984299576024029, 15.549642408380736 ], [ 73.985105531022214, 15.549482039632064 ], [ 73.985885798694852, 15.549499292104308 ], [ 73.986639092654457, 15.549753238635569 ], [ 73.987571481037264, 15.549926756584405 ], [ 73.98849863673361, 15.55001092266347 ], [ 73.989446145559299, 15.550056981060759 ], [ 73.98999803363894, 15.550231813346656 ], [ 73.99081811195002, 15.550429248847047 ], [ 73.991335138210118, 15.550628505891421 ], [ 73.991704876696218, 15.550985186250688 ], [ 73.991910150721807, 15.551326733108747 ], [ 73.991837752798091, 15.552155771327318 ], [ 73.991787269275761, 15.552978170154567 ], [ 73.991724257848475, 15.554043624301963 ], [ 73.991768323806411, 15.554587029392696 ], [ 73.991925298114126, 15.555489701841271 ], [ 73.992093416022911, 15.556798504694955 ], [ 73.992141144412273, 15.557942194675356 ], [ 73.991975902909019, 15.558410091231815 ], [ 73.991860968858305, 15.558596718721374 ], [ 73.992531044686629, 15.558828198708914 ], [ 73.992894907292452, 15.55871693285278 ], [ 73.993296889009031, 15.558678053136001 ], [ 73.993852155652448, 15.558708805904777 ], [ 73.994548088587919, 15.558142725239206 ], [ 73.99481616922489, 15.557787366634498 ], [ 73.995009261196898, 15.557296201425959 ], [ 73.995585731674282, 15.556473851870741 ], [ 73.996268724378041, 15.556303784628106 ], [ 73.996907949364584, 15.55590159122761 ], [ 73.997355840382056, 15.555406714096204 ], [ 73.997686642290503, 15.554984950220812 ], [ 73.998287720318459, 15.554559699589705 ], [ 73.998952786242441, 15.553993172207253 ], [ 73.999938380042906, 15.558750239403295 ], [ 74.000719855051287, 15.560599533308604 ], [ 74.000881734160444, 15.561270531924217 ], [ 74.001144045816687, 15.562064994370388 ], [ 74.00151332885693, 15.562585623082422 ], [ 74.001897300250377, 15.563065684965483 ], [ 74.00232742977812, 15.563279809091089 ], [ 74.002673380875478, 15.5632127526465 ], [ 74.00315100343397, 15.563066231019777 ], [ 74.003390515848281, 15.562658650859817 ], [ 74.003711688715171, 15.562098701051475 ], [ 74.004203209109392, 15.561667835790434 ], [ 74.004821008378045, 15.561505278331239 ], [ 74.005426197096753, 15.561256658043357 ], [ 74.006088489023128, 15.560932249368891 ], [ 74.006474883172913, 15.560960608137426 ], [ 74.006635796593159, 15.56110299298097 ], [ 74.006694131391058, 15.56153756414078 ], [ 74.006690945066723, 15.562039068347215 ], [ 74.006421299564551, 15.562586177791754 ], [ 74.006289773630527, 15.563239314574982 ], [ 74.006431624800427, 15.563404103338726 ], [ 74.006672994930724, 15.563470934722814 ], [ 74.007455670986658, 15.563491539359937 ], [ 74.007956526673297, 15.563648037612561 ], [ 74.00842601319026, 15.564030005901868 ], [ 74.008694822360937, 15.564716182343268 ], [ 74.008630608987787, 15.565239273246391 ], [ 74.008242934738732, 15.566226497152755 ], [ 74.008218910194756, 15.566222559737851 ], [ 74.007043365830782, 15.567171872614344 ], [ 74.005802687320539, 15.567519443207187 ], [ 74.00487166437695, 15.567153290696872 ], [ 74.004280485783397, 15.567103787657503 ], [ 74.00350043460476, 15.567205149239134 ], [ 74.002726492868334, 15.567519008796229 ], [ 74.002187925007732, 15.567971853159536 ], [ 74.001497067553672, 15.568923792966073 ], [ 74.000397400288506, 15.570375833742276 ], [ 73.999767588747858, 15.570709875276831 ], [ 73.998206714737734, 15.572141303998373 ], [ 73.997340045304426, 15.575656860256847 ], [ 73.997149848602575, 15.577655528243747 ], [ 73.997163829981659, 15.578252067950471 ], [ 73.997371527661869, 15.579551813264223 ], [ 73.99753439581616, 15.580164092597432 ], [ 73.997916523866664, 15.581344425388394 ], [ 73.997782301190156, 15.581875504833116 ], [ 73.997397138630618, 15.582353219117993 ], [ 73.996106361076983, 15.583499671760391 ], [ 73.995568163322261, 15.583631718054459 ], [ 73.992352768628578, 15.58386844294594 ], [ 73.990874969019316, 15.584171684175823 ], [ 73.990038917764139, 15.582519332041851 ], [ 73.989809698246361, 15.58344650381351 ], [ 73.989549008049224, 15.58518651669894 ], [ 73.989088164223645, 15.586318131260963 ], [ 73.989003544720504, 15.587536725821623 ], [ 73.988806975370025, 15.588170794038083 ], [ 73.988107780651802, 15.590807823598357 ], [ 73.987986567377263, 15.591397903153933 ], [ 73.987457956443251, 15.591805666866604 ], [ 73.987059920127379, 15.591921669404345 ], [ 73.986376597741895, 15.592385819936553 ], [ 73.985509837578746, 15.594708669788494 ], [ 73.985349119092959, 15.595140046361523 ], [ 73.984204049176711, 15.597377334019301 ], [ 73.983855004281494, 15.597927857036289 ], [ 73.98359088701153, 15.597824517979644 ], [ 73.983315064693457, 15.597874619280356 ], [ 73.983001886832554, 15.597928601136141 ], [ 73.982644563063715, 15.59811756607219 ], [ 73.98232939543449, 15.598293592172555 ], [ 73.982024974350992, 15.598383934366575 ], [ 73.981710669104459, 15.598216519124502 ], [ 73.981567942077149, 15.598101486607685 ], [ 73.98140751105224, 15.597931890749663 ], [ 73.981177725595799, 15.597431474343795 ], [ 73.980998440729735, 15.59698148962215 ], [ 73.980875692234378, 15.596780908695948 ], [ 73.980599376741182, 15.596568959210396 ], [ 73.980271023640213, 15.59640585397292 ], [ 73.980042090684989, 15.596438561727695 ] ] ] } },
{ "type": "Feature", "properties": { "gp_code": "254430", "gp_name": "LATAMBARCEM", "blklgdcode": "5930", "blk_lgdcod": "5930", "blkname": "Bicholim", "dtname": "North Goa", "stname": "GOA" }, "geometry": { "type": "Polygon", "coordinates": [ [ [ 73.923724319598151, 15.67893260012565 ], [ 73.92272487108103, 15.679586013985467 ], [ 73.922197044376261, 15.679921359908271 ], [ 73.921910628226044, 15.680034488674936 ], [ 73.920735121591321, 15.680048153863202 ], [ 73.91947960470921, 15.680105764730163 ], [ 73.918335445684633, 15.680192224676775 ], [ 73.91773251533057, 15.680268815391445 ], [ 73.916209787380666, 15.680408177622034 ], [ 73.916529551689209, 15.678818208008149 ], [ 73.914813236795553, 15.677102012379262 ], [ 73.913639394739093, 15.676157773603515 ], [ 73.912866787899191, 15.675206132921364 ], [ 73.911905832192005, 15.673786272643586 ], [ 73.911112161655339, 15.672409580917092 ], [ 73.909680972931184, 15.671520101977638 ], [ 73.9083167033058, 15.670527671416393 ], [ 73.907728286133477, 15.670003601057537 ], [ 73.906249509157163, 15.669167616302703 ], [ 73.905346345665464, 15.668503047779273 ], [ 73.905133370382941, 15.668120271651457 ], [ 73.905019925738969, 15.667079360245468 ], [ 73.904869681609384, 15.666571008287567 ], [ 73.90421922858016, 15.66613181428861 ], [ 73.904122212326101, 15.666076053055173 ], [ 73.904109230771951, 15.666057514699228 ], [ 73.903789609295544, 15.665601052670217 ], [ 73.903670470230949, 15.665183494998011 ], [ 73.903567095701334, 15.664657842773492 ], [ 73.903479572843196, 15.664313203825564 ], [ 73.903447811109686, 15.664258360675012 ], [ 73.903178771970317, 15.663314480293646 ], [ 73.903071947011682, 15.66300108134728 ], [ 73.903039353438217, 15.662716000670303 ], [ 73.902955540622202, 15.662425484187468 ], [ 73.902934361941064, 15.662294107975065 ], [ 73.902862293699087, 15.662139410597055 ], [ 73.902804973099123, 15.661935201817299 ], [ 73.902471929894062, 15.661202588058238 ], [ 73.902309387828211, 15.660590173675445 ], [ 73.902279100230118, 15.660449650108621 ], [ 73.902280498907032, 15.660359307609497 ], [ 73.902371668925184, 15.659633262851692 ], [ 73.902421384387978, 15.659448796296861 ], [ 73.902453898909684, 15.659341730833205 ], [ 73.903351055367082, 15.659630336652253 ], [ 73.904566653812935, 15.66001498577581 ], [ 73.905549176273468, 15.659813204576857 ], [ 73.907408923371861, 15.659308598905143 ], [ 73.907752478662374, 15.657976495290482 ], [ 73.908534128842263, 15.656375487711291 ], [ 73.909211010307146, 15.654908430639813 ], [ 73.909930772852121, 15.652814034422127 ], [ 73.910665992708218, 15.651194197591483 ], [ 73.910859557194058, 15.650767939635809 ], [ 73.910374227988768, 15.649929180818356 ], [ 73.910872159659164, 15.647993977977306 ], [ 73.911101241734727, 15.646818270932249 ], [ 73.911348470677325, 15.645100670756179 ], [ 73.911617536766187, 15.642899959021388 ], [ 73.911886007271988, 15.640739866343722 ], [ 73.912103360943206, 15.63856997308331 ], [ 73.912189256952331, 15.637301732872947 ], [ 73.912215402418681, 15.636276522189068 ], [ 73.911364847863283, 15.636109769395722 ], [ 73.911216981574256, 15.635436778337123 ], [ 73.911261028667568, 15.635331132003138 ], [ 73.911280655958208, 15.634983532653042 ], [ 73.911100257181175, 15.634325617945894 ], [ 73.91091223080906, 15.634128431795354 ], [ 73.909878181882149, 15.633493600792736 ], [ 73.908929374092537, 15.633063353394542 ], [ 73.908319257216192, 15.632733242223855 ], [ 73.907988333136871, 15.632439030758935 ], [ 73.907882919431543, 15.632044286971574 ], [ 73.907892651779335, 15.631732686213933 ], [ 73.908024616989493, 15.631364271850094 ], [ 73.908437645289155, 15.630914230972106 ], [ 73.908950557265229, 15.630054631053909 ], [ 73.909064375608381, 15.629654320086965 ], [ 73.909124925651795, 15.629085952173739 ], [ 73.909090081798539, 15.628651695279867 ], [ 73.909067568220891, 15.628601657731071 ], [ 73.909035370804489, 15.628573977029989 ], [ 73.908980189991524, 15.628523440297613 ], [ 73.909792793421119, 15.628450031080112 ], [ 73.911113396838843, 15.628384574736337 ], [ 73.912933598301834, 15.628276851108847 ], [ 73.915180295607186, 15.628031195936972 ], [ 73.916946261284878, 15.627818796022959 ], [ 73.918979563794508, 15.627506534814868 ], [ 73.920260098757296, 15.627322812700793 ], [ 73.921263037229295, 15.627003746648876 ], [ 73.92249053296274, 15.626358427430388 ], [ 73.92401161609736, 15.625717521726656 ], [ 73.924937138656503, 15.625293389941241 ], [ 73.926275696701794, 15.624690303067235 ], [ 73.926460612208075, 15.62461941776067 ], [ 73.926948906752159, 15.624549068804017 ], [ 73.927373161297879, 15.624549999673238 ], [ 73.927957230624259, 15.624586641830323 ], [ 73.92845951103898, 15.624716556846201 ], [ 73.928791722404057, 15.624738290373678 ], [ 73.929243308192341, 15.624817419357631 ], [ 73.929515529164462, 15.624999441166118 ], [ 73.930127284567888, 15.625057684373376 ], [ 73.930539655300748, 15.624828018794535 ], [ 73.931371958784567, 15.624289567223538 ], [ 73.93229851440627, 15.623919852169115 ], [ 73.932620034022875, 15.623650141330302 ], [ 73.933330139678546, 15.623045403283507 ], [ 73.933998004752951, 15.622839634591648 ], [ 73.934628323841707, 15.622615773267221 ], [ 73.935573345232385, 15.622118434666014 ], [ 73.937181319709495, 15.621919838711086 ], [ 73.938285108445172, 15.621816606908038 ], [ 73.938853301845555, 15.621389538570694 ], [ 73.939671314929768, 15.62093189286718 ], [ 73.940186481677245, 15.620463897369275 ], [ 73.941035773201364, 15.619759933059196 ], [ 73.941610217079443, 15.619212962088259 ], [ 73.942361355980665, 15.61844865822026 ], [ 73.942729517025143, 15.618203331267175 ], [ 73.943097699629206, 15.617958010076455 ], [ 73.943569600817611, 15.617617305035052 ], [ 73.944332546276627, 15.617149126342541 ], [ 73.944691970306636, 15.616866655110128 ], [ 73.945237420160623, 15.617341696821709 ], [ 73.94573499609821, 15.61772549971713 ], [ 73.946487466302671, 15.618177227189273 ], [ 73.947364121408668, 15.618606750581687 ], [ 73.948036396312787, 15.618905119896343 ], [ 73.948781427568406, 15.619308747193877 ], [ 73.949494379086886, 15.619647741635658 ], [ 73.950895329620252, 15.620341346305811 ], [ 73.951625762354183, 15.620624657987829 ], [ 73.952277408346148, 15.620557378895723 ], [ 73.953218773593605, 15.62055554567058 ], [ 73.9541376647893, 15.620417295012047 ], [ 73.954832049927504, 15.620371782717763 ], [ 73.955591776722855, 15.620375302963064 ], [ 73.956327710739615, 15.620314313342092 ], [ 73.956584117769467, 15.620286193761382 ], [ 73.957065621948288, 15.620133349761831 ], [ 73.957278349295777, 15.61999479861514 ], [ 73.958004727932803, 15.620013811780613 ], [ 73.958603870989634, 15.619726613908481 ], [ 73.958861876122398, 15.619602372783843 ], [ 73.959437814797155, 15.619218869281861 ], [ 73.959947874622188, 15.618826261149655 ], [ 73.960403650152983, 15.618505955089974 ], [ 73.960576222807234, 15.618674213724884 ], [ 73.961095942216573, 15.618974265645598 ], [ 73.961936378148607, 15.619367133901974 ], [ 73.962742437351395, 15.619847595110622 ], [ 73.963867666177961, 15.62056768008083 ], [ 73.964733446279098, 15.621189158867626 ], [ 73.965640125776829, 15.621831204273118 ], [ 73.96670458267613, 15.622736160151131 ], [ 73.967540138959521, 15.623437242887585 ], [ 73.968495244837612, 15.6242041399511 ], [ 73.969450967858279, 15.62467538408136 ], [ 73.970422537160545, 15.625439983952019 ], [ 73.971421892252891, 15.626218513614571 ], [ 73.970832606409672, 15.627406338030463 ], [ 73.970783561090101, 15.627412364372693 ], [ 73.970572756137301, 15.627840676289347 ], [ 73.970143471924303, 15.628712888313277 ], [ 73.969444746126612, 15.629126374009719 ], [ 73.96930706673291, 15.629231347036587 ], [ 73.969124884800024, 15.629402479375234 ], [ 73.96852555130036, 15.62996074986069 ], [ 73.967992559282706, 15.630452876256301 ], [ 73.967896175442633, 15.630541897986737 ], [ 73.967857799413665, 15.630577227588558 ], [ 73.967585513762842, 15.631348251223955 ], [ 73.967425878645273, 15.631800282583976 ], [ 73.96719247567323, 15.632469448071683 ], [ 73.967088538798237, 15.632767432130215 ], [ 73.967071521113482, 15.632816043000803 ], [ 73.967617132664216, 15.633881573395103 ], [ 73.967623644551708, 15.633894367072431 ], [ 73.96755060343429, 15.634455144419524 ], [ 73.967522346927012, 15.634672071320537 ], [ 73.967515469425209, 15.634724490673404 ], [ 73.967459567265095, 15.634993773422407 ], [ 73.967453306007556, 15.635023756087575 ], [ 73.967385491288439, 15.635311085630203 ], [ 73.967284434412235, 15.635380705092786 ], [ 73.966911277836459, 15.635845521970715 ], [ 73.966750398552222, 15.636083295619009 ], [ 73.966740328437893, 15.636114919164703 ], [ 73.966167873429811, 15.636855520861349 ], [ 73.965677867595176, 15.637403853046958 ], [ 73.964815653805701, 15.638271047632511 ], [ 73.964035378048223, 15.639160965357904 ], [ 73.963291947590463, 15.639930405622547 ], [ 73.962721601826672, 15.640554282400467 ], [ 73.962466415607281, 15.640826894848045 ], [ 73.961966116876084, 15.64143885457748 ], [ 73.961765228425747, 15.641684577571617 ], [ 73.961730456437721, 15.641802255162945 ], [ 73.961528689435028, 15.642486258931489 ], [ 73.961497301400684, 15.643041041354801 ], [ 73.961523885244873, 15.6430555238864 ], [ 73.961132485682327, 15.645298662926182 ], [ 73.961082966052302, 15.645558578179116 ], [ 73.961089136579957, 15.646044143023946 ], [ 73.961089641433176, 15.646438999080269 ], [ 73.961076667065512, 15.646998978237102 ], [ 73.961087436967446, 15.647039361069712 ], [ 73.96109099160104, 15.647464611258734 ], [ 73.961100110399471, 15.648237213951441 ], [ 73.961118981308672, 15.648421136144123 ], [ 73.961307888029751, 15.64896907576038 ], [ 73.96143932503054, 15.649343433094455 ], [ 73.961402194964904, 15.649342921870403 ], [ 73.961446886150298, 15.64944405164807 ], [ 73.961649696097041, 15.649947575314965 ], [ 73.961711136370894, 15.65014859898532 ], [ 73.961864035920456, 15.65064917728945 ], [ 73.961908929226794, 15.650806493960065 ], [ 73.962350864413963, 15.651820532964468 ], [ 73.962561777164581, 15.652338002408024 ], [ 73.962636068736913, 15.652476806736741 ], [ 73.962823326151124, 15.652838943843145 ], [ 73.962942246925081, 15.65314324992883 ], [ 73.963110925382594, 15.653161382906582 ], [ 73.963524173769486, 15.654066322243777 ], [ 73.964906114154786, 15.655849815427242 ], [ 73.965010111216927, 15.655969262417893 ], [ 73.965997952602279, 15.657093848291501 ], [ 73.966078114664967, 15.65716991224361 ], [ 73.96623097199371, 15.657374873128356 ], [ 73.966654986689278, 15.657972903033633 ], [ 73.966914647417084, 15.658325297680706 ], [ 73.96727729639899, 15.658766772963549 ], [ 73.967239736938652, 15.658986474872924 ], [ 73.967499559363205, 15.659549345869639 ], [ 73.96766515929427, 15.659911027583091 ], [ 73.967822341112807, 15.660250710762449 ], [ 73.96780888075655, 15.660687987660138 ], [ 73.967593989367558, 15.66105558026447 ], [ 73.967386577351604, 15.661440209406358 ], [ 73.967363439444838, 15.662106147648384 ], [ 73.967075944417957, 15.663080504324535 ], [ 73.966817202666675, 15.663514488336979 ], [ 73.966717399838586, 15.664162767002693 ], [ 73.966902039562086, 15.6645105373274 ], [ 73.966995858712053, 15.664687244168386 ], [ 73.966756516079329, 15.664911647632607 ], [ 73.966376772157588, 15.665267689044633 ], [ 73.965918522666527, 15.666039748737104 ], [ 73.965924652770028, 15.666182380653018 ], [ 73.965893948353639, 15.666467615643015 ], [ 73.965887405025072, 15.66652835624401 ], [ 73.965854367683889, 15.666895701347832 ], [ 73.965858270863805, 15.667718152209263 ], [ 73.965889716390308, 15.66783205926089 ], [ 73.965916017265201, 15.668123441641251 ], [ 73.965750269112149, 15.668523257831009 ], [ 73.965601261064364, 15.668882656671554 ], [ 73.965569742774306, 15.668958436862461 ], [ 73.965667983432127, 15.669302043030926 ], [ 73.965711114243859, 15.669425071619433 ], [ 73.965674553710087, 15.669488112054951 ], [ 73.96565771119684, 15.669512476267716 ], [ 73.965598429574626, 15.669553578598981 ], [ 73.965584296380257, 15.669563342790815 ], [ 73.96556798117804, 15.669574611959813 ], [ 73.964991166645902, 15.67065342378071 ], [ 73.96483298590077, 15.670920112018033 ], [ 73.964808959560216, 15.670960710680372 ], [ 73.963669911051284, 15.671519041583952 ], [ 73.963333560249339, 15.671683909382024 ], [ 73.962962017946168, 15.672480620052241 ], [ 73.962933347315541, 15.672587102595934 ], [ 73.962691113005917, 15.673258674013301 ], [ 73.962677008557648, 15.673501308212929 ], [ 73.962659391696619, 15.673609956830425 ], [ 73.962640997792846, 15.673845419630799 ], [ 73.962657673219468, 15.673885304159686 ], [ 73.961402459967914, 15.673838238269806 ], [ 73.958998223314552, 15.673693495259883 ], [ 73.958471441350468, 15.674548498992374 ], [ 73.954948579386198, 15.674075205751429 ], [ 73.951489684656622, 15.673679642825199 ], [ 73.949907051653696, 15.675223482931385 ], [ 73.948589990293129, 15.676495748400953 ], [ 73.947827404160265, 15.676936009884605 ], [ 73.947102717949193, 15.677042531619906 ], [ 73.944823477376005, 15.676953806900061 ], [ 73.943558924340479, 15.676988875933146 ], [ 73.942506792326881, 15.67744727063538 ], [ 73.941907455233931, 15.677596432331006 ], [ 73.941088383035975, 15.677489054637514 ], [ 73.940458979330472, 15.677470487046136 ], [ 73.939689759139199, 15.677738940279788 ], [ 73.938809996760639, 15.677919770735247 ], [ 73.937953401933243, 15.677821038699896 ], [ 73.936007184802236, 15.67761968159081 ], [ 73.934720826959762, 15.6775639996048 ], [ 73.934373725120508, 15.677689778772059 ], [ 73.932889665152004, 15.678891663146512 ], [ 73.932129586217087, 15.679458426641308 ], [ 73.930444815664657, 15.679238413768415 ], [ 73.928395214122517, 15.679080761788638 ], [ 73.926392593571421, 15.678901119855816 ], [ 73.925045343427414, 15.678857875342947 ], [ 73.924071644219609, 15.678797908161798 ], [ 73.923724319598151, 15.67893260012565 ] ] ] } },
{ "type": "Feature", "properties": { "gp_code": "254437", "gp_name": "ONA MAULINGUEM CURCHIREM", "blklgdcode": "5930", "blk_lgdcod": "5930", "blkname": "Bicholim", "dtname": "North Goa", "stname": "GOA" }, "geometry": { "type": "Polygon", "coordinates": [ [ [ 73.973550579676015, 15.627587779646921 ], [ 73.970954094568683, 15.627391409726213 ], [ 73.970832606409672, 15.627406338030463 ], [ 73.971421892252891, 15.626218513614571 ], [ 73.970422537160545, 15.625439983952019 ], [ 73.969450967858279, 15.62467538408136 ], [ 73.968495244837612, 15.6242041399511 ], [ 73.967540138959521, 15.623437242887585 ], [ 73.96670458267613, 15.622736160151131 ], [ 73.965640125776829, 15.621831204273118 ], [ 73.964733446279098, 15.621189158867626 ], [ 73.963867666177961, 15.62056768008083 ], [ 73.962742437351395, 15.619847595110622 ], [ 73.961936378148607, 15.619367133901974 ], [ 73.961095942216573, 15.618974265645598 ], [ 73.960576222807234, 15.618674213724884 ], [ 73.960403650152983, 15.618505955089974 ], [ 73.959947874622188, 15.618826261149655 ], [ 73.959437814797155, 15.619218869281861 ], [ 73.958861876122398, 15.619602372783843 ], [ 73.958603870989634, 15.619726613908481 ], [ 73.958004727932803, 15.620013811780613 ], [ 73.957278349295777, 15.61999479861514 ], [ 73.957065621948288, 15.620133349761831 ], [ 73.956584117769467, 15.620286193761382 ], [ 73.956327710739615, 15.620314313342092 ], [ 73.955591776722855, 15.620375302963064 ], [ 73.954832049927504, 15.620371782717763 ], [ 73.9541376647893, 15.620417295012047 ], [ 73.953218773593605, 15.62055554567058 ], [ 73.952277408346148, 15.620557378895723 ], [ 73.951625762354183, 15.620624657987829 ], [ 73.950895329620252, 15.620341346305811 ], [ 73.949494379086886, 15.619647741635658 ], [ 73.948781427568406, 15.619308747193877 ], [ 73.948036396312787, 15.618905119896343 ], [ 73.947364121408668, 15.618606750581687 ], [ 73.946487466302671, 15.618177227189273 ], [ 73.94573499609821, 15.61772549971713 ], [ 73.945237420160623, 15.617341696821709 ], [ 73.944691970306636, 15.616866655110128 ], [ 73.944624929036976, 15.616421893568317 ], [ 73.944685545555714, 15.615853431847633 ], [ 73.944809952341103, 15.615047725328552 ], [ 73.944966207996572, 15.614830191067876 ], [ 73.945375951157217, 15.614248643660911 ], [ 73.946045638015022, 15.613526093260854 ], [ 73.94699406581725, 15.612812814067571 ], [ 73.947809933724599, 15.612381390731048 ], [ 73.948713364015958, 15.611925414598762 ], [ 73.949645588905426, 15.611191824146827 ], [ 73.950753134395626, 15.610361150981031 ], [ 73.951272421715288, 15.609897233177655 ], [ 73.951920044153056, 15.609407285266448 ], [ 73.952464142940855, 15.609191586135074 ], [ 73.953446410279881, 15.608938526320284 ], [ 73.955104895228786, 15.608582391245921 ], [ 73.956182678635287, 15.608290784796539 ], [ 73.957189312776393, 15.608064810364201 ], [ 73.958311266345405, 15.607845860165174 ], [ 73.959434624879563, 15.607542980084371 ], [ 73.960469283762578, 15.607366646124023 ], [ 73.960922072394993, 15.607246894782964 ], [ 73.961837472737514, 15.607040788380827 ], [ 73.962346174309886, 15.606888077263617 ], [ 73.962484431320291, 15.606846631842217 ], [ 73.96325902972518, 15.60641444669411 ], [ 73.964334423613039, 15.605963998891403 ], [ 73.965067592615341, 15.605539238763136 ], [ 73.965827084950377, 15.605022967905732 ], [ 73.966742583209282, 15.604320315874173 ], [ 73.967327058574142, 15.603905292845276 ], [ 73.968130601595789, 15.603725524343222 ], [ 73.969023409308903, 15.603638956809196 ], [ 73.970028200107009, 15.603522131158636 ], [ 73.970550603682412, 15.602907669329134 ], [ 73.971455285326925, 15.601916500661737 ], [ 73.971596134875298, 15.601362857986445 ], [ 73.971665854022788, 15.600360446082355 ], [ 73.97185873039912, 15.600081533750584 ], [ 73.972748214345714, 15.598915475903171 ], [ 73.973207322626152, 15.598334598054098 ], [ 73.973120908289104, 15.597801572003807 ], [ 73.972883389236372, 15.596885097075321 ], [ 73.973537528951553, 15.595939062297163 ], [ 73.97426381416382, 15.595999574632318 ], [ 73.975071564894264, 15.596504214296935 ], [ 73.975581702872759, 15.596674506985746 ], [ 73.976084884297691, 15.596980233298929 ], [ 73.976340370554382, 15.597331941205596 ], [ 73.976634657743148, 15.598167635287822 ], [ 73.976699269069954, 15.598502906982395 ], [ 73.976900940851237, 15.598718290295437 ], [ 73.977082075348505, 15.598761691910902 ], [ 73.977395749977717, 15.598676010873124 ], [ 73.977543487807665, 15.598474953995945 ], [ 73.977601271938326, 15.598069185776854 ], [ 73.977661724963667, 15.597785439735313 ], [ 73.977853306867672, 15.59746304242149 ], [ 73.978094047278987, 15.597276900145079 ], [ 73.978393619256579, 15.597204564744565 ], [ 73.978943718790475, 15.597203751423249 ], [ 73.979223992260813, 15.597167275689401 ], [ 73.979782569196033, 15.596633468758739 ], [ 73.980042090684989, 15.596438561727695 ], [ 73.980271023640213, 15.59640585397292 ], [ 73.980599376741182, 15.596568959210396 ], [ 73.980875692234378, 15.596780908695948 ], [ 73.980998440729735, 15.59698148962215 ], [ 73.981177725595799, 15.597431474343795 ], [ 73.98140751105224, 15.597931890749663 ], [ 73.981567942077149, 15.598101486607685 ], [ 73.981710669104459, 15.598216519124502 ], [ 73.982024974350992, 15.598383934366575 ], [ 73.98232939543449, 15.598293592172555 ], [ 73.982644563063715, 15.59811756607219 ], [ 73.983001886832554, 15.597928601136141 ], [ 73.983315064693457, 15.597874619280356 ], [ 73.98359088701153, 15.597824517979644 ], [ 73.983855004281494, 15.597927857036289 ], [ 73.984204049176711, 15.597377334019301 ], [ 73.985349119092959, 15.595140046361523 ], [ 73.985509837578746, 15.594708669788494 ], [ 73.986376597741895, 15.592385819936553 ], [ 73.987059920127379, 15.591921669404345 ], [ 73.987457956443251, 15.591805666866604 ], [ 73.987986567377263, 15.591397903153933 ], [ 73.988107780651802, 15.590807823598357 ], [ 73.988806975370025, 15.588170794038083 ], [ 73.989003544720504, 15.587536725821623 ], [ 73.989088164223645, 15.586318131260963 ], [ 73.989549008049224, 15.58518651669894 ], [ 73.989809698246361, 15.58344650381351 ], [ 73.990038917764139, 15.582519332041851 ], [ 73.990874969019316, 15.584171684175823 ], [ 73.992352768628578, 15.58386844294594 ], [ 73.995568163322261, 15.583631718054459 ], [ 73.996106361076983, 15.583499671760391 ], [ 73.997591833197106, 15.583175698812653 ], [ 73.998325933752326, 15.583014034902371 ], [ 73.999388264339359, 15.583969308236552 ], [ 73.999837738188404, 15.58430192590871 ], [ 74.000634103670933, 15.584881666667311 ], [ 74.00123686424341, 15.585383023074566 ], [ 74.001407121939195, 15.58581484841932 ], [ 74.001940926033853, 15.586550081900855 ], [ 74.002397456149453, 15.587153308607935 ], [ 74.002912314774761, 15.587608214062149 ], [ 74.004169310283856, 15.588891850282403 ], [ 74.00465467811668, 15.589152079347208 ], [ 74.004997951336193, 15.589261099798696 ], [ 74.00527151798461, 15.589346519993764 ], [ 74.005536071835806, 15.589422712067787 ], [ 74.005929459370066, 15.589604644151935 ], [ 74.00679611532864, 15.590015803267372 ], [ 74.007322220861312, 15.590262365782937 ], [ 74.007724931111582, 15.59044449440338 ], [ 74.008211411957078, 15.590632451274873 ], [ 74.008817399278072, 15.590930598239446 ], [ 74.009331417080261, 15.591141505715132 ], [ 74.009722390841389, 15.591183371364076 ], [ 74.01041301114023, 15.591139447259227 ], [ 74.010833796392362, 15.591064402293444 ], [ 74.011240574214256, 15.590980105922627 ], [ 74.011660939054835, 15.590927499736612 ], [ 74.012141694038718, 15.590893997658522 ], [ 74.012488815640893, 15.590754470646562 ], [ 74.013543850111162, 15.590363561925626 ], [ 74.014081848439872, 15.590240477180684 ], [ 74.014534219355724, 15.590229078182041 ], [ 74.014943622054858, 15.590280270704602 ], [ 74.01562000764973, 15.590547875246637 ], [ 74.01625191136668, 15.590972862817029 ], [ 74.016488766564379, 15.591328626972496 ], [ 74.016563050051872, 15.591939716083521 ], [ 74.016854409631122, 15.593570483160317 ], [ 74.017096353784908, 15.594188478931542 ], [ 74.017895009971411, 15.595582774872234 ], [ 74.018229749195712, 15.596527508243597 ], [ 74.019279664167186, 15.597943469288966 ], [ 74.019668775720717, 15.598694699823792 ], [ 74.020175829782843, 15.599059121043226 ], [ 74.020434861689949, 15.599487648801862 ], [ 74.020743881249373, 15.600590000634293 ], [ 74.020731851909417, 15.600757036703969 ], [ 74.02089155260397, 15.601278983745281 ], [ 74.021239027244079, 15.602006957199613 ], [ 74.021341509746648, 15.602609358066942 ], [ 74.021496118790196, 15.60345191772187 ], [ 74.021720066993893, 15.603735392039578 ], [ 74.021813020167912, 15.60491669073239 ], [ 74.021829006586728, 15.60511948294935 ], [ 74.020797189074969, 15.606085184614519 ], [ 74.018380658078627, 15.606854306984975 ], [ 74.017702460581802, 15.607050071911818 ], [ 74.015891103032828, 15.607646983904388 ], [ 74.014779384868106, 15.608035282304735 ], [ 74.013424818844442, 15.608561491776594 ], [ 74.011977758685873, 15.609038309922799 ], [ 74.011064308585844, 15.609359365315768 ], [ 74.010422985134838, 15.609581999579655 ], [ 74.009620732093921, 15.609866424047427 ], [ 74.009392253686258, 15.610037706660387 ], [ 74.009311585872084, 15.610047353431892 ], [ 74.009200800241331, 15.610065346606135 ], [ 74.008835254192647, 15.610158692715277 ], [ 74.008095286740286, 15.610253922279693 ], [ 74.007265529082034, 15.610355283330465 ], [ 74.006607892225475, 15.610456838131391 ], [ 74.006240819939123, 15.61051458107171 ], [ 74.005631810685529, 15.610606622286541 ], [ 74.005176781654782, 15.610674473932063 ], [ 74.003559052371983, 15.610867139606251 ], [ 74.003296408339125, 15.61089324807566 ], [ 74.002072716072561, 15.611136948592746 ], [ 74.00127661110146, 15.611086122051917 ], [ 74.000640797916404, 15.611047901993757 ], [ 74.000084867417996, 15.611004120569264 ], [ 73.99989184731119, 15.610988953146473 ], [ 73.998593179854424, 15.610879522896024 ], [ 73.997930507042355, 15.610835847852435 ], [ 73.997772579622165, 15.610810845073269 ], [ 73.997253324641832, 15.610728444633311 ], [ 73.996715703605545, 15.610697466052979 ], [ 73.996701008964124, 15.610696561076207 ], [ 73.995693749595603, 15.61067631676257 ], [ 73.994624705000163, 15.610669068295918 ], [ 73.993358541285303, 15.610638109605706 ], [ 73.99133574008134, 15.611798317997945 ], [ 73.991071459318022, 15.611937808206674 ], [ 73.990515561158958, 15.612231215949359 ], [ 73.990238106602007, 15.613292172842458 ], [ 73.990208700251159, 15.613404620373394 ], [ 73.989227064427823, 15.614760172703127 ], [ 73.989100462159882, 15.614934998386815 ], [ 73.988779060222569, 15.615378820996797 ], [ 73.988664737026255, 15.615539344224706 ], [ 73.988169237095335, 15.616234988991458 ], [ 73.987852277327093, 15.616680203413962 ], [ 73.987016883638731, 15.617414718106168 ], [ 73.987001702110447, 15.61742806737317 ], [ 73.986823797056658, 15.617584480401547 ], [ 73.985942575814065, 15.618445995301412 ], [ 73.98529944135943, 15.619307914927077 ], [ 73.985290965754714, 15.619319942133565 ], [ 73.985176204180547, 15.619473736665112 ], [ 73.985067575404813, 15.619619314838467 ], [ 73.984418327914696, 15.620430606017434 ], [ 73.984401779150531, 15.620446899150547 ], [ 73.98432258367508, 15.620525025367643 ], [ 73.98388065567444, 15.620960489048818 ], [ 73.983433645005903, 15.621424964050528 ], [ 73.983421080270006, 15.621437781864513 ], [ 73.983263179799266, 15.621600109339212 ], [ 73.983260519887722, 15.621602754914431 ], [ 73.983080039363969, 15.621805575614617 ], [ 73.982891312305938, 15.622024662302634 ], [ 73.982784414583776, 15.622134879927879 ], [ 73.982773773140892, 15.62214560667773 ], [ 73.982530341377, 15.622391052624945 ], [ 73.982193967218862, 15.622748600687441 ], [ 73.981947270078905, 15.623008259077354 ], [ 73.981724984656793, 15.623251873385557 ], [ 73.981478310873058, 15.623490210144443 ], [ 73.981163602282905, 15.623790583760247 ], [ 73.98115415020952, 15.623799632084383 ], [ 73.980894875757258, 15.624044928114284 ], [ 73.980843176814346, 15.62409384038731 ], [ 73.980628669005966, 15.624414986395912 ], [ 73.980588912266427, 15.62447450841724 ], [ 73.980507882431183, 15.624649301590811 ], [ 73.980287809559613, 15.625073896682615 ], [ 73.980287358605338, 15.62507487859137 ], [ 73.980155914418006, 15.625303181334386 ], [ 73.979988800825708, 15.625621623691424 ], [ 73.979376546857296, 15.626643619330078 ], [ 73.979050523986174, 15.62712547619911 ], [ 73.978656209390508, 15.627103569903037 ], [ 73.978500228619538, 15.627094943033095 ], [ 73.97824923214263, 15.627081206826871 ], [ 73.978182009413302, 15.627077464363694 ], [ 73.978108094235097, 15.627073348173157 ], [ 73.977697627032327, 15.627050656352084 ], [ 73.977538445563951, 15.627041842616235 ], [ 73.977250145646593, 15.627009668324726 ], [ 73.977207442432928, 15.627022353427549 ], [ 73.977015785968717, 15.627073939042891 ], [ 73.976844016408336, 15.627120008708975 ], [ 73.976672509155946, 15.627127685687956 ], [ 73.976581447833908, 15.62684933315971 ], [ 73.976561057873596, 15.626799223366445 ], [ 73.975940074077258, 15.626954195754411 ], [ 73.973550579676015, 15.627587779646921 ] ] ] } },
{ "type": "Feature", "properties": { "gp_code": "254439", "gp_name": "MAYEM", "blklgdcode": "5930", "blk_lgdcod": "5930", "blkname": "Bicholim", "dtname": "North Goa", "stname": "GOA" }, "geometry": { "type": "Polygon", "coordinates": [ [ [ 74.259928893777385, 15.598134614594773 ], [ 74.25841592692133, 15.597850068303449 ], [ 74.257693086748205, 15.59784715593011 ], [ 74.256745842925497, 15.597900824578929 ], [ 74.256298516948291, 15.597873556774704 ], [ 74.256048397227133, 15.59771303962153 ], [ 74.255639917996064, 15.597537225005595 ], [ 74.255291683381245, 15.597402680203402 ], [ 74.25493188385542, 15.597466781099067 ], [ 74.254403812808903, 15.597565307904828 ], [ 74.254013095067663, 15.597480020914443 ], [ 74.253414652696748, 15.597198367063017 ], [ 74.253093803223351, 15.597104792691255 ], [ 74.252776875794467, 15.597092532298751 ], [ 74.252566608932568, 15.597131047406499 ], [ 74.252230064094505, 15.597208841603317 ], [ 74.25192530793943, 15.597359375206828 ], [ 74.251532250086854, 15.597481765226748 ], [ 74.25076003131916, 15.596886761790897 ], [ 74.25013176757578, 15.596333878204913 ], [ 74.249760483089034, 15.596172023917363 ], [ 74.249299720111836, 15.595252206198593 ], [ 74.248125348947653, 15.593679625861919 ], [ 74.246282347344447, 15.593464972725251 ], [ 74.244858020850756, 15.592998397597547 ], [ 74.243886747992548, 15.593432530994093 ], [ 74.242378060710536, 15.593967783427418 ], [ 74.240877097143326, 15.594286238105621 ], [ 74.240035275110799, 15.594473699134696 ], [ 74.239766877368524, 15.594659790307849 ], [ 74.239413299574366, 15.594614368340086 ], [ 74.239329132822149, 15.594626732710152 ], [ 74.238794159120957, 15.594560697966706 ], [ 74.238626990731447, 15.594508699236128 ], [ 74.23836190687426, 15.594468974886286 ], [ 74.238148427636872, 15.594398339572386 ], [ 74.237962612916974, 15.594350712030964 ], [ 74.237767188918511, 15.594325434689804 ], [ 74.237437353597301, 15.594253196887461 ], [ 74.236833809693891, 15.594077807606151 ], [ 74.23618366119355, 15.593910883774559 ], [ 74.236081141860069, 15.593909464765661 ], [ 74.235829899244763, 15.593874392746365 ], [ 74.235400890814532, 15.593882111636786 ], [ 74.235293955363119, 15.593862625353143 ], [ 74.235084014589631, 15.593873284361772 ], [ 74.234804808317861, 15.593842394952945 ], [ 74.234613601011304, 15.59384886701994 ], [ 74.234562489566585, 15.593834605110544 ], [ 74.234390024710137, 15.593832235191735 ], [ 74.234194989682194, 15.593779946417953 ], [ 74.234083052411265, 15.59378746284346 ], [ 74.233999562090432, 15.593763701350897 ], [ 74.23353847392309, 15.593734813248993 ], [ 74.233203447237869, 15.593689655843102 ], [ 74.232929638942622, 15.593600096365369 ], [ 74.232725187773866, 15.593556652126466 ], [ 74.231822921699134, 15.593417858926625 ], [ 74.230533047850656, 15.592677404860703 ], [ 74.229550740087461, 15.591620421925429 ], [ 74.227254280606957, 15.589899494213967 ], [ 74.226646938626502, 15.589674340569589 ], [ 74.225538095070718, 15.589952894112301 ], [ 74.224065776082952, 15.590230956671984 ], [ 74.223014335772135, 15.590081067655817 ], [ 74.222190300382238, 15.58969482663421 ], [ 74.221096222434781, 15.588957057920211 ], [ 74.219700826184805, 15.587785902713991 ], [ 74.218959018084433, 15.587504702812868 ], [ 74.218272042250689, 15.587310034585171 ], [ 74.217279908714943, 15.586939610838916 ], [ 74.218228565587566, 15.586134870653273 ], [ 74.219108722326538, 15.585234271832372 ], [ 74.219781156232457, 15.584511615807749 ], [ 74.220290208147802, 15.584121009305038 ], [ 74.220604621192166, 15.583018427140908 ], [ 74.220434520701545, 15.582857950292816 ], [ 74.219568180949977, 15.582489239594814 ], [ 74.2185952012927, 15.582087389876788 ], [ 74.218572025656684, 15.582078046376465 ], [ 74.219273225414639, 15.580976193083233 ], [ 74.21992784123691, 15.579878327279737 ], [ 74.220859468746681, 15.579276674844721 ], [ 74.220930618910472, 15.579196301284517 ], [ 74.221124248973325, 15.579018258213111 ], [ 74.2211387711382, 15.578986826615381 ], [ 74.22124232173762, 15.578915920326049 ], [ 74.221460818065879, 15.578634298990501 ], [ 74.221685281902538, 15.578266920221512 ], [ 74.22188743877409, 15.577822440191616 ], [ 74.222184008582005, 15.577306933807249 ], [ 74.222517638386947, 15.576800955914644 ], [ 74.22269016612546, 15.576473543996725 ], [ 74.22291849002292, 15.576155909719919 ], [ 74.222971443013961, 15.576043671094531 ], [ 74.223132540588807, 15.575865191763958 ], [ 74.223477019347456, 15.575250931002367 ], [ 74.22380827490511, 15.574912076096368 ], [ 74.226460904717698, 15.575517552207771 ], [ 74.228050482596075, 15.576153611419059 ], [ 74.229011159825532, 15.57644230238083 ], [ 74.229741445235774, 15.576542613183756 ], [ 74.230962420098578, 15.576559254199781 ], [ 74.231671457657413, 15.576202984211596 ], [ 74.232747857658381, 15.575259843014445 ], [ 74.233727338423378, 15.574247646592134 ], [ 74.234634884795341, 15.573053695038558 ], [ 74.235142399693203, 15.572125419798134 ], [ 74.235552321618613, 15.571494023575431 ], [ 74.236010590872596, 15.570745806213379 ], [ 74.236336964984972, 15.569453624646663 ], [ 74.236316682822505, 15.569245541056233 ], [ 74.237670732314882, 15.568757913084827 ], [ 74.238191961792168, 15.568489401828559 ], [ 74.238904884564576, 15.568178336261683 ], [ 74.239681711689698, 15.567962983234123 ], [ 74.240675908655646, 15.567542773323957 ], [ 74.241316261027848, 15.567095207591013 ], [ 74.241937969764635, 15.566647305122796 ], [ 74.242767313299552, 15.566017004076096 ], [ 74.243458596555072, 15.565592691804534 ], [ 74.24454359522997, 15.565336296783476 ], [ 74.245511203860161, 15.565141597174188 ], [ 74.245578629608758, 15.565177983403016 ], [ 74.245751652318972, 15.565271351646503 ], [ 74.245781689287156, 15.565429542072687 ], [ 74.245864325310109, 15.565864747060852 ], [ 74.246380667952295, 15.566951849034979 ], [ 74.245394637570556, 15.566661864008443 ], [ 74.245192972975786, 15.566602556273299 ], [ 74.245223002757427, 15.566760729233733 ], [ 74.245305617220851, 15.567195889867815 ], [ 74.246164983350894, 15.569005354347272 ], [ 74.248256717676483, 15.573252845369572 ], [ 74.249014008240778, 15.574708615432357 ], [ 74.249223181853012, 15.575072840381351 ], [ 74.249905578075428, 15.576473415063603 ], [ 74.249907404350395, 15.57647600324402 ], [ 74.249907965797433, 15.576477155853945 ], [ 74.250387238561089, 15.577156489344391 ], [ 74.250534416740607, 15.577365101425482 ], [ 74.249406245033185, 15.579155010355214 ], [ 74.249225207553962, 15.579442232995978 ], [ 74.248846760799495, 15.580174510031 ], [ 74.248741280618859, 15.580378611667779 ], [ 74.248744121091775, 15.580381472370513 ], [ 74.248743665645918, 15.580382352387044 ], [ 74.249244490789863, 15.580886662673709 ], [ 74.251687240914393, 15.583467470737148 ], [ 74.253380025337492, 15.585146498078988 ], [ 74.254522408392717, 15.586413529369256 ], [ 74.255577441066364, 15.587575778327889 ], [ 74.257323435398689, 15.589508261120523 ], [ 74.259688439030313, 15.591966352172703 ], [ 74.260247657362683, 15.592633030277762 ], [ 74.260249084785684, 15.592930200927183 ], [ 74.260109459641043, 15.593764164259614 ], [ 74.259844206002285, 15.595003219202921 ], [ 74.259592136936917, 15.596319244415293 ], [ 74.259692146377503, 15.597408508423614 ], [ 74.259785357368031, 15.597842943111878 ], [ 74.259928893777385, 15.598134614594773 ] ] ] } },
{ "type": "Feature", "properties": { "gp_code": "254439", "gp_name": "MAYEM", "blklgdcode": "5930", "blk_lgdcod": "5930", "blkname": "Bicholim", "dtname": "North Goa", "stname": "GOA" }, "geometry": { "type": "Polygon", "coordinates": [ [ [ 73.921225749958481, 15.600785361424325 ], [ 73.920791048005967, 15.600896609695479 ], [ 73.91993423309134, 15.601241910004598 ], [ 73.918724902191244, 15.601782888838034 ], [ 73.917871558366883, 15.602213117111223 ], [ 73.917281955418346, 15.602576641778345 ], [ 73.916466199800439, 15.603087608129092 ], [ 73.915585831957358, 15.603602496062553 ], [ 73.913835897614234, 15.604726345136156 ], [ 73.910789830860026, 15.606284550360774 ], [ 73.910866200235589, 15.60406724312783 ], [ 73.91105009884896, 15.601742596583779 ], [ 73.911158350332286, 15.601158418140686 ], [ 73.911351407270004, 15.599463684641046 ], [ 73.911239322675371, 15.599179017330201 ], [ 73.910084742295197, 15.597803144997251 ], [ 73.909213840000305, 15.596885411156277 ], [ 73.907885038557296, 15.597242269971112 ], [ 73.905593136230195, 15.598076066965202 ], [ 73.903046637876855, 15.599130972993269 ], [ 73.900832783876609, 15.60006835639914 ], [ 73.898108517013355, 15.601874991075166 ], [ 73.895857517676092, 15.603126137685503 ], [ 73.894074909809447, 15.603862599192176 ], [ 73.892951502766252, 15.604147069659955 ], [ 73.892482502237911, 15.604271872150829 ], [ 73.891394219322322, 15.604163724878012 ], [ 73.891575366395983, 15.603817283086123 ], [ 73.891851086306147, 15.60320708762659 ], [ 73.891688283728897, 15.602052547978674 ], [ 73.891434733341654, 15.601027479351051 ], [ 73.891340219793975, 15.600538111583894 ], [ 73.891707262435915, 15.600046854732126 ], [ 73.89207649786546, 15.599709149951847 ], [ 73.892836774429753, 15.599400113887461 ], [ 73.89361687232082, 15.59902360258106 ], [ 73.89407813386299, 15.598755142128185 ], [ 73.894713941658168, 15.598642921043544 ], [ 73.894972549560478, 15.598796001693868 ], [ 73.89550000166777, 15.598754522624324 ], [ 73.89634905513833, 15.598153140931213 ], [ 73.896558341039963, 15.597614230820501 ], [ 73.896509043293776, 15.596926668237762 ], [ 73.896462211423071, 15.596370253719099 ], [ 73.896366373758696, 15.595392933707048 ], [ 73.896069041281109, 15.593910996256975 ], [ 73.895426185304203, 15.592464334958864 ], [ 73.894733089248433, 15.591238293787155 ], [ 73.894345979141349, 15.590396461866421 ], [ 73.89376998926268, 15.589705390679873 ], [ 73.892828750677637, 15.589117059296726 ], [ 73.891816044823571, 15.588898114840532 ], [ 73.891402013105747, 15.588851115074995 ], [ 73.890758276779891, 15.588872754627426 ], [ 73.890348550687207, 15.588563689270945 ], [ 73.88986279388385, 15.588054684683298 ], [ 73.889358832721243, 15.587518298033945 ], [ 73.888988936131639, 15.587051794191542 ], [ 73.888550753207426, 15.585915514604425 ], [ 73.888437145968396, 15.584892660143044 ], [ 73.888527660216397, 15.584487505395664 ], [ 73.888758731161985, 15.584043814122744 ], [ 73.888984777830203, 15.58362263421219 ], [ 73.888985220699652, 15.583310906233926 ], [ 73.888940981366858, 15.58260083611065 ], [ 73.888208124978291, 15.581527788048557 ], [ 73.887490412388757, 15.581241079716882 ], [ 73.8873994498814, 15.579970177154205 ], [ 73.887194496554386, 15.579393216624185 ], [ 73.887145117959875, 15.578145532900553 ], [ 73.887096194811178, 15.576875267972184 ], [ 73.887258084700093, 15.576385266344118 ], [ 73.887624266755992, 15.575939191777493 ], [ 73.888059790666972, 15.575534736731992 ], [ 73.88858836656668, 15.575140811937359 ], [ 73.888933226210966, 15.574576949342063 ], [ 73.888702149875513, 15.573891170109309 ], [ 73.888472886340281, 15.573377092918866 ], [ 73.888750174708903, 15.572956740908236 ], [ 73.88929711037639, 15.572576588239015 ], [ 73.890033934623574, 15.572551890591985 ], [ 73.890585747244714, 15.572727561314396 ], [ 73.891231121199354, 15.572597489640541 ], [ 73.891709959178414, 15.572103452248305 ], [ 73.891617379703533, 15.571505594951539 ], [ 73.892625149315137, 15.570879599182547 ], [ 73.892815611918294, 15.571483393692668 ], [ 73.89384664340416, 15.571996264140108 ], [ 73.894304153581743, 15.571949213780011 ], [ 73.894737752403074, 15.571657673856409 ], [ 73.895945148332061, 15.572214003014668 ], [ 73.896035284389342, 15.572974351392581 ], [ 73.89665717368753, 15.573417697067104 ], [ 73.89640794958666, 15.573843068802258 ], [ 73.896912029326856, 15.574930575106347 ], [ 73.897435795646544, 15.575110336799979 ], [ 73.897853753002153, 15.57463782016003 ], [ 73.898628865243353, 15.574844019662397 ], [ 73.899274381131789, 15.574415749407498 ], [ 73.899852674290912, 15.574682147575638 ], [ 73.901109815327047, 15.574484690351664 ], [ 73.901597592441505, 15.574013361241308 ], [ 73.901689853912757, 15.573504247919605 ], [ 73.901620139256821, 15.572924886098777 ], [ 73.901154485851194, 15.572325798946181 ], [ 73.901389392603036, 15.571077986654085 ], [ 73.901412509848555, 15.570522700627548 ], [ 73.901708618820734, 15.569804322222465 ], [ 73.901864048026127, 15.568848972667052 ], [ 73.902344414937815, 15.567130540328556 ], [ 73.90264282090213, 15.566552306291783 ], [ 73.903149187753073, 15.566085779955136 ], [ 73.904115561199717, 15.565707572911542 ], [ 73.904551698660057, 15.565540352576059 ], [ 73.905088812148207, 15.566278649287632 ], [ 73.906010012014193, 15.567130776572423 ], [ 73.907302537689404, 15.567653420001131 ], [ 73.908456420976904, 15.568252791623859 ], [ 73.909706058385495, 15.568912778733035 ], [ 73.910340157584983, 15.569297131676812 ], [ 73.911036360015018, 15.569613429198203 ], [ 73.912137284921585, 15.570044373003615 ], [ 73.912476172565874, 15.569833053599318 ], [ 73.913105884393516, 15.569241346689239 ], [ 73.914116897821629, 15.568330157154881 ], [ 73.914850306674083, 15.56761187666428 ], [ 73.915565797729897, 15.566745442584212 ], [ 73.915171371743156, 15.566000022117612 ], [ 73.914726426301456, 15.564613029944345 ], [ 73.914705426385069, 15.564031064255648 ], [ 73.914867339630177, 15.563451901609296 ], [ 73.913723831884198, 15.563097727358626 ], [ 73.910420404987633, 15.56247539771619 ], [ 73.907376050422357, 15.562172385827376 ], [ 73.905808873832186, 15.561916003850982 ], [ 73.905995459306624, 15.561340615258359 ], [ 73.905856497118677, 15.560714979706868 ], [ 73.905923426098923, 15.559758299365406 ], [ 73.905831152949574, 15.559133365165684 ], [ 73.905670139816351, 15.558715310232481 ], [ 73.905075157755903, 15.558335642691967 ], [ 73.904336453334835, 15.557908638758567 ], [ 73.904085179278525, 15.557597563250306 ], [ 73.904038927719469, 15.557289657244835 ], [ 73.904611081791913, 15.556787921650109 ], [ 73.90577957977078, 15.556299928371644 ], [ 73.906265833342516, 15.55592339607993 ], [ 73.906698768308857, 15.5553833324094 ], [ 73.908782827428652, 15.555842863676718 ], [ 73.90977512355947, 15.555899079809688 ], [ 73.910643002125141, 15.555809957340335 ], [ 73.911894228653466, 15.55683313216465 ], [ 73.912541478290407, 15.557314314319667 ], [ 73.913651856168698, 15.557905043017826 ], [ 73.913975113127051, 15.557520700808903 ], [ 73.914546138915512, 15.556197651007967 ], [ 73.914679248579347, 15.555810395237653 ], [ 73.915546457001824, 15.555762217007882 ], [ 73.916624597039529, 15.555737753598933 ], [ 73.917999183815908, 15.555676846898228 ], [ 73.918569366984627, 15.555727188673149 ], [ 73.919320143864823, 15.555697699823153 ], [ 73.91938681772352, 15.556794895953749 ], [ 73.920455384415206, 15.556719042275834 ], [ 73.922457333924811, 15.556432069154839 ], [ 73.923705668776208, 15.556348698414222 ], [ 73.924731304980511, 15.556313142280688 ], [ 73.925755442794895, 15.556369758968861 ], [ 73.926114900960869, 15.557010412983303 ], [ 73.926306651748178, 15.557566549829376 ], [ 73.926775010879425, 15.558659629684513 ], [ 73.927105197441904, 15.559801826038129 ], [ 73.927263761767648, 15.560449658164552 ], [ 73.927465754247493, 15.561026441657761 ], [ 73.927533721680192, 15.561396287292325 ], [ 73.927901102987008, 15.562200974616781 ], [ 73.928644769701677, 15.562611161345995 ], [ 73.929825449734125, 15.563018462082509 ], [ 73.930678256365937, 15.563215863682462 ], [ 73.931809855146199, 15.563817053410892 ], [ 73.932994289238223, 15.564419039256737 ], [ 73.933508512754614, 15.564642006946887 ], [ 73.934579556999893, 15.565068097785785 ], [ 73.935119443587325, 15.564359184824026 ], [ 73.935519986202834, 15.563771088092038 ], [ 73.935800822916846, 15.563396307150191 ], [ 73.936435291323917, 15.562719564147846 ], [ 73.936652566841687, 15.562354059918412 ], [ 73.936781671815993, 15.562212597573343 ], [ 73.93705637123999, 15.562216774776029 ], [ 73.937627729405108, 15.562174238612281 ], [ 73.938129121385984, 15.562181860905172 ], [ 73.939241134198085, 15.562034845275587 ], [ 73.939737374340822, 15.562062873315671 ], [ 73.940346688123341, 15.562287265382947 ], [ 73.94105553344265, 15.562892221362416 ], [ 73.941552411389267, 15.563534933705531 ], [ 73.941923997709893, 15.56408354232817 ], [ 73.942150810641039, 15.564435303951162 ], [ 73.942443667711856, 15.564624154309993 ], [ 73.942570400235496, 15.56457143320565 ], [ 73.942660901008821, 15.564806444976744 ], [ 73.942887333952584, 15.565607416915588 ], [ 73.943016275433521, 15.565932603970928 ], [ 73.943315375795578, 15.566328090219292 ], [ 73.943635446429624, 15.566587277400284 ], [ 73.944154748122344, 15.566770822835144 ], [ 73.944790138200901, 15.566952614015731 ], [ 73.945422188343215, 15.567116785397516 ], [ 73.946170777825671, 15.567251099944789 ], [ 73.947100046359523, 15.567426796829833 ], [ 73.947829546642197, 15.567620544110557 ], [ 73.947934836380028, 15.567697422681915 ], [ 73.947803061612674, 15.568305021127065 ], [ 73.9476513074151, 15.568962018269223 ], [ 73.947608613184599, 15.569293627862539 ], [ 73.947385815722768, 15.569980657285182 ], [ 73.947148277805439, 15.571177534244216 ], [ 73.947038894444873, 15.571996988431057 ], [ 73.947140094153227, 15.572881723049035 ], [ 73.94733485609332, 15.5735377943695 ], [ 73.947861359579676, 15.574628776590734 ], [ 73.948312021001499, 15.575338418232723 ], [ 73.948732534064121, 15.57587882582953 ], [ 73.948535451775612, 15.576560548722139 ], [ 73.948086857377234, 15.577306953709607 ], [ 73.94758798067916, 15.577984122896929 ], [ 73.947285768552931, 15.578409032622444 ], [ 73.946774071099114, 15.579124412938787 ], [ 73.946553159201073, 15.579370985066065 ], [ 73.945568817652116, 15.579990549100689 ], [ 73.944705771124333, 15.580449442170805 ], [ 73.943783516636231, 15.580772549786175 ], [ 73.943071752690514, 15.58112009738408 ], [ 73.942391172861605, 15.581434941177317 ], [ 73.941955722612462, 15.582031173980056 ], [ 73.941169643738249, 15.582987528311724 ], [ 73.940205773896281, 15.583725195596296 ], [ 73.93911557756914, 15.583700625621718 ], [ 73.937641293067571, 15.583598785879516 ], [ 73.937722029153747, 15.585197962702937 ], [ 73.936903206687447, 15.586318356234115 ], [ 73.936027358268561, 15.587235233958809 ], [ 73.935678567596568, 15.587637924172684 ], [ 73.935190830007997, 15.58832372069104 ], [ 73.934298623267807, 15.589368040952229 ], [ 73.933635242583321, 15.589787079660129 ], [ 73.932329048142776, 15.591312296915994 ], [ 73.931894498005548, 15.59171595082047 ], [ 73.931219731174821, 15.592019793931106 ], [ 73.930340579650647, 15.592246903944057 ], [ 73.929523384931613, 15.592476369796163 ], [ 73.929273714368094, 15.592576311958503 ], [ 73.929086795618716, 15.592705503134139 ], [ 73.928726781395568, 15.593011256124491 ], [ 73.928449733775437, 15.593299410301872 ], [ 73.928162884637203, 15.593592130002643 ], [ 73.927731498366427, 15.594099572068785 ], [ 73.927040519639746, 15.595018423282584 ], [ 73.926545147269607, 15.595572044137239 ], [ 73.926145302645054, 15.595933774810725 ], [ 73.925917026358334, 15.596213238745497 ], [ 73.925775585718497, 15.596536471246898 ], [ 73.925522427895046, 15.597177860981436 ], [ 73.925132797115296, 15.597808545781064 ], [ 73.92483145815153, 15.598393420753215 ], [ 73.924288625089957, 15.599172671754411 ], [ 73.923803516870223, 15.599895735612645 ], [ 73.923305480995253, 15.600312551705512 ], [ 73.922686488763887, 15.600689790893366 ], [ 73.922329898020266, 15.600783374878393 ], [ 73.921950681409626, 15.600772861585618 ], [ 73.921225749958481, 15.600785361424325 ] ] ] } },
{ "type": "Feature", "properties": { "gp_code": "254440", "gp_name": "MENCUREM DUMACEM", "blklgdcode": "5930", "blk_lgdcod": "5930", "blkname": "Bicholim", "dtname": "North Goa", "stname": "GOA" }, "geometry": { "type": "Polygon", "coordinates": [ [ [ 73.90421922858016, 15.66613181428861 ], [ 73.904869681609384, 15.666571008287567 ], [ 73.905019925738969, 15.667079360245468 ], [ 73.905133370382941, 15.668120271651457 ], [ 73.905346345665464, 15.668503047779273 ], [ 73.906249509157163, 15.669167616302703 ], [ 73.907728286133477, 15.670003601057537 ], [ 73.9083167033058, 15.670527671416393 ], [ 73.909680972931184, 15.671520101977638 ], [ 73.911112161655339, 15.672409580917092 ], [ 73.911905832192005, 15.673786272643586 ], [ 73.912866787899191, 15.675206132921364 ], [ 73.913639394739093, 15.676157773603515 ], [ 73.914813236795553, 15.677102012379262 ], [ 73.916529551689209, 15.678818208008149 ], [ 73.916209787380666, 15.680408177622034 ], [ 73.916197190305425, 15.682039045259943 ], [ 73.916217831794043, 15.684492904132378 ], [ 73.916136486650103, 15.685756637913997 ], [ 73.915965887594481, 15.687358082842332 ], [ 73.915567165864061, 15.688346384078125 ], [ 73.914760426636647, 15.688342692032847 ], [ 73.913601972720969, 15.688731645908836 ], [ 73.912545922256115, 15.689420242311691 ], [ 73.911383196851261, 15.690929654313759 ], [ 73.910792374888899, 15.691119340267953 ], [ 73.909513613200517, 15.691452158343374 ], [ 73.908912665428232, 15.691691477617711 ], [ 73.908827389256643, 15.691757813983678 ], [ 73.908468512300644, 15.692037066635576 ], [ 73.907908929252272, 15.693167108133078 ], [ 73.907586706254804, 15.693763121076781 ], [ 73.907123603166269, 15.694126496047891 ], [ 73.906538170197308, 15.694275674954209 ], [ 73.905908055924385, 15.694302097950452 ], [ 73.905320938614253, 15.694550651063835 ], [ 73.904806245278991, 15.694931320211678 ], [ 73.904416588448072, 15.695368084364349 ], [ 73.904064020360323, 15.695819051360052 ], [ 73.903864037411751, 15.696353637316568 ], [ 73.903806499419488, 15.697016964083181 ], [ 73.903829631038064, 15.697600175220922 ], [ 73.903753583259373, 15.698254190002222 ], [ 73.903572900614719, 15.698748401297278 ], [ 73.903144912670626, 15.69924793599189 ], [ 73.902144786823797, 15.699932893257536 ], [ 73.900449310149781, 15.700923403641855 ], [ 73.898603117730673, 15.701432689619523 ], [ 73.895992475174495, 15.701907497640295 ], [ 73.894889195783577, 15.701768527149035 ], [ 73.893689532552571, 15.701252984351182 ], [ 73.890700830415767, 15.698044205835414 ], [ 73.889385591736939, 15.69663206728945 ], [ 73.88708444035565, 15.694143680997161 ], [ 73.885939336303437, 15.692905367258524 ], [ 73.884886784776597, 15.691393448877538 ], [ 73.884358912257781, 15.690314449169749 ], [ 73.884282982158382, 15.689260538134524 ], [ 73.884439392324069, 15.688544494337224 ], [ 73.884861889765133, 15.686685009719559 ], [ 73.885397121282779, 15.684208226216674 ], [ 73.885332595295907, 15.68359276469385 ], [ 73.885137455165065, 15.6829842756496 ], [ 73.885936681781772, 15.682318887222392 ], [ 73.88623233620639, 15.682205969021982 ], [ 73.886499815870437, 15.682110700295917 ], [ 73.887020016776745, 15.681956082794294 ], [ 73.887459274984394, 15.681904159883763 ], [ 73.887776425195455, 15.681904522267422 ], [ 73.888070645010558, 15.681886465355459 ], [ 73.888569045601542, 15.681921280996871 ], [ 73.889095663173919, 15.681947485049683 ], [ 73.89005097835944, 15.681998410745969 ], [ 73.890396177566927, 15.681994764424308 ], [ 73.890429035245106, 15.681981704780359 ], [ 73.890637776767662, 15.682052718962758 ], [ 73.890670927296597, 15.682021590314211 ], [ 73.892493257766787, 15.681534625094997 ], [ 73.895485677132214, 15.681653093592288 ], [ 73.895695575684883, 15.681367176666736 ], [ 73.895849025901725, 15.681111953097593 ], [ 73.89585440231869, 15.681066845234604 ], [ 73.895930259654548, 15.680995784870447 ], [ 73.89605156455724, 15.680708443427468 ], [ 73.89619195416816, 15.680394368887141 ], [ 73.896229926853536, 15.680074145394775 ], [ 73.89630525328505, 15.679745447241356 ], [ 73.896341176014943, 15.679547184003148 ], [ 73.896451702032564, 15.679350134875497 ], [ 73.896817935292447, 15.678912949823168 ], [ 73.896922059915354, 15.678824153265458 ], [ 73.89733566762834, 15.678631755690223 ], [ 73.897528075084082, 15.678557932014437 ], [ 73.897763607063396, 15.678412464976189 ], [ 73.897993554216555, 15.678330167868662 ], [ 73.898228649614623, 15.678211803824528 ], [ 73.899631377913934, 15.676005859602162 ], [ 73.899918133627324, 15.67502076881661 ], [ 73.90067442975662, 15.672411835757416 ], [ 73.902989144800358, 15.668625019035124 ], [ 73.904071156576933, 15.667200321236864 ], [ 73.90421922858016, 15.66613181428861 ] ] ] } },
{ "type": "Feature", "properties": { "gp_code": "254448", "gp_name": "MULGAO", "blklgdcode": "5930", "blk_lgdcod": "5930", "blkname": "Bicholim", "dtname": "North Goa", "stname": "GOA" }, "geometry": { "type": "Polygon", "coordinates": [ [ [ 73.942729517025143, 15.618203331267175 ], [ 73.942361355980665, 15.61844865822026 ], [ 73.941610217079443, 15.619212962088259 ], [ 73.941035773201364, 15.619759933059196 ], [ 73.940186481677245, 15.620463897369275 ], [ 73.939671314929768, 15.62093189286718 ], [ 73.938853301845555, 15.621389538570694 ], [ 73.938285108445172, 15.621816606908038 ], [ 73.937181319709495, 15.621919838711086 ], [ 73.935573345232385, 15.622118434666014 ], [ 73.934628323841707, 15.622615773267221 ], [ 73.933998004752951, 15.622839634591648 ], [ 73.933330139678546, 15.623045403283507 ], [ 73.932620034022875, 15.623650141330302 ], [ 73.93229851440627, 15.623919852169115 ], [ 73.931371958784567, 15.624289567223538 ], [ 73.930539655300748, 15.624828018794535 ], [ 73.930127284567888, 15.625057684373376 ], [ 73.929515529164462, 15.624999441166118 ], [ 73.929243308192341, 15.624817419357631 ], [ 73.928791722404057, 15.624738290373678 ], [ 73.92845951103898, 15.624716556846201 ], [ 73.927957230624259, 15.624586641830323 ], [ 73.927373161297879, 15.624549999673238 ], [ 73.926948906752159, 15.624549068804017 ], [ 73.926460612208075, 15.62461941776067 ], [ 73.926275696701794, 15.624690303067235 ], [ 73.924937138656503, 15.625293389941241 ], [ 73.92401161609736, 15.625717521726656 ], [ 73.92249053296274, 15.626358427430388 ], [ 73.921263037229295, 15.627003746648876 ], [ 73.920260098757296, 15.627322812700793 ], [ 73.918979563794508, 15.627506534814868 ], [ 73.916946261284878, 15.627818796022959 ], [ 73.915180295607186, 15.628031195936972 ], [ 73.912933598301834, 15.628276851108847 ], [ 73.911113396838843, 15.628384574736337 ], [ 73.909792793421119, 15.628450031080112 ], [ 73.908980189991524, 15.628523440297613 ], [ 73.908639585666705, 15.627976114671037 ], [ 73.908088550088294, 15.627452563341176 ], [ 73.907625749731977, 15.626672852301358 ], [ 73.907582001777669, 15.62621129078585 ], [ 73.907720549842239, 15.625720942391856 ], [ 73.908043803207349, 15.625341877143885 ], [ 73.908637495287024, 15.624962554254358 ], [ 73.908959030175012, 15.624687323595744 ], [ 73.909338859436687, 15.624330443329404 ], [ 73.909452135197384, 15.624102087595103 ], [ 73.90940847078636, 15.62379474932877 ], [ 73.909267148724197, 15.623509429750342 ], [ 73.908979520746655, 15.623227839331289 ], [ 73.908662940965769, 15.623124084785987 ], [ 73.907742430107618, 15.623240895807189 ], [ 73.907261699378267, 15.622704864153285 ], [ 73.906778241363739, 15.622616112397477 ], [ 73.906320214654869, 15.62239676334258 ], [ 73.906132752424739, 15.622167942608487 ], [ 73.906067584142448, 15.621882344787808 ], [ 73.906018450787997, 15.621461375775992 ], [ 73.906043042168903, 15.621104856707793 ], [ 73.906044889105104, 15.620702734824397 ], [ 73.905833811962822, 15.620211609329765 ], [ 73.905807204762425, 15.618986734960037 ], [ 73.906199365198006, 15.618387330618969 ], [ 73.906636408160153, 15.617892618727442 ], [ 73.907096236889458, 15.617429814111258 ], [ 73.907186442117037, 15.6170471059443 ], [ 73.907189758697044, 15.616559223802836 ], [ 73.907393546909148, 15.616069887903452 ], [ 73.907486282690883, 15.615529148336186 ], [ 73.907389950953075, 15.615148115030582 ], [ 73.907484054868974, 15.614526082390682 ], [ 73.907735934389805, 15.614236253653335 ], [ 73.908080227197189, 15.613993121772456 ], [ 73.908745559920774, 15.613506337180555 ], [ 73.908026213295784, 15.613020850051166 ], [ 73.907270985263366, 15.61301830991575 ], [ 73.906890799370515, 15.613170639254697 ], [ 73.906260437162572, 15.613228659149664 ], [ 73.905844202775697, 15.613023573602302 ], [ 73.905207395155642, 15.612905285970243 ], [ 73.904358848334866, 15.612905846599887 ], [ 73.90307312739796, 15.613130012686984 ], [ 73.902083256718413, 15.61350783218859 ], [ 73.901123906300597, 15.613154213172466 ], [ 73.900089066856225, 15.61257354262038 ], [ 73.899763873130127, 15.612220607209231 ], [ 73.899763325157792, 15.611398307054541 ], [ 73.899581056986662, 15.61085790037208 ], [ 73.899027574397394, 15.610212248265594 ], [ 73.898320141229675, 15.609568893783464 ], [ 73.897723747017608, 15.609261538917027 ], [ 73.896333154059462, 15.608770264021132 ], [ 73.895985186244289, 15.608950028967223 ], [ 73.894863178776305, 15.609994507287363 ], [ 73.893765324311374, 15.609842006013201 ], [ 73.893299837094077, 15.610083387363806 ], [ 73.892752178282819, 15.610504011175811 ], [ 73.890391853975473, 15.612848612187411 ], [ 73.889559758900845, 15.612980342847075 ], [ 73.887379450688243, 15.613163479123346 ], [ 73.887422454837534, 15.612251486929821 ], [ 73.887495162679969, 15.611800784608707 ], [ 73.887651986969018, 15.611337889239415 ], [ 73.887836193704558, 15.610911550909305 ], [ 73.887836641065547, 15.610599815923873 ], [ 73.887651300656131, 15.610244520363981 ], [ 73.887030384233455, 15.610013575021586 ], [ 73.886433719628471, 15.609724169901488 ], [ 73.886204617789986, 15.609481163313154 ], [ 73.886071083223015, 15.609099631668842 ], [ 73.886179824288163, 15.60872176338124 ], [ 73.886595056155173, 15.60814088128423 ], [ 73.887143624061522, 15.607385809273755 ], [ 73.887859969415189, 15.606917998286518 ], [ 73.889372160126797, 15.606534760033417 ], [ 73.890017692184927, 15.606115476924394 ], [ 73.890862943086901, 15.605179728690768 ], [ 73.891394219322322, 15.604163724878012 ], [ 73.892482502237911, 15.604271872150829 ], [ 73.892951502766252, 15.604147069659955 ], [ 73.894074909809447, 15.603862599192176 ], [ 73.895857517676092, 15.603126137685503 ], [ 73.898108517013355, 15.601874991075166 ], [ 73.900832783876609, 15.60006835639914 ], [ 73.903046637876855, 15.599130972993269 ], [ 73.905593136230195, 15.598076066965202 ], [ 73.907885038557296, 15.597242269971112 ], [ 73.909213840000305, 15.596885411156277 ], [ 73.910084742295197, 15.597803144997251 ], [ 73.911239322675371, 15.599179017330201 ], [ 73.911351407270004, 15.599463684641046 ], [ 73.911158350332286, 15.601158418140686 ], [ 73.91105009884896, 15.601742596583779 ], [ 73.910866200235589, 15.60406724312783 ], [ 73.910789830860026, 15.606284550360774 ], [ 73.913835897614234, 15.604726345136156 ], [ 73.915585831957358, 15.603602496062553 ], [ 73.916466199800439, 15.603087608129092 ], [ 73.917281955418346, 15.602576641778345 ], [ 73.917871558366883, 15.602213117111223 ], [ 73.918724902191244, 15.601782888838034 ], [ 73.91993423309134, 15.601241910004598 ], [ 73.920791048005967, 15.600896609695479 ], [ 73.921225749958481, 15.600785361424325 ], [ 73.921950681409626, 15.600772861585618 ], [ 73.922329898020266, 15.600783374878393 ], [ 73.922686488763887, 15.600689790893366 ], [ 73.923305480995253, 15.600312551705512 ], [ 73.923803516870223, 15.599895735612645 ], [ 73.924288625089957, 15.599172671754411 ], [ 73.92483145815153, 15.598393420753215 ], [ 73.925132797115296, 15.597808545781064 ], [ 73.925522427895046, 15.597177860981436 ], [ 73.925775585718497, 15.596536471246898 ], [ 73.925917026358334, 15.596213238745497 ], [ 73.926145302645054, 15.595933774810725 ], [ 73.926545147269607, 15.595572044137239 ], [ 73.927040519639746, 15.595018423282584 ], [ 73.927731498366427, 15.594099572068785 ], [ 73.928162884637203, 15.593592130002643 ], [ 73.928449733775437, 15.593299410301872 ], [ 73.928726781395568, 15.593011256124491 ], [ 73.929086795618716, 15.592705503134139 ], [ 73.929273714368094, 15.592576311958503 ], [ 73.929523384931613, 15.592476369796163 ], [ 73.930340579650647, 15.592246903944057 ], [ 73.931219731174821, 15.592019793931106 ], [ 73.931894498005548, 15.59171595082047 ], [ 73.932329048142776, 15.591312296915994 ], [ 73.933635242583321, 15.589787079660129 ], [ 73.934298623267807, 15.589368040952229 ], [ 73.935190830007997, 15.58832372069104 ], [ 73.935678567596568, 15.587637924172684 ], [ 73.936027358268561, 15.587235233958809 ], [ 73.936247146374157, 15.59042975895812 ], [ 73.936302311915796, 15.591074472204429 ], [ 73.936423069744478, 15.592229148018022 ], [ 73.93668408603007, 15.59377697688034 ], [ 73.936331615858677, 15.59529003983983 ], [ 73.935552431554257, 15.596311722891025 ], [ 73.934871414245805, 15.597062337293632 ], [ 73.934108617907143, 15.598084258979416 ], [ 73.933084769350259, 15.599022690630958 ], [ 73.93184473942361, 15.600140610324528 ], [ 73.931093297790127, 15.600726254753274 ], [ 73.930172049415162, 15.600895075660612 ], [ 73.929873311074132, 15.601113095380835 ], [ 73.927963621239201, 15.602053949626974 ], [ 73.927075970754117, 15.602684359012017 ], [ 73.926733596748207, 15.603060756315291 ], [ 73.927343392925991, 15.604188577921661 ], [ 73.927963584408261, 15.6053905583644 ], [ 73.928497673268865, 15.606336803070935 ], [ 73.928925563296573, 15.606247934348842 ], [ 73.929996009263846, 15.606715752920671 ], [ 73.932137449170753, 15.60817149081497 ], [ 73.933535906879186, 15.609425056144627 ], [ 73.933145631109085, 15.610230053681214 ], [ 73.935511649837011, 15.611356750071726 ], [ 73.936014341680092, 15.61145583776179 ], [ 73.936594433266379, 15.611595834330743 ], [ 73.93695452743961, 15.611891504991442 ], [ 73.937613576447802, 15.6125284049338 ], [ 73.939070892672007, 15.614179583699091 ], [ 73.940545418820349, 15.616047027023583 ], [ 73.941879468221259, 15.617203506286092 ], [ 73.942729517025143, 15.618203331267175 ] ] ] } },
{ "type": "Feature", "properties": { "gp_code": "254456", "gp_name": "NAVELIM", "blklgdcode": "5930", "blk_lgdcod": "5930", "blkname": "Bicholim", "dtname": "North Goa", "stname": "GOA" }, "geometry": { "type": "Polygon", "coordinates": [ [ [ 74.023089313285922, 15.52479785076371 ], [ 74.023000475294225, 15.525117206207197 ], [ 74.02312718266505, 15.525358564112992 ], [ 74.023424005797864, 15.525742382955459 ], [ 74.023616581238556, 15.525939532924491 ], [ 74.023870432561438, 15.526399538399575 ], [ 74.02401492298165, 15.526690737338683 ], [ 74.024093425855995, 15.527035359018283 ], [ 74.024021122255419, 15.527187926904876 ], [ 74.023830486277419, 15.527456118110297 ], [ 74.023580863324568, 15.527628591967392 ], [ 74.02286289830846, 15.527943270048402 ], [ 74.022009571552061, 15.528278572254365 ], [ 74.021610255136935, 15.528485045825599 ], [ 74.020983896720224, 15.528904991830348 ], [ 74.020704598820302, 15.529180850189519 ], [ 74.020682272092245, 15.529415438430433 ], [ 74.020635944176405, 15.529694952926306 ], [ 74.020457683389736, 15.530067346651872 ], [ 74.020319621313732, 15.530254998629401 ], [ 74.020038787294638, 15.530630290820389 ], [ 74.019830600032606, 15.530826008882549 ], [ 74.019507306243341, 15.530943230695531 ], [ 74.019241431868679, 15.530961950901078 ], [ 74.018719779284893, 15.530945216185085 ], [ 74.018196287849705, 15.531041321126224 ], [ 74.017393573074727, 15.531413462286972 ], [ 74.016651349952696, 15.531791012217461 ], [ 74.016429776894611, 15.531950391610733 ], [ 74.01605192572319, 15.532274580228652 ], [ 74.015845781230098, 15.532348331934211 ], [ 74.015286739865843, 15.532037392653587 ], [ 74.015010707341972, 15.532403746960529 ], [ 74.014716038369215, 15.532769880777748 ], [ 74.014460816217223, 15.532996516997384 ], [ 74.014102675879755, 15.533253231847642 ], [ 74.013665540391145, 15.533486245431376 ], [ 74.013403183819136, 15.533572738641196 ], [ 74.012944537272745, 15.533701439784791 ], [ 74.01261795025961, 15.533728142269515 ], [ 74.012199420677192, 15.533667802888647 ], [ 74.011568809635918, 15.533468731967064 ], [ 74.011170123838113, 15.533630021959164 ], [ 74.010428384908025, 15.533686794614612 ], [ 74.009631757117432, 15.533670465175112 ], [ 74.008910534810113, 15.533596537379937 ], [ 74.008608392752492, 15.533546829802825 ], [ 74.008101948646441, 15.533457933078569 ], [ 74.00779530423263, 15.533399275292636 ], [ 74.007167450121003, 15.533317690284509 ], [ 74.006784643842437, 15.533361683859301 ], [ 74.006332138179346, 15.533391118783921 ], [ 74.00587995501138, 15.533402490639507 ], [ 74.00555403095494, 15.533384019055196 ], [ 74.005252208697598, 15.533316336635908 ], [ 74.005026880681626, 15.533127756161456 ], [ 74.004890989833626, 15.532877325594606 ], [ 74.004904690040036, 15.532303811914007 ], [ 74.004774390306366, 15.53170098697518 ], [ 74.004698988416379, 15.531460449208717 ], [ 74.004550384610525, 15.531132907177218 ], [ 74.004385781809447, 15.530638024201265 ], [ 74.004249449888647, 15.530419160322706 ], [ 74.003697551029219, 15.529959225266262 ], [ 74.003404959859708, 15.529597989627412 ], [ 74.003036202333902, 15.529339496773298 ], [ 74.002780082764957, 15.52933120421717 ], [ 74.002540192159898, 15.529472188877456 ], [ 74.00212967375316, 15.529791338012902 ], [ 74.001988612202396, 15.530168808689732 ], [ 74.002018177555016, 15.530661677872198 ], [ 74.002024321133248, 15.530860471077709 ], [ 74.002148039809114, 15.531287034282474 ], [ 74.002186164309791, 15.531825168726126 ], [ 74.002166445390969, 15.532181819323633 ], [ 74.00210078662856, 15.532506082876793 ], [ 74.001877978386943, 15.532746724149497 ], [ 74.001599066762608, 15.532995545900137 ], [ 74.001306113572028, 15.533253188572429 ], [ 74.000975238900054, 15.533550981621911 ], [ 74.000580486824859, 15.533757409234372 ], [ 73.999764121250863, 15.533813054105472 ], [ 73.999234709019603, 15.534336691755499 ], [ 73.998400991587573, 15.534849291247758 ], [ 73.997054573283549, 15.533814888969975 ], [ 73.996556258930823, 15.533410268922575 ], [ 73.996682124580232, 15.532960944715475 ], [ 73.996914868188881, 15.531558005372647 ], [ 73.997045084379209, 15.530720639367363 ], [ 73.995667480161757, 15.530564026942891 ], [ 73.994683079323963, 15.527736563973303 ], [ 73.995249358414455, 15.527427425827703 ], [ 73.994539151249128, 15.526486810099795 ], [ 73.993573515319326, 15.52542896693174 ], [ 73.991476782767478, 15.523424218657883 ], [ 73.989245914675735, 15.521031823358301 ], [ 73.986872121927334, 15.518708171239735 ], [ 73.987754053737291, 15.518337304639408 ], [ 73.989312813113258, 15.517597097170402 ], [ 73.989845650620666, 15.517193965249273 ], [ 73.990164230051334, 15.51679666217855 ], [ 73.99220374980105, 15.515412990612829 ], [ 73.995796092859294, 15.51307217983954 ], [ 73.996574791175149, 15.512157625726012 ], [ 73.997263545673135, 15.511029503935466 ], [ 73.997696309061268, 15.509892901732028 ], [ 73.998246103168, 15.508713035409396 ], [ 73.998542787061922, 15.507045965684043 ], [ 73.998933962045655, 15.504991686212426 ], [ 73.999067769700474, 15.503904994896862 ], [ 73.999773929955438, 15.501674710655459 ], [ 74.001798040903068, 15.499676333084562 ], [ 74.002325095954987, 15.49921560929632 ], [ 74.002758729810637, 15.498976230857737 ], [ 74.003271683109219, 15.498759593612192 ], [ 74.003877859974764, 15.498479617379893 ], [ 74.004348744270246, 15.498344227026282 ], [ 74.005071492815247, 15.498172908582289 ], [ 74.00595264937914, 15.497983462369884 ], [ 74.006050581016467, 15.49796545506759 ], [ 74.00831627858841, 15.497704310053798 ], [ 74.00993868629719, 15.497483539705778 ], [ 74.012265142321667, 15.497073361895236 ], [ 74.013174291288124, 15.496938153273799 ], [ 74.014171990785385, 15.496771355858824 ], [ 74.01414379356693, 15.497151014706692 ], [ 74.014078280331574, 15.497715934915435 ], [ 74.014133847420084, 15.49841198497386 ], [ 74.014306138003406, 15.498818881914747 ], [ 74.014459779561378, 15.499311522989434 ], [ 74.014492621069863, 15.499515375796637 ], [ 74.014613794818544, 15.499646508138547 ], [ 74.014984481925566, 15.500599276004239 ], [ 74.015729650623427, 15.501802927894644 ], [ 74.016287062443737, 15.502502333229383 ], [ 74.016915752886916, 15.503415179803799 ], [ 74.017792070226335, 15.504575542707423 ], [ 74.018718598000262, 15.505804478684905 ], [ 74.019457220674667, 15.506836359638889 ], [ 74.019780783060199, 15.507297384109496 ], [ 74.020668482054305, 15.508331498665422 ], [ 74.021130116397345, 15.5088985038402 ], [ 74.022113446443342, 15.510078551744947 ], [ 74.022474082300661, 15.510553659209448 ], [ 74.022080751360249, 15.510972562311766 ], [ 74.021385455330346, 15.511332726927593 ], [ 74.02117737496782, 15.511532932367942 ], [ 74.021668997769993, 15.511973878426639 ], [ 74.02176548761129, 15.512354832820671 ], [ 74.022100967047393, 15.512951554759832 ], [ 74.022078855016673, 15.513470759896848 ], [ 74.021831729380338, 15.513774309956951 ], [ 74.021746498124486, 15.514459757895469 ], [ 74.021773668568557, 15.515399808704425 ], [ 74.021859025588569, 15.516191616724008 ], [ 74.021741805325448, 15.516835947095986 ], [ 74.021565105810751, 15.517402531613961 ], [ 74.020720294184954, 15.518383975145948 ], [ 74.020436536149631, 15.518949018170909 ], [ 74.020265343307614, 15.519465989783221 ], [ 74.020303344739091, 15.520604975812685 ], [ 74.020403941677856, 15.521022136057713 ], [ 74.020761760418466, 15.521682432917853 ], [ 74.02069575310972, 15.522322983596125 ], [ 74.020566277131167, 15.523450526919191 ], [ 74.020861435685788, 15.523644607260337 ], [ 74.0216717538013, 15.523968257585024 ], [ 74.022184219314667, 15.524572138585762 ], [ 74.022340887296863, 15.524687425143203 ], [ 74.022576039288793, 15.524844498170275 ], [ 74.023089313285922, 15.52479785076371 ] ] ] } },
{ "type": "Feature", "properties": { "gp_code": "254464", "gp_name": "PALE, COTOMBI", "blklgdcode": "5930", "blk_lgdcod": "5930", "blkname": "Bicholim", "dtname": "North Goa", "stname": "GOA" }, "geometry": { "type": "Polygon", "coordinates": [ [ [ 74.030308790255091, 15.490517677087357 ], [ 74.029618758352726, 15.490870009180259 ], [ 74.028873233023717, 15.490114921690113 ], [ 74.027712161417298, 15.49083770278342 ], [ 74.026947835247711, 15.490254428571655 ], [ 74.025890231595739, 15.488902618404737 ], [ 74.024944284940275, 15.488129409089746 ], [ 74.024599492669637, 15.487776691420592 ], [ 74.024217260414531, 15.487546107326489 ], [ 74.023145242395501, 15.487333224748596 ], [ 74.022441462676042, 15.487197467829391 ], [ 74.022460424315085, 15.486469801847539 ], [ 74.022488626923419, 15.4857782980731 ], [ 74.022628753327965, 15.485127455078645 ], [ 74.022885535853604, 15.484101631316681 ], [ 74.0230862212847, 15.483608991219327 ], [ 74.023142241124162, 15.483333374113357 ], [ 74.023142381261351, 15.483179678698249 ], [ 74.023142513313687, 15.482985276377759 ], [ 74.023133256174674, 15.482822613618936 ], [ 74.023114680811247, 15.48265993428357 ], [ 74.022956287165414, 15.482343455763454 ], [ 74.022788639075486, 15.481773958040172 ], [ 74.022830878758469, 15.481430418302363 ], [ 74.022928847226723, 15.481082417788256 ], [ 74.022947649863951, 15.480824894416457 ], [ 74.023008295128761, 15.480634990787532 ], [ 74.023157615790225, 15.480345874778404 ], [ 74.023316116335593, 15.480079315758978 ], [ 74.023600681058042, 15.479663515138775 ], [ 74.023749866972238, 15.479482824407016 ], [ 74.02398775163924, 15.479374417683795 ], [ 74.024202104937402, 15.479220869098715 ], [ 74.024561140895202, 15.479058304670467 ], [ 74.025111192818386, 15.47882802771487 ], [ 74.025530907278721, 15.478724181330302 ], [ 74.026071523298157, 15.4786385421337 ], [ 74.027572570408694, 15.478539560212422 ], [ 74.028243724215329, 15.47858961520441 ], [ 74.028593393439678, 15.4785399229549 ], [ 74.029292535157325, 15.478485889902947 ], [ 74.029777387357186, 15.478418388608423 ], [ 74.029987171823805, 15.478377726794502 ], [ 74.030252929417458, 15.478350684709932 ], [ 74.030509233141046, 15.478341782360737 ], [ 74.030695751241808, 15.478310202955559 ], [ 74.030905505165705, 15.478283139218803 ], [ 74.031022034624371, 15.478233439969783 ], [ 74.031161840330327, 15.478170186756376 ], [ 74.03127842099299, 15.478093473931319 ], [ 74.031390343890848, 15.477994117751269 ], [ 74.031516332609471, 15.477831359299874 ], [ 74.031558281238262, 15.477754500039635 ], [ 74.031595520000081, 15.477632541020357 ], [ 74.031637644698691, 15.477469803927988 ], [ 74.031656273961048, 15.47733430285408 ], [ 74.031665665847328, 15.477207732659171 ], [ 74.03169835823546, 15.477054100220851 ], [ 74.03164710755189, 15.476760203779071 ], [ 74.031549377137168, 15.476547817425518 ], [ 74.031470234662351, 15.476222381230802 ], [ 74.031409737619526, 15.475982867088307 ], [ 74.031223401876758, 15.475702492938986 ], [ 74.03082733466799, 15.475345410626206 ], [ 74.030687581064313, 15.475159956241407 ], [ 74.030393984679989, 15.474952021657495 ], [ 74.030165638324675, 15.474825353041593 ], [ 74.029918665401937, 15.474694174656957 ], [ 74.029461910707511, 15.474558478703235 ], [ 74.029275457285422, 15.474472502736999 ], [ 74.02896796576033, 15.474386569156882 ], [ 74.028711547052339, 15.474318616334354 ], [ 74.027280870367946, 15.473825514870903 ], [ 74.026605137848307, 15.473409458406907 ], [ 74.026283696385107, 15.472753972400168 ], [ 74.027219439975568, 15.471130893971234 ], [ 74.027342503779565, 15.470996243257497 ], [ 74.027580441447199, 15.470630184346135 ], [ 74.027739016552729, 15.470363540087588 ], [ 74.028074718771038, 15.470047410713079 ], [ 74.028289161002391, 15.469798853379608 ], [ 74.028666914257457, 15.469491662235493 ], [ 74.02906316741749, 15.469202573947241 ], [ 74.0293382432356, 15.469030891980159 ], [ 74.029697254938895, 15.468818578212412 ], [ 74.030424471704123, 15.468452737954934 ], [ 74.031039858996223, 15.468186343698887 ], [ 74.031552603885672, 15.467996592104699 ], [ 74.032065452081383, 15.467707543286304 ], [ 74.032662122974571, 15.467477336816723 ], [ 74.033254215154727, 15.46718816433251 ], [ 74.033986106752678, 15.466826881272402 ], [ 74.034144679163276, 15.466646115265998 ], [ 74.034829591566833, 15.467215838164154 ], [ 74.035920105897574, 15.467568662743801 ], [ 74.036936033110237, 15.467993896072231 ], [ 74.037425432582069, 15.46821998519798 ], [ 74.038296902612259, 15.468414575410513 ], [ 74.038898117184146, 15.468591036969132 ], [ 74.039387716980301, 15.468202530267439 ], [ 74.040934922225048, 15.46896222659911 ], [ 74.04188090032153, 15.469509317916398 ], [ 74.041517230853486, 15.470083257889719 ], [ 74.041661326014932, 15.471122785217796 ], [ 74.041824301068715, 15.471705923772506 ], [ 74.041842568310031, 15.472745403127067 ], [ 74.04182377285936, 15.473346549155426 ], [ 74.04151555819044, 15.475091015854055 ], [ 74.041296249785177, 15.475759876286913 ], [ 74.04098844295136, 15.476537181782872 ], [ 74.040549935735328, 15.477296347993061 ], [ 74.039351242684816, 15.479456340862757 ], [ 74.038260089651914, 15.480866217162593 ], [ 74.037168918652696, 15.481855695870541 ], [ 74.035947330240532, 15.482772819365959 ], [ 74.03536873524753, 15.484499091631088 ], [ 74.035419897896219, 15.485027923075727 ], [ 74.035368369633176, 15.48546628270452 ], [ 74.035237651284604, 15.486103559080155 ], [ 74.034020443057798, 15.487752953192258 ], [ 74.033167145047528, 15.48828141012773 ], [ 74.033073884649653, 15.488317556272031 ], [ 74.031255349561533, 15.489690952711566 ], [ 74.030308790255091, 15.490517677087357 ] ] ] } },
{ "type": "Feature", "properties": { "gp_code": "254464", "gp_name": "PALE, COTOMBI", "blklgdcode": "5930", "blk_lgdcod": "5930", "blkname": "Bicholim", "dtname": "North Goa", "stname": "GOA" }, "geometry": { "type": "Polygon", "coordinates": [ [ [ 74.081065204605679, 15.480205125820492 ], [ 74.079363677778247, 15.481149583178865 ], [ 74.078254309606322, 15.481840893790395 ], [ 74.077638870211899, 15.48220706878867 ], [ 74.077265987622326, 15.482627308886027 ], [ 74.076711224035449, 15.483011472918559 ], [ 74.076212476694764, 15.483223867353775 ], [ 74.074944472331879, 15.483648474636059 ], [ 74.074310417149832, 15.483992064364083 ], [ 74.073914219685349, 15.484281196053981 ], [ 74.073410696900638, 15.484904835133845 ], [ 74.073261425646479, 15.485433680258 ], [ 74.072776441394268, 15.486378162221285 ], [ 74.072459460964794, 15.486839194245301 ], [ 74.072011852018264, 15.487557755267529 ], [ 74.071713438867434, 15.488109172633237 ], [ 74.071438252556561, 15.488674043970304 ], [ 74.0709720511786, 15.489306781176476 ], [ 74.07068304428708, 15.489645738732753 ], [ 74.07046849156292, 15.49014289804229 ], [ 74.070426569883566, 15.490269423097255 ], [ 74.070198048356744, 15.490789104236693 ], [ 74.070020824225949, 15.491096391013269 ], [ 74.069950901160837, 15.491299811292542 ], [ 74.069834322294852, 15.491589129273342 ], [ 74.0697641962105, 15.492117926136737 ], [ 74.06977358091028, 15.492348317280163 ], [ 74.06979213830742, 15.49265574890369 ], [ 74.069820087590841, 15.49303083503537 ], [ 74.069871248442908, 15.49353255002168 ], [ 74.069871174781085, 15.494047872971423 ], [ 74.069861755046986, 15.494318933636206 ], [ 74.069871174781085, 15.494472656263442 ], [ 74.069889741161347, 15.494617351606124 ], [ 74.070020264575518, 15.494743892101306 ], [ 74.070267311160123, 15.494983439919055 ], [ 74.070556249779671, 15.495376758756777 ], [ 74.070863858085772, 15.495810634823243 ], [ 74.071031668770729, 15.49624911701966 ], [ 74.071180782819695, 15.496511225619159 ], [ 74.071138842275715, 15.496701005593883 ], [ 74.071147990718543, 15.497329247985762 ], [ 74.071162360169865, 15.497611819276074 ], [ 74.071017461914536, 15.497496543567379 ], [ 74.070509349637007, 15.497180097280276 ], [ 74.069455929439314, 15.496492916073715 ], [ 74.068435139645985, 15.495557185423747 ], [ 74.067474986134329, 15.494815836722982 ], [ 74.066729200293878, 15.494250808168985 ], [ 74.065559247942545, 15.493396345292743 ], [ 74.06488809683087, 15.492795142398572 ], [ 74.064230855233021, 15.492248163734839 ], [ 74.063596986900535, 15.491597250209715 ], [ 74.062739437164041, 15.490783516255787 ], [ 74.062068245628126, 15.490272743863839 ], [ 74.061159367054614, 15.489761850745172 ], [ 74.060702634818057, 15.489445384824862 ], [ 74.059868352345703, 15.488807969849637 ], [ 74.059066638293984, 15.488229290205638 ], [ 74.058288311880673, 15.487768121038343 ], [ 74.05742602083609, 15.487252737418551 ], [ 74.057300414799812, 15.48606857172426 ], [ 74.057375204038777, 15.48543583672906 ], [ 74.057375239073068, 15.485169053125476 ], [ 74.057184242870633, 15.484423310058968 ], [ 74.056499369094624, 15.483135103924569 ], [ 74.053595753584929, 15.481114152600451 ], [ 74.050943876560552, 15.479545300659677 ], [ 74.048800480122978, 15.476914329907757 ], [ 74.048800929280603, 15.475223948857774 ], [ 74.047197765281851, 15.474287985178972 ], [ 74.046624476637191, 15.474057392109662 ], [ 74.045552762248718, 15.47290909367042 ], [ 74.044244044440561, 15.469627532067772 ], [ 74.044856214865632, 15.46447083821157 ], [ 74.044474262884918, 15.463254922354098 ], [ 74.044092310005894, 15.462567806807975 ], [ 74.043798905861067, 15.462124811656238 ], [ 74.043290999297724, 15.461650108068813 ], [ 74.043491417030893, 15.461523620926023 ], [ 74.043454287863568, 15.461311180846121 ], [ 74.043435620871946, 15.461279566808175 ], [ 74.043253806350037, 15.461279501006901 ], [ 74.043239842937268, 15.461297547000617 ], [ 74.043128015260791, 15.461311121105496 ], [ 74.043002184645687, 15.461030791157004 ], [ 74.042857775972195, 15.46062411599552 ], [ 74.04238268935778, 15.460167459390238 ], [ 74.042312721376916, 15.460095133884952 ], [ 74.042890866313996, 15.459263694824832 ], [ 74.04292827485736, 15.459001563280495 ], [ 74.043222199126774, 15.458224264681364 ], [ 74.043637651979367, 15.455756702855416 ], [ 74.043894156027278, 15.455386194346042 ], [ 74.044057564069021, 15.454360327970001 ], [ 74.044095087596745, 15.453849507251791 ], [ 74.044113889335662, 15.453284621402933 ], [ 74.044566060825488, 15.452706207833911 ], [ 74.045004302140214, 15.452317692120536 ], [ 74.045531182918978, 15.451644324576234 ], [ 74.045932146844365, 15.451115649430399 ], [ 74.045894932337092, 15.450754088110827 ], [ 74.045732083945751, 15.450012827421938 ], [ 74.045531758739074, 15.449429742091267 ], [ 74.045657670202559, 15.449185755986361 ], [ 74.045932787343148, 15.448815284218909 ], [ 74.046114688103344, 15.448476308296836 ], [ 74.046259183913421, 15.448159982740664 ], [ 74.046333981237254, 15.447685378774725 ], [ 74.04670694916679, 15.447269727849198 ], [ 74.046157611404254, 15.445389456392656 ], [ 74.046702931002542, 15.445037092789883 ], [ 74.047709654076812, 15.444513090380665 ], [ 74.049182485104282, 15.44395762842298 ], [ 74.051177337923122, 15.443067621315731 ], [ 74.052598882334351, 15.442647648167073 ], [ 74.052850525598274, 15.442629664625011 ], [ 74.053353901059282, 15.442647819612073 ], [ 74.053679982320915, 15.442873815168918 ], [ 74.053931656127531, 15.443136096990965 ], [ 74.054038649969456, 15.443728115113601 ], [ 74.05407118784737, 15.443886326791056 ], [ 74.054159435645929, 15.445282876999304 ], [ 74.054089373341967, 15.445807138956326 ], [ 74.053893492999308, 15.446783293242646 ], [ 74.053781286233828, 15.447845377169978 ], [ 74.053729764259003, 15.448911958116691 ], [ 74.053529080624529, 15.450132234587809 ], [ 74.052703730101058, 15.451808802398647 ], [ 74.052395941233584, 15.45259055471135 ], [ 74.051929666193757, 15.453426599969061 ], [ 74.051785127264552, 15.453670651215162 ], [ 74.051230332236642, 15.454339431909096 ], [ 74.050941278632735, 15.45486358437967 ], [ 74.050796516921338, 15.455857914787064 ], [ 74.051029288377777, 15.456517805048742 ], [ 74.051588466285907, 15.457250119302296 ], [ 74.052236105791692, 15.457738361422438 ], [ 74.05270210774367, 15.458086550965167 ], [ 74.053671484258317, 15.458488851802269 ], [ 74.054281970342259, 15.458823515168291 ], [ 74.05509279780253, 15.459067721965638 ], [ 74.056099437333515, 15.459275858651358 ], [ 74.057143432407258, 15.459587917831277 ], [ 74.058704771744715, 15.459678647229053 ], [ 74.059841986792136, 15.459764694274071 ], [ 74.060755509655678, 15.459800970076012 ], [ 74.061888084006313, 15.459850943883312 ], [ 74.062107042068632, 15.459765072634053 ], [ 74.062302848749425, 15.45957530899514 ], [ 74.062428814111826, 15.459240862431322 ], [ 74.062592032609047, 15.459014902034021 ], [ 74.063090779051407, 15.458612737285844 ], [ 74.063687416706955, 15.458350742582976 ], [ 74.064726853728942, 15.457966755299935 ], [ 74.065411975439929, 15.457844812330972 ], [ 74.066078493041417, 15.457862927023676 ], [ 74.066600396255154, 15.458125195076429 ], [ 74.067136260186757, 15.45858169514131 ], [ 74.067551077032149, 15.459051867156242 ], [ 74.068016942440181, 15.459711763696122 ], [ 74.068324424982151, 15.460638256383376 ], [ 74.068394252825826, 15.461424714804512 ], [ 74.068342817089288, 15.462084563092933 ], [ 74.068091047162909, 15.462572681265396 ], [ 74.06722865910028, 15.463657279820328 ], [ 74.066920918741815, 15.464339605647265 ], [ 74.066524522749646, 15.465279697365915 ], [ 74.066328666661505, 15.466224242745744 ], [ 74.066272540820862, 15.467182349745199 ], [ 74.066649855698088, 15.468316884667226 ], [ 74.066705695874461, 15.468927006048776 ], [ 74.066775528209689, 15.46923889138473 ], [ 74.06738610143023, 15.469519205027751 ], [ 74.067693663922242, 15.469623221393402 ], [ 74.068285672559099, 15.469605150152059 ], [ 74.068863675562369, 15.469311514985543 ], [ 74.069921813711957, 15.468927510795057 ], [ 74.070425181986451, 15.468421364827174 ], [ 74.070984696762835, 15.467829347118863 ], [ 74.071777161760409, 15.467006898219491 ], [ 74.072224618891624, 15.466713126037504 ], [ 74.072784086955622, 15.466030747425828 ], [ 74.073194354732408, 15.465420584610236 ], [ 74.073860839994538, 15.464670474318954 ], [ 74.074345688601127, 15.46397446223353 ], [ 74.074886389960554, 15.463626535399847 ], [ 74.075389867829514, 15.463414169337927 ], [ 74.075748725920917, 15.463242353567875 ], [ 74.076089034700004, 15.462962272985761 ], [ 74.076359456346623, 15.462664005026413 ], [ 74.076522531113412, 15.462401881248024 ], [ 74.076685752305579, 15.462053881642627 ], [ 74.076844290580169, 15.461583853238224 ], [ 74.07690483433538, 15.461403061010424 ], [ 74.076932903993054, 15.461335210420808 ], [ 74.077277833705978, 15.460991794338398 ], [ 74.078294148092539, 15.460465757784544 ], [ 74.078785230108934, 15.460956033900331 ], [ 74.079175940663646, 15.461304857865743 ], [ 74.079525011610031, 15.461635024023067 ], [ 74.079974173743636, 15.462124707759934 ], [ 74.080460052717882, 15.462651044862593 ], [ 74.080885055560273, 15.463199112158147 ], [ 74.081230415566196, 15.463777679117445 ], [ 74.081540751157505, 15.46420668037298 ], [ 74.081954424447545, 15.464578406861341 ], [ 74.082424863178673, 15.464892206950422 ], [ 74.083090365683873, 15.465244888304969 ], [ 74.083801162144013, 15.465372333335056 ], [ 74.084971334582562, 15.465619167004027 ], [ 74.085780542380377, 15.46570733189475 ], [ 74.086929996973538, 15.465782200854616 ], [ 74.087762223202191, 15.465888749792247 ], [ 74.088824411855398, 15.466192768849208 ], [ 74.090451489905334, 15.466726055644717 ], [ 74.090767036623603, 15.466807275619706 ], [ 74.091119439421362, 15.466916115756019 ], [ 74.095398950552863, 15.468034012754627 ], [ 74.094834962166331, 15.469692784359575 ], [ 74.094648516829125, 15.469981999231461 ], [ 74.094438779973203, 15.4702712465985 ], [ 74.094121806730271, 15.470723247341624 ], [ 74.093842089317107, 15.471238470415948 ], [ 74.093534454061526, 15.471776339680241 ], [ 74.093296746362626, 15.472160514335737 ], [ 74.093007702640151, 15.472707319292203 ], [ 74.092639473323743, 15.47335365960561 ], [ 74.092452998342125, 15.473688137053124 ], [ 74.092215270880288, 15.474004458259087 ], [ 74.091949586948473, 15.474352460288461 ], [ 74.091609297034026, 15.474786422886446 ], [ 74.091315632377743, 15.475292593980953 ], [ 74.090812190441383, 15.475708367023421 ], [ 74.090257488838276, 15.475843973051449 ], [ 74.089763404652217, 15.47595693630687 ], [ 74.08851421011309, 15.476205487976893 ], [ 74.087940900807169, 15.476264208758801 ], [ 74.087386185729343, 15.476381736846934 ], [ 74.086752232056909, 15.476458576705012 ], [ 74.086057722052885, 15.476765856203754 ], [ 74.084990307001362, 15.477362429842112 ], [ 74.084435568567315, 15.477805292829384 ], [ 74.083880772641123, 15.478551002616006 ], [ 74.083521793277185, 15.479111450198177 ], [ 74.083307377995254, 15.479649262639814 ], [ 74.083204819135901, 15.480015360139053 ], [ 74.083106853362608, 15.480205159583836 ], [ 74.082771207738176, 15.480168964406728 ], [ 74.082216587881732, 15.480092149301228 ], [ 74.081065204605679, 15.480205125820492 ] ] ] } },
{ "type": "Feature", "properties": { "gp_code": "254472", "gp_name": "PILIGAO", "blklgdcode": "5930", "blk_lgdcod": "5930", "blkname": "Bicholim", "dtname": "North Goa", "stname": "GOA" }, "geometry": { "type": "Polygon", "coordinates": [ [ [ 73.9663534518928, 15.565177466776932 ], [ 73.965529645573298, 15.565442846259195 ], [ 73.96495885514345, 15.56584323142946 ], [ 73.964725447679811, 15.566134544216712 ], [ 73.964303376938503, 15.566538378249144 ], [ 73.96385561887169, 15.566903521975513 ], [ 73.963418858878825, 15.567245064047588 ], [ 73.963005147859576, 15.56746568441215 ], [ 73.962527299823975, 15.56774002779766 ], [ 73.961583671720305, 15.567982035833435 ], [ 73.961202229982675, 15.568088376252591 ], [ 73.960863339643396, 15.568329683804581 ], [ 73.960249865762833, 15.568054752762068 ], [ 73.959659784910571, 15.567840597262096 ], [ 73.958953065005232, 15.567497135943979 ], [ 73.95846184015673, 15.567334037048402 ], [ 73.957531489152942, 15.567133383908379 ], [ 73.956615491430767, 15.567093501962002 ], [ 73.955566753252313, 15.566869229365546 ], [ 73.954369460675352, 15.566512192314985 ], [ 73.953960499048975, 15.566287316790152 ], [ 73.953290629833191, 15.566043951595995 ], [ 73.952654766342462, 15.565885027810845 ], [ 73.951546569573694, 15.565755450260676 ], [ 73.950660221645776, 15.565810487650806 ], [ 73.949874126601898, 15.566408147759951 ], [ 73.948900733719583, 15.567083815962045 ], [ 73.948472257092007, 15.567394543097585 ], [ 73.947934836380028, 15.567697422681915 ], [ 73.947829546642197, 15.567620544110557 ], [ 73.947100046359523, 15.567426796829833 ], [ 73.946170777825671, 15.567251099944789 ], [ 73.945422188343215, 15.567116785397516 ], [ 73.944790138200901, 15.566952614015731 ], [ 73.944154748122344, 15.566770822835144 ], [ 73.943635446429624, 15.566587277400284 ], [ 73.943315375795578, 15.566328090219292 ], [ 73.943016275433521, 15.565932603970928 ], [ 73.942887333952584, 15.565607416915588 ], [ 73.942660901008821, 15.564806444976744 ], [ 73.942570400235496, 15.56457143320565 ], [ 73.942479897665592, 15.564336420300677 ], [ 73.94235368885974, 15.563617777116109 ], [ 73.942214388006946, 15.562362540663736 ], [ 73.942192313705476, 15.56148386522476 ], [ 73.94227809473027, 15.560017269821863 ], [ 73.942348636734565, 15.559691596584349 ], [ 73.942510900322688, 15.559300563016247 ], [ 73.94281887064983, 15.558288056121077 ], [ 73.94318219875808, 15.557573331121946 ], [ 73.943802392935268, 15.556661574989544 ], [ 73.944231908913665, 15.55602005707663 ], [ 73.94420670039014, 15.555379182761182 ], [ 73.944037485638404, 15.5548494420491 ], [ 73.943883095783775, 15.554659879137017 ], [ 73.943667124619807, 15.554145118668432 ], [ 73.943417969689222, 15.553848189652442 ], [ 73.943303368913504, 15.553710962876583 ], [ 73.943309129809421, 15.553511513230742 ], [ 73.94338423525538, 15.553263845633246 ], [ 73.943557994584154, 15.553039847013384 ], [ 73.943784838956319, 15.552673774317535 ], [ 73.943748240693338, 15.552180853075406 ], [ 73.94376626898277, 15.55169336813109 ], [ 73.94375973194245, 15.551469096923492 ], [ 73.94387332480845, 15.551314944240534 ], [ 73.944026967264747, 15.551235980787963 ], [ 73.944285489827095, 15.551266998624406 ], [ 73.944529933094017, 15.551226365872195 ], [ 73.944746807064845, 15.55116314194802 ], [ 73.946638968971982, 15.550462445097859 ], [ 73.946500860183548, 15.549845132252919 ], [ 73.947088680874543, 15.549464402039177 ], [ 73.947940852397494, 15.547853308006921 ], [ 73.949253382655741, 15.548280036816974 ], [ 73.951156335126043, 15.54847594235904 ], [ 73.952373818237376, 15.5478302629851 ], [ 73.955723548795248, 15.545870464325761 ], [ 73.95676764987023, 15.544991706371579 ], [ 73.958277527419995, 15.542963446767859 ], [ 73.96221252116527, 15.538794235687996 ], [ 73.963062393899364, 15.538106761169956 ], [ 73.964228416121301, 15.537460254777756 ], [ 73.965125735173785, 15.536723776103669 ], [ 73.965254857216109, 15.536520983061394 ], [ 73.965789099688621, 15.537804757192763 ], [ 73.966229805980475, 15.538751197033351 ], [ 73.966602006748758, 15.539384334653059 ], [ 73.966726332685781, 15.539885383921552 ], [ 73.966792764897662, 15.540328512676712 ], [ 73.966784775281511, 15.540827570792967 ], [ 73.966665220297003, 15.541530053864367 ], [ 73.966560580939444, 15.542307518568526 ], [ 73.966716417081656, 15.543267701175141 ], [ 73.966940396726415, 15.544564711976536 ], [ 73.967450320007529, 15.545619619981153 ], [ 73.968019047905486, 15.546292275431881 ], [ 73.968787129032975, 15.546852985695823 ], [ 73.969885008650749, 15.547380336718017 ], [ 73.970893378336939, 15.547740312255009 ], [ 73.971772527166152, 15.54794508563738 ], [ 73.972337294392034, 15.548042963730275 ], [ 73.973349165711213, 15.548408461352411 ], [ 73.973369312228087, 15.548694532619454 ], [ 73.97352981062663, 15.549872853858265 ], [ 73.973622992871043, 15.550634102636856 ], [ 73.973915540921425, 15.55144986711324 ], [ 73.9735039130953, 15.552096202379781 ], [ 73.973190825964281, 15.552532096751264 ], [ 73.972881939355531, 15.552913749024485 ], [ 73.972561566887549, 15.553266679885102 ], [ 73.972134912043344, 15.553806173606047 ], [ 73.971644920581738, 15.554252755709555 ], [ 73.971204348138826, 15.554632474918041 ], [ 73.970916995944052, 15.554905925000762 ], [ 73.970889505699759, 15.555120475611576 ], [ 73.970977443579542, 15.555386869346201 ], [ 73.971204263697203, 15.555814865078775 ], [ 73.971631517717697, 15.556265134653936 ], [ 73.972136440077634, 15.55658877960888 ], [ 73.972649718566359, 15.557099851670808 ], [ 73.972783846919739, 15.557357253035166 ], [ 73.972831279763383, 15.557686840717937 ], [ 73.972914622760499, 15.558032950097269 ], [ 73.972915828299634, 15.558368186887748 ], [ 73.972757402314414, 15.55863467420863 ], [ 73.972253080029077, 15.558684569580258 ], [ 73.971959778292188, 15.558705661050128 ], [ 73.971699415081815, 15.558730485842414 ], [ 73.971432912784778, 15.558927712419306 ], [ 73.971243356581752, 15.559253647349779 ], [ 73.971038265812496, 15.559732688054682 ], [ 73.970763239401734, 15.560577638085823 ], [ 73.970623543290202, 15.561083209357385 ], [ 73.97036047615083, 15.561890204155089 ], [ 73.97014575544172, 15.562358803078171 ], [ 73.969853387952725, 15.562737624641354 ], [ 73.969421726797464, 15.562986638618014 ], [ 73.968527531187235, 15.563330785924283 ], [ 73.968227694206632, 15.563334065707195 ], [ 73.967726594178245, 15.563588381992226 ], [ 73.967618363356166, 15.563922828297033 ], [ 73.967533353984223, 15.564298364616507 ], [ 73.967335825233022, 15.564644511335082 ], [ 73.966958990056142, 15.564951791055178 ], [ 73.9663534518928, 15.565177466776932 ] ] ] } },
{ "type": "Feature", "properties": { "gp_code": "254485", "gp_name": "SALEM", "blklgdcode": "5930", "blk_lgdcod": "5930", "blkname": "Bicholim", "dtname": "North Goa", "stname": "GOA" }, "geometry": { "type": "Polygon", "coordinates": [ [ [ 73.962746696264134, 15.693774678626673 ], [ 73.962684655915652, 15.693866964307372 ], [ 73.962677261882575, 15.693875795052866 ], [ 73.96235587521663, 15.694261522957559 ], [ 73.962056537699326, 15.69471643339962 ], [ 73.96154098467629, 15.694958230017832 ], [ 73.961116298939231, 15.69509755540448 ], [ 73.96117948014809, 15.695660952109087 ], [ 73.961067399146742, 15.695841434589855 ], [ 73.960638337715864, 15.696633297056374 ], [ 73.960467850949698, 15.697002540725395 ], [ 73.96035411255663, 15.697098375002604 ], [ 73.959953929267243, 15.697435567914374 ], [ 73.959468974659401, 15.697803017379192 ], [ 73.959091454966313, 15.698089059149632 ], [ 73.959192269297404, 15.698237583956114 ], [ 73.959817747365079, 15.699097849219761 ], [ 73.959526384192571, 15.699984889410695 ], [ 73.959225525827506, 15.700057080372106 ], [ 73.958980050396335, 15.699828143345382 ], [ 73.95881316228116, 15.699623595217629 ], [ 73.95826576487967, 15.699026726817397 ], [ 73.957653934916038, 15.699019586123727 ], [ 73.957594774566402, 15.699392980850485 ], [ 73.957535024023557, 15.699898630704077 ], [ 73.957468365436227, 15.700311136106327 ], [ 73.95711786706687, 15.700500398229677 ], [ 73.956243268204588, 15.700259434068283 ], [ 73.956271410625789, 15.700040217627109 ], [ 73.956154055615414, 15.699529796143469 ], [ 73.955351932830212, 15.699324894011673 ], [ 73.955039937152279, 15.699838336759685 ], [ 73.954882726587641, 15.699891463232094 ], [ 73.954723724782355, 15.699753032732188 ], [ 73.954110700957756, 15.699470999063909 ], [ 73.9539157198287, 15.699366166758061 ], [ 73.952940480908495, 15.699526867921477 ], [ 73.952438275053936, 15.699269435880542 ], [ 73.952318702103113, 15.698801340390908 ], [ 73.95214129291935, 15.69822901976044 ], [ 73.951863694631925, 15.697828185943932 ], [ 73.952037879762159, 15.697209049418719 ], [ 73.951571689163998, 15.696522189920019 ], [ 73.951522723794469, 15.696450047001321 ], [ 73.950857530309747, 15.69647285565115 ], [ 73.950438606366859, 15.697066919156237 ], [ 73.950327459613391, 15.697224531292377 ], [ 73.949864148115736, 15.69732831135849 ], [ 73.949378413770248, 15.697195489157497 ], [ 73.948933448565626, 15.697276245342755 ], [ 73.947716145117383, 15.697587154627733 ], [ 73.946508169775029, 15.697810780778651 ], [ 73.946068156982562, 15.697793263186616 ], [ 73.945318902746806, 15.696984614871928 ], [ 73.944656423072516, 15.696269611759396 ], [ 73.944384112268878, 15.696558267423512 ], [ 73.94369516822637, 15.696936473293036 ], [ 73.943786310396774, 15.697273820409141 ], [ 73.943758494063985, 15.697488837706839 ], [ 73.943465486974517, 15.697500466824911 ], [ 73.940281437196035, 15.699697828104497 ], [ 73.939131438223797, 15.700141201225845 ], [ 73.937778525998596, 15.700436971297073 ], [ 73.936556782177917, 15.700413877707136 ], [ 73.934300116267821, 15.700352457081795 ], [ 73.929374375985546, 15.698339082143663 ], [ 73.926755709677252, 15.696735777607142 ], [ 73.925524376340874, 15.695009068578434 ], [ 73.925100738937729, 15.6946682878259 ], [ 73.924654201681335, 15.694309050277553 ], [ 73.923381324856365, 15.693702246748334 ], [ 73.921785357261371, 15.692887110679481 ], [ 73.920770938320032, 15.692166759768249 ], [ 73.917829607043089, 15.688909256308653 ], [ 73.91665239540599, 15.688443993635426 ], [ 73.916024338275108, 15.688348488258486 ], [ 73.915567165864061, 15.688346384078125 ], [ 73.915965887594481, 15.687358082842332 ], [ 73.916136486650103, 15.685756637913997 ], [ 73.916217831794043, 15.684492904132378 ], [ 73.916197190305425, 15.682039045259943 ], [ 73.916209787380666, 15.680408177622034 ], [ 73.91773251533057, 15.680268815391445 ], [ 73.918335445684633, 15.680192224676775 ], [ 73.91947960470921, 15.680105764730163 ], [ 73.920735121591321, 15.680048153863202 ], [ 73.921910628226044, 15.680034488674936 ], [ 73.922197044376261, 15.679921359908271 ], [ 73.92272487108103, 15.679586013985467 ], [ 73.923724319598151, 15.67893260012565 ], [ 73.924071644219609, 15.678797908161798 ], [ 73.925045343427414, 15.678857875342947 ], [ 73.926392593571421, 15.678901119855816 ], [ 73.928395214122517, 15.679080761788638 ], [ 73.930444815664657, 15.679238413768415 ], [ 73.932129586217087, 15.679458426641308 ], [ 73.932889665152004, 15.678891663146512 ], [ 73.934373725120508, 15.677689778772059 ], [ 73.934720826959762, 15.6775639996048 ], [ 73.936007184802236, 15.67761968159081 ], [ 73.937953401933243, 15.677821038699896 ], [ 73.938809996760639, 15.677919770735247 ], [ 73.939689759139199, 15.677738940279788 ], [ 73.940458979330472, 15.677470487046136 ], [ 73.941088383035975, 15.677489054637514 ], [ 73.941907455233931, 15.677596432331006 ], [ 73.942506792326881, 15.67744727063538 ], [ 73.943558924340479, 15.676988875933146 ], [ 73.944823477376005, 15.676953806900061 ], [ 73.947102717949193, 15.677042531619906 ], [ 73.947827404160265, 15.676936009884605 ], [ 73.948589990293129, 15.676495748400953 ], [ 73.949907051653696, 15.675223482931385 ], [ 73.951489684656622, 15.673679642825199 ], [ 73.954948579386198, 15.674075205751429 ], [ 73.958471441350468, 15.674548498992374 ], [ 73.958998223314552, 15.673693495259883 ], [ 73.961402459967914, 15.673838238269806 ], [ 73.962657673219468, 15.673885304159686 ], [ 73.962698266290545, 15.673982399092019 ], [ 73.962734551041493, 15.674130827280287 ], [ 73.962785429822532, 15.67425350094155 ], [ 73.962974467697677, 15.674526521663523 ], [ 73.962954844898604, 15.674742789374376 ], [ 73.963160768406155, 15.675275973189452 ], [ 73.963331230917831, 15.675664714121083 ], [ 73.962975182756651, 15.676320375939916 ], [ 73.962577850719953, 15.677100774710516 ], [ 73.96281579198083, 15.677908386995849 ], [ 73.963082356261609, 15.678785307570205 ], [ 73.963174802785829, 15.679090259138956 ], [ 73.963261435413514, 15.679442824064745 ], [ 73.963380057048468, 15.679446421133354 ], [ 73.963440706804874, 15.679605440217349 ], [ 73.963472039143667, 15.679864101862798 ], [ 73.963504162898232, 15.680092813075968 ], [ 73.963608213859274, 15.68075832379021 ], [ 73.963631181086129, 15.68102152806039 ], [ 73.96367883940691, 15.681574508121606 ], [ 73.963692817192708, 15.681735466334194 ], [ 73.963713777583251, 15.682093764282351 ], [ 73.96369661526974, 15.682274389363632 ], [ 73.963725638938257, 15.68265339232147 ], [ 73.96377494297262, 15.683447731949746 ], [ 73.963791326446781, 15.683614820614602 ], [ 73.96384085416166, 15.68408371117946 ], [ 73.96385514456118, 15.684218104734995 ], [ 73.963917620592582, 15.685179108791687 ], [ 73.963973800332127, 15.685884985857248 ], [ 73.963995276355632, 15.685930037304132 ], [ 73.964034450986858, 15.686667966843299 ], [ 73.96407827619629, 15.687602358205213 ], [ 73.964123281792041, 15.688168078712977 ], [ 73.964146841907009, 15.688331649625859 ], [ 73.964159004197612, 15.688485252151988 ], [ 73.964130364109749, 15.688747507229744 ], [ 73.964051817217907, 15.689465655348114 ], [ 73.963935003891635, 15.690469606051971 ], [ 73.963886385271834, 15.690975338573523 ], [ 73.96387506470262, 15.691092908210909 ], [ 73.963834155424593, 15.691554701171768 ], [ 73.963831908738058, 15.69158005385308 ], [ 73.963802343385424, 15.691917995324106 ], [ 73.963760465723496, 15.692321784651524 ], [ 73.963718961760762, 15.692451922127137 ], [ 73.963650341252816, 15.692667161582371 ], [ 73.963609899997053, 15.692793616386043 ], [ 73.963547967446431, 15.692852874616529 ], [ 73.963465672783229, 15.69285997401431 ], [ 73.963335354184977, 15.692945372597904 ], [ 73.963327138193392, 15.692949797071376 ], [ 73.963154174771944, 15.693042118583403 ], [ 73.963022675787414, 15.693068088568522 ], [ 73.963003388059931, 15.693071932738329 ], [ 73.962947538002084, 15.693098095576739 ], [ 73.962826923005537, 15.693140087392358 ], [ 73.962708054333874, 15.693218681380463 ], [ 73.962686410325404, 15.693636640929443 ], [ 73.962746696264134, 15.693774678626673 ] ] ] } },
{ "type": "Feature", "properties": { "gp_code": "254511", "gp_name": "SURLA", "blklgdcode": "5930", "blk_lgdcod": "5930", "blkname": "Bicholim", "dtname": "North Goa", "stname": "GOA" }, "geometry": { "type": "Polygon", "coordinates": [ [ [ 74.023089313285922, 15.52479785076371 ], [ 74.022576039288793, 15.524844498170275 ], [ 74.022340887296863, 15.524687425143203 ], [ 74.022184219314667, 15.524572138585762 ], [ 74.0216717538013, 15.523968257585024 ], [ 74.020861435685788, 15.523644607260337 ], [ 74.020566277131167, 15.523450526919191 ], [ 74.02069575310972, 15.522322983596125 ], [ 74.020761760418466, 15.521682432917853 ], [ 74.020403941677856, 15.521022136057713 ], [ 74.020303344739091, 15.520604975812685 ], [ 74.020265343307614, 15.519465989783221 ], [ 74.020436536149631, 15.518949018170909 ], [ 74.020720294184954, 15.518383975145948 ], [ 74.021565105810751, 15.517402531613961 ], [ 74.021741805325448, 15.516835947095986 ], [ 74.021859025588569, 15.516191616724008 ], [ 74.021773668568557, 15.515399808704425 ], [ 74.021746498124486, 15.514459757895469 ], [ 74.021831729380338, 15.513774309956951 ], [ 74.022078855016673, 15.513470759896848 ], [ 74.022100967047393, 15.512951554759832 ], [ 74.02176548761129, 15.512354832820671 ], [ 74.021668997769993, 15.511973878426639 ], [ 74.02117737496782, 15.511532932367942 ], [ 74.021385455330346, 15.511332726927593 ], [ 74.022080751360249, 15.510972562311766 ], [ 74.022474082300661, 15.510553659209448 ], [ 74.022113446443342, 15.510078551744947 ], [ 74.021130116397345, 15.5088985038402 ], [ 74.020668482054305, 15.508331498665422 ], [ 74.019780783060199, 15.507297384109496 ], [ 74.019457220674667, 15.506836359638889 ], [ 74.018718598000262, 15.505804478684905 ], [ 74.017792070226335, 15.504575542707423 ], [ 74.016915752886916, 15.503415179803799 ], [ 74.016287062443737, 15.502502333229383 ], [ 74.015729650623427, 15.501802927894644 ], [ 74.014984481925566, 15.500599276004239 ], [ 74.014613794818544, 15.499646508138547 ], [ 74.014492621069863, 15.499515375796637 ], [ 74.014459779561378, 15.499311522989434 ], [ 74.014306138003406, 15.498818881914747 ], [ 74.014133847420084, 15.49841198497386 ], [ 74.014078280331574, 15.497715934915435 ], [ 74.01414379356693, 15.497151014706692 ], [ 74.014171990785385, 15.496771355858824 ], [ 74.015598556779068, 15.496604701142818 ], [ 74.015817622639219, 15.496595746774341 ], [ 74.016032088226751, 15.496537133047513 ], [ 74.016288603054463, 15.49649202531093 ], [ 74.016507659033095, 15.496401652258328 ], [ 74.016782856123783, 15.496248148346453 ], [ 74.017099906621823, 15.496067525777798 ], [ 74.017319008414589, 15.495954608999286 ], [ 74.017398353908675, 15.495904855132395 ], [ 74.017971921929387, 15.495426008934885 ], [ 74.01831706184808, 15.495051031895303 ], [ 74.018592239175788, 15.494775400609377 ], [ 74.019049266958049, 15.494282997167211 ], [ 74.019515704592905, 15.493835704340809 ], [ 74.020000659200733, 15.493442751346453 ], [ 74.020224523861103, 15.493257464681234 ], [ 74.020751536692202, 15.492606841738416 ], [ 74.021040741213099, 15.492281493140641 ], [ 74.021236617962487, 15.491974297290488 ], [ 74.02144663060119, 15.491617301935181 ], [ 74.021749865010165, 15.491111169057518 ], [ 74.022011240621879, 15.490324839031635 ], [ 74.022165308879636, 15.489845882084692 ], [ 74.022272584792546, 15.489461748062068 ], [ 74.022361366190381, 15.488878700242058 ], [ 74.022399058601394, 15.488060712821834 ], [ 74.022441462676042, 15.487197467829391 ], [ 74.023145242395501, 15.487333224748596 ], [ 74.024217260414531, 15.487546107326489 ], [ 74.024599492669637, 15.487776691420592 ], [ 74.024944284940275, 15.488129409089746 ], [ 74.025890231595739, 15.488902618404737 ], [ 74.026947835247711, 15.490254428571655 ], [ 74.027712161417298, 15.49083770278342 ], [ 74.028873233023717, 15.490114921690113 ], [ 74.029618758352726, 15.490870009180259 ], [ 74.030308790255091, 15.490517677087357 ], [ 74.031255349561533, 15.489690952711566 ], [ 74.033073884649653, 15.488317556272031 ], [ 74.033167145047528, 15.48828141012773 ], [ 74.034020443057798, 15.487752953192258 ], [ 74.035237651284604, 15.486103559080155 ], [ 74.035368369633176, 15.48546628270452 ], [ 74.035419897896219, 15.485027923075727 ], [ 74.03536873524753, 15.484499091631088 ], [ 74.035947330240532, 15.482772819365959 ], [ 74.037168918652696, 15.481855695870541 ], [ 74.038260089651914, 15.480866217162593 ], [ 74.039351242684816, 15.479456340862757 ], [ 74.040549935735328, 15.477296347993061 ], [ 74.04098844295136, 15.476537181782872 ], [ 74.041296249785177, 15.475759876286913 ], [ 74.04151555819044, 15.475091015854055 ], [ 74.04182377285936, 15.473346549155426 ], [ 74.041842568310031, 15.472745403127067 ], [ 74.041824301068715, 15.471705923772506 ], [ 74.041661326014932, 15.471122785217796 ], [ 74.041517230853486, 15.470083257889719 ], [ 74.04188090032153, 15.469509317916398 ], [ 74.040934922225048, 15.46896222659911 ], [ 74.039387716980301, 15.468202530267439 ], [ 74.038898117184146, 15.468591036969132 ], [ 74.038296902612259, 15.468414575410513 ], [ 74.037425432582069, 15.46821998519798 ], [ 74.036936033110237, 15.467993896072231 ], [ 74.035920105897574, 15.467568662743801 ], [ 74.034829591566833, 15.467215838164154 ], [ 74.034144679163276, 15.466646115265998 ], [ 74.034242494019637, 15.466537693161463 ], [ 74.034657510291012, 15.466176256588181 ], [ 74.035011905552054, 15.46577408929439 ], [ 74.035114504835576, 15.465579797028866 ], [ 74.035151890921085, 15.46529055522903 ], [ 74.035249881847221, 15.464910893314586 ], [ 74.035273398843046, 15.464544873860474 ], [ 74.03527349316613, 15.464083795629866 ], [ 74.035250345377889, 15.46366356376806 ], [ 74.035092044258548, 15.463066929007011 ], [ 74.035013095819806, 15.462185517387427 ], [ 74.034957565562195, 15.461263543335861 ], [ 74.034957696716233, 15.460784398776751 ], [ 74.035093191407142, 15.459961906316057 ], [ 74.035056113443815, 15.45940603293613 ], [ 74.034958542929203, 15.458750659314074 ], [ 74.034879383386382, 15.458343829024216 ], [ 74.034916815285968, 15.457846691161134 ], [ 74.035252679201022, 15.457290900419968 ], [ 74.035532448716467, 15.456830002585527 ], [ 74.035905398679716, 15.456405333367766 ], [ 74.03628312139206, 15.45594891509081 ], [ 74.037015135160914, 15.455216915730439 ], [ 74.037527959102093, 15.45481496439818 ], [ 74.038063984730442, 15.454625148604851 ], [ 74.03867443308512, 15.454530474851158 ], [ 74.039154629316883, 15.454300214774726 ], [ 74.039350356945945, 15.454164600699819 ], [ 74.039527578381836, 15.4540109762745 ], [ 74.039667464037876, 15.453798596026964 ], [ 74.039863357855253, 15.453531930966063 ], [ 74.040101169758728, 15.453052972000194 ], [ 74.040338988848717, 15.452664364291756 ], [ 74.040754015899893, 15.45203178002626 ], [ 74.040954524362888, 15.451665735221511 ], [ 74.041271541623274, 15.451150600266834 ], [ 74.041430111338926, 15.450861412785668 ], [ 74.041584051137562, 15.450535985581032 ], [ 74.041635405127423, 15.450405030787392 ], [ 74.041826570213161, 15.450002826818663 ], [ 74.042190201053614, 15.449514795060765 ], [ 74.042441972776629, 15.449202965750054 ], [ 74.043034090109629, 15.448611049844084 ], [ 74.043733346811621, 15.447843009902886 ], [ 74.044777612278267, 15.446763128075242 ], [ 74.045337056986085, 15.446171144593007 ], [ 74.045621527385435, 15.44573279528981 ], [ 74.046157611404254, 15.445389456392656 ], [ 74.04670694916679, 15.447269727849198 ], [ 74.046333981237254, 15.447685378774725 ], [ 74.046259183913421, 15.448159982740664 ], [ 74.046114688103344, 15.448476308296836 ], [ 74.045932787343148, 15.448815284218909 ], [ 74.045657670202559, 15.449185755986361 ], [ 74.045531758739074, 15.449429742091267 ], [ 74.045732083945751, 15.450012827421938 ], [ 74.045894932337092, 15.450754088110827 ], [ 74.045932146844365, 15.451115649430399 ], [ 74.045531182918978, 15.451644324576234 ], [ 74.045004302140214, 15.452317692120536 ], [ 74.044566060825488, 15.452706207833911 ], [ 74.044113889335662, 15.453284621402933 ], [ 74.044095087596745, 15.453849507251791 ], [ 74.044057564069021, 15.454360327970001 ], [ 74.043894156027278, 15.455386194346042 ], [ 74.043637651979367, 15.455756702855416 ], [ 74.043222199126774, 15.458224264681364 ], [ 74.04292827485736, 15.459001563280495 ], [ 74.042890866313996, 15.459263694824832 ], [ 74.042312721376916, 15.460095133884952 ], [ 74.04238268935778, 15.460167459390238 ], [ 74.042857775972195, 15.46062411599552 ], [ 74.043002184645687, 15.461030791157004 ], [ 74.043128015260791, 15.461311121105496 ], [ 74.043239842937268, 15.461297547000617 ], [ 74.043253806350037, 15.461279501006901 ], [ 74.043435620871946, 15.461279566808175 ], [ 74.043454287863568, 15.461311180846121 ], [ 74.043491417030893, 15.461523620926023 ], [ 74.043290999297724, 15.461650108068813 ], [ 74.043798905861067, 15.462124811656238 ], [ 74.044092310005894, 15.462567806807975 ], [ 74.044474262884918, 15.463254922354098 ], [ 74.044856214865632, 15.46447083821157 ], [ 74.044244044440561, 15.469627532067772 ], [ 74.045552762248718, 15.47290909367042 ], [ 74.046624476637191, 15.474057392109662 ], [ 74.047197765281851, 15.474287985178972 ], [ 74.048800929280603, 15.475223948857774 ], [ 74.048800480122978, 15.476914329907757 ], [ 74.050943876560552, 15.479545300659677 ], [ 74.053595753584929, 15.481114152600451 ], [ 74.056499369094624, 15.483135103924569 ], [ 74.057184242870633, 15.484423310058968 ], [ 74.057375239073068, 15.485169053125476 ], [ 74.057375204038777, 15.48543583672906 ], [ 74.057300414799812, 15.48606857172426 ], [ 74.05742602083609, 15.487252737418551 ], [ 74.057370071065236, 15.487325036986071 ], [ 74.056759313690094, 15.48801634167266 ], [ 74.056106551990567, 15.488612920954147 ], [ 74.055794126019578, 15.489073833724397 ], [ 74.054740300681686, 15.489959480032498 ], [ 74.054413920281078, 15.490330008033659 ], [ 74.054012978813574, 15.490804455384708 ], [ 74.053430122212831, 15.491405531619549 ], [ 74.052758651300891, 15.491879851844629 ], [ 74.052464816863036, 15.492304649980245 ], [ 74.051975306898441, 15.492815353291855 ], [ 74.051704766674206, 15.493118068035415 ], [ 74.051429643245385, 15.49350219439817 ], [ 74.051159194649301, 15.493999325388213 ], [ 74.050996014779642, 15.493927015169792 ], [ 74.050720902130607, 15.494157436326509 ], [ 74.050119462081582, 15.494668021657949 ], [ 74.049811715434942, 15.494930055218532 ], [ 74.049522610627037, 15.495092633139469 ], [ 74.049140248116259, 15.495336637854397 ], [ 74.049084250734694, 15.495427078028852 ], [ 74.048977046687, 15.495567170841349 ], [ 74.048846514289707, 15.495652912966337 ], [ 74.048701904393582, 15.495955766387945 ], [ 74.048445430888378, 15.496326322594951 ], [ 74.048230832350171, 15.496606500846212 ], [ 74.047867137729298, 15.496977044632834 ], [ 74.047647938020205, 15.497347578232826 ], [ 74.04744738464143, 15.497808597911506 ], [ 74.047521888216139, 15.49812499735657 ], [ 74.047829504607094, 15.498228970770521 ], [ 74.048155885905999, 15.498265257142045 ], [ 74.048430876384145, 15.498301444823015 ], [ 74.04877583574148, 15.498369343020014 ], [ 74.048976263356067, 15.498459703092976 ], [ 74.049465661031277, 15.498654272648825 ], [ 74.049903754123989, 15.499146940951094 ], [ 74.050136832804256, 15.499341322014411 ], [ 74.050337186756991, 15.499517657639464 ], [ 74.051272588089319, 15.501363216159005 ], [ 74.051494161147403, 15.503606525418828 ], [ 74.051334388587591, 15.505745961057722 ], [ 74.052078354441278, 15.508190321244033 ], [ 74.051944303342992, 15.5108955656264 ], [ 74.050082529645323, 15.513172432352912 ], [ 74.048016882395558, 15.515066786279396 ], [ 74.047198915125406, 15.516125405336055 ], [ 74.0453032938061, 15.519964831806941 ], [ 74.043964376434715, 15.522764240701402 ], [ 74.043590465274093, 15.523431863157789 ], [ 74.042623053374967, 15.524460814412429 ], [ 74.042223014714338, 15.524170873420456 ], [ 74.041735321143221, 15.523766177322445 ], [ 74.041308665400678, 15.523637926985288 ], [ 74.04049941987364, 15.523535743331642 ], [ 74.040275251582685, 15.523568589906802 ], [ 74.039930645263283, 15.523554538646511 ], [ 74.039643476324841, 15.523446439812663 ], [ 74.039272841320084, 15.52330543199098 ], [ 74.038652445021938, 15.523047912780328 ], [ 74.038375763914431, 15.522863160755398 ], [ 74.038034000762892, 15.522668354348998 ], [ 74.037637020865802, 15.522427668424269 ], [ 74.037141659275406, 15.522221625892099 ], [ 74.036592073577836, 15.522204455960313 ], [ 74.036283268715792, 15.522281264064192 ], [ 74.036142544931579, 15.522342495697105 ], [ 74.035618616016833, 15.522470345224603 ], [ 74.035067034262724, 15.522584152867511 ], [ 74.034400358557747, 15.522606048666265 ], [ 74.033874201821121, 15.522580262223476 ], [ 74.033276927260076, 15.522634681896697 ], [ 74.032791503731659, 15.52268175737357 ], [ 74.032046457204714, 15.522648219083541 ], [ 74.031515528617263, 15.522635910110798 ], [ 74.03085461290992, 15.522585593141509 ], [ 74.030248295907214, 15.522621803391838 ], [ 74.029710178102576, 15.522762983924965 ], [ 74.028776072140886, 15.522898301139749 ], [ 74.028177274037134, 15.523052160020992 ], [ 74.027890379084852, 15.523219619987312 ], [ 74.027444672770102, 15.523411816252505 ], [ 74.027097915883928, 15.523239594205357 ], [ 74.026865464227726, 15.523204541299338 ], [ 74.026419472248733, 15.523116638092073 ], [ 74.02567476887819, 15.523060491779212 ], [ 74.025223451686202, 15.523022201695426 ], [ 74.024775572346783, 15.523051724650713 ], [ 74.024653477824941, 15.5231132165846 ], [ 74.024495850442051, 15.523359330414163 ], [ 74.0243065825982, 15.523839905239287 ], [ 74.02418893922858, 15.523915013671957 ], [ 74.02366410301542, 15.52439970977737 ], [ 74.023089313285922, 15.52479785076371 ] ] ] } },
{ "type": "Feature", "properties": { "gp_code": "254525", "gp_name": "VELGUEM", "blklgdcode": "5930", "blk_lgdcod": "5930", "blkname": "Bicholim", "dtname": "North Goa", "stname": "GOA" }, "geometry": { "type": "Polygon", "coordinates": [ [ [ 74.068445723596653, 15.50168028189478 ], [ 74.0672591712772, 15.501581704869663 ], [ 74.066461973954716, 15.502514366400021 ], [ 74.065411802963382, 15.503542656715396 ], [ 74.064492730308004, 15.504220601613339 ], [ 74.063771463983215, 15.5047657913675 ], [ 74.062956358745581, 15.505955562150278 ], [ 74.062394478705031, 15.506435246096846 ], [ 74.060851358099853, 15.507094962052157 ], [ 74.05814722697373, 15.508112798095841 ], [ 74.055932840272504, 15.509092488800645 ], [ 74.054107576802878, 15.509910641388904 ], [ 74.051944303342992, 15.5108955656264 ], [ 74.052078354441278, 15.508190321244033 ], [ 74.051334388587591, 15.505745961057722 ], [ 74.051494161147403, 15.503606525418828 ], [ 74.051272588089319, 15.501363216159005 ], [ 74.050337186756991, 15.499517657639464 ], [ 74.050136832804256, 15.499341322014411 ], [ 74.049903754123989, 15.499146940951094 ], [ 74.049465661031277, 15.498654272648825 ], [ 74.048976263356067, 15.498459703092976 ], [ 74.04877583574148, 15.498369343020014 ], [ 74.048430876384145, 15.498301444823015 ], [ 74.048155885905999, 15.498265257142045 ], [ 74.047829504607094, 15.498228970770521 ], [ 74.047521888216139, 15.49812499735657 ], [ 74.04744738464143, 15.497808597911506 ], [ 74.047647938020205, 15.497347578232826 ], [ 74.047867137729298, 15.496977044632834 ], [ 74.048230832350171, 15.496606500846212 ], [ 74.048445430888378, 15.496326322594951 ], [ 74.048701904393582, 15.495955766387945 ], [ 74.048846514289707, 15.495652912966337 ], [ 74.048977046687, 15.495567170841349 ], [ 74.049084250734694, 15.495427078028852 ], [ 74.049140248116259, 15.495336637854397 ], [ 74.049522610627037, 15.495092633139469 ], [ 74.049811715434942, 15.494930055218532 ], [ 74.050119462081582, 15.494668021657949 ], [ 74.050720902130607, 15.494157436326509 ], [ 74.050996014779642, 15.493927015169792 ], [ 74.051159194649301, 15.493999325388213 ], [ 74.051429643245385, 15.49350219439817 ], [ 74.051704766674206, 15.493118068035415 ], [ 74.051975306898441, 15.492815353291855 ], [ 74.052464816863036, 15.492304649980245 ], [ 74.052758651300891, 15.491879851844629 ], [ 74.053430122212831, 15.491405531619549 ], [ 74.054012978813574, 15.490804455384708 ], [ 74.054413920281078, 15.490330008033659 ], [ 74.054740300681686, 15.489959480032498 ], [ 74.055794126019578, 15.489073833724397 ], [ 74.056106551990567, 15.488612920954147 ], [ 74.056759313690094, 15.48801634167266 ], [ 74.057370071065236, 15.487325036986071 ], [ 74.05742602083609, 15.487252737418551 ], [ 74.058288311880673, 15.487768121038343 ], [ 74.059066638293984, 15.488229290205638 ], [ 74.059868352345703, 15.488807969849637 ], [ 74.060702634818057, 15.489445384824862 ], [ 74.061159367054614, 15.489761850745172 ], [ 74.062068245628126, 15.490272743863839 ], [ 74.062739437164041, 15.490783516255787 ], [ 74.063596986900535, 15.491597250209715 ], [ 74.064230855233021, 15.492248163734839 ], [ 74.06488809683087, 15.492795142398572 ], [ 74.065559247942545, 15.493396345292743 ], [ 74.066729200293878, 15.494250808168985 ], [ 74.067474986134329, 15.494815836722982 ], [ 74.068435139645985, 15.495557185423747 ], [ 74.069455929439314, 15.496492916073715 ], [ 74.070509349637007, 15.497180097280276 ], [ 74.071017461914536, 15.497496543567379 ], [ 74.071162360169865, 15.497611819276074 ], [ 74.071166635252283, 15.497695469133582 ], [ 74.071059332389922, 15.498065948640532 ], [ 74.070952027730939, 15.498377921619225 ], [ 74.070704815856303, 15.498816166374068 ], [ 74.07037383787808, 15.499241040279667 ], [ 74.069958921319696, 15.499598047569524 ], [ 74.069870290838836, 15.499837582835012 ], [ 74.069134671232419, 15.500813931600851 ], [ 74.068445723596653, 15.50168028189478 ] ] ] } },
{ "type": "Feature", "properties": { "gp_code": "272873", "gp_name": "HARVALEM", "blklgdcode": "5930", "blk_lgdcod": "5930", "blkname": "Bicholim", "dtname": "North Goa", "stname": "GOA" }, "geometry": { "type": "Polygon", "coordinates": [ [ [ 74.055272532724587, 15.566383684751385 ], [ 74.053127161790002, 15.568617434726738 ], [ 74.051519764929637, 15.570369572946182 ], [ 74.049040288981331, 15.570663130089914 ], [ 74.046045519623107, 15.571116374241681 ], [ 74.04330716807452, 15.571261558367885 ], [ 74.042173091740736, 15.57045439178958 ], [ 74.041085314576648, 15.569674898578215 ], [ 74.039574190165283, 15.569137739653151 ], [ 74.038128792788299, 15.568569884283042 ], [ 74.036949981251666, 15.567942763264147 ], [ 74.035154743072098, 15.566800457209943 ], [ 74.034050308447732, 15.565894278587479 ], [ 74.033531023823031, 15.565421328852926 ], [ 74.033173917446447, 15.56500491532495 ], [ 74.031058700260985, 15.564951290870564 ], [ 74.029905861714155, 15.565056288070449 ], [ 74.029181013806351, 15.565208258381245 ], [ 74.028472882647662, 15.565785230163547 ], [ 74.027657825919022, 15.56633789394454 ], [ 74.026442738614591, 15.566550493353082 ], [ 74.02472316283648, 15.564745148946797 ], [ 74.023633612398029, 15.564082992815088 ], [ 74.023008710150421, 15.563807278122919 ], [ 74.022527221242996, 15.56378428334844 ], [ 74.022490819711038, 15.563546630143808 ], [ 74.022210640563799, 15.562684192575857 ], [ 74.022094309632834, 15.56237066660203 ], [ 74.021764011679267, 15.561444183817978 ], [ 74.021464864604837, 15.560612920019462 ], [ 74.021144919734908, 15.559912531398737 ], [ 74.020909323076921, 15.559475330335065 ], [ 74.020738458120007, 15.558781533899932 ], [ 74.02036805937216, 15.55773253998689 ], [ 74.020128081630517, 15.556698957934913 ], [ 74.019798806858077, 15.556590189355965 ], [ 74.019745404709383, 15.556431248748888 ], [ 74.019506395351613, 15.555921699877777 ], [ 74.019323613344142, 15.555390548210418 ], [ 74.019240503010678, 15.555041328420332 ], [ 74.019054000181285, 15.554758508678868 ], [ 74.01882477617194, 15.554515739966112 ], [ 74.018440018752585, 15.554080797426494 ], [ 74.018335531210298, 15.553912176915819 ], [ 74.018300985597747, 15.55373986525751 ], [ 74.018177345075316, 15.553593550644351 ], [ 74.018016410993837, 15.553460126352514 ], [ 74.017939130726575, 15.553332519328329 ], [ 74.017908647295698, 15.553196523702402 ], [ 74.018023059425261, 15.55303554933084 ], [ 74.018225386078385, 15.552912062317231 ], [ 74.018482739034226, 15.552848078204638 ], [ 74.018595735418884, 15.552777419068828 ], [ 74.018911267764096, 15.552569862098295 ], [ 74.019195270141196, 15.552587579909504 ], [ 74.019400782220288, 15.552558979399539 ], [ 74.019798005560858, 15.552487971398737 ], [ 74.020043718147235, 15.552274798396395 ], [ 74.020219724162544, 15.552046979577483 ], [ 74.020560022161845, 15.551744771028055 ], [ 74.020852865757931, 15.551496110390183 ], [ 74.021038735275084, 15.551232274155783 ], [ 74.021403880675123, 15.550835690953081 ], [ 74.021522938891337, 15.550968392580861 ], [ 74.021736456756258, 15.551025744623542 ], [ 74.022109456126842, 15.551013161273458 ], [ 74.022540512715921, 15.550870418084935 ], [ 74.023028777615551, 15.550642757816826 ], [ 74.023939177935176, 15.549946910820827 ], [ 74.024302803385808, 15.549645015938314 ], [ 74.0248543896315, 15.549242038423891 ], [ 74.025170345083225, 15.549007193217506 ], [ 74.025521030302158, 15.548632921097818 ], [ 74.025976907342539, 15.548088526669369 ], [ 74.026127368864422, 15.548009362927727 ], [ 74.026375072117503, 15.54796331791953 ], [ 74.026612810359111, 15.547957759181012 ], [ 74.026811633582653, 15.54806461363532 ], [ 74.02698013507208, 15.548315641937194 ], [ 74.02712665388816, 15.548778552077502 ], [ 74.027109423302704, 15.54928420771866 ], [ 74.026920979213983, 15.549706234249436 ], [ 74.026716605300308, 15.549960735268883 ], [ 74.02660090498668, 15.550207378705215 ], [ 74.02658482334644, 15.550338170727965 ], [ 74.026676240401315, 15.550457042204611 ], [ 74.026768326701131, 15.550526189361783 ], [ 74.026959368717641, 15.550529025382192 ], [ 74.027697496420274, 15.55011973885588 ], [ 74.028353075236538, 15.549623348025285 ], [ 74.028829353915327, 15.54926892842524 ], [ 74.029205595305797, 15.549048601840232 ], [ 74.029844315439121, 15.548737188403305 ], [ 74.030652026643665, 15.548346998601055 ], [ 74.031065955055254, 15.548104573697534 ], [ 74.031304225997843, 15.548067443631529 ], [ 74.031512715093783, 15.54814283315857 ], [ 74.031782305798785, 15.548485642216445 ], [ 74.031989601033715, 15.548642223710953 ], [ 74.032226792201357, 15.548672873260781 ], [ 74.032362574353172, 15.548638652040664 ], [ 74.032543165369702, 15.548410918338904 ], [ 74.032697148287497, 15.547798783349647 ], [ 74.03265074760813, 15.54719722315569 ], [ 74.032754046679301, 15.546841893256634 ], [ 74.032844864557873, 15.546703127371893 ], [ 74.033037637627942, 15.546593013797743 ], [ 74.033278884689082, 15.546664357894423 ], [ 74.033648525258812, 15.546864029669337 ], [ 74.033946537761068, 15.546881929715452 ], [ 74.034209980396227, 15.546727705228037 ], [ 74.034796467089024, 15.546171582374726 ], [ 74.035109413184557, 15.545828329815459 ], [ 74.035461633624308, 15.545657301781628 ], [ 74.035908493375885, 15.545690986916773 ], [ 74.036299670156225, 15.545710242362931 ], [ 74.036622531855855, 15.545629199675178 ], [ 74.036787669154549, 15.54550060377783 ], [ 74.036945548964056, 15.545236334058318 ], [ 74.037097704708557, 15.544443472668846 ], [ 74.037161586603347, 15.543933896726825 ], [ 74.037237555330279, 15.543546407583733 ], [ 74.037385127870238, 15.543349906242161 ], [ 74.037596957800758, 15.543212911337797 ], [ 74.037951945051589, 15.543159383330829 ], [ 74.038034981723186, 15.542622935848787 ], [ 74.03830432269649, 15.542382958669972 ], [ 74.038771931734502, 15.542579514592763 ], [ 74.039184294382508, 15.542730170413401 ], [ 74.039612079307332, 15.542790719179546 ], [ 74.039952192253693, 15.542501976674595 ], [ 74.040227360598251, 15.542164572019548 ], [ 74.040790398567196, 15.54254135276136 ], [ 74.042494764969248, 15.545620289841413 ], [ 74.043289348194236, 15.546964716651237 ], [ 74.043269850260998, 15.548518533280134 ], [ 74.043422263822009, 15.549505569113279 ], [ 74.044006608032859, 15.550584878619585 ], [ 74.045561405838384, 15.552202356288538 ], [ 74.047203712129033, 15.553884404794729 ], [ 74.04870086683944, 15.554714950649997 ], [ 74.050200694936109, 15.556268361759585 ], [ 74.05146211285134, 15.55787701008442 ], [ 74.053367771047263, 15.560014625183825 ], [ 74.054348109703369, 15.561117700240246 ], [ 74.054843217070513, 15.561947148154715 ], [ 74.055291147613914, 15.564022830211053 ], [ 74.055737436036949, 15.565899617903677 ], [ 74.055272532724587, 15.566383684751385 ] ] ] } }
]
}
