gp_id,target_date,forecast_horizon_day,block_temperature_raw,gp_temperature_corrected,block_humidity_raw,gp_humidity_corrected,block_precipitation_raw,gp_precipitation_corrected,block_wind_raw,gp_wind_corrected
183623,2026-09-19,1,24.3625,22.53484310996535,81.66666666666667,88.34823089808381,3.9,10.987880730306047,4.291250000000001,4.515690067615602
183624,2026-09-19,1,24.3625,23.320978595217287,81.66666666666667,89.18959400203924,3.9,11.992496222913786,4.291250000000001,4.62272421917349
183625,2026-09-19,1,24.3625,22.995723153886892,81.66666666666667,87.14880614048633,3.9,10.46440302162148,4.291250000000001,4.896813692379203
183626,2026-09-19,1,24.3625,23.15903446128438,81.66666666666667,86.40442950127506,3.9,11.175322516952468,4.291250000000001,5.123496986335411
183627,2026-09-19,1,24.3625,23.359991639794572,81.66666666666667,89.11642908760925,3.9,11.627734100868922,4.291250000000001,4.397358242580309
183629,2026-09-19,1,24.3625,23.289785955229586,81.66666666666667,89.09266260087202,3.9,11.913597453034953,4.291250000000001,4.580996282456508
183630,2026-09-19,1,24.3625,23.14746982703267,81.66666666666667,86.17954336155604,3.9,10.8652573855995,4.291250000000001,5.276028516104397
183631,2026-09-19,1,24.3625,23.816054921188147,81.66666666666667,84.84868434461825,3.9,11.724450586210349,4.291250000000001,5.440404207929574
183632,2026-09-19,1,24.3625,23.054569497971475,81.66666666666667,87.63123797062525,3.9,10.632098901304275,4.291250000000001,4.777191186394316
183633,2026-09-19,1,24.3625,23.69560958463781,81.66666666666667,87.29474205839614,3.9,11.584232400174661,4.291250000000001,4.920429123493098
183634,2026-09-19,1,24.3625,23.04512384269337,81.66666666666667,87.59360483544762,3.9,11.154160712343849,4.291250000000001,4.815114239027243
183635,2026-09-19,1,24.3625,22.978565092775032,81.66666666666667,86.93660352939152,3.9,11.10490337364497,4.291250000000001,4.767957384368508
183636,2026-09-19,1,24.3625,23.589777703901042,81.66666666666667,85.8540885737673,3.9,10.4405013539081,4.291250000000001,4.993062926761862
183637,2026-09-19,1,24.3625,23.64284960731484,81.66666666666667,87.47223881044076,3.9,12.659895631263007,4.291250000000001,4.803076513450884
183638,2026-09-19,1,24.3625,24.494663099998455,81.66666666666667,83.81584168165196,3.9,10.606429392976342,4.291250000000001,5.64866127503736
183639,2026-09-19,1,24.3625,24.545600332883907,81.66666666666667,83.04833696576281,3.9,10.766015390028468,4.291250000000001,5.593426370768917
183640,2026-09-19,1,24.3625,24.574476681417863,81.66666666666667,84.15387036278265,3.9,11.526286480515653,4.291250000000001,5.5426059507133525
183641,2026-09-19,1,24.3625,23.795659080419913,81.66666666666667,84.941706549571,3.9,11.743415548707988,4.291250000000001,5.589233953215617
183642,2026-09-19,1,24.3625,23.84318848770868,81.66666666666667,85.18789450178122,3.9,11.63085929257259,4.291250000000001,5.4413486388405605
183643,2026-09-19,1,24.3625,23.007938300887442,81.66666666666667,87.23438306267892,3.9,10.244868572289745,4.291250000000001,4.8537263936544
183644,2026-09-19,1,24.3625,23.669830984602257,81.66666666666667,86.28016683404408,3.9,10.813639957361556,4.291250000000001,5.108535457160213
183645,2026-09-19,1,24.3625,24.374523209027185,81.66666666666667,83.47337909680803,3.9,11.367457745568549,4.291250000000001,5.584564561829204
183646,2026-09-19,1,24.3625,23.063574638931627,81.66666666666667,87.9417428500075,3.9,11.963917656303186,4.291250000000001,4.720040776404752
183647,2026-09-19,1,24.3625,23.131928619940098,81.66666666666667,86.27858841825392,3.9,11.42899116267671,4.291250000000001,5.301142152619343
183648,2026-09-19,1,24.3625,22.97038372231245,81.66666666666667,87.18958039196156,3.9,10.280999839726553,4.291250000000001,4.7770926987716935
183649,2026-09-19,1,24.3625,23.61455299990512,81.66666666666667,85.49445168631699,3.9,10.633326168614097,4.291250000000001,5.072041236751612
183650,2026-09-19,1,24.3625,23.766134452056928,81.66666666666667,85.22684612085301,3.9,11.25061381851953,4.291250000000001,5.132689363740688
183651,2026-09-19,1,24.3625,23.142309706713792,81.66666666666667,86.47389877234748,3.9,10.214590480763627,4.291250000000001,5.009556735647792
183652,2026-09-19,1,24.3625,24.623675543225218,81.66666666666667,83.20008499983585,3.9,10.228856716279953,4.291250000000001,5.46872923335455
183653,2026-09-19,1,24.3625,23.037758134027808,81.66666666666667,87.68673024902195,3.9,10.536536986108205,4.291250000000001,4.831727745426548
183654,2026-09-19,1,24.3625,23.870737925642537,81.66666666666667,85.19409588163013,3.9,11.088817621281844,4.291250000000001,5.320656835514981
183655,2026-09-19,1,24.3625,24.22324463465647,81.66666666666667,84.81945489055896,3.9,11.936985888708609,4.291250000000001,5.608148894006694
183656,2026-09-19,1,24.3625,23.087464966196734,81.66666666666667,87.71149994467618,3.9,10.965473831444926,4.291250000000001,4.812808001291266
183657,2026-09-19,1,24.3625,22.972004254011722,81.66666666666667,87.18124494064912,3.9,10.63651414170316,4.291250000000001,4.791665244878822
183658,2026-09-19,1,24.3625,24.266490098486514,81.66666666666667,84.69864985851835,3.9,10.786116298248585,4.291250000000001,5.570433008468003
183659,2026-09-19,1,24.3625,23.629240451877404,81.66666666666667,87.42265890707887,3.9,11.63944720585533,4.291250000000001,4.874230184121769
183660,2026-09-19,1,24.3625,23.8448128584427,81.66666666666667,86.98104752033043,3.9,10.307666316408502,4.291250000000001,4.8577347391733
183661,2026-09-19,1,24.3625,24.201335450605836,81.66666666666667,84.5650873025023,3.9,11.298366524816302,4.291250000000001,5.616398353334887
183662,2026-09-19,1,24.3625,24.34437002488258,81.66666666666667,83.32534635817541,3.9,11.050841554988253,4.291250000000001,5.626727601922008
183663,2026-09-19,1,24.3625,24.553742431147192,81.66666666666667,82.96715264671927,3.9,10.624743746567006,4.291250000000001,5.588196684880192
183664,2026-09-19,1,24.3625,23.60407606654917,81.66666666666667,85.78095032235458,3.9,11.461280744400797,4.291250000000001,4.936374088431635
183665,2026-09-19,1,24.3625,24.579281358886483,81.66666666666667,83.84614593620037,3.9,10.503984187501063,4.291250000000001,5.554348294345466
183666,2026-09-19,1,24.3625,23.798392897940936,81.66666666666667,84.74568079285207,3.9,11.603635360448003,4.291250000000001,5.604094113058918
183667,2026-09-19,1,24.3625,23.801362133591322,81.66666666666667,85.10048999996312,3.9,11.85063936750551,4.291250000000001,5.476673046521423
183668,2026-09-19,1,24.3625,24.18483428238118,81.66666666666667,84.61610340500282,3.9,10.322740226598409,4.291250000000001,5.487771823907446
183669,2026-09-19,1,24.3625,24.62726407854189,81.66666666666667,83.09249072976083,3.9,10.636951027535689,4.291250000000001,5.49303940607507
183670,2026-09-19,1,24.3625,24.216987874115567,81.66666666666667,84.6940177367719,3.9,10.608000221755,4.291250000000001,5.596136526728359
183671,2026-09-19,1,24.3625,23.04670607192516,81.66666666666667,87.95327314095069,3.9,11.43874968990787,4.291250000000001,4.74497062896607
183672,2026-09-19,1,24.3625,23.145225110165626,81.66666666666667,86.12690548445659,3.9,11.178984233854877,4.291250000000001,5.34784823806231
183673,2026-09-19,1,24.3625,24.601899410726485,81.66666666666667,83.17607621405445,3.9,10.825619715754565,4.291250000000001,5.448012263306772
183674,2026-09-19,1,24.3625,23.682751295666247,81.66666666666667,86.33078877951466,3.9,9.972932544470384,4.291250000000001,5.099606191622218
183675,2026-09-19,1,24.3625,23.169493898787934,81.66666666666667,86.30298535453747,3.9,11.039199290861626,4.291250000000001,5.049898429475967
183676,2026-09-19,1,24.3625,24.192038405190083,81.66666666666667,84.0151579296608,3.9,10.813630697137825,4.291250000000001,5.511167215195999
183677,2026-09-19,1,24.3625,24.361506256012095,81.66666666666667,83.75116294497461,3.9,11.229518492702496,4.291250000000001,5.533410321104439
183678,2026-09-19,1,24.3625,24.372596556270928,81.66666666666667,83.38598746849165,3.9,11.4528236871549,4.291250000000001,5.592687223577558
183679,2026-09-19,1,24.3625,24.529547873864722,81.66666666666667,83.89966355306537,3.9,11.127180973314516,4.291250000000001,5.490281246222199
183680,2026-09-19,1,24.3625,24.641866262283976,81.66666666666667,83.03280930029867,3.9,10.988899203519757,4.291250000000001,5.466667266782881
183681,2026-09-19,1,24.3625,24.375892210403492,81.66666666666667,83.49299088061586,3.9,10.675084315340706,4.291250000000001,5.6398311005172514
183682,2026-09-19,1,24.3625,23.634310725607588,81.66666666666667,87.35064224992004,3.9,12.596773305761184,4.291250000000001,4.854596046205625
183683,2026-09-19,1,24.3625,23.853880133974688,81.66666666666667,85.0978402800714,3.9,11.32387476000329,4.291250000000001,5.403375329503881
183684,2026-09-19,1,24.3625,23.95555829831721,81.66666666666667,85.68745781682485,3.9,10.332935177289718,4.291250000000001,5.187267645347043
183685,2026-09-19,1,24.3625,23.605466373209406,81.66666666666667,85.76827545340979,3.9,10.316761653518373,4.291250000000001,4.870625896520337
183686,2026-09-19,1,24.3625,23.623806456003813,81.66666666666667,85.58564534282398,3.9,10.502466853954939,4.291250000000001,5.053414503929997
183687,2026-09-19,1,24.3625,24.223798160805806,81.66666666666667,84.60725313672273,3.9,11.635539555233166,4.291250000000001,5.634158831936501
183688,2026-09-19,1,24.3625,24.538249629994823,81.66666666666667,83.76736743663322,3.9,11.053519837579369,4.291250000000001,5.660675992522484
183689,2026-09-19,1,24.3625,24.392303874999616,81.66666666666667,83.43581944512124,3.9,10.773462532482469,4.291250000000001,5.626094417848972
183690,2026-09-19,1,24.3625,22.966694684858886,81.66666666666667,87.68126453181915,3.9,10.523731718408873,4.291250000000001,4.7131927167791225
183691,2026-09-19,1,24.3625,24.55025554312606,81.66666666666667,83.54286032145868,3.9,10.426026663442723,4.291250000000001,5.707600424615836
183692,2026-09-19,1,24.3625,23.04875435156541,81.66666666666667,87.70789008991636,3.9,11.44527057148711,4.291250000000001,4.816537910476322
183693,2026-09-19,1,24.3625,24.320511795683153,81.66666666666667,83.6557613840205,3.9,11.379828225568724,4.291250000000001,5.5801745645964695
183694,2026-09-19,1,24.3625,24.38586068841301,81.66666666666667,83.52852682854801,3.9,11.159533325496175,4.291250000000001,5.476437315245726
183695,2026-09-19,1,24.3625,23.076958957679704,81.66666666666667,87.61846713344627,3.9,12.642239622846702,4.291250000000001,4.854020907367802
183696,2026-09-19,1,24.3625,24.609856518786827,81.66666666666667,83.04722231296243,3.9,10.494990444830524,4.291250000000001,5.510245461690635
183697,2026-09-19,1,24.3625,24.60210502164108,81.66666666666667,82.53770389202103,3.9,10.10896222645658,4.291250000000001,5.490380033548049
183698,2026-09-19,1,24.3625,23.14092408802027,81.66666666666667,86.93896337691051,3.9,11.225036202609608,4.291250000000001,5.073165794901054
183699,2026-09-19,1,24.3625,23.704368314401123,81.66666666666667,85.81846427484408,3.9,10.966005168589485,4.291250000000001,5.1193543121397544
183700,2026-09-19,1,24.3625,23.779332739511112,81.66666666666667,84.56064606109376,3.9,11.729558901121232,4.291250000000001,5.410115984822703
183701,2026-09-19,1,24.3625,24.386015355348007,81.66666666666667,83.62902168732437,3.9,10.122005028404912,4.291250000000001,5.546584050319755
183702,2026-09-19,1,24.3625,22.965246575595273,81.66666666666667,87.05036123741726,3.9,10.700698050629704,4.291250000000001,4.68662385023532
183703,2026-09-19,1,24.3625,24.51776161162185,81.66666666666667,83.48020627947852,3.9,10.152689608756258,4.291250000000001,5.614321454315768
183704,2026-09-19,1,24.3625,24.63931441369927,81.66666666666667,83.12266501873397,3.9,10.901748233015564,4.291250000000001,5.432300344324717
183705,2026-09-19,1,24.3625,23.135759848593803,81.66666666666667,86.62387049609356,3.9,11.020446770996717,4.291250000000001,5.066476032332545
183706,2026-09-19,1,24.3625,24.517686030058883,81.66666666666667,83.80518659399786,3.9,10.09998657213366,4.291250000000001,5.5529914442951736
183707,2026-09-19,1,24.3625,23.16948472707377,81.66666666666667,86.428202807832,3.9,11.035685470955546,4.291250000000001,5.080326433361526
183708,2026-09-19,1,24.3625,23.04544807010762,81.66666666666667,87.64005320519665,3.9,10.329225629302055,4.291250000000001,4.7393823704518
183709,2026-09-19,1,24.3625,24.598635043214838,81.66666666666667,83.08677348002165,3.9,11.03643430495734,4.291250000000001,5.445683705479854
183710,2026-09-19,1,24.3625,24.60755171488928,81.66666666666667,83.2612221873053,3.9,11.71781956076276,4.291250000000001,5.4969262844742355
183711,2026-09-19,1,24.3625,23.043860093030098,81.66666666666667,88.08399481226594,3.9,11.327326170010977,4.291250000000001,4.756289606587135
183712,2026-09-19,1,24.3625,23.821412912611137,81.66666666666667,85.01739113742633,3.9,11.356999952907328,4.291250000000001,5.392538153192827
183713,2026-09-19,1,24.3625,24.49907993091262,81.66666666666667,83.44918334949132,3.9,10.960706375967998,4.291250000000001,5.68650436501004
183714,2026-09-19,1,24.3625,24.53997166943018,81.66666666666667,83.74366531461315,3.9,10.547904320049232,4.291250000000001,5.543716040743352
183715,2026-09-19,1,24.3625,23.66267611501779,81.66666666666667,87.06788804293069,3.9,11.80550663180518,4.291250000000001,5.010542822543363
183716,2026-09-19,1,24.3625,23.05414389439883,81.66666666666667,87.57624051888962,3.9,10.70587554144807,4.291250000000001,4.871753677434227
183717,2026-09-19,1,24.3625,23.054947411800452,81.66666666666667,87.98154647449208,3.9,10.718503866414588,4.291250000000001,4.812964620261853
183718,2026-09-19,1,24.3625,22.96356397007004,81.66666666666667,87.29349268117384,3.9,10.353500317282245,4.291250000000001,4.7321535841284295
183719,2026-09-19,1,24.3625,23.655356801499583,81.66666666666667,86.08090337100698,3.9,10.603134661079986,4.291250000000001,5.153784641472277
183720,2026-09-19,1,24.3625,24.32977072692919,81.66666666666667,83.61571453349211,3.9,10.844698133144115,4.291250000000001,5.556748014327775
183721,2026-09-19,1,24.3625,22.582293127398223,81.66666666666667,88.28112208101953,3.9,10.990777242464127,4.291250000000001,4.5851589625525655
183722,2026-09-19,1,24.3625,24.584721022700414,81.66666666666667,83.09204832889563,3.9,10.908710408274302,4.291250000000001,5.57595492087333
183723,2026-09-19,1,24.3625,23.07971808205935,81.66666666666667,87.53271446237851,3.9,10.78074336453189,4.291250000000001,4.716187372598872
183724,2026-09-19,1,24.3625,24.54723824742972,81.66666666666667,83.70853768607452,3.9,10.670946803255744,4.291250000000001,5.651120728194056
183725,2026-09-19,1,24.3625,23.697565864696248,81.66666666666667,86.20787564231549,3.9,11.667601494526405,4.291250000000001,5.035360631480744
183726,2026-09-19,1,24.3625,23.628429309204343,81.66666666666667,87.469323085107,3.9,10.288373849060136,4.291250000000001,4.797811492385453
183727,2026-09-19,1,24.3625,23.166694803800237,81.66666666666667,86.68033848138757,3.9,11.138298262527952,4.291250000000001,4.992395272984865
183728,2026-09-19,1,24.3625,24.62696492164397,81.66666666666667,82.88328571923465,3.9,11.009449376659516,4.291250000000001,5.479461293697652
183729,2026-09-19,1,24.3625,24.393169485413317,81.66666666666667,83.54516919329943,3.9,11.906318581361822,4.291250000000001,5.526620162299078
237291,2026-09-19,1,24.3625,24.556104205851508,81.66666666666667,83.08829379191987,3.9,10.301198956370394,4.291250000000001,5.575857652412764
237292,2026-09-19,1,24.3625,24.376983676527693,81.66666666666667,84.29935567899415,3.9,10.305629319593493,4.291250000000001,5.459393254999967
237293,2026-09-19,1,24.3625,24.62714159781011,81.66666666666667,83.14519713646493,3.9,10.60123381311209,4.291250000000001,5.467596318970984
237294,2026-09-19,1,24.3625,22.987417364436705,81.66666666666667,87.10466747308863,3.9,10.321126803307529,4.291250000000001,4.751830313305549
237295,2026-09-19,1,24.3625,24.591503728166384,81.66666666666667,83.16411563627965,3.9,11.102677275278918,4.291250000000001,5.5194610155209975
237296,2026-09-19,1,24.3625,23.15386803055341,81.66666666666667,86.34779041177556,3.9,10.827098583959291,4.291250000000001,5.084501331988372
237297,2026-09-19,1,24.3625,23.66350868472463,81.66666666666667,86.03977535965643,3.9,11.266633844426414,4.291250000000001,5.048499680485207
183623,2026-09-20,2,24.5625,22.693603768666005,78.66666666666667,85.69457739094017,2.2,9.287880730306048,3.340833333333333,3.610813002190596
183624,2026-09-20,2,24.5625,23.472803974478545,78.66666666666667,86.42457221969296,2.2,10.29249622291379,3.340833333333333,3.745704491037733
183625,2026-09-20,2,24.5625,23.15079155655787,78.66666666666667,84.29626442199186,2.2,8.764403021621483,3.340833333333333,4.056199511399653
183626,2026-09-20,2,24.5625,23.312077697119662,78.66666666666667,83.53880934634273,2.2,9.475322516952467,3.340833333333333,4.219192953908773
183627,2026-09-20,2,24.5625,23.51547329205458,78.66666666666667,86.41346063435607,2.2,9.927734100868921,3.340833333333333,3.491668136309531
183629,2026-09-20,2,24.5625,23.455360172144292,78.66666666666667,86.16272474591608,2.2,10.21359745303495,3.340833333333333,3.7035695138465092
183630,2026-09-20,2,24.5625,23.291942293560535,78.66666666666667,83.37147254363836,2.2,9.1652573855995,3.340833333333333,4.398482214379117
183631,2026-09-20,2,24.5625,23.972214881674972,78.66666666666667,82.44044188095526,2.2,10.02445058621035,3.340833333333333,4.524765606739097
183632,2026-09-20,2,24.5625,23.197828143841356,78.66666666666667,85.1587691232078,2.2,8.932098901304279,3.340833333333333,3.9065901642790024
183633,2026-09-20,2,24.5625,23.845837915805333,78.66666666666667,84.33791736628316,2.2,9.884232400174664,3.340833333333333,4.06829308013189
183634,2026-09-20,2,24.5625,23.182836193131813,78.66666666666667,84.91581274138133,2.2,9.45416071234385,3.340833333333333,3.914228618263224
183635,2026-09-20,2,24.5625,23.125362109468195,78.66666666666667,84.09811445385881,2.2,9.404903373644974,3.340833333333333,3.8638619280506514
183636,2026-09-20,2,24.5625,23.744514653256978,78.66666666666667,83.03608023314244,2.2,8.740501353908103,3.340833333333333,4.116303256360275
183637,2026-09-20,2,24.5625,23.78731146327099,78.66666666666667,84.67288596469896,2.2,10.95989563126301,3.340833333333333,3.8946253364126986
183638,2026-09-20,2,24.5625,24.642793123005,78.66666666666667,80.99550082161416,2.2,8.906429392976342,3.340833333333333,4.724234671499973
183639,2026-09-20,2,24.5625,24.691788705264646,78.66666666666667,80.46024452336002,2.2,9.066015390028468,3.340833333333333,4.678171606574777
183640,2026-09-20,2,24.5625,24.723444211712398,78.66666666666667,81.23360922210792,2.2,9.826286480515654,3.340833333333333,4.633384093010869
183641,2026-09-20,2,24.5625,23.9374284501111,78.66666666666667,82.47357400171084,2.2,10.04341554870799,3.340833333333333,4.688935577392289
183642,2026-09-20,2,24.5625,23.998850765913595,78.66666666666667,82.40893063811717,2.2,9.930859292572588,3.340833333333333,4.567198614565326
183643,2026-09-20,2,24.5625,23.149901377921037,78.66666666666667,84.47673229639109,2.2,8.544868572289747,3.340833333333333,3.9916414990235665
183644,2026-09-20,2,24.5625,23.821923802346785,78.66666666666667,83.46905668910452,2.2,9.113639957361556,3.340833333333333,4.2219079523078715
183645,2026-09-20,2,24.5625,24.517854662558538,78.66666666666667,80.80773468916578,2.2,9.66745774556855,3.340833333333333,4.653006364661446
183646,2026-09-20,2,24.5625,23.214077986059085,78.66666666666667,85.40042658612406,2.2,10.263917656303185,3.340833333333333,3.8044182299102625
183647,2026-09-20,2,24.5625,23.28236406034471,78.66666666666667,83.43123827920547,2.2,9.72899116267671,3.340833333333333,4.3936184488168175
183648,2026-09-20,2,24.5625,23.101249714649988,78.66666666666667,84.42223253700628,2.2,8.580999839726552,3.340833333333333,3.917021031676329
183649,2026-09-20,2,24.5625,23.76271447526888,78.66666666666667,82.71676961821517,2.2,8.9333261686141,3.340833333333333,4.21075625934195
183650,2026-09-20,2,24.5625,23.900288090363915,78.66666666666667,82.67130110504834,2.2,9.55061381851953,3.340833333333333,4.253480907362588
183651,2026-09-20,2,24.5625,23.260280930793666,78.66666666666667,83.66065996906254,2.2,8.51459048076363,3.340833333333333,4.135818787080398
183652,2026-09-20,2,24.5625,24.772623882383034,78.66666666666667,80.41083774560543,2.2,8.528856716279954,3.340833333333333,4.547751635260512
183653,2026-09-20,2,24.5625,23.195158247173115,78.66666666666667,84.92402926210903,2.2,8.836536986108205,3.340833333333333,3.925920767395633
183654,2026-09-20,2,24.5625,24.00083002251519,78.66666666666667,82.38681764785056,2.2,9.388817621281841,3.340833333333333,4.510188828958212
183655,2026-09-20,2,24.5625,24.37136237716531,78.66666666666667,82.21285575899172,2.2,10.23698588870861,3.340833333333333,4.770803545639782
183656,2026-09-20,2,24.5625,23.214486230228818,78.66666666666667,84.65435720545662,2.2,9.265473831444929,3.340833333333333,3.9666083784011885
183657,2026-09-20,2,24.5625,23.110487468986403,78.66666666666667,84.44172443229714,2.2,8.93651414170316,3.340833333333333,3.9307543886688086
183658,2026-09-20,2,24.5625,24.41420887061886,78.66666666666667,82.10864005792203,2.2,9.086116298248587,3.340833333333333,4.676835132067442
183659,2026-09-20,2,24.5625,23.770392735109212,78.66666666666667,84.71991897579761,2.2,9.93944720585533,3.340833333333333,3.9759403184322455
183660,2026-09-20,2,24.5625,23.973116343582173,78.66666666666667,84.20794855275807,2.2,8.607666316408501,3.340833333333333,3.9840957596784716
183661,2026-09-20,2,24.5625,24.360829147728385,78.66666666666667,81.97818456033924,2.2,9.598366524816303,3.340833333333333,4.710125933139732
183662,2026-09-20,2,24.5625,24.480196599432958,78.66666666666667,80.81320240485995,2.2,9.350841554988254,3.340833333333333,4.6914861111866575
183663,2026-09-20,2,24.5625,24.68174595879245,78.66666666666667,80.36084163743959,2.2,8.924743746567007,3.340833333333333,4.663360032683622
183664,2026-09-20,2,24.5625,23.754355769987317,78.66666666666667,83.01564299808933,2.2,9.761280744400796,3.340833333333333,4.076969117921417
183665,2026-09-20,2,24.5625,24.71700347897449,78.66666666666667,81.41360825401543,2.2,8.803984187501062,3.340833333333333,4.661727227780141
183666,2026-09-20,2,24.5625,23.96190671071094,78.66666666666667,82.02365352029894,2.2,9.903635360448005,3.340833333333333,4.701474159991151
183667,2026-09-20,2,24.5625,23.94925115231136,78.66666666666667,82.43440170472516,2.2,10.150639367505509,3.340833333333333,4.610564539572216
183668,2026-09-20,2,24.5625,24.3412428372993,78.66666666666667,82.07076728138452,2.2,8.62274022659841,3.340833333333333,4.575046770997392
183669,2026-09-20,2,24.5625,24.782277204918636,78.66666666666667,80.38795747246805,2.2,8.936951027535688,3.340833333333333,4.579337477731566
183670,2026-09-20,2,24.5625,24.370597197157313,78.66666666666667,82.02828788768544,2.2,8.908000221755003,3.340833333333333,4.694009006719091
183671,2026-09-20,2,24.5625,23.2029978569638,78.66666666666667,85.1475293200743,2.2,9.738749689907872,3.340833333333333,3.860922022905583
183672,2026-09-20,2,24.5625,23.295878576314884,78.66666666666667,83.34223536049416,2.2,9.478984233854877,3.340833333333333,4.454621981738176
183673,2026-09-20,2,24.5625,24.73746678297045,78.66666666666667,80.57425059424872,2.2,9.125619715754565,3.340833333333333,4.50669217512335
183674,2026-09-20,2,24.5625,23.828921848486175,78.66666666666667,83.31345637685652,2.2,8.272932544470384,3.340833333333333,4.199468293434783
183675,2026-09-20,2,24.5625,23.325226957720247,78.66666666666667,83.42722252675107,2.2,9.339199290861629,3.340833333333333,4.109413125218256
183676,2026-09-20,2,24.5625,24.349294758104715,78.66666666666667,81.46975037256352,2.2,9.113630697137825,3.340833333333333,4.6141367575205035
183677,2026-09-20,2,24.5625,24.497420878016648,78.66666666666667,81.15313718792181,2.2,9.529518492702497,3.340833333333333,4.614410182215549
183678,2026-09-20,2,24.5625,24.490209307958136,78.66666666666667,80.69929488731806,2.2,9.752823687154898,3.340833333333333,4.67580463695868
183679,2026-09-20,2,24.5625,24.67745180997604,78.66666666666667,81.21361018892954,2.2,9.427180973314515,3.340833333333333,4.564731936507992
183680,2026-09-20,2,24.5625,24.786506381205346,78.66666666666667,80.49764490391738,2.2,9.288899203519758,3.340833333333333,4.509186936921769
183681,2026-09-20,2,24.5625,24.514093119615726,78.66666666666667,81.00345977400045,2.2,8.975084315340705,3.340833333333333,4.715091933850584
183682,2026-09-20,2,24.5625,23.78737733097829,78.66666666666667,84.56536572312682,2.2,10.896773305761183,3.340833333333333,3.9768212253308
183683,2026-09-20,2,24.5625,23.995358484056666,78.66666666666667,82.44187047143403,2.2,9.623874760003293,3.340833333333333,4.492259528141286
183684,2026-09-20,2,24.5625,24.097487090085433,78.66666666666667,82.76002922120928,2.2,8.632935177289717,3.340833333333333,4.344375642191054
183685,2026-09-20,2,24.5625,23.767630280325918,78.66666666666667,82.82941175230707,2.2,8.616761653518374,3.340833333333333,3.9777356631952925
183686,2026-09-20,2,24.5625,23.76636931765464,78.66666666666667,82.88698367724646,2.2,8.80246685395494,3.340833333333333,4.159879816815251
183687,2026-09-20,2,24.5625,24.373544435624137,78.66666666666667,82.11235177569667,2.2,9.935539555233166,3.340833333333333,4.796739514603648
183688,2026-09-20,2,24.5625,24.69155299265283,78.66666666666667,81.25356380407648,2.2,9.35351983757937,3.340833333333333,4.775902424449421
183689,2026-09-20,2,24.5625,24.52963697807047,78.66666666666667,80.88673973504946,2.2,9.07346253248247,3.340833333333333,4.749229070626749
183690,2026-09-20,2,24.5625,23.12773700209485,78.66666666666667,84.89180153132828,2.2,8.823731718408876,3.340833333333333,3.8092911848439654
183691,2026-09-20,2,24.5625,24.703991294561014,78.66666666666667,80.79851328091455,2.2,8.726026663442724,3.340833333333333,4.846724483300528
183692,2026-09-20,2,24.5625,23.192584742669034,78.66666666666667,84.77835606747772,2.2,9.745270571487112,3.340833333333333,3.987357126343717
183693,2026-09-20,2,24.5625,24.43308328573654,78.66666666666667,80.95099316072519,2.2,9.679828225568723,3.340833333333333,4.663427134040913
183694,2026-09-20,2,24.5625,24.520261184540544,78.66666666666667,80.96706546571146,2.2,9.459533325496176,3.340833333333333,4.515041655523502
183695,2026-09-20,2,24.5625,23.21731721695469,78.66666666666667,84.7772723781196,2.2,10.942239622846703,3.340833333333333,3.987866107173535
183696,2026-09-20,2,24.5625,24.735741581376633,78.66666666666667,80.46352752068051,2.2,8.794990444830528,3.340833333333333,4.570955628671779
183697,2026-09-20,2,24.5625,24.732358432107304,78.66666666666667,79.87076272265394,2.2,8.40896222645658,3.340833333333333,4.565725755761835
183698,2026-09-20,2,24.5625,23.268298662214733,78.66666666666667,84.25172438072171,2.2,9.52503620260961,3.340833333333333,4.228466310847605
183699,2026-09-20,2,24.5625,23.851673026434277,78.66666666666667,83.08391359978721,2.2,9.266005168589484,3.340833333333333,4.25040025074497
183700,2026-09-20,2,24.5625,23.930219706690632,78.66666666666667,81.8911250103988,2.2,10.02955890112123,3.340833333333333,4.52319364799283
183701,2026-09-20,2,24.5625,24.529266882241426,78.66666666666667,80.94754314922628,2.2,8.422005028404914,3.340833333333333,4.615271994846639
183702,2026-09-20,2,24.5625,23.098694283117574,78.66666666666667,84.3373000917033,2.2,9.000698050629705,3.340833333333333,3.83787897723392
183703,2026-09-20,2,24.5625,24.679267797767142,78.66666666666667,80.86023836407723,2.2,8.452689608756259,3.340833333333333,4.719838092584905
183704,2026-09-20,2,24.5625,24.780906011342534,78.66666666666667,80.60776044945217,2.2,9.201748233015564,3.340833333333333,4.467957998446952
183705,2026-09-20,2,24.5625,23.277690620698362,78.66666666666667,83.77493043082153,2.2,9.320446770996718,3.340833333333333,4.2548353606843765
183706,2026-09-20,2,24.5625,24.66645916762687,78.66666666666667,80.98206756554124,2.2,8.399986572133662,3.340833333333333,4.617944892534486
183707,2026-09-20,2,24.5625,23.311921544770676,78.66666666666667,83.58855953353105,2.2,9.335685470955548,3.340833333333333,4.19808482384175
183708,2026-09-20,2,24.5625,23.203179845955507,78.66666666666667,84.88876772326275,2.2,8.629225629302056,3.340833333333333,3.8877952291341797
183709,2026-09-20,2,24.5625,24.753996538172533,78.66666666666667,80.50567267910553,2.2,9.33643430495734,3.340833333333333,4.528452028379414
183710,2026-09-20,2,24.5625,24.744700554148075,78.66666666666667,80.63272332675142,2.2,10.01781956076276,3.340833333333333,4.584243744791694
183711,2026-09-20,2,24.5625,23.1969853328535,78.66666666666667,85.38374605706323,2.2,9.627326170010978,3.340833333333333,3.8763593331146917
183712,2026-09-20,2,24.5625,23.976171295130378,78.66666666666667,82.27629200538739,2.2,9.656999952907327,3.340833333333333,4.509675419423204
183713,2026-09-20,2,24.5625,24.65068543500224,78.66666666666667,80.95673988689478,2.2,9.260706375967999,3.340833333333333,4.793191784517615
183714,2026-09-20,2,24.5625,24.69536037545396,78.66666666666667,81.17005298455562,2.2,8.847904320049233,3.340833333333333,4.641659097000575
183715,2026-09-20,2,24.5625,23.81330722312518,78.66666666666667,84.02758985835648,2.2,10.105506631805177,3.340833333333333,4.149758888510314
183716,2026-09-20,2,24.5625,23.195611765927513,78.66666666666667,84.84986431362385,2.2,9.005875541448072,3.340833333333333,3.98173442090742
183717,2026-09-20,2,24.5625,23.197720410228857,78.66666666666667,85.29437572411737,2.2,9.018503866414587,3.340833333333333,3.9262070690127735
183718,2026-09-20,2,24.5625,23.099804697368,78.66666666666667,84.47904172245471,2.2,8.653500317282244,3.340833333333333,3.8418286647628794
183719,2026-09-20,2,24.5625,23.817736946119904,78.66666666666667,83.1397125008941,2.2,8.903134661079985,3.340833333333333,4.281063606941505
183720,2026-09-20,2,24.5625,24.462281904751293,78.66666666666667,81.13016642457856,2.2,9.144698133144118,3.340833333333333,4.6783288420730145
183721,2026-09-20,2,24.5625,22.73166141479152,78.66666666666667,85.49524224786697,2.2,9.290777242464127,3.340833333333333,3.7039254335303426
183722,2026-09-20,2,24.5625,24.74602121457542,78.66666666666667,80.47666301826511,2.2,9.208710408274303,3.340833333333333,4.653073411585403
183723,2026-09-20,2,24.5625,23.220969678081868,78.66666666666667,84.70047162441912,2.2,9.080743364531891,3.340833333333333,3.8553781709705133
183724,2026-09-20,2,24.5625,24.690528033448658,78.66666666666667,81.24016863611145,2.2,8.970946803255742,3.340833333333333,4.746957231753813
183725,2026-09-20,2,24.5625,23.834454161802263,78.66666666666667,83.44071313308952,2.2,9.967601494526404,3.340833333333333,4.129629252894824
183726,2026-09-20,2,24.5625,23.783316863354344,78.66666666666667,84.7664545426796,2.2,8.588373849060137,3.340833333333333,3.896762013218786
183727,2026-09-20,2,24.5625,23.285853459886944,78.66666666666667,83.86619029923915,2.2,9.438298262527951,3.340833333333333,4.1240069852380925
183728,2026-09-20,2,24.5625,24.773793598650727,78.66666666666667,80.23576880056572,2.2,9.309449376659515,3.340833333333333,4.546208876084533
183729,2026-09-20,2,24.5625,24.533121302835028,78.66666666666667,80.95850222899101,2.2,10.20631858136182,3.340833333333333,4.578785960910188
237291,2026-09-20,2,24.5625,24.69048551544757,78.66666666666667,80.52983602298188,2.2,8.601198956370393,3.340833333333333,4.68071396040692
237292,2026-09-20,2,24.5625,24.52780779581597,78.66666666666667,81.5600794981991,2.2,8.605629319593493,3.340833333333333,4.543075425266294
237293,2026-09-20,2,24.5625,24.757977910552242,78.66666666666667,80.48358377658417,2.2,8.90123381311209,3.340833333333333,4.561337489605904
237294,2026-09-20,2,24.5625,23.124273955602565,78.66666666666667,84.49901558316327,2.2,8.621126803307526,3.340833333333333,3.8701794619880063
237295,2026-09-20,2,24.5625,24.743159203168158,78.66666666666667,80.44918786412282,2.2,9.402677275278919,3.340833333333333,4.62203175986924
237296,2026-09-20,2,24.5625,23.308274050310306,78.66666666666667,83.48191004427595,2.2,9.12709858395929,3.340833333333333,4.160238047496113
237297,2026-09-20,2,24.5625,23.808545851144235,78.66666666666667,83.25479624528916,2.2,9.566633844426411,3.340833333333333,4.184511126543416
183623,2026-09-21,3,24.92083333333333,23.000263668699123,79.54166666666667,86.44543452771588,3.8,10.887880730306048,4.119583333333334,4.2322363237858145
183624,2026-09-21,3,24.92083333333333,23.777556871122723,79.54166666666667,87.05553017397298,3.8,11.892496222913788,4.119583333333334,4.385418129678224
183625,2026-09-21,3,24.92083333333333,23.47039363492852,79.54166666666667,84.92797069408223,3.8,10.364403021621483,4.119583333333334,4.660188227382033
183626,2026-09-21,3,24.92083333333333,23.631349254677865,79.54166666666667,84.16331462156666,3.8,11.075322516952468,4.119583333333334,4.8415221427578325
183627,2026-09-21,3,24.92083333333333,23.821116244852128,79.54166666666667,87.2561759164783,3.8,11.527734100868923,4.119583333333334,4.118211089865877
183629,2026-09-21,3,24.92083333333333,23.76950763674845,79.54166666666667,86.90604580890381,3.8,11.813597453034955,4.119583333333334,4.3590257479862595
183630,2026-09-21,3,24.92083333333333,23.59968396944971,79.54166666666667,83.9666376865919,3.8,10.7652573855995,4.119583333333334,5.01979666754591
183631,2026-09-21,3,24.92083333333333,24.272721870554488,79.54166666666667,82.95763746901217,3.8,11.624450586210353,4.119583333333334,5.1581205472152885
183632,2026-09-21,3,24.92083333333333,23.5143258190801,79.54166666666667,85.79362776499265,3.8,10.532098901304277,4.119583333333334,4.532053340566483
183633,2026-09-21,3,24.92083333333333,24.148459165378387,79.54166666666667,85.03799070700512,3.8,11.484232400174665,4.119583333333334,4.707436377659906
183634,2026-09-21,3,24.92083333333333,23.477232088541264,79.54166666666667,85.21682400858619,3.8,11.054160712343851,4.119583333333334,4.511997833001966
183635,2026-09-21,3,24.92083333333333,23.45791349889864,79.54166666666667,84.8568490521462,3.8,11.00490337364497,4.119583333333334,4.468818275570155
183636,2026-09-21,3,24.92083333333333,24.085004489727314,79.54166666666667,83.68650548856776,3.8,10.340501353908099,4.119583333333334,4.74093943640998
183637,2026-09-21,3,24.92083333333333,24.12688475139483,79.54166666666667,85.21804884010714,3.8,12.559895631263007,4.119583333333334,4.5375614538748765
183638,2026-09-21,3,24.92083333333333,25.00618079435844,79.54166666666667,81.57271827615428,3.8,10.506429392976344,4.119583333333334,5.3624478892794425
183639,2026-09-21,3,24.92083333333333,24.977017857601695,79.54166666666667,80.68684042429575,3.8,10.666015390028468,4.119583333333334,5.305853378309987
183640,2026-09-21,3,24.92083333333333,25.065999963946854,79.54166666666667,81.60952772860244,3.8,11.426286480515653,4.119583333333334,5.2513914977473375
183641,2026-09-21,3,24.92083333333333,24.241845857021847,79.54166666666667,83.02646920202409,3.8,11.64341554870799,4.119583333333334,5.321401758136949
183642,2026-09-21,3,24.92083333333333,24.31031477432445,79.54166666666667,82.78867633207149,3.8,11.530859292572586,4.119583333333334,5.213524568589263
183643,2026-09-21,3,24.92083333333333,23.462295929463245,79.54166666666667,85.11553044549129,3.8,10.144868572289745,4.119583333333334,4.5988118651851835
183644,2026-09-21,3,24.92083333333333,24.164485609691923,79.54166666666667,84.06896874852897,3.8,10.713639957361554,4.119583333333334,4.875915204218308
183645,2026-09-21,3,24.92083333333333,24.837351833519993,79.54166666666667,81.13856263706428,3.8,11.267457745568551,4.119583333333334,5.286369551325001
183646,2026-09-21,3,24.92083333333333,23.525916536973877,79.54166666666667,86.06753972158374,3.8,11.863917656303187,4.119583333333334,4.406371682475535
183647,2026-09-21,3,24.92083333333333,23.614359294155612,79.54166666666667,83.96982325809917,3.8,11.32899116267671,4.119583333333334,5.0239799603483215
183648,2026-09-21,3,24.92083333333333,23.45264360057323,79.54166666666667,85.04292697289789,3.8,10.18099983972655,4.119583333333334,4.507674731114772
183649,2026-09-21,3,24.92083333333333,24.090172784191385,79.54166666666667,83.445677886932,3.8,10.533326168614098,4.119583333333334,4.829618239604333
183650,2026-09-21,3,24.92083333333333,24.275118187844058,79.54166666666667,83.57598956251665,3.8,11.15061381851953,4.119583333333334,4.8732471040719485
183651,2026-09-21,3,24.92083333333333,23.568259592408495,79.54166666666667,84.25082538870242,3.8,10.114590480763628,4.119583333333334,4.759112905727029
183652,2026-09-21,3,24.92083333333333,25.108043848542405,79.54166666666667,80.76555777763994,3.8,10.128856716279952,4.119583333333334,5.187907297748487
183653,2026-09-21,3,24.92083333333333,23.506121967829277,79.54166666666667,85.5165135385491,3.8,10.436536986108205,4.119583333333334,4.541322371202748
183654,2026-09-21,3,24.92083333333333,24.321232936008947,79.54166666666667,83.11110611810116,3.8,10.988817621281843,4.119583333333334,5.132468990473342
183655,2026-09-21,3,24.92083333333333,24.70121950398441,79.54166666666667,82.95084867678398,3.8,11.836985888708607,4.119583333333334,5.416725812377675
183656,2026-09-21,3,24.92083333333333,23.517661280328042,79.54166666666667,85.1779319315039,3.8,10.865473831444929,4.119583333333334,4.579327234749232
183657,2026-09-21,3,24.92083333333333,23.42926534672557,79.54166666666667,85.04894437637576,3.8,10.53651414170316,4.119583333333334,4.529392746794897
183658,2026-09-21,3,24.92083333333333,24.705408535872962,79.54166666666667,82.72711898259213,3.8,10.686116298248587,4.119583333333334,5.3005554428167425
183659,2026-09-21,3,24.92083333333333,24.101764964842648,79.54166666666667,85.31434635934714,3.8,11.539447205855328,4.119583333333334,4.588244147240194
183660,2026-09-21,3,24.92083333333333,24.28964545987959,79.54166666666667,84.97129091016077,3.8,10.207666316408503,4.119583333333334,4.601155192511842
183661,2026-09-21,3,24.92083333333333,24.68436344890528,79.54166666666667,82.56237838902113,3.8,11.1983665248163,4.119583333333334,5.309827759981677
183662,2026-09-21,3,24.92083333333333,24.82967775979084,79.54166666666667,81.26213939696922,3.8,10.950841554988251,4.119583333333334,5.344651737773754
183663,2026-09-21,3,24.92083333333333,25.031834260765443,79.54166666666667,80.75370439034991,3.8,10.524743746567006,4.119583333333334,5.3072122891570865
183664,2026-09-21,3,24.92083333333333,24.081820018563068,79.54166666666667,83.68935075555456,3.8,11.361280744400798,4.119583333333334,4.6764233861695885
183665,2026-09-21,3,24.92083333333333,25.03432410057495,79.54166666666667,82.0127001297714,3.8,10.403984187501063,4.119583333333334,5.289406075491601
183666,2026-09-21,3,24.92083333333333,24.26537349977919,79.54166666666667,82.4638479157841,3.8,11.503635360448001,4.119583333333334,5.336167780641335
183667,2026-09-21,3,24.92083333333333,24.2617676419738,79.54166666666667,83.22696000476648,3.8,11.750639367505508,4.119583333333334,5.233927122576087
183668,2026-09-21,3,24.92083333333333,24.65758150744537,79.54166666666667,82.75448855972405,3.8,10.222740226598411,4.119583333333334,5.2110987088280805
183669,2026-09-21,3,24.92083333333333,25.079399996316486,79.54166666666667,80.80280740852966,3.8,10.53695102753569,4.119583333333334,5.21731478603152
183670,2026-09-21,3,24.92083333333333,24.682647290281906,79.54166666666667,82.80498439960073,3.8,10.508000221755001,4.119583333333334,5.320958461437849
183671,2026-09-21,3,24.92083333333333,23.519533732956024,79.54166666666667,85.87248220055326,3.8,11.338749689907871,4.119583333333334,4.456101737239031
183672,2026-09-21,3,24.92083333333333,23.60656859361526,79.54166666666667,83.96010975822996,3.8,11.078984233854879,4.119583333333334,5.078946859160256
183673,2026-09-21,3,24.92083333333333,25.058408904950802,79.54166666666667,80.81196698858682,3.8,10.725619715754565,4.119583333333334,5.140688319303244
183674,2026-09-21,3,24.92083333333333,24.15687841958237,79.54166666666667,84.06746227018384,3.8,9.872932544470384,4.119583333333334,4.8207759231884575
183675,2026-09-21,3,24.92083333333333,23.637670010430877,79.54166666666667,84.05415817448063,3.8,10.93919929086163,4.119583333333334,4.742509974813387
183676,2026-09-21,3,24.92083333333333,24.66498748550767,79.54166666666667,81.88708149231843,3.8,10.713630697137823,4.119583333333334,5.25581926293176
183677,2026-09-21,3,24.92083333333333,24.826851452696904,79.54166666666667,81.54076696605397,3.8,11.129518492702497,4.119583333333334,5.233277265548883
183678,2026-09-21,3,24.92083333333333,24.82940043008604,79.54166666666667,81.15443242027384,3.8,11.352823687154899,4.119583333333334,5.303014586928812
183679,2026-09-21,3,24.92083333333333,25.013696795403515,79.54166666666667,81.94394509008214,3.8,11.027180973314515,4.119583333333334,5.205509567480416
183680,2026-09-21,3,24.92083333333333,25.133018308989655,79.54166666666667,80.91327160086281,3.8,10.888899203519758,4.119583333333334,5.145309419560659
183681,2026-09-21,3,24.92083333333333,24.84901258432531,79.54166666666667,81.35287985127954,3.8,10.575084315340703,4.119583333333334,5.352947003295029
183682,2026-09-21,3,24.92083333333333,24.110919201047317,79.54166666666667,84.96946134894006,3.8,12.496773305761185,4.119583333333334,4.601342191226954
183683,2026-09-21,3,24.92083333333333,24.30680546676037,79.54166666666667,82.82674737227796,3.8,11.223874760003294,4.119583333333334,5.128008305319768
183684,2026-09-21,3,24.92083333333333,24.401914531516304,79.54166666666667,83.3918897935272,3.8,10.232935177289715,4.119583333333334,4.968931669739895
183685,2026-09-21,3,24.92083333333333,24.102286283300035,79.54166666666667,83.41727524935806,3.8,10.216761653518375,4.119583333333334,4.579125289366019
183686,2026-09-21,3,24.92083333333333,24.112557123993643,79.54166666666667,83.46954140859205,3.8,10.402466853954937,4.119583333333334,4.788222028702199
183687,2026-09-21,3,24.92083333333333,24.67233446676643,79.54166666666667,82.64878678850138,3.8,11.535539555233164,4.119583333333334,5.416112966756869
183688,2026-09-21,3,24.92083333333333,25.035891104647266,79.54166666666667,81.82855048646641,3.8,10.95351983757937,4.119583333333334,5.390495054001241
183689,2026-09-21,3,24.92083333333333,24.86874941271207,79.54166666666667,81.2677637277151,3.8,10.67346253248247,4.119583333333334,5.369745730980284
183690,2026-09-21,3,24.92083333333333,23.468898861697774,79.54166666666667,85.33493971839738,3.8,10.423731718408874,4.119583333333334,4.430141886557582
183691,2026-09-21,3,24.92083333333333,25.039717408236747,79.54166666666667,81.32177396803256,3.8,10.326026663442724,4.119583333333334,5.458878162281616
183692,2026-09-21,3,24.92083333333333,23.477424870009852,79.54166666666667,85.49370023761938,3.8,11.34527057148711,4.119583333333334,4.60400279171187
183693,2026-09-21,3,24.92083333333333,24.762166816768627,79.54166666666667,81.21525697247581,3.8,11.279828225568725,4.119583333333334,5.308877600310756
183694,2026-09-21,3,24.92083333333333,24.817032380771426,79.54166666666667,81.17811819475112,3.8,11.059533325496172,4.119583333333334,5.164562488856837
183695,2026-09-21,3,24.92083333333333,23.51582974262487,79.54166666666667,85.31996205400269,3.8,12.5422396228467,4.119583333333334,4.60711269504919
183696,2026-09-21,3,24.92083333333333,25.053580857800867,79.54166666666667,80.86497488249593,3.8,10.394990444830526,4.119583333333334,5.210289341310244
183697,2026-09-21,3,24.92083333333333,25.09884559296766,79.54166666666667,80.28033493303525,3.8,10.00896222645658,4.119583333333334,5.213769017687825
183698,2026-09-21,3,24.92083333333333,23.571610873927433,79.54166666666667,84.86079121018727,3.8,11.125036202609609,4.119583333333334,4.851268606004109
183699,2026-09-21,3,24.92083333333333,24.172231971261276,79.54166666666667,83.78763777468599,3.8,10.866005168589485,4.119583333333334,4.898428818568431
183700,2026-09-21,3,24.92083333333333,24.222572848553547,79.54166666666667,82.44788780468649,3.8,11.629558901121232,4.119583333333334,5.154623606579484
183701,2026-09-21,3,24.92083333333333,24.852480766080735,79.54166666666667,81.47881523501337,3.8,10.022005028404912,4.119583333333334,5.242107745401812
183702,2026-09-21,3,24.92083333333333,23.415337719705253,79.54166666666667,84.86331088673083,3.8,10.600698050629703,4.119583333333334,4.435814655139319
183703,2026-09-21,3,24.92083333333333,25.01322609421288,79.54166666666667,81.5173904338609,3.8,10.05268960875626,4.119583333333334,5.345254810103498
183704,2026-09-21,3,24.92083333333333,25.097594545667448,79.54166666666667,81.15374673673018,3.8,10.801748233015564,4.119583333333334,5.111513593215188
183705,2026-09-21,3,24.92083333333333,23.604648841933543,79.54166666666667,84.42999537868886,3.8,10.920446770996715,4.119583333333334,4.880127827934702
183706,2026-09-21,3,24.92083333333333,25.000410552310992,79.54166666666667,81.80430417396474,3.8,9.999986572133661,4.119583333333334,5.24629324296823
183707,2026-09-21,3,24.92083333333333,23.600969889576476,79.54166666666667,84.30901877543182,3.8,10.935685470955548,4.119583333333334,4.849984633264345
183708,2026-09-21,3,24.92083333333333,23.49976302477996,79.54166666666667,85.48966453995133,3.8,10.229225629302057,4.119583333333334,4.526066550383583
183709,2026-09-21,3,24.92083333333333,25.086537115793448,79.54166666666667,80.48632181684435,3.8,10.936434304957341,4.119583333333334,5.171309604494631
183710,2026-09-21,3,24.92083333333333,25.07580491900411,79.54166666666667,80.89689116169676,3.8,11.61781956076276,4.119583333333334,5.211961229910743
183711,2026-09-21,3,24.92083333333333,23.52849125125998,79.54166666666667,85.99176926714783,3.8,11.227326170010976,4.119583333333334,4.484008823147059
183712,2026-09-21,3,24.92083333333333,24.292536964984322,79.54166666666667,82.76686620622655,3.8,11.256999952907327,4.119583333333334,5.165181829582163
183713,2026-09-21,3,24.92083333333333,24.973206057720425,79.54166666666667,81.32928677718628,3.8,10.860706375967997,4.119583333333334,5.4362363999427
183714,2026-09-21,3,24.92083333333333,25.037516541782274,79.54166666666667,81.80718278311774,3.8,10.447904320049233,4.119583333333334,5.264797579921522
183715,2026-09-21,3,24.92083333333333,24.11331980346355,79.54166666666667,84.82340108983568,3.8,11.705506631805179,4.119583333333334,4.781871306607709
183716,2026-09-21,3,24.92083333333333,23.485706456971105,79.54166666666667,85.50795898186125,3.8,10.605875541448068,4.119583333333334,4.615045291201115
183717,2026-09-21,3,24.92083333333333,23.482741154504502,79.54166666666667,85.79319084012835,3.8,10.618503866414589,4.119583333333334,4.565351636469152
183718,2026-09-21,3,24.92083333333333,23.41880439837475,79.54166666666667,85.18061039977677,3.8,10.253500317282246,4.119583333333334,4.440082337814074
183719,2026-09-21,3,24.92083333333333,24.147121103220424,79.54166666666667,83.69612060845397,3.8,10.503134661079983,4.119583333333334,4.936708315327053
183720,2026-09-21,3,24.92083333333333,24.784272593620436,79.54166666666667,81.56756301148921,3.8,10.74469813314412,4.119583333333334,5.336937158023133
183721,2026-09-21,3,24.92083333333333,23.046054758182336,79.54166666666667,86.1274696340744,3.8,10.890777242464129,4.119583333333334,4.29786694760889
183722,2026-09-21,3,24.92083333333333,25.070815395856854,79.54166666666667,80.96291333346902,3.8,10.808710408274301,4.119583333333334,5.299355059941384
183723,2026-09-21,3,24.92083333333333,23.526011317738842,79.54166666666667,85.40700495261437,3.8,10.680743364531892,4.119583333333334,4.478468677558889
183724,2026-09-21,3,24.92083333333333,25.047252265935413,79.54166666666667,81.86317922505089,3.8,10.570946803255744,4.119583333333334,5.380046580201524
183725,2026-09-21,3,24.92083333333333,24.178189082508915,79.54166666666667,83.91057664607787,3.8,11.567601494526407,4.119583333333334,4.792031507556185
183726,2026-09-21,3,24.92083333333333,24.08975285281155,79.54166666666667,85.53691309647687,3.8,10.188373849060135,4.119583333333334,4.53429294245159
183727,2026-09-21,3,24.92083333333333,23.62264952538613,79.54166666666667,84.59687943687834,3.8,11.038298262527952,4.119583333333334,4.7424040317716365
183728,2026-09-21,3,24.92083333333333,25.138759132784696,79.54166666666667,80.59321133126045,3.8,10.909449376659516,4.119583333333334,5.195935186264018
183729,2026-09-21,3,24.92083333333333,24.86464626843242,79.54166666666667,81.34083883735907,3.8,11.806318581361822,4.119583333333334,5.215343350956484
237291,2026-09-21,3,24.92083333333333,25.013665014600868,79.54166666666667,80.68338601653176,3.8,10.201198956370392,4.119583333333334,5.3194185516581936
237292,2026-09-21,3,24.92083333333333,24.835841664105878,79.54166666666667,82.12840330089685,3.8,10.205629319593495,4.119583333333334,5.201005682751864
237293,2026-09-21,3,24.92083333333333,25.091949870435037,79.54166666666667,80.9136494088921,3.8,10.50123381311209,4.119583333333334,5.192201299129714
237294,2026-09-21,3,24.92083333333333,23.44032466791928,79.54166666666667,85.02879965994741,3.8,10.221126803307527,4.119583333333334,4.486691768518353
237295,2026-09-21,3,24.92083333333333,25.085087804549723,79.54166666666667,80.98737310786802,3.8,11.002677275278916,4.119583333333334,5.259403894609501
237296,2026-09-21,3,24.92083333333333,23.609496940907622,79.54166666666667,84.22395628192004,3.8,10.72709858395929,4.119583333333334,4.799708554141478
237297,2026-09-21,3,24.92083333333333,24.133803247225853,79.54166666666667,84.04540648639318,3.8,11.166633844426412,4.119583333333334,4.825175564951947
183623,2026-09-22,4,23.58333333333333,21.67145371467827,86.91666666666667,92.86840337016706,16.9,23.987880730306046,4.413333333333333,4.359964290564952
183624,2026-09-22,4,23.58333333333333,22.44747958013838,86.91666666666667,93.42145919571026,16.9,24.992496222913786,4.413333333333333,4.495630661963403
183625,2026-09-22,4,23.58333333333333,22.15268946223184,86.91666666666667,90.9722760874361,16.9,23.46440302162148,4.413333333333333,4.734588977611428
183626,2026-09-22,4,23.58333333333333,22.28840394650701,86.91666666666667,90.49010782085587,16.9,24.175322516952466,4.413333333333333,4.921987436521795
183627,2026-09-22,4,23.58333333333333,22.477274015211012,86.91666666666667,93.76339055875204,16.9,24.62773410086892,4.413333333333333,4.271931193664798
183629,2026-09-22,4,23.58333333333333,22.444159949560763,86.91666666666667,93.4361653934854,16.9,24.913597453034953,4.413333333333333,4.47556436678632
183630,2026-09-22,4,23.58333333333333,22.265148577902416,86.91666666666667,90.50474274273084,16.9,23.8652573855995,4.413333333333333,5.092817118592611
183631,2026-09-22,4,23.58333333333333,22.9334288505233,86.91666666666667,88.60357862580473,16.9,24.72445058621035,4.413333333333333,5.21123481804862
183632,2026-09-22,4,23.58333333333333,22.213751207269816,86.91666666666667,91.70460386718612,16.9,23.632098901304275,4.413333333333333,4.642532142529821
183633,2026-09-22,4,23.58333333333333,22.824361848897517,86.91666666666667,91.57281056421232,16.9,24.584232400174663,4.413333333333333,4.822094791261712
183634,2026-09-22,4,23.58333333333333,22.1829388970819,86.91666666666667,91.34975915323619,16.9,24.15416071234385,4.413333333333333,4.546563450069336
183635,2026-09-22,4,23.58333333333333,22.14913260720732,86.91666666666667,91.17483320661132,16.9,24.10490337364497,4.413333333333333,4.536493950957586
183636,2026-09-22,4,23.58333333333333,22.773834668405218,86.91666666666667,89.98930845335559,16.9,23.4405013539081,4.413333333333333,4.789733596097113
183637,2026-09-22,4,23.58333333333333,22.85554631514082,86.91666666666667,91.13846173838033,16.9,25.659895631263005,4.413333333333333,4.606500265616683
183638,2026-09-22,4,23.58333333333333,23.720869536859947,86.91666666666667,87.60497598175083,16.9,23.60642939297634,4.413333333333333,5.410673824679127
183639,2026-09-22,4,23.58333333333333,23.766986783849617,86.91666666666667,86.62591020109234,16.9,23.766015390028464,4.413333333333333,5.37010535189196
183640,2026-09-22,4,23.58333333333333,23.77031314098963,86.91666666666667,87.59041836566637,16.9,24.52628648051565,4.413333333333333,5.294811855144569
183641,2026-09-22,4,23.58333333333333,22.923535605669475,86.91666666666667,89.02931410930924,16.9,24.74341554870799,4.413333333333333,5.400754731709076
183642,2026-09-22,4,23.58333333333333,22.95631434473584,86.91666666666667,88.94812848745812,16.9,24.630859292572588,4.413333333333333,5.327314363978192
183643,2026-09-22,4,23.58333333333333,22.17758119012038,86.91666666666667,91.34334804784395,16.9,23.244868572289743,4.413333333333333,4.688628500436505
183644,2026-09-22,4,23.58333333333333,22.87338044258715,86.91666666666667,90.47710087452909,16.9,23.813639957361556,4.413333333333333,4.950357215851459
183645,2026-09-22,4,23.58333333333333,23.564318866106834,86.91666666666667,86.8261531040934,16.9,24.367457745568547,4.413333333333333,5.343414466026993
183646,2026-09-22,4,23.58333333333333,22.260441054982202,86.91666666666667,92.11234548168447,16.9,24.963917656303185,4.413333333333333,4.5117208386124545
183647,2026-09-22,4,23.58333333333333,22.266922785857084,86.91666666666667,90.09019778820569,16.9,24.42899116267671,4.413333333333333,5.100910670664938
183648,2026-09-22,4,23.58333333333333,22.199858819664342,86.91666666666667,91.43231227807202,16.9,23.280999839726547,4.413333333333333,4.598363510026514
183649,2026-09-22,4,23.58333333333333,22.748347413393667,86.91666666666667,89.58428296168802,16.9,23.633326168614097,4.413333333333333,4.913827217202388
183650,2026-09-22,4,23.58333333333333,22.978372132533227,86.91666666666667,89.64994125390633,16.9,24.25061381851953,4.413333333333333,4.946595684275351
183651,2026-09-22,4,23.58333333333333,22.26558469910676,86.91666666666667,90.46746385268986,16.9,23.21459048076363,4.413333333333333,4.823000017467248
183652,2026-09-22,4,23.58333333333333,23.829776772363473,86.91666666666667,86.58789110051154,16.9,23.228856716279953,4.413333333333333,5.252660075375952
183653,2026-09-22,4,23.58333333333333,22.209909468154006,86.91666666666667,91.54634852063285,16.9,23.536536986108203,4.413333333333333,4.607649675522806
183654,2026-09-22,4,23.58333333333333,22.972836016280585,86.91666666666667,89.43815263141133,16.9,24.08881762128184,4.413333333333333,5.245602224960185
183655,2026-09-22,4,23.58333333333333,23.37417026176316,86.91666666666667,88.95195708072221,16.9,24.93698588870861,4.413333333333333,5.516467932549169
183656,2026-09-22,4,23.58333333333333,22.215867967075194,86.91666666666667,91.40900653236076,16.9,23.96547383144493,4.413333333333333,4.6587562077061895
183657,2026-09-22,4,23.58333333333333,22.155968177217623,86.91666666666667,91.27703853387533,16.9,23.63651414170316,4.413333333333333,4.621979535046184
183658,2026-09-22,4,23.58333333333333,23.384445580179598,86.91666666666667,88.79848726513853,16.9,23.786116298248583,4.413333333333333,5.367893533386303
183659,2026-09-22,4,23.58333333333333,22.78651205159077,86.91666666666667,91.4945550236955,16.9,24.639447205855326,4.413333333333333,4.656864852265404
183660,2026-09-22,4,23.58333333333333,22.99491319312075,86.91666666666667,91.30438216953266,16.9,23.3076663164085,4.413333333333333,4.70017052922514
183661,2026-09-22,4,23.58333333333333,23.37073489727915,86.91666666666667,88.51356277125694,16.9,24.298366524816302,4.413333333333333,5.343180652936179
183662,2026-09-22,4,23.58333333333333,23.52884881691736,86.91666666666667,86.8111496331834,16.9,24.050841554988253,4.413333333333333,5.42529739394304
183663,2026-09-22,4,23.58333333333333,23.77984917338388,86.91666666666667,86.42357106886239,16.9,23.624743746567006,4.413333333333333,5.353981192796657
183664,2026-09-22,4,23.58333333333333,22.743216577351564,86.91666666666667,90.07270484003118,16.9,24.461280744400796,4.413333333333333,4.73097042909275
183665,2026-09-22,4,23.58333333333333,23.769106886863014,86.91666666666667,87.72761631603433,16.9,23.50398418750106,4.413333333333333,5.384876376556661
183666,2026-09-22,4,23.58333333333333,22.923750048761782,86.91666666666667,88.2573282337164,16.9,24.603635360448003,4.413333333333333,5.403532152970395
183667,2026-09-22,4,23.58333333333333,22.944661584856178,86.91666666666667,89.27771521231836,16.9,24.850639367505508,4.413333333333333,5.28882746640369
183668,2026-09-22,4,23.58333333333333,23.337241500262852,86.91666666666667,88.64556488588961,16.9,23.322740226598405,4.413333333333333,5.2835805904418365
183669,2026-09-22,4,23.58333333333333,23.802909775865835,86.91666666666667,86.955360585351,16.9,23.636951027535687,4.413333333333333,5.299555894835648
183670,2026-09-22,4,23.58333333333333,23.350020344368332,86.91666666666667,88.98405977189032,16.9,23.608000221755,4.413333333333333,5.380401376818016
183671,2026-09-22,4,23.58333333333333,22.24457934203968,86.91666666666667,91.96684447155756,16.9,24.43874968990787,4.413333333333333,4.5269031970701565
183672,2026-09-22,4,23.58333333333333,22.259877249020995,86.91666666666667,90.27987403423288,16.9,24.178984233854877,4.413333333333333,5.118618712675549
183673,2026-09-22,4,23.58333333333333,23.818876086229093,86.91666666666667,86.55637302891577,16.9,23.825619715754563,4.413333333333333,5.193708232222114
183674,2026-09-22,4,23.58333333333333,22.834964947978857,86.91666666666667,90.43498721201009,16.9,22.972932544470385,4.413333333333333,4.866745943533209
183675,2026-09-22,4,23.58333333333333,22.305003249879075,86.91666666666667,90.39020419909163,16.9,24.039199290861625,4.413333333333333,4.811558327897335
183676,2026-09-22,4,23.58333333333333,23.320861617871955,86.91666666666667,87.62834425193971,16.9,23.813630697137825,4.413333333333333,5.357925751623827
183677,2026-09-22,4,23.58333333333333,23.502866394982583,86.91666666666667,87.29484021434037,16.9,24.229518492702496,4.413333333333333,5.27522004332666
183678,2026-09-22,4,23.58333333333333,23.549354039550966,86.91666666666667,86.94580741924064,16.9,24.4528236871549,4.413333333333333,5.337485158912084
183679,2026-09-22,4,23.58333333333333,23.72096885830346,86.91666666666667,87.809592256833,16.9,24.127180973314516,4.413333333333333,5.269451076268695
183680,2026-09-22,4,23.58333333333333,23.85727236155956,86.91666666666667,86.82889433042973,16.9,23.988899203519757,4.413333333333333,5.177874141782881
183681,2026-09-22,4,23.58333333333333,23.572473005505618,86.91666666666667,86.96549387440228,16.9,23.675084315340705,4.413333333333333,5.396020336628363
183682,2026-09-22,4,23.58333333333333,22.82052420883283,86.91666666666667,91.09335174989779,16.9,25.596773305761182,4.413333333333333,4.687043564437148
183683,2026-09-22,4,23.58333333333333,22.974431026184366,86.91666666666667,88.86464774615072,16.9,24.323874760003292,4.413333333333333,5.198297515069696
183684,2026-09-22,4,23.58333333333333,23.063430828915042,86.91666666666667,89.59939487754075,16.9,23.332935177289716,4.413333333333333,5.034148657931102
183685,2026-09-22,4,23.58333333333333,22.78780185238724,86.91666666666667,89.91342722096516,16.9,23.31676165351837,4.413333333333333,4.626865053057821
183686,2026-09-22,4,23.58333333333333,22.799521031759504,86.91666666666667,89.65029224337175,16.9,23.502466853954935,4.413333333333333,4.867654231565802
183687,2026-09-22,4,23.58333333333333,23.316316624653563,86.91666666666667,88.58462242307651,16.9,24.635539555233162,4.413333333333333,5.515318449970063
183688,2026-09-22,4,23.58333333333333,23.732296722926733,86.91666666666667,87.49921518700363,16.9,24.05351983757937,4.413333333333333,5.464733888180746
183689,2026-09-22,4,23.58333333333333,23.55402077069468,86.91666666666667,86.84395001915638,16.9,23.77346253248247,4.413333333333333,5.446980093354021
183690,2026-09-22,4,23.58333333333333,22.227556647331443,86.91666666666667,91.4350553079131,16.9,23.52373171840887,4.413333333333333,4.503156418589981
183691,2026-09-22,4,23.58333333333333,23.781910841562464,86.91666666666667,87.1375033443669,16.9,23.426026663442723,4.413333333333333,5.527356315771737
183692,2026-09-22,4,23.58333333333333,22.15714755962234,86.91666666666667,91.91303404009659,16.9,24.44527057148711,4.413333333333333,4.732033002917697
183693,2026-09-22,4,23.58333333333333,23.482008195203658,86.91666666666667,86.88025122956255,16.9,24.37982822556872,4.413333333333333,5.361306727294881
183694,2026-09-22,4,23.58333333333333,23.545861071208982,86.91666666666667,86.88923049654692,16.9,24.15953332549617,4.413333333333333,5.215789398579059
183695,2026-09-22,4,23.58333333333333,22.20493005134198,86.91666666666667,91.46832184630014,16.9,25.642239622846702,4.413333333333333,4.690708214899286
183696,2026-09-22,4,23.58333333333333,23.818753391417548,86.91666666666667,86.64086949173799,16.9,23.494990444830524,4.413333333333333,5.261688112135913
183697,2026-09-22,4,23.58333333333333,23.84146575727823,86.91666666666667,86.28439731353136,16.9,23.10896222645658,4.413333333333333,5.273644443910747
183698,2026-09-22,4,23.58333333333333,22.30490048229451,86.91666666666667,91.07196709519289,16.9,24.22503620260961,4.413333333333333,4.946873706842987
183699,2026-09-22,4,23.58333333333333,22.882081326421094,86.91666666666667,89.9715827756177,16.9,23.966005168589483,4.413333333333333,4.9924847908213525
183700,2026-09-22,4,23.58333333333333,22.89248733911013,86.91666666666667,88.20262077445999,16.9,24.72955890112123,4.413333333333333,5.219694471582367
183701,2026-09-22,4,23.58333333333333,23.54248360767545,86.91666666666667,87.37746895663192,16.9,23.12200502840491,4.413333333333333,5.300204246277185
183702,2026-09-22,4,23.58333333333333,22.159299486604848,86.91666666666667,90.86197083290682,16.9,23.700698050629704,4.413333333333333,4.52289147581421
183703,2026-09-22,4,23.58333333333333,23.694168398207562,86.91666666666667,87.16114358081121,16.9,23.152689608756255,4.413333333333333,5.421782229478104
183704,2026-09-22,4,23.58333333333333,23.85640888603945,86.91666666666667,86.96414417278031,16.9,23.901748233015564,4.413333333333333,5.149450931476277
183705,2026-09-22,4,23.58333333333333,22.338545691097643,86.91666666666667,90.68397771824074,16.9,24.020446770996717,4.413333333333333,5.002775011886878
183706,2026-09-22,4,23.58333333333333,23.69676518421798,86.91666666666667,87.98962360340765,16.9,23.09998657213366,4.413333333333333,5.321916185328546
183707,2026-09-22,4,23.58333333333333,22.276682633340673,86.91666666666667,90.6609556614449,16.9,24.035685470955546,4.413333333333333,4.941787824836127
183708,2026-09-22,4,23.58333333333333,22.180064834041822,86.91666666666667,91.6607181477503,16.9,23.329225629302055,4.413333333333333,4.656132801412143
183709,2026-09-22,4,23.58333333333333,23.807905863285384,86.91666666666667,86.48753579961482,16.9,24.03643430495734,4.413333333333333,5.20774153457126
183710,2026-09-22,4,23.58333333333333,23.83338240253116,86.91666666666667,86.67458950220981,16.9,24.71781956076276,4.413333333333333,5.241426656498044
183711,2026-09-22,4,23.58333333333333,22.28150520549194,86.91666666666667,92.08597639046062,16.9,24.327326170010977,4.413333333333333,4.5877073342298615
183712,2026-09-22,4,23.58333333333333,22.941135299473142,86.91666666666667,88.87353096296559,16.9,24.356999952907326,4.413333333333333,5.25974888450696
183713,2026-09-22,4,23.58333333333333,23.68532472470729,86.91666666666667,86.87369593447615,16.9,23.960706375967998,4.413333333333333,5.513142586811387
183714,2026-09-22,4,23.58333333333333,23.7608457951643,86.91666666666667,87.64950271482279,16.9,23.54790432004923,4.413333333333333,5.328012609843213
183715,2026-09-22,4,23.58333333333333,22.75890263782717,86.91666666666667,91.26469800910377,16.9,24.805506631805173,4.413333333333333,4.909280434046647
183716,2026-09-22,4,23.58333333333333,22.196746767314636,86.91666666666667,91.77282919056687,16.9,23.70587554144807,4.413333333333333,4.717992396053767
183717,2026-09-22,4,23.58333333333333,22.205748751531136,86.91666666666667,92.07323589847462,16.9,23.718503866414586,4.413333333333333,4.695172774418684
183718,2026-09-22,4,23.58333333333333,22.132461116245874,86.91666666666667,91.69811888019709,16.9,23.353500317282244,4.413333333333333,4.526057486383636
183719,2026-09-22,4,23.58333333333333,22.87984001651705,86.91666666666667,89.88551913199238,16.9,23.603134661079984,4.413333333333333,4.996463850519199
183720,2026-09-22,4,23.58333333333333,23.49833307557757,86.91666666666667,87.11080582443586,16.9,23.844698133144114,4.413333333333333,5.418401781516469
183721,2026-09-22,4,23.58333333333333,21.749386522308196,86.91666666666667,92.29869470798275,16.9,23.990777242464127,4.413333333333333,4.392325041231853
183722,2026-09-22,4,23.58333333333333,23.79240334827029,86.91666666666667,86.61797158357376,16.9,23.908710408274302,4.413333333333333,5.378939293687513
183723,2026-09-22,4,23.58333333333333,22.205414655703933,86.91666666666667,91.58432548375306,16.9,23.78074336453189,4.413333333333333,4.57602638963317
183724,2026-09-22,4,23.58333333333333,23.72873778042115,86.91666666666667,87.56870182236153,16.9,23.67094680325574,4.413333333333333,5.445294531882197
183725,2026-09-22,4,23.58333333333333,22.916509148863504,86.91666666666667,89.95912500870459,16.9,24.6676014945264,4.413333333333333,4.874507580360854
183726,2026-09-22,4,23.58333333333333,22.815935571913084,86.91666666666667,91.76085330661141,16.9,23.288373849060136,4.413333333333333,4.619141335308734
183727,2026-09-22,4,23.58333333333333,22.322857949479143,86.91666666666667,90.86702900543666,16.9,24.13829826252795,4.413333333333333,4.805339948535821
183728,2026-09-22,4,23.58333333333333,23.89876868610253,86.91666666666667,86.53241835864,16.9,24.00944937665951,4.413333333333333,5.227862196446922
183729,2026-09-22,4,23.58333333333333,23.608704178287034,86.91666666666667,87.3188907182344,16.9,24.90631858136182,4.413333333333333,5.238353038456484
237291,2026-09-22,4,23.58333333333333,23.78575654052315,86.91666666666667,86.58919024252903,16.9,23.301198956370392,4.413333333333333,5.385285886606061
237292,2026-09-22,4,23.58333333333333,23.499020854128286,86.91666666666667,88.06579926338735,16.9,23.305629319593493,4.413333333333333,5.300142544550492
237293,2026-09-22,4,23.58333333333333,23.793733829517695,86.91666666666667,86.67134204098944,16.9,23.60123381311209,4.413333333333333,5.231578521351936
237294,2026-09-22,4,23.58333333333333,22.191721321783547,86.91666666666667,91.13180621493626,16.9,23.321126803307525,4.413333333333333,4.619629025758324
237295,2026-09-22,4,23.58333333333333,23.82975332773955,86.91666666666667,86.65370657574157,16.9,24.102677275278914,4.413333333333333,5.335421174401468
237296,2026-09-22,4,23.58333333333333,22.273361751314518,86.91666666666667,90.58721394870987,16.9,23.827098583959287,4.413333333333333,4.871203914830317
237297,2026-09-22,4,23.58333333333333,22.837613699459993,86.91666666666667,90.23677972561914,16.9,24.26663384442641,4.413333333333333,4.918957857150868
183623,2026-09-23,5,24.1,22.189949156296414,84.83333333333333,91.36565168471277,9.3,16.387880730306048,4.630833333333333,4.4468437843775614
183624,2026-09-23,5,24.1,22.990934577466053,84.83333333333333,91.79372729628041,9.3,17.392496222913792,4.630833333333333,4.531809842633653
183625,2026-09-23,5,24.1,22.684809799462037,84.83333333333333,89.49483680608259,9.3,15.86440302162148,4.630833333333333,4.820854067432931
183626,2026-09-23,5,24.1,22.81271239784764,84.83333333333333,88.76837081968745,9.3,16.57532251695247,4.630833333333333,5.071422361721565
183627,2026-09-23,5,24.1,23.001760010365278,84.83333333333333,92.34373059140312,9.3,17.027734100868923,4.630833333333333,4.36581294201142
183629,2026-09-23,5,24.1,22.99118596569955,84.83333333333333,91.88417530621275,9.3,17.31359745303495,4.630833333333333,4.561469626229969
183630,2026-09-23,5,24.1,22.790847150212365,84.83333333333333,88.66846887515831,9.3,16.2652573855995,4.630833333333333,5.191953061322455
183631,2026-09-23,5,24.1,23.478205011345192,84.83333333333333,86.98514397079637,9.3,17.12445058621035,4.630833333333333,5.281557600786716
183632,2026-09-23,5,24.1,22.72631458102868,84.83333333333333,90.28402261657702,9.3,16.032098901304277,4.630833333333333,4.736911386130278
183633,2026-09-23,5,24.1,23.349395820685046,84.83333333333333,89.92230385677797,9.3,16.984232400174662,4.630833333333333,4.926736423604765
183634,2026-09-23,5,24.1,22.758877433894476,84.83333333333333,89.9961975409409,9.3,16.55416071234385,4.630833333333333,4.637195644215916
183635,2026-09-23,5,24.1,22.68372311597361,84.83333333333333,89.4651198536249,9.3,16.50490337364497,4.630833333333333,4.592205085207109
183636,2026-09-23,5,24.1,23.297043723140924,84.83333333333333,88.1821293604311,9.3,15.840501353908103,4.630833333333333,4.834276724975458
183637,2026-09-23,5,24.1,23.355069060450848,84.83333333333333,89.75061425234354,9.3,18.059895631263007,4.630833333333333,4.70587871189219
183638,2026-09-23,5,24.1,24.219219142962885,84.83333333333333,85.9888352584921,9.3,16.006429392976344,4.630833333333333,5.4485651094846315
183639,2026-09-23,5,24.1,24.295853253117063,84.83333333333333,85.2771167527034,9.3,16.16601539002847,4.630833333333333,5.362182758547805
183640,2026-09-23,5,24.1,24.288197462941906,84.83333333333333,86.14429983546643,9.3,16.926286480515653,4.630833333333333,5.301651353770943
183641,2026-09-23,5,24.1,23.455608019147853,84.83333333333333,87.32540121552444,9.3,17.143415548707992,4.630833333333333,5.48922566883087
183642,2026-09-23,5,24.1,23.472097110902897,84.83333333333333,87.51898457930221,9.3,17.03085929257259,4.630833333333333,5.415565495098643
183643,2026-09-23,5,24.1,22.738376138679254,84.83333333333333,89.5550892627337,9.3,15.644868572289745,4.630833333333333,4.688775013032706
183644,2026-09-23,5,24.1,23.392735954562358,84.83333333333333,88.4956856081199,9.3,16.213639957361558,4.630833333333333,5.033970811888924
183645,2026-09-23,5,24.1,24.11013816772694,84.83333333333333,85.71834853920525,9.3,16.76745774556855,4.630833333333333,5.386362947294501
183646,2026-09-23,5,24.1,22.80992061133547,84.83333333333333,90.6146335689708,9.3,17.363917656303187,4.630833333333333,4.589586662604645
183647,2026-09-23,5,24.1,22.776491693093988,84.83333333333333,88.52743715161513,9.3,16.828991162676708,4.630833333333333,5.168396164047783
183648,2026-09-23,5,24.1,22.70069379499189,84.83333333333333,89.739225497226,9.3,15.680999839726553,4.630833333333333,4.60846775029059
183649,2026-09-23,5,24.1,23.282358473715007,84.83333333333333,87.83318250370873,9.3,16.0333261686141,4.630833333333333,4.98224133119551
183650,2026-09-23,5,24.1,23.46513451280042,84.83333333333333,87.73177516274849,9.3,16.65061381851953,4.630833333333333,4.995729262569408
183651,2026-09-23,5,24.1,22.813913495685604,84.83333333333333,88.77514039607858,9.3,15.614590480763631,4.630833333333333,4.895072575835059
183652,2026-09-23,5,24.1,24.323992259280416,84.83333333333333,85.48040118587647,9.3,15.628856716279955,4.630833333333333,5.286069258456761
183653,2026-09-23,5,24.1,22.731804584122166,84.83333333333333,89.94713437184922,9.3,15.936536986108205,4.630833333333333,4.665247196772966
183654,2026-09-23,5,24.1,23.486450297333022,84.83333333333333,87.55719453776972,9.3,16.488817621281843,4.630833333333333,5.365901068312662
183655,2026-09-23,5,24.1,23.878065156911937,84.83333333333333,87.20345871524624,9.3,17.33698588870861,4.630833333333333,5.572184540894528
183656,2026-09-23,5,24.1,22.75344933396905,84.83333333333333,90.17043657376763,9.3,16.36547383144493,4.630833333333333,4.798392313827598
183657,2026-09-23,5,24.1,22.70405988362449,84.83333333333333,89.61920177260681,9.3,16.03651414170316,4.630833333333333,4.6549544804082865
183658,2026-09-23,5,24.1,23.902713564578853,84.83333333333333,86.80330872401362,9.3,16.186116298248585,4.630833333333333,5.3754826802117
183659,2026-09-23,5,24.1,23.308414429771467,84.83333333333333,89.81243721694256,9.3,17.039447205855325,4.630833333333333,4.74909214012811
183660,2026-09-23,5,24.1,23.525925145011463,84.83333333333333,89.6729312047503,9.3,15.707666316408503,4.630833333333333,4.807069160405329
183661,2026-09-23,5,24.1,23.86104378532099,84.83333333333333,86.63673886473825,9.3,16.698366524816304,4.630833333333333,5.363350924721832
183662,2026-09-23,5,24.1,24.073427926756352,84.83333333333333,85.81698258585931,9.3,16.45084155498825,4.630833333333333,5.445703441896256
183663,2026-09-23,5,24.1,24.320159418713132,84.83333333333333,85.26542166028675,9.3,16.024743746567008,4.630833333333333,5.355367843670475
183664,2026-09-23,5,24.1,23.260141300469808,84.83333333333333,88.13738038343276,9.3,16.861280744400798,4.630833333333333,4.786028973906571
183665,2026-09-23,5,24.1,24.247905229489643,84.83333333333333,86.04835235917496,9.3,15.903984187501063,4.630833333333333,5.383971480344751
183666,2026-09-23,5,24.1,23.492736645546525,84.83333333333333,86.99778970825949,9.3,17.003635360448005,4.630833333333333,5.466627966462459
183667,2026-09-23,5,24.1,23.459342035258246,84.83333333333333,87.36735057979088,9.3,17.25063936750551,4.630833333333333,5.355676728971869
183668,2026-09-23,5,24.1,23.87855650081768,84.83333333333333,86.78485839083879,9.3,15.72274022659841,4.630833333333333,5.284103695600567
183669,2026-09-23,5,24.1,24.36028725695533,84.83333333333333,85.43857204139562,9.3,16.03695102753569,4.630833333333333,5.349411999394995
183670,2026-09-23,5,24.1,23.83677993869376,84.83333333333333,86.95446831180685,9.3,16.008000221755005,4.630833333333333,5.384377810500075
183671,2026-09-23,5,24.1,22.768841620967482,84.83333333333333,90.4477003983915,9.3,16.83874968990787,4.630833333333333,4.586452287342164
183672,2026-09-23,5,24.1,22.808849830008736,84.83333333333333,88.5253139933613,9.3,16.57898423385488,4.630833333333333,5.1742541094455685
183673,2026-09-23,5,24.1,24.33968863898013,84.83333333333333,85.25711693618769,9.3,16.22561971575457,4.630833333333333,5.264482862954038
183674,2026-09-23,5,24.1,23.332939485538123,84.83333333333333,88.71724898020112,9.3,15.372932544470384,4.630833333333333,4.94187348582557
183675,2026-09-23,5,24.1,22.82359673847938,84.83333333333333,88.63006730993754,9.3,16.43919929086163,4.630833333333333,4.929994796803865
183676,2026-09-23,5,24.1,23.884315094514832,84.83333333333333,86.41028552465697,9.3,16.213630697137827,4.630833333333333,5.386328884714185
183677,2026-09-23,5,24.1,24.051939353017612,84.83333333333333,86.07862960832213,9.3,16.629518492702495,4.630833333333333,5.312436571104438
183678,2026-09-23,5,24.1,24.062962302445502,84.83333333333333,85.72453606168233,9.3,16.852823687154903,4.630833333333333,5.405578098726901
183679,2026-09-23,5,24.1,24.237346242205813,84.83333333333333,86.28288703050379,9.3,16.527180973314515,4.630833333333333,5.27144865653565
183680,2026-09-23,5,24.1,24.387911295963644,84.83333333333333,85.39269658955412,9.3,16.388899203519756,4.630833333333333,5.2192795410884365
183681,2026-09-23,5,24.1,24.07771754124576,84.83333333333333,85.8213248498161,9.3,16.075084315340703,4.630833333333333,5.468180961628362
183682,2026-09-23,5,24.1,23.335141390332815,84.83333333333333,89.61640359715092,9.3,17.996773305761188,4.630833333333333,4.782179021158017
183683,2026-09-23,5,24.1,23.501532563455786,84.83333333333333,87.2848220585157,9.3,16.723874760003294,4.630833333333333,5.244553385119415
183684,2026-09-23,5,24.1,23.613272093809474,84.83333333333333,88.22162920853052,9.3,15.732935177289718,4.630833333333333,5.140987363796995
183685,2026-09-23,5,24.1,23.32455204533597,84.83333333333333,87.99575825684845,9.3,15.716761653518375,4.630833333333333,4.687123036925848
183686,2026-09-23,5,24.1,23.287690091901236,84.83333333333333,87.88295179366015,9.3,15.90246685395494,4.630833333333333,4.915579518384073
183687,2026-09-23,5,24.1,23.85182609043405,84.83333333333333,86.93956540224495,9.3,17.035539555233168,4.630833333333333,5.568551865545657
183688,2026-09-23,5,24.1,24.24055444649055,84.83333333333333,85.83253708804635,9.3,16.45351983757937,4.630833333333333,5.46600742269872
183689,2026-09-23,5,24.1,24.083839870444447,84.83333333333333,85.66007952561115,9.3,16.17346253248247,4.630833333333333,5.479769758758063
183690,2026-09-23,5,24.1,22.739543200770704,84.83333333333333,90.01837398311821,9.3,15.923731718408877,4.630833333333333,4.54055504717187
183691,2026-09-23,5,24.1,24.346055335376658,84.83333333333333,85.77568384297601,9.3,15.826026663442725,4.630833333333333,5.555565260453507
183692,2026-09-23,5,24.1,22.69041726447111,84.83333333333333,90.56955600200074,9.3,16.845270571487113,4.630833333333333,4.856242682851724
183693,2026-09-23,5,24.1,24.00119806644446,84.83333333333333,85.79804264546047,9.3,16.779828225568725,4.630833333333333,5.413450328485358
183694,2026-09-23,5,24.1,24.066116895499846,84.83333333333333,85.7295080929425,9.3,16.559533325496176,4.630833333333333,5.265900162467948
183695,2026-09-23,5,24.1,22.752209754832418,84.83333333333333,90.12777570629898,9.3,18.042239622846704,4.630833333333333,4.822305732861766
183696,2026-09-23,5,24.1,24.374544352640047,84.83333333333333,85.32470578876216,9.3,15.894990444830526,4.630833333333333,5.242250050684271
183697,2026-09-23,5,24.1,24.404793594308288,84.83333333333333,84.94801803605638,9.3,15.508962226456582,4.630833333333333,5.266675140544839
183698,2026-09-23,5,24.1,22.865745201807318,84.83333333333333,89.12812727296287,9.3,16.625036202609607,4.630833333333333,5.0240316431299705
183699,2026-09-23,5,24.1,23.388257547109063,84.83333333333333,88.11157463703385,9.3,16.366005168589485,4.630833333333333,5.094653930932121
183700,2026-09-23,5,24.1,23.440049359500076,84.83333333333333,86.83355650611777,9.3,17.129558901121232,4.630833333333333,5.309397268251794
183701,2026-09-23,5,24.1,24.074321247260727,84.83333333333333,85.87671526539235,9.3,15.522005028404914,4.630833333333333,5.356142307430937
183702,2026-09-23,5,24.1,22.707870352671968,84.83333333333333,89.51157267756302,9.3,16.100698050629703,4.630833333333333,4.56377820955336
183703,2026-09-23,5,24.1,24.207064878158242,84.83333333333333,85.84237903629693,9.3,15.552689608756257,4.630833333333333,5.44927231724913
183704,2026-09-23,5,24.1,24.381717689787695,84.83333333333333,85.2472062573961,9.3,16.301748233015566,4.630833333333333,5.1583726786373365
183705,2026-09-23,5,24.1,22.864163937974613,84.83333333333333,89.00141980397305,9.3,16.42044677099672,4.630833333333333,5.054478445896392
183706,2026-09-23,5,24.1,24.24008651682035,84.83333333333333,86.38615274450291,9.3,15.499986572133661,4.630833333333333,5.363896832622354
183707,2026-09-23,5,24.1,22.791639285265894,84.83333333333333,89.01276860148465,9.3,16.435685470955544,4.630833333333333,5.028047022112723
183708,2026-09-23,5,24.1,22.734046734475235,84.83333333333333,90.29773448611317,9.3,15.729225629302057,4.630833333333333,4.791432271885813
183709,2026-09-23,5,24.1,24.30693637991176,84.83333333333333,85.11358125161627,9.3,16.43643430495734,4.630833333333333,5.268789499985874
183710,2026-09-23,5,24.1,24.368730502565427,84.83333333333333,85.34049961087813,9.3,17.11781956076276,4.630833333333333,5.236251582093282
183711,2026-09-23,5,24.1,22.778083079252948,84.83333333333333,90.51413387430487,9.3,16.727326170010976,4.630833333333333,4.636520662504597
183712,2026-09-23,5,24.1,23.450617231131375,84.83333333333333,87.31739490180487,9.3,16.75699995290733,4.630833333333333,5.3650994314392
183713,2026-09-23,5,24.1,24.236195981814987,84.83333333333333,85.67172268259044,9.3,16.360706375968,4.630833333333333,5.490554772207009
183714,2026-09-23,5,24.1,24.287989773232724,84.83333333333333,86.00664846873548,9.3,15.947904320049233,4.630833333333333,5.30134501382564
183715,2026-09-23,5,24.1,23.278871751295377,84.83333333333333,89.89394802821681,9.3,17.205506631805182,4.630833333333333,4.969149720552129
183716,2026-09-23,5,24.1,22.737420824585847,84.83333333333333,90.20779090044516,9.3,16.10587554144807,4.630833333333333,4.760359017663897
183717,2026-09-23,5,24.1,22.77313344992384,84.83333333333333,90.45247674329586,9.3,16.11850386641459,4.630833333333333,4.739011800137438
183718,2026-09-23,5,24.1,22.650282578535293,84.83333333333333,89.86662797262606,9.3,15.753500317282246,4.630833333333333,4.542464788137548
183719,2026-09-23,5,24.1,23.42330945515553,84.83333333333333,88.15178000362339,9.3,16.003134661079983,4.630833333333333,5.090774507804775
183720,2026-09-23,5,24.1,24.064079703150583,84.83333333333333,86.03079518411036,9.3,16.24469813314412,4.630833333333333,5.494571668260308
183721,2026-09-23,5,24.1,22.268029333749286,84.83333333333333,90.84506853304627,9.3,16.39077724246413,4.630833333333333,4.41884847657173
183722,2026-09-23,5,24.1,24.337436444513795,84.83333333333333,85.33807099790663,9.3,16.3087104082743,4.630833333333333,5.36423266586387
183723,2026-09-23,5,24.1,22.724920385406186,84.83333333333333,90.3420064083632,9.3,16.180743364531892,4.630833333333333,4.705907692984685
183724,2026-09-23,5,24.1,24.225853806282657,84.83333333333333,85.95560334819218,9.3,16.070946803255744,4.630833333333333,5.45068917473934
183725,2026-09-23,5,24.1,23.409309310947098,84.83333333333333,88.3924190248575,9.3,17.067601494526407,4.630833333333333,4.938476061065306
183726,2026-09-23,5,24.1,23.35192465383708,84.83333333333333,90.09602059821282,9.3,15.688373849060136,4.630833333333333,4.7176175836552945
183727,2026-09-23,5,24.1,22.838934634891444,84.83333333333333,89.26175485303506,9.3,16.538298262527952,4.630833333333333,4.906054573412023
183728,2026-09-23,5,24.1,24.37939764924274,84.83333333333333,85.26239011265034,9.3,16.409449376659516,4.630833333333333,5.252466740639359
183729,2026-09-23,5,24.1,24.133889177478494,84.83333333333333,85.92012226299671,9.3,17.306318581361822,4.630833333333333,5.252837048873151
237291,2026-09-23,5,24.1,24.30246589324459,84.83333333333333,85.15287132941633,9.3,15.701198956370394,4.630833333333333,5.374762008053378
237292,2026-09-23,5,24.1,23.99787197376703,84.83333333333333,86.65549477511658,9.3,15.705629319593493,4.630833333333333,5.373278342808696
237293,2026-09-23,5,24.1,24.29075041464777,84.83333333333333,85.40032702524333,9.3,16.00123381311209,4.630833333333333,5.282411725717015
237294,2026-09-23,5,24.1,22.728147094738684,84.83333333333333,89.69002213665658,9.3,15.721126803307525,4.630833333333333,4.696759049493578
237295,2026-09-23,5,24.1,24.37058129771278,84.83333333333333,85.455508832523,9.3,16.502677275278916,4.630833333333333,5.355212034640767
237296,2026-09-23,5,24.1,22.81196486958218,84.83333333333333,88.83227734262998,9.3,16.227098583959293,4.630833333333333,4.9565811922750065
237297,2026-09-23,5,24.1,23.37832588207492,84.83333333333333,88.55786148097705,9.3,16.66663384442641,4.630833333333333,5.0598965718889986
183623,2026-09-24,6,24.079166666666666,22.11778670197248,84.875,92.00305878430083,1.5,8.587880730306047,6.255833333333334,5.968594802835146
183624,2026-09-24,6,24.079166666666666,22.91866366772082,84.875,92.41976081798003,1.5,9.592496222913788,6.255833333333334,5.944485952778514
183625,2026-09-24,6,24.079166666666666,22.602028128021512,84.875,89.93950115179281,1.5,8.06440302162148,6.255833333333334,6.296160231934543
183626,2026-09-24,6,24.079166666666666,22.737008556950226,84.875,89.47464093753668,1.5,8.775322516952468,6.255833333333334,6.4448500675782086
183627,2026-09-24,6,24.079166666666666,22.915386582826216,84.875,92.88600094769797,1.5,9.22773410086892,6.255833333333334,5.914141169435267
183629,2026-09-24,6,24.079166666666666,22.92585198701084,84.875,92.44768830421683,1.5,9.513597453034953,6.255833333333334,5.971469340834905
183630,2026-09-24,6,24.079166666666666,22.72855567689057,84.875,89.26617007795448,1.5,8.465257385599502,6.255833333333334,6.619165848957772
183631,2026-09-24,6,24.079166666666666,23.40326247493447,84.875,87.30155257340279,1.5,9.32445058621035,6.255833333333334,6.61709439146132
183632,2026-09-24,6,24.079166666666666,22.654298408169105,84.875,90.79278117938483,1.5,8.232098901304276,6.255833333333334,6.1339729119475
183633,2026-09-24,6,24.079166666666666,23.25803599648057,84.875,90.31836131539582,1.5,9.184232400174661,6.255833333333334,6.2945508531209695
183634,2026-09-24,6,24.079166666666666,22.663599425837376,84.875,90.40836397220487,1.5,8.75416071234385,6.255833333333334,5.989614838353992
183635,2026-09-24,6,24.079166666666666,22.585100252741185,84.875,89.92293984764927,1.5,8.70490337364497,6.255833333333334,6.015767170769741
183636,2026-09-24,6,24.079166666666666,23.195955981804445,84.875,88.47658289485517,1.5,8.040501353908102,6.255833333333334,6.200560247965198
183637,2026-09-24,6,24.079166666666666,23.27916109192406,84.875,90.10386556064698,1.5,10.259895631263007,6.255833333333334,6.037849624688891
183638,2026-09-24,6,24.079166666666666,24.119297170954795,84.875,86.34366256886027,1.5,8.206429392976343,6.255833333333334,6.833243368955547
183639,2026-09-24,6,24.079166666666666,24.23868351533179,84.875,85.56158366757576,1.5,8.366015390028469,6.255833333333334,6.805984518732066
183640,2026-09-24,6,24.079166666666666,24.181361090045048,84.875,86.39939358246689,1.5,9.126286480515652,6.255833333333334,6.729172679066019
183641,2026-09-24,6,24.079166666666666,23.36808019082175,84.875,87.55092514177878,1.5,9.343415548707988,6.255833333333334,6.8752315012768745
183642,2026-09-24,6,24.079166666666666,23.35694211814741,84.875,88.06174583943447,1.5,9.230859292572589,6.255833333333334,6.814962902598139
183643,2026-09-24,6,24.079166666666666,22.643848666343608,84.875,90.09750319158164,1.5,7.844868572289743,6.255833333333334,6.084127060291004
183644,2026-09-24,6,24.079166666666666,23.308203702127646,84.875,88.95785275228802,1.5,8.413639957361555,6.255833333333334,6.367744066692645
183645,2026-09-24,6,24.079166666666666,24.028632245480317,84.875,86.25279975731877,1.5,8.967457745568549,6.255833333333334,6.7629708366307915
183646,2026-09-24,6,24.079166666666666,22.710277197285563,84.875,91.06699181216935,1.5,9.563917656303186,6.255833333333334,6.05342141001967
183647,2026-09-24,6,24.079166666666666,22.706860607461948,84.875,89.12060478001501,1.5,9.02899116267671,6.255833333333334,6.542731602839212
183648,2026-09-24,6,24.079166666666666,22.55721176358784,84.875,90.05628943801167,1.5,7.880999839726552,6.255833333333334,6.069584293123764
183649,2026-09-24,6,24.079166666666666,23.155747194844402,84.875,88.36815427151735,1.5,8.233326168614099,6.255833333333334,6.359220735047213
183650,2026-09-24,6,24.079166666666666,23.357938577365466,84.875,88.23104606021099,1.5,8.85061381851953,6.255833333333334,6.393757588914666
183651,2026-09-24,6,24.079166666666666,22.72276025304477,84.875,89.381261653467,1.5,7.81459048076363,6.255833333333334,6.2877736230372605
183652,2026-09-24,6,24.079166666666666,24.218603736161132,84.875,85.62279037453823,1.5,7.828856716279952,6.255833333333334,6.72418337380669
183653,2026-09-24,6,24.079166666666666,22.680585084214563,84.875,90.41529722248465,1.5,8.136536986108204,6.255833333333334,6.058493304554004
183654,2026-09-24,6,24.079166666666666,23.392957610453486,84.875,88.06003241999727,1.5,8.688817621281842,6.255833333333334,6.77982202007782
183655,2026-09-24,6,24.079166666666666,23.768826649798783,84.875,87.82814411666239,1.5,9.536985888708609,6.255833333333334,6.97676752175626
183656,2026-09-24,6,24.079166666666666,22.67313238440953,84.875,90.59689015448701,1.5,8.56547383144493,6.255833333333334,6.222338165636831
183657,2026-09-24,6,24.079166666666666,22.62486437131155,84.875,89.97655512551144,1.5,8.236514141703159,6.255833333333334,6.081046275310767
183658,2026-09-24,6,24.079166666666666,23.845353542658124,84.875,87.35338257336517,1.5,8.386116298248584,6.255833333333334,6.775964472345221
183659,2026-09-24,6,24.079166666666666,23.23224850071981,84.875,90.38376072744848,1.5,9.23944720585533,6.255833333333334,6.164842758930329
183660,2026-09-24,6,24.079166666666666,23.451793359506134,84.875,90.06819336256466,1.5,7.907666316408503,6.255833333333334,6.229260403690576
183661,2026-09-24,6,24.079166666666666,23.766417389054364,84.875,86.99263354779046,1.5,8.898366524816304,6.255833333333334,6.787841333293958
183662,2026-09-24,6,24.079166666666666,23.95857491724686,84.875,86.2901058191282,1.5,8.650841554988252,6.255833333333334,6.821128335628748
183663,2026-09-24,6,24.079166666666666,24.220066043843104,84.875,85.59037840554353,1.5,8.224743746567007,6.255833333333334,6.814433018935026
183664,2026-09-24,6,24.079166666666666,23.163892637691095,84.875,88.48747159505628,1.5,9.061280744400797,6.255833333333334,6.1630514338306375
183665,2026-09-24,6,24.079166666666666,24.2092032730464,84.875,86.50348058248184,1.5,8.103984187501062,6.255833333333334,6.816854925746315
183666,2026-09-24,6,24.079166666666666,23.426540235562697,84.875,87.18859148473823,1.5,9.203635360448004,6.255833333333334,6.829852307121801
183667,2026-09-24,6,24.079166666666666,23.363444905804997,84.875,87.87306380012231,1.5,9.45063936750551,6.255833333333334,6.76175042745272
183668,2026-09-24,6,24.079166666666666,23.791569207698764,84.875,87.11604149464652,1.5,7.9227402265984095,6.255833333333334,6.653095134092632
183669,2026-09-24,6,24.079166666666666,24.272398192959187,84.875,85.80717841627258,1.5,8.236951027535689,6.255833333333334,6.761363322490308
183670,2026-09-24,6,24.079166666666666,23.766729368910024,84.875,87.41610105147198,1.5,8.208000221755002,6.255833333333334,6.764475666321066
183671,2026-09-24,6,24.079166666666666,22.682104330522797,84.875,90.83052188863014,1.5,9.03874968990787,6.255833333333334,5.981620838628744
183672,2026-09-24,6,24.079166666666666,22.755760654734978,84.875,89.07101543383804,1.5,8.778984233854878,6.255833333333334,6.546463574585692
183673,2026-09-24,6,24.079166666666666,24.245981972927485,84.875,85.51618872514253,1.5,8.425619715754564,6.255833333333334,6.648578672036931
183674,2026-09-24,6,24.079166666666666,23.261737262134588,84.875,89.31575091583761,1.5,7.572932544470384,6.255833333333334,6.328740667246568
183675,2026-09-24,6,24.079166666666666,22.731947608885108,84.875,89.29128006846616,1.5,8.63919929086163,6.255833333333334,6.269487540218865
183676,2026-09-24,6,24.079166666666666,23.777456936351804,84.875,86.68823850205187,1.5,8.413630697137824,6.255833333333334,6.776956924579753
183677,2026-09-24,6,24.079166666666666,23.934151591543014,84.875,86.30331469417514,1.5,8.829518492702498,6.255833333333334,6.667135946104439
183678,2026-09-24,6,24.079166666666666,23.937325107283133,84.875,86.07916948194475,1.5,9.052823687154898,6.255833333333334,6.811808915632516
183679,2026-09-24,6,24.079166666666666,24.178794277308175,84.875,86.42871136334685,1.5,8.727180973314514,6.255833333333334,6.651618408419569
183680,2026-09-24,6,24.079166666666666,24.30514959551676,84.875,85.77499891864187,1.5,8.588899203519757,6.255833333333334,6.646613968171771
183681,2026-09-24,6,24.079166666666666,23.989396808470662,84.875,85.92571510729866,1.5,8.275084315340704,6.255833333333334,6.8506630449616965
183682,2026-09-24,6,24.079166666666666,23.26577953621453,84.875,90.11290119076939,1.5,10.196773305761186,6.255833333333334,6.145110503179837
183683,2026-09-24,6,24.079166666666666,23.422177621688725,84.875,87.60745881900469,1.5,8.923874760003294,6.255833333333334,6.638062583758282
183684,2026-09-24,6,24.079166666666666,23.539193125360953,84.875,88.71017712399923,1.5,7.932935177289718,6.255833333333334,6.505065955428165
183685,2026-09-24,6,24.079166666666666,23.222096841912474,84.875,88.46325210518287,1.5,7.916761653518373,6.255833333333334,6.067106205710643
183686,2026-09-24,6,24.079166666666666,23.16031357759316,84.875,88.39071058757187,1.5,8.102466853954937,6.255833333333334,6.250410795475801
183687,2026-09-24,6,24.079166666666666,23.768116228247806,84.875,87.39674462660842,1.5,9.235539555233164,6.255833333333334,6.95324360143067
183688,2026-09-24,6,24.079166666666666,24.176216906596743,84.875,86.0766871898614,1.5,8.65351983757937,6.255833333333334,6.89449025927085
183689,2026-09-24,6,24.079166666666666,23.982416799443016,84.875,86.17613964575104,1.5,8.37346253248247,6.255833333333334,6.872857587040891
183690,2026-09-24,6,24.079166666666666,22.67498044364011,84.875,90.5134578663778,1.5,8.123731718408877,6.255833333333334,5.952710266277813
183691,2026-09-24,6,24.079166666666666,24.247893894157578,84.875,85.93843360929988,1.5,8.026026663442725,6.255833333333334,7.032473107265046
183692,2026-09-24,6,24.079166666666666,22.624845361040155,84.875,90.89294635778519,1.5,9.04527057148711,6.255833333333334,6.2340148207285475
183693,2026-09-24,6,24.079166666666666,23.9180623993701,84.875,85.9278922814685,1.5,8.97982822556872,6.255833333333334,6.763373671739327
183694,2026-09-24,6,24.079166666666666,23.99709885939693,84.875,86.03114312167953,1.5,8.759533325496175,6.255833333333334,6.572297037467949
183695,2026-09-24,6,24.079166666666666,22.677411998944265,84.875,90.5782791289899,1.5,10.242239622846704,6.255833333333334,6.27960706317569
183696,2026-09-24,6,24.079166666666666,24.281840289179417,84.875,85.64992065669362,1.5,8.094990444830527,6.255833333333334,6.721606408960958
183697,2026-09-24,6,24.079166666666666,24.304891752968537,84.875,85.24637734986823,1.5,7.708962226456581,6.255833333333334,6.738805018631211
183698,2026-09-24,6,24.079166666666666,22.77967675207492,84.875,89.69933436820806,1.5,8.825036202609606,6.255833333333334,6.413630554180051
183699,2026-09-24,6,24.079166666666666,23.316004882209622,84.875,88.73084039392712,1.5,8.566005168589484,6.255833333333334,6.451518759531443
183700,2026-09-24,6,24.079166666666666,23.35195732022311,84.875,87.42047490551403,1.5,9.329558901121228,6.255833333333334,6.648385276231185
183701,2026-09-24,6,24.079166666666666,23.994872407256842,84.875,86.42630078057095,1.5,7.722005028404913,6.255833333333334,6.761373918711044
183702,2026-09-24,6,24.079166666666666,22.59520674229749,84.875,89.93119803333958,1.5,8.300698050629705,6.255833333333334,6.010842435423666
183703,2026-09-24,6,24.079166666666666,24.1376611624506,84.875,86.19398169219883,1.5,7.752689608756258,6.255833333333334,6.873047511765263
183704,2026-09-24,6,24.079166666666666,24.29358250173419,84.875,85.56562342142371,1.5,8.501748233015565,6.255833333333334,6.563792320175575
183705,2026-09-24,6,24.079166666666666,22.773672837369183,84.875,89.44325150617978,1.5,8.620446770996718,6.255833333333334,6.472085699737048
183706,2026-09-24,6,24.079166666666666,24.155022433311057,84.875,86.94753836245735,1.5,7.699986572133661,6.255833333333334,6.798255729370717
183707,2026-09-24,6,24.079166666666666,22.70622228414744,84.875,89.3436525346473,1.5,8.635685470955547,6.255833333333334,6.405426737980916
183708,2026-09-24,6,24.079166666666666,22.68631011160498,84.875,90.78394644942065,1.5,7.929225629302057,6.255833333333334,6.141277583403704
183709,2026-09-24,6,24.079166666666666,24.231206654104774,84.875,85.30377846524169,1.5,8.63643430495734,6.255833333333334,6.671109303796767
183710,2026-09-24,6,24.079166666666666,24.301112554781856,84.875,85.53362845006671,1.5,9.31781956076276,6.255833333333334,6.674486502728204
183711,2026-09-24,6,24.079166666666666,22.68264135185609,84.875,91.04608724881248,1.5,8.927326170010979,6.255833333333334,6.061800868181273
183712,2026-09-24,6,24.079166666666666,23.334040396940864,84.875,87.9263987899785,1.5,8.956999952907328,6.255833333333334,6.690420564203531
183713,2026-09-24,6,24.079166666666666,24.155985340875677,84.875,85.89769644543298,1.5,8.560706375967998,6.255833333333334,6.933449656466269
183714,2026-09-24,6,24.079166666666666,24.200430060857492,84.875,86.42553392653963,1.5,8.147904320049232,6.255833333333334,6.772151715346526
183715,2026-09-24,6,24.079166666666666,23.211501054780825,84.875,90.40615658917277,1.5,9.40550663180518,6.255833333333334,6.3820152119305265
183716,2026-09-24,6,24.079166666666666,22.663074223895112,84.875,90.5795522366549,1.5,8.305875541448067,6.255833333333334,6.18234998286252
183717,2026-09-24,6,24.079166666666666,22.702066589383122,84.875,90.95354268618928,1.5,8.318503866414586,6.255833333333334,6.147028647407482
183718,2026-09-24,6,24.079166666666666,22.55015247459051,84.875,90.31446251501269,1.5,7.953500317282247,6.255833333333334,5.956815410340561
183719,2026-09-24,6,24.079166666666666,23.33485947799601,84.875,88.70885024847249,1.5,8.203134661079984,6.255833333333334,6.393685007491492
183720,2026-09-24,6,24.079166666666666,23.982445288377757,84.875,86.44266416759719,1.5,8.444698133144119,6.255833333333334,6.8707321450520356
183721,2026-09-24,6,24.079166666666666,22.204170379920708,84.875,91.23217252113044,1.5,8.590777242464128,6.255833333333334,5.8968113609047705
183722,2026-09-24,6,24.079166666666666,24.276529849532984,84.875,85.70764156810468,1.5,8.508710408274304,6.255833333333334,6.739592225475727
183723,2026-09-24,6,24.079166666666666,22.671812522540538,84.875,90.6281008042265,1.5,8.380743364531895,6.255833333333334,6.069741172421146
183724,2026-09-24,6,24.079166666666666,24.171825712203017,84.875,86.27557453156123,1.5,8.270946803255743,6.255833333333334,6.854935976793495
183725,2026-09-24,6,24.079166666666666,23.348363028588317,84.875,89.07403855436382,1.5,9.267601494526406,6.255833333333334,6.25214467712043
183726,2026-09-24,6,24.079166666666666,23.269549692229038,84.875,90.576270503792,1.5,7.888373849060136,6.255833333333334,6.072900621023019
183727,2026-09-24,6,24.079166666666666,22.75734793800484,84.875,89.74166669646462,1.5,8.738298262527952,6.255833333333334,6.283030865882131
183728,2026-09-24,6,24.079166666666666,24.286042005788016,84.875,85.55611820775322,1.5,8.609449376659516,6.255833333333334,6.618026975513242
183729,2026-09-24,6,24.079166666666666,24.049741741670264,84.875,86.27529969124315,1.5,9.506318581361821,6.255833333333334,6.654309207437967
237291,2026-09-24,6,24.079166666666666,24.22541802286791,84.875,85.38959380269661,1.5,7.901198956370392,6.255833333333334,6.860093837601486
237292,2026-09-24,6,24.079166666666666,23.89326303681808,84.875,86.843757527112,1.5,7.905629319593492,6.255833333333334,6.733986333337692
237293,2026-09-24,6,24.079166666666666,24.208363933435184,84.875,85.78723612826153,1.5,8.20123381311209,6.255833333333334,6.697884989605905
237294,2026-09-24,6,24.079166666666666,22.621414708784094,84.875,90.2241765722997,1.5,7.9211268033075255,6.255833333333334,6.131093573681422
237295,2026-09-24,6,24.079166666666666,24.286195052901014,84.875,85.69294243353906,1.5,8.702677275278917,6.255833333333334,6.75003284587814
237296,2026-09-24,6,24.079166666666666,22.736497180561226,84.875,89.16672473707078,1.5,8.427098583959289,6.255833333333334,6.328886533038558
237297,2026-09-24,6,24.079166666666666,23.301576839801054,84.875,89.18615030727365,1.5,8.86663384442641,6.255833333333334,6.408728337677003
183623,2026-09-25,7,23.320833333333336,21.965388243033075,82.54166666666667,90.88593686888895,0.0,7.087880730306048,7.8875,4.327996028396564
183624,2026-09-25,7,23.320833333333336,22.780774454945124,82.54166666666667,90.62976445872044,0.0,8.09249622291379,7.8875,4.319283517909086
183625,2026-09-25,7,23.320833333333336,22.42008434435203,82.54166666666667,88.25352174994322,0.0,6.564403021621482,7.8875,4.739305146668164
183626,2026-09-25,7,23.320833333333336,22.50245151162436,82.54166666666667,88.30608133655244,0.0,7.275322516952467,7.8875,4.800165772795872
183627,2026-09-25,7,23.320833333333336,22.737708740943884,82.54166666666667,91.53827512921451,0.0,7.72773410086892,7.8875,4.342028655413284
183629,2026-09-25,7,23.320833333333336,22.830336814781973,82.54166666666667,90.77141048289783,0.0,8.013597453034954,7.8875,4.420712975678864
183630,2026-09-25,7,23.320833333333336,22.437604487433987,82.54166666666667,88.74734459285835,0.0,6.965257385599501,7.8875,4.88656083323622
183631,2026-09-25,7,23.320833333333336,23.237003667203723,82.54166666666667,86.62308510790119,0.0,7.824450586210349,7.8875,5.005871048207351
183632,2026-09-25,7,23.320833333333336,22.511353199097872,82.54166666666667,89.80472230508424,0.0,6.732098901304277,7.8875,4.459476856950926
183633,2026-09-25,7,23.320833333333336,23.07956373993134,82.54166666666667,88.7845291566735,0.0,7.684232400174665,7.8875,4.521433070634588
183634,2026-09-25,7,23.320833333333336,22.492464576964974,82.54166666666667,89.44790244886258,0.0,7.25416071234385,7.8875,4.435024240803394
183635,2026-09-25,7,23.320833333333336,22.444093392049236,82.54166666666667,88.95600101952725,0.0,7.20490337364497,7.8875,4.539465617678394
183636,2026-09-25,7,23.320833333333336,23.12509614634235,82.54166666666667,87.46835793997658,0.0,6.540501353908103,7.8875,4.7347665101917125
183637,2026-09-25,7,23.320833333333336,23.224298215807067,82.54166666666667,88.57035562388927,0.0,8.759895631263007,7.8875,4.405268432601138
183638,2026-09-25,7,23.320833333333336,24.08407441767949,82.54166666666667,85.63620431411272,0.0,6.706429392976342,7.8875,5.203365452575287
183639,2026-09-25,7,23.320833333333336,24.12988273722043,82.54166666666667,84.8955989417887,0.0,6.866015390028468,7.8875,5.2488692641255605
183640,2026-09-25,7,23.320833333333336,24.029454730545233,82.54166666666667,85.69614503696187,0.0,7.626286480515653,7.8875,5.208214864022265
183641,2026-09-25,7,23.320833333333336,23.29032154797237,82.54166666666667,87.07225904403572,0.0,7.843415548707989,7.8875,5.163803026363571
183642,2026-09-25,7,23.320833333333336,23.254013759373017,82.54166666666667,87.1721722672474,0.0,7.730859292572589,7.8875,5.107326847401935
183643,2026-09-25,7,23.320833333333336,22.468936307591964,82.54166666666667,89.0823102773919,0.0,6.344868572289745,7.8875,4.571998690582008
183644,2026-09-25,7,23.320833333333336,23.17364378446081,82.54166666666667,87.4093179617361,0.0,6.913639957361557,7.8875,4.755110348489357
183645,2026-09-25,7,23.320833333333336,23.88205644053904,82.54166666666667,85.5964842917727,0.0,7.467457745568549,7.8875,5.272812254308973
183646,2026-09-25,7,23.320833333333336,22.545741349211188,82.54166666666667,90.02484973335777,0.0,8.063917656303186,7.8875,4.436204350799141
183647,2026-09-25,7,23.320833333333336,22.543146024966703,82.54166666666667,87.81765519629101,0.0,7.528991162676709,7.8875,4.931215559139869
183648,2026-09-25,7,23.320833333333336,22.52160358313888,82.54166666666667,88.51665979545199,0.0,6.380999839726552,7.8875,4.624558364467517
183649,2026-09-25,7,23.320833333333336,23.108710480119385,82.54166666666667,87.80668670651352,0.0,6.733326168614099,7.8875,4.759215920163255
183650,2026-09-25,7,23.320833333333336,23.235408838755742,82.54166666666667,87.17196670262169,0.0,7.3506138185195296,7.8875,4.872797827653085
183651,2026-09-25,7,23.320833333333336,22.615494155563436,82.54166666666667,88.3345752836405,0.0,6.314590480763631,7.8875,4.8188325107810845
183652,2026-09-25,7,23.320833333333336,24.22134728616549,82.54166666666667,84.97791954199857,0.0,6.328856716279954,7.8875,5.227009673981051
183653,2026-09-25,7,23.320833333333336,22.437439428411203,82.54166666666667,89.54192529740793,0.0,6.636536986108204,7.8875,4.561092298960464
183654,2026-09-25,7,23.320833333333336,23.222146070523966,82.54166666666667,86.47170720622522,0.0,7.188817621281844,7.8875,4.99496278847848
183655,2026-09-25,7,23.320833333333336,23.665720358761504,82.54166666666667,87.35014337207818,0.0,8.036985888708609,7.8875,5.019178570059808
183656,2026-09-25,7,23.320833333333336,22.514262999933493,82.54166666666667,89.04482831558633,0.0,7.065473831444929,7.8875,4.526591134406507
183657,2026-09-25,7,23.320833333333336,22.470412847094565,82.54166666666667,88.74505744704103,0.0,6.73651414170316,7.8875,4.566305818211653
183658,2026-09-25,7,23.320833333333336,23.669501327695524,82.54166666666667,87.18462887632063,0.0,6.886116298248586,7.8875,5.109000568575379
183659,2026-09-25,7,23.320833333333336,23.121240565544415,82.54166666666667,88.97689680545113,0.0,7.739447205855329,7.8875,4.653450618718018
183660,2026-09-25,7,23.320833333333336,23.189561728557763,82.54166666666667,88.25566270140655,0.0,6.407666316408502,7.8875,4.518210882534728
183661,2026-09-25,7,23.320833333333336,23.79016654177519,82.54166666666667,86.67259865245468,0.0,7.398366524816303,7.8875,5.178908807547577
183662,2026-09-25,7,23.320833333333336,23.822079219916375,82.54166666666667,85.17677782776256,0.0,7.150841554988252,7.8875,5.359179072661885
183663,2026-09-25,7,23.320833333333336,24.138111444223515,82.54166666666667,84.75824327763786,0.0,6.724743746567007,7.8875,5.187446583459236
183664,2026-09-25,7,23.320833333333336,23.087835076417505,82.54166666666667,87.3376830309024,0.0,7.561280744400796,7.8875,4.663644144337991
183665,2026-09-25,7,23.320833333333336,24.062594492521452,82.54166666666667,85.97338467094417,0.0,6.603984187501062,7.8875,5.317699903788901
183666,2026-09-25,7,23.320833333333336,23.217359907408806,82.54166666666667,86.4626460255785,0.0,7.703635360448005,7.8875,5.21156862465843
183667,2026-09-25,7,23.320833333333336,23.219116702594295,82.54166666666667,87.29448835417917,0.0,7.9506393675055085,7.8875,5.090819170701571
183668,2026-09-25,7,23.320833333333336,23.736695597126403,82.54166666666667,87.61248393119567,0.0,6.4227402265984095,7.8875,5.130682253801626
183669,2026-09-25,7,23.320833333333336,24.03864597067813,82.54166666666667,85.58535963935373,0.0,6.736951027535689,7.8875,5.0797763327151415
183670,2026-09-25,7,23.320833333333336,23.716355837243913,82.54166666666667,86.93338205815326,0.0,6.708000221755002,7.8875,5.190628159481839
183671,2026-09-25,7,23.320833333333336,22.566479454349896,82.54166666666667,89.43551890586869,0.0,7.538749689907871,7.8875,4.458586552249361
183672,2026-09-25,7,23.320833333333336,22.454394781303872,82.54166666666667,88.3117523772229,0.0,7.278984233854878,7.8875,4.940838002494018
183673,2026-09-25,7,23.320833333333336,24.21247620823043,82.54166666666667,84.74094592649101,0.0,6.925619715754566,7.8875,5.185946239276789
183674,2026-09-25,7,23.320833333333336,23.113123216173783,82.54166666666667,87.37851655980512,0.0,6.072932544470384,7.8875,4.921439498010714
183675,2026-09-25,7,23.320833333333336,22.517862363356766,82.54166666666667,88.33876908251891,0.0,7.1391992908616295,7.8875,4.686706547170216
183676,2026-09-25,7,23.320833333333336,23.54837086795335,82.54166666666667,85.64088147004952,0.0,6.913630697137826,7.8875,5.206573245854475
183677,2026-09-25,7,23.320833333333336,23.938405321593034,82.54166666666667,85.37686263308404,0.0,7.329518492702496,7.8875,5.223447890548885
183678,2026-09-25,7,23.320833333333336,23.964984606476776,82.54166666666667,85.74938466959478,0.0,7.552823687154901,7.8875,5.317848678177318
183679,2026-09-25,7,23.320833333333336,24.07468987830392,82.54166666666667,86.19111985660624,0.0,7.227180973314517,7.8875,5.120942239989233
183680,2026-09-25,7,23.320833333333336,24.23164242065134,82.54166666666667,84.76067271057899,0.0,7.088899203519758,7.8875,5.20634301331066
183681,2026-09-25,7,23.320833333333336,23.943384860546534,82.54166666666667,85.21862590640932,0.0,6.775084315340705,7.8875,5.347347072739473
183682,2026-09-25,7,23.320833333333336,23.17246287217967,82.54166666666667,88.10747343664805,0.0,8.696773305761186,7.8875,4.583176202191996
183683,2026-09-25,7,23.320833333333336,23.117074082133446,82.54166666666667,87.4621031870738,0.0,7.423874760003293,7.8875,4.980697289206253
183684,2026-09-25,7,23.320833333333336,23.3535164109446,82.54166666666667,87.09196938795242,0.0,6.432935177289718,7.8875,4.749021865782279
183685,2026-09-25,7,23.320833333333336,23.024113810179657,82.54166666666667,87.71718117285768,0.0,6.416761653518373,7.8875,4.724768053388681
183686,2026-09-25,7,23.320833333333336,23.133172132908253,82.54166666666667,87.74468178108363,0.0,6.6024668539549385,7.8875,4.6664787361694415
183687,2026-09-25,7,23.320833333333336,23.640794322067222,82.54166666666667,87.19546714628004,0.0,7.735539555233165,7.8875,5.170647126570236
183688,2026-09-25,7,23.320833333333336,24.07706800432889,82.54166666666667,85.8127832951912,0.0,7.153519837579369,7.8875,5.339876394454089
183689,2026-09-25,7,23.320833333333336,23.908964796175354,82.54166666666667,85.63235763389346,0.0,6.8734625324824705,7.8875,5.292212738556042
183690,2026-09-25,7,23.320833333333336,22.573529320966117,82.54166666666667,88.70568794162341,0.0,6.623731718408874,7.8875,4.493793175603278
183691,2026-09-25,7,23.320833333333336,24.11790275384458,82.54166666666667,85.50568020104039,0.0,6.526026663442724,7.8875,5.472440093296433
183692,2026-09-25,7,23.320833333333336,22.421444468406854,82.54166666666667,88.83607661912842,0.0,7.545270571487111,7.8875,4.414155345334559
183693,2026-09-25,7,23.320833333333336,23.97021574847984,82.54166666666667,85.40414132771534,0.0,7.479828225568722,7.8875,5.298255209437739
183694,2026-09-25,7,23.320833333333336,24.017339959062152,82.54166666666667,85.26417302285603,0.0,7.259533325496174,7.8875,5.210523773579059
183695,2026-09-25,7,23.320833333333336,22.504758260607716,82.54166666666667,89.46986631557611,0.0,8.742239622846702,7.8875,4.573178933390974
183696,2026-09-25,7,23.320833333333336,24.154295959402752,82.54166666666667,84.15490486070057,0.0,6.594990444830527,7.8875,5.255057599350202
183697,2026-09-25,7,23.320833333333336,24.14674480601554,82.54166666666667,84.45485293756234,0.0,6.20896222645658,7.8875,5.175868148244552
183698,2026-09-25,7,23.320833333333336,22.65756104714932,82.54166666666667,88.07674877595446,0.0,7.325036202609605,7.8875,4.757464357753532
183699,2026-09-25,7,23.320833333333336,23.155121238836387,82.54166666666667,87.32466629299245,0.0,7.066005168589484,7.8875,4.774538104260786
183700,2026-09-25,7,23.320833333333336,23.20249764236628,82.54166666666667,86.87843640714462,0.0,7.829558901121232,7.8875,5.085468446725519
183701,2026-09-25,7,23.320833333333336,23.90970380248919,82.54166666666667,85.91080932951678,0.0,6.222005028404913,7.8875,5.365465696373857
183702,2026-09-25,7,23.320833333333336,22.48651760000478,82.54166666666667,88.37069159472276,0.0,6.800698050629702,7.8875,4.5410782234611204
183703,2026-09-25,7,23.320833333333336,24.026382137321654,82.54166666666667,85.59761131267685,0.0,6.252689608756258,7.8875,5.306080575009888
183704,2026-09-25,7,23.320833333333336,24.23466382330929,82.54166666666667,84.49797723227042,0.0,7.001748233015564,7.8875,5.2240189987659615
183705,2026-09-25,7,23.320833333333336,22.68326743304491,82.54166666666667,88.0578340914384,0.0,7.120446770996717,7.8875,4.784074186356799
183706,2026-09-25,7,23.320833333333336,23.944547639944837,82.54166666666667,85.6413947084016,0.0,6.1999865721336604,7.8875,5.216116063753722
183707,2026-09-25,7,23.320833333333336,22.55429419667054,82.54166666666667,88.07224071206835,0.0,7.135685470955544,7.8875,4.678229797302936
183708,2026-09-25,7,23.320833333333336,22.48837259976867,82.54166666666667,89.16668076180234,0.0,6.429225629302057,7.8875,4.344540153896614
183709,2026-09-25,7,23.320833333333336,24.14220429430248,82.54166666666667,85.38280117898718,0.0,7.13643430495734,7.8875,5.203557863081111
183710,2026-09-25,7,23.320833333333336,24.195768179159174,82.54166666666667,85.21573589088123,0.0,7.817819560762759,7.8875,5.1690395781250285
183711,2026-09-25,7,23.320833333333336,22.60599654705538,82.54166666666667,89.25373023515719,0.0,7.427326170010976,7.8875,4.502301895184633
183712,2026-09-25,7,23.320833333333336,23.199561618760466,82.54166666666667,86.77833933673548,0.0,7.456999952907328,7.8875,5.047416972553309
183713,2026-09-25,7,23.320833333333336,24.1132800255276,82.54166666666667,85.43012111581088,0.0,7.0607063759679995,7.8875,5.327479736432599
183714,2026-09-25,7,23.320833333333336,24.016050011704095,82.54166666666667,85.84233134671045,0.0,6.647904320049232,7.8875,5.217829354534145
183715,2026-09-25,7,23.320833333333336,23.015681173914526,82.54166666666667,88.81956521478067,0.0,7.905506631805178,7.8875,4.603655977368648
183716,2026-09-25,7,23.320833333333336,22.47346679060078,82.54166666666667,89.70912435482951,0.0,6.805875541448069,7.8875,4.700918960046264
183717,2026-09-25,7,23.320833333333336,22.518804047346915,82.54166666666667,89.39901750428145,0.0,6.818503866414586,7.8875,4.585233862263296
183718,2026-09-25,7,23.320833333333336,22.450174388696638,82.54166666666667,88.58178951814268,0.0,6.453500317282245,7.8875,4.516068567051798
183719,2026-09-25,7,23.320833333333336,23.20547730358598,82.54166666666667,87.49942635181095,0.0,6.703134661079983,7.8875,4.734472579894721
183720,2026-09-25,7,23.320833333333336,23.813525410084203,82.54166666666667,85.88657642045126,0.0,6.944698133144117,7.8875,5.2950796969275835
183721,2026-09-25,7,23.320833333333336,22.066312109595135,82.54166666666667,89.94150584019486,0.0,7.090777242464129,7.8875,4.340177405170568
183722,2026-09-25,7,23.320833333333336,24.097119786341544,82.54166666666667,85.55386226937627,0.0,7.008710408274303,7.8875,5.219716810887377
183723,2026-09-25,7,23.320833333333336,22.508223861094713,82.54166666666667,89.01236264360499,0.0,6.880743364531893,7.8875,4.364537424824074
183724,2026-09-25,7,23.320833333333336,24.00720588412855,82.54166666666667,86.18917427840547,0.0,6.770946803255742,7.8875,5.264956810126829
183725,2026-09-25,7,23.320833333333336,23.240675795722954,82.54166666666667,87.58239686912286,0.0,7.767601494526404,7.8875,4.706902192629819
183726,2026-09-25,7,23.320833333333336,23.160635249701812,82.54166666666667,88.5840636086109,0.0,6.388373849060136,7.8875,4.540602381935718
183727,2026-09-25,7,23.320833333333336,22.607009556399618,82.54166666666667,87.7567414392602,0.0,7.238298262527953,7.8875,4.773636970819968
183728,2026-09-25,7,23.320833333333336,24.22715431557068,82.54166666666667,84.44518646040879,0.0,7.109449376659516,7.8875,5.211660463215074
183729,2026-09-25,7,23.320833333333336,24.00509496767993,82.54166666666667,85.33407178935592,0.0,8.00631858136182,7.8875,5.241200625262039
237291,2026-09-25,7,23.320833333333336,24.112941530461573,82.54166666666667,84.70986130946021,0.0,6.401198956370393,7.8875,5.216066064434768
237292,2026-09-25,7,23.320833333333336,23.86393825707305,82.54166666666667,85.71741988652097,0.0,6.405629319593493,7.8875,5.093280780938701
237293,2026-09-25,7,23.320833333333336,24.178286438902074,82.54166666666667,85.61653417366888,0.0,6.701233813112092,7.8875,5.296718531272571
237294,2026-09-25,7,23.320833333333336,22.454772121474136,82.54166666666667,88.84089270449421,0.0,6.4211268033075255,7.8875,4.611576080784084
237295,2026-09-25,7,23.320833333333336,24.239368585278733,82.54166666666667,84.8225024650164,0.0,7.202677275278917,7.8875,5.193778509658802
237296,2026-09-25,7,23.320833333333336,22.536078557702247,82.54166666666667,88.01342579909401,0.0,6.927098583959291,7.8875,4.675122953086699
237297,2026-09-25,7,23.320833333333336,23.11931804780662,82.54166666666667,87.44824457602374,0.0,7.366633844426413,7.8875,4.671976233186546
