{
"type": "FeatureCollection",
"name": "block_boundary",
"crs": { "type": "name", "properties": { "name": "urn:ogc:def:crs:OGC:1.3:CRS84" } },
"features": [
{ "type": "Feature", "properties": { "area_km2": 1317.1796135568634, "centroid_lat": 18.208644677739866, "centroid_lon": 74.451629546975383 }, "geometry": { "type": "MultiPolygon", "coordinates": [ [ [ [ 74.347086917326166, 18.093548983253012 ], [ 74.345791464939779, 18.09307707711978 ], [ 74.344560230418125, 18.092869597219497 ], [ 74.343011373171521, 18.09217496642334 ], [ 74.339228121945723, 18.089455301656869 ], [ 74.338682551717483, 18.089181167672731 ], [ 74.33835945196428, 18.089121165582608 ], [ 74.335778213962286, 18.088509243340578 ], [ 74.334727962122599, 18.088260273755349 ], [ 74.332669946061174, 18.087929463991074 ], [ 74.331814662774136, 18.08779164526262 ], [ 74.330970723412449, 18.087394676850533 ], [ 74.330643036861417, 18.087240540051017 ], [ 74.327480624803201, 18.08523276914417 ], [ 74.326445390998416, 18.08447836487877 ], [ 74.325339687952862, 18.083491998374129 ], [ 74.325254870820373, 18.083416332160191 ], [ 74.324841722146473, 18.082365228680526 ], [ 74.32127630339393, 18.075115592752997 ], [ 74.320025585312052, 18.073474254421463 ], [ 74.318784343558093, 18.072513357159195 ], [ 74.3156128531256, 18.072524372860979 ], [ 74.315523650417887, 18.0725201071482 ], [ 74.312079699163121, 18.072355379673546 ], [ 74.311583501241216, 18.072287096592863 ], [ 74.311470347651394, 18.07227152736013 ], [ 74.311063702780132, 18.072215566585108 ], [ 74.310342271165354, 18.072079170234232 ], [ 74.309410778402864, 18.071607475369522 ], [ 74.308220516939571, 18.070415856398075 ], [ 74.306220096362651, 18.068304042024028 ], [ 74.30584172237171, 18.067904591312274 ], [ 74.305175144583117, 18.067666393292306 ], [ 74.303519645634211, 18.067263047643465 ], [ 74.303164258633103, 18.067258905636077 ], [ 74.302287738274387, 18.067248688114763 ], [ 74.300408830110982, 18.067559623658287 ], [ 74.299306226253179, 18.067905209622033 ], [ 74.298713767560315, 18.068154332768085 ], [ 74.29837608096355, 18.068706679865706 ], [ 74.298180924663015, 18.068942747417932 ], [ 74.298130079119645, 18.069047637381477 ], [ 74.29725722209065, 18.070848319784442 ], [ 74.296593596166105, 18.071929145654895 ], [ 74.295951001598965, 18.072943635985681 ], [ 74.295460882576577, 18.073775693670001 ], [ 74.295239865575638, 18.073798363699211 ], [ 74.295234677804871, 18.073798895735212 ], [ 74.29519370025487, 18.073821108022656 ], [ 74.294727928271627, 18.074073586638661 ], [ 74.294611907259437, 18.074107743633697 ], [ 74.294421273976369, 18.074163866063479 ], [ 74.29397505113036, 18.074295231660003 ], [ 74.292793919245312, 18.074486262678207 ], [ 74.290651370817358, 18.074435587082224 ], [ 74.290249052232554, 18.074403384074163 ], [ 74.289901997105659, 18.074375603007717 ], [ 74.288238602863714, 18.074560970299178 ], [ 74.287799408436513, 18.074690728396895 ], [ 74.287624598977132, 18.074742373193047 ], [ 74.287593099551714, 18.07475825903537 ], [ 74.287565101759242, 18.07475683202529 ], [ 74.287485494855389, 18.07475277473926 ], [ 74.286303367637032, 18.075050426934407 ], [ 74.285189097358611, 18.075055411640449 ], [ 74.284722506111862, 18.075057497923936 ], [ 74.282394103438122, 18.074850921580914 ], [ 74.281959405977219, 18.074823341271845 ], [ 74.280412925672877, 18.074725215764413 ], [ 74.279811111924701, 18.074757778241445 ], [ 74.279635332284826, 18.074767289079688 ], [ 74.279263993000896, 18.074872658919524 ], [ 74.278855431124839, 18.074988589923471 ], [ 74.278100991813275, 18.075312624671017 ], [ 74.277105078166755, 18.075659431087129 ], [ 74.276027250742814, 18.075984743004074 ], [ 74.274604854728679, 18.076598936948031 ], [ 74.270796219807863, 18.078820124039172 ], [ 74.265919628151451, 18.079729484369945 ], [ 74.264514726827485, 18.08032108569212 ], [ 74.262825944398983, 18.081032239636304 ], [ 74.259403671288624, 18.083721568039799 ], [ 74.258409187760066, 18.085014148058828 ], [ 74.258231965425892, 18.085082945381089 ], [ 74.257954369833428, 18.085191040765597 ], [ 74.257678153154913, 18.085302321258737 ], [ 74.25763131499599, 18.085338119037942 ], [ 74.257582588578373, 18.085371579592397 ], [ 74.257532105954354, 18.085402612406487 ], [ 74.257480006362826, 18.085431127818381 ], [ 74.25742643083926, 18.085457052391078 ], [ 74.257371529402349, 18.085480311833482 ], [ 74.257315449375781, 18.08550084466345 ], [ 74.257252810749335, 18.08552151924394 ], [ 74.25719690409764, 18.085542718136995 ], [ 74.257142212866526, 18.08556663680438 ], [ 74.257088884379669, 18.085593206930348 ], [ 74.257037066859127, 18.08562235592942 ], [ 74.256986901340426, 18.085654005238521 ], [ 74.256937889258523, 18.085688537418012 ], [ 74.256880899238553, 18.085729451026879 ], [ 74.256822455744498, 18.085768479998055 ], [ 74.256762632438154, 18.085805579074382 ], [ 74.256701499388129, 18.085840701290913 ], [ 74.256633316359753, 18.085876759409413 ], [ 74.256587046834397, 18.085899193898385 ], [ 74.256539997571409, 18.085920103263035 ], [ 74.256492226062903, 18.085939459324244 ], [ 74.256443788004475, 18.085957238172465 ], [ 74.256394745379836, 18.085973420167672 ], [ 74.256345155681231, 18.085987983962092 ], [ 74.256295080892329, 18.086000913331429 ], [ 74.256240045606461, 18.086013368768157 ], [ 74.256188587412026, 18.08602665764052 ], [ 74.256137902667078, 18.086042462191937 ], [ 74.25608812791549, 18.086060738017316 ], [ 74.256039398802912, 18.086081433026177 ], [ 74.255991853669855, 18.086104494273961 ], [ 74.255945618280506, 18.086129856007037 ], [ 74.255894644278015, 18.086160916012737 ], [ 74.255831032776115, 18.086197225974754 ], [ 74.255765540202034, 18.086230370411325 ], [ 74.25569834532044, 18.08626025624589 ], [ 74.255629628692802, 18.086286803210733 ], [ 74.255559584355169, 18.086309938723364 ], [ 74.255488399157102, 18.08632959874042 ], [ 74.255417916441573, 18.086345403264531 ], [ 74.255348484754947, 18.086361012237457 ], [ 74.255279963960035, 18.086380018993005 ], [ 74.255212543601317, 18.086402372294366 ], [ 74.2551464096301, 18.086428009803427 ], [ 74.255081744404379, 18.086456860642652 ], [ 74.255043809448239, 18.08649744787165 ], [ 74.25501740886034, 18.086540550764166 ], [ 74.254984958119024, 18.086579846834393 ], [ 74.254947086044979, 18.086614569257602 ], [ 74.254904532849963, 18.086644042579579 ], [ 74.254858123187446, 18.086667694671373 ], [ 74.254808762559207, 18.086685064414418 ], [ 74.254753150554933, 18.086693562702081 ], [ 74.254697996691434, 18.086699762216387 ], [ 74.254644193894109, 18.086713133867701 ], [ 74.254590774677425, 18.086734377020999 ], [ 74.254481057143551, 18.086788200056944 ], [ 74.254372325061581, 18.086843808637482 ], [ 74.254264612567439, 18.086901189952005 ], [ 74.254156664714699, 18.086961051049741 ], [ 74.253990856374472, 18.087056693331004 ], [ 74.253826805138985, 18.087155031402499 ], [ 74.253532836852145, 18.087340864247757 ], [ 74.253478475302742, 18.087375759013032 ], [ 74.253423489424193, 18.087409759712827 ], [ 74.253367895386191, 18.087442860370199 ], [ 74.253311710256767, 18.08747504561499 ], [ 74.25325495110387, 18.08750631032424 ], [ 74.253197635893784, 18.087536640835584 ], [ 74.253139779897893, 18.087566031172045 ], [ 74.253037999877876, 18.087614843985985 ], [ 74.25295211824178, 18.087679625997396 ], [ 74.252865068795813, 18.087742998158816 ], [ 74.252776880286063, 18.08780494510124 ], [ 74.252687579661966, 18.087865443770262 ], [ 74.252597192076422, 18.087924477088936 ], [ 74.252505747173743, 18.087982027980331 ], [ 74.252413271903436, 18.088038077659618 ], [ 74.252319794113276, 18.08809261075767 ], [ 74.252198570058965, 18.088160256641878 ], [ 74.25189152140328, 18.088324765195715 ], [ 74.251582212586356, 18.088485426690749 ], [ 74.251532895077233, 18.088511166365631 ], [ 74.251484047387038, 18.088537708720263 ], [ 74.251435688380354, 18.088565046068979 ], [ 74.251387828836954, 18.088593169018342 ], [ 74.251340486723151, 18.088622069882653 ], [ 74.251293672818747, 18.08865174012243 ], [ 74.251247403293419, 18.088682168636289 ], [ 74.251201693418537, 18.088713348592499 ], [ 74.251120833364837, 18.088771358632684 ], [ 74.250951640172659, 18.088898931297162 ], [ 74.250743932610987, 18.089068827368529 ], [ 74.250699033914756, 18.089097207265791 ], [ 74.250655942628882, 18.089128376901233 ], [ 74.250610836421828, 18.089156861820477 ], [ 74.250566685123957, 18.089188583928646 ], [ 74.250523757331464, 18.089214486598177 ], [ 74.25047961322008, 18.089239478990297 ], [ 74.250411977265699, 18.089274702135178 ], [ 74.250358437674791, 18.089299982288036 ], [ 74.250304022226445, 18.089323497395355 ], [ 74.250240240942972, 18.089348393279547 ], [ 74.250189602910382, 18.089367648200589 ], [ 74.250138352226813, 18.089390809778266 ], [ 74.250079178402402, 18.089420204073654 ], [ 74.250021671851172, 18.089452458976623 ], [ 74.249965990676586, 18.089487488240295 ], [ 74.249912289388902, 18.089525193662865 ], [ 74.249852262164993, 18.089572489381087 ], [ 74.249810953136674, 18.089605901308794 ], [ 74.249768452942263, 18.0896379503845 ], [ 74.249724811887432, 18.089668594767296 ], [ 74.249680086566073, 18.089697798593534 ], [ 74.24963432908045, 18.089725527707483 ], [ 74.249587595126087, 18.089751747099321 ], [ 74.249539942195227, 18.089776424321158 ], [ 74.249491429576622, 18.089799527778759 ], [ 74.249442112965824, 18.089821031001588 ], [ 74.249372851959109, 18.08984803085497 ], [ 74.249323639552927, 18.089868276259246 ], [ 74.249276424101581, 18.089892467588708 ], [ 74.249231565829561, 18.089920421250671 ], [ 74.249189405198308, 18.089951922911503 ], [ 74.249150262906454, 18.089986734327955 ], [ 74.248978946096926, 18.090162963655484 ], [ 74.248819517591869, 18.090333122360686 ], [ 74.24877896763995, 18.090374929783625 ], [ 74.248736182679579, 18.090414710015477 ], [ 74.248691282186769, 18.090452352903377 ], [ 74.248644387433998, 18.090487754271738 ], [ 74.248595626880345, 18.090520816776277 ], [ 74.248349526221745, 18.090772924679552 ], [ 74.24816164807163, 18.090964613200597 ], [ 74.24813863772566, 18.090988088805062 ], [ 74.248116329862199, 18.091010848832632 ], [ 74.248053015702681, 18.091076650007835 ], [ 74.247992142265758, 18.091144463814601 ], [ 74.247933785009963, 18.091214207421821 ], [ 74.247878014003859, 18.09128579458276 ], [ 74.247823808761297, 18.09136070340449 ], [ 74.247787241041024, 18.091412224601847 ], [ 74.247749733682937, 18.09146314805098 ], [ 74.247711299263528, 18.09151345923609 ], [ 74.247671947664188, 18.091563141079625 ], [ 74.247631695054636, 18.091612181627401 ], [ 74.247590550417968, 18.091660562948018 ], [ 74.247548523635729, 18.091708271379595 ], [ 74.247505633572487, 18.091755292406301 ], [ 74.247461889211394, 18.091801610658475 ], [ 74.247413298439355, 18.091851236916696 ], [ 74.247317555996375, 18.09194555725292 ], [ 74.247220104059423, 18.09203830977512 ], [ 74.24712097676445, 18.092129466307043 ], [ 74.247013354101867, 18.092224969999975 ], [ 74.246962434896588, 18.092267823000032 ], [ 74.246909984962087, 18.092308993806157 ], [ 74.246856070773688, 18.092348432893196 ], [ 74.246800755213457, 18.092386093297939 ], [ 74.246744106553322, 18.092421926349246 ], [ 74.246682915112771, 18.092457736337927 ], [ 74.246639157277002, 18.092483213282737 ], [ 74.246484935407324, 18.092574923763852 ], [ 74.244825991419305, 18.09437740471208 ], [ 74.243739181740807, 18.095365936085802 ], [ 74.242681423578588, 18.096175582355752 ], [ 74.241975930771886, 18.096732569185779 ], [ 74.240974362230716, 18.09733805098158 ], [ 74.239812596226557, 18.097865311648722 ], [ 74.238894437157825, 18.098241265641516 ], [ 74.237570577347213, 18.098818759248619 ], [ 74.235787150217021, 18.099597530903406 ], [ 74.233581264273326, 18.099809606875738 ], [ 74.232567693341608, 18.099733509669139 ], [ 74.23255506033378, 18.099733480637781 ], [ 74.232391876870864, 18.099731170935346 ], [ 74.23227398826117, 18.099727028840455 ], [ 74.232156229008893, 18.099720951889253 ], [ 74.232038638639878, 18.099712940935447 ], [ 74.231921250391807, 18.099703001101936 ], [ 74.231804100197294, 18.099691134096101 ], [ 74.231687222192292, 18.099677343333013 ], [ 74.231570655004404, 18.099661632227694 ], [ 74.231454430972946, 18.099644007610525 ], [ 74.231338589623789, 18.099624474604145 ], [ 74.23122316329632, 18.099603039184945 ], [ 74.231030832197362, 18.099562885336944 ], [ 74.230751403143387, 18.099530149859881 ], [ 74.23047270891135, 18.099492835097255 ], [ 74.230194838434372, 18.099450953000265 ], [ 74.229917870764325, 18.099404516373639 ], [ 74.229641894834288, 18.099353538021745 ], [ 74.2293669905944, 18.099298037579548 ], [ 74.229093246977897, 18.099238030412295 ], [ 74.228557429758681, 18.099106639090582 ], [ 74.228208912174537, 18.099055296050658 ], [ 74.228076661300094, 18.099038049635844 ], [ 74.227859383985702, 18.099009720017797 ], [ 74.227508955684939, 18.098969924658363 ], [ 74.227157729680215, 18.098935921076599 ], [ 74.227098798400931, 18.098931196624932 ], [ 74.226805815565953, 18.098907716960667 ], [ 74.226453319343435, 18.09888532085208 ], [ 74.226100350607041, 18.098868738730076 ], [ 74.225641396836807, 18.098855884595938 ], [ 74.225525853728328, 18.098854133311882 ], [ 74.225410396858123, 18.09885048558607 ], [ 74.225295063955443, 18.098844943980005 ], [ 74.225179888257912, 18.098837511055144 ], [ 74.225064904799837, 18.098828189372757 ], [ 74.224950150412198, 18.098816980640375 ], [ 74.224835657434298, 18.098803888273064 ], [ 74.224721460900412, 18.098788919101406 ], [ 74.224607597641537, 18.098772073978708 ], [ 74.224494102691892, 18.098753360589306 ], [ 74.224381008390907, 18.098732784909643 ], [ 74.224268349772814, 18.098710351208453 ], [ 74.224156160973578, 18.098686068877555 ], [ 74.224044477925901, 18.098659943893299 ], [ 74.223933332969068, 18.098631984793503 ], [ 74.223822760239045, 18.098602200116005 ], [ 74.223712792075219, 18.098570598398574 ], [ 74.223603465308528, 18.098537189032868 ], [ 74.223516655712714, 18.09850906170108 ], [ 74.223386859933939, 18.098464992607273 ], [ 74.223279649598041, 18.098426227745854 ], [ 74.223173210016654, 18.09838570134071 ], [ 74.223067575325786, 18.098343421929272 ], [ 74.222930745738324, 18.098285536305102 ], [ 74.222814905287478, 18.098242817979678 ], [ 74.222699913744592, 18.098198196364034 ], [ 74.222585807042279, 18.098151681703211 ], [ 74.222472618418152, 18.098103291927057 ], [ 74.222360382008262, 18.098053040695977 ], [ 74.222249134643477, 18.098000945085818 ], [ 74.22213890776483, 18.097947017049087 ], [ 74.222029737305007, 18.097891276223244 ], [ 74.221921652908307, 18.097833739684045 ], [ 74.221814689609118, 18.097774423653259 ], [ 74.221708882441689, 18.097713346060466 ], [ 74.221604256558877, 18.097650527396802 ], [ 74.221500852384821, 18.097585984737883 ], [ 74.221398694174127, 18.097519738574825 ], [ 74.221297817859281, 18.097451811960298 ], [ 74.221198251288129, 18.097382220262105 ], [ 74.22110059184034, 18.097310580941894 ], [ 74.221052216663935, 18.09727509641716 ], [ 74.221001434002631, 18.097242602159866 ], [ 74.220931343850893, 18.097188410895942 ], [ 74.220857001972931, 18.097139989260498 ], [ 74.220780855379573, 18.097094067763443 ], [ 74.220706223345744, 18.097056218809065 ], [ 74.220663458148323, 18.097029997947669 ], [ 74.220583210745701, 18.096990566744548 ], [ 74.220501494597542, 18.096953819270016 ], [ 74.220418407620315, 18.096919799927413 ], [ 74.220334051323533, 18.096888548850615 ], [ 74.220248526318613, 18.096860105319433 ], [ 74.220161940403315, 18.096834502636547 ], [ 74.220074395087309, 18.096811772396663 ], [ 74.219986000863372, 18.096791942778896 ], [ 74.219896863732629, 18.096775037692844 ], [ 74.21980709328966, 18.096761075924658 ], [ 74.21973194023299, 18.096751795118081 ], [ 74.219671446783437, 18.09674855379474 ], [ 74.219580610040254, 18.096739159421652 ], [ 74.219489485836135, 18.096735612409514 ], [ 74.219398223291464, 18.096735058242228 ], [ 74.21930693289903, 18.096737496065941 ], [ 74.219194858185887, 18.096744588382297 ], [ 74.21904582588364, 18.096729427765936 ], [ 74.218960736561584, 18.096734708151981 ], [ 74.218875723596355, 18.096734212048453 ], [ 74.218754350421676, 18.09672773025499 ], [ 74.218644971552706, 18.096732868897202 ], [ 74.21851138129017, 18.096732090159829 ], [ 74.218414147643813, 18.096737299673826 ], [ 74.218317067609377, 18.096730959624367 ], [ 74.218250273376441, 18.096730571109553 ], [ 74.218165034934046, 18.096747401058582 ], [ 74.218110612299185, 18.096729759070872 ], [ 74.218074065240174, 18.096738208200783 ], [ 74.217989091800831, 18.096734827694988 ], [ 74.217928370179209, 18.096734474189194 ], [ 74.217836320710362, 18.096742268393925 ], [ 74.217800704305972, 18.096745282585626 ], [ 74.217721766646989, 18.096744823198918 ], [ 74.21760662328883, 18.096726829412898 ], [ 74.217491406268806, 18.096714610407552 ], [ 74.217399901179007, 18.096714079294916 ], [ 74.217351748784822, 18.096713799222652 ], [ 74.217242604376153, 18.096701616079322 ], [ 74.217120364327215, 18.096721513163711 ], [ 74.216980102277091, 18.096735501405284 ], [ 74.216793152086694, 18.096749217258463 ], [ 74.216574883930491, 18.096777553218928 ], [ 74.216449798917083, 18.096821229952873 ], [ 74.216293978046224, 18.096835125967644 ], [ 74.216153718691018, 18.096849114200143 ], [ 74.21604419878652, 18.096892878865685 ], [ 74.215866754568452, 18.096935520671114 ], [ 74.216306004691234, 18.09768352963356 ], [ 74.216332967624481, 18.097729285324718 ], [ 74.216349148079388, 18.097756740782955 ], [ 74.216401191975379, 18.097845514597296 ], [ 74.216498880169254, 18.098186523085189 ], [ 74.216493481294407, 18.098302386597794 ], [ 74.216479119927939, 18.098610609877692 ], [ 74.216472664634338, 18.098749179193337 ], [ 74.216461005400248, 18.09900094140442 ], [ 74.216453607773872, 18.099160703389241 ], [ 74.21642114804942, 18.099861571307365 ], [ 74.216398258077646, 18.099922306606427 ], [ 74.216391472204009, 18.09997265208051 ], [ 74.216279575357262, 18.100802830314809 ], [ 74.215867602578086, 18.102751603846823 ], [ 74.215834847307846, 18.102958177219474 ], [ 74.215524664430149, 18.104914266385801 ], [ 74.21552920631224, 18.10523615736701 ], [ 74.215533945823665, 18.105572198375949 ], [ 74.21553722557276, 18.105804707065058 ], [ 74.215628199758214, 18.105996180207768 ], [ 74.215871116787454, 18.106661480961147 ], [ 74.215915477392826, 18.106782980978689 ], [ 74.216263319443883, 18.108215612667532 ], [ 74.216508517295622, 18.109275436629204 ], [ 74.216524301593481, 18.109343524301934 ], [ 74.216650647841561, 18.109889346643538 ], [ 74.216657026778407, 18.109916908631309 ], [ 74.216675067644246, 18.109916604673344 ], [ 74.216795868592087, 18.109914575156282 ], [ 74.216878185713156, 18.110007813382861 ], [ 74.217315357134382, 18.110503010316503 ], [ 74.217441713263909, 18.110646143240576 ], [ 74.21749285435304, 18.110743330805072 ], [ 74.217690339985097, 18.111118644137822 ], [ 74.217804592214506, 18.111335781200083 ], [ 74.217903072722478, 18.111409630417047 ], [ 74.218035157408593, 18.111508678856648 ], [ 74.218140819947251, 18.111628566941977 ], [ 74.218360273879583, 18.111877569936681 ], [ 74.218616810266852, 18.11216866082686 ], [ 74.218750518208694, 18.112320383353797 ], [ 74.218758137718936, 18.112329028960481 ], [ 74.218838600717248, 18.112420333747433 ], [ 74.218939957630752, 18.1131694232695 ], [ 74.218942964292012, 18.113191645939082 ], [ 74.218957499931619, 18.113299074252506 ], [ 74.219196547916951, 18.114115339104963 ], [ 74.219196715901887, 18.114115912854565 ], [ 74.219296497170376, 18.114456646350447 ], [ 74.219154159113629, 18.114498257623975 ], [ 74.219107168241081, 18.114511995139345 ], [ 74.218973897778795, 18.114505992127018 ], [ 74.218866108029545, 18.114501138318719 ], [ 74.218875260065687, 18.114525784734923 ], [ 74.219327243807626, 18.116020679401075 ], [ 74.219338380222183, 18.116057513378454 ], [ 74.219376699657275, 18.116184261919511 ], [ 74.21937253327097, 18.116185744088426 ], [ 74.219361274685511, 18.11618974918882 ], [ 74.219298376445977, 18.116212126863836 ], [ 74.219254721916428, 18.116227657190581 ], [ 74.219250466596918, 18.116229170095355 ], [ 74.219095440735103, 18.116284323661432 ], [ 74.218980544413583, 18.116294230964343 ], [ 74.21895559819815, 18.116296381644759 ], [ 74.218664306890872, 18.11632150336558 ], [ 74.218592508143473, 18.116331366269687 ], [ 74.218383881605263, 18.116360026916425 ], [ 74.218213046292718, 18.116393290302288 ], [ 74.218081654207694, 18.116418873051931 ], [ 74.218480093867129, 18.118231757034604 ], [ 74.218666772766312, 18.119081233597452 ], [ 74.218791464317661, 18.119908477394613 ], [ 74.218829103728041, 18.120158201147216 ], [ 74.218836492371267, 18.120207165392046 ], [ 74.218860507932078, 18.12036631723565 ], [ 74.218945430167437, 18.120929794296945 ], [ 74.218976183991202, 18.121133854109175 ], [ 74.218994352417837, 18.121255115280444 ], [ 74.219158810590159, 18.122178405629526 ], [ 74.219164964049838, 18.122212951956964 ], [ 74.219134258735124, 18.122330501112287 ], [ 74.21926184375998, 18.122814360385682 ], [ 74.219264970795479, 18.122826222410218 ], [ 74.219364938015232, 18.123066436344498 ], [ 74.219427845237973, 18.123402964786393 ], [ 74.219479089633339, 18.123677110976971 ], [ 74.219501449599093, 18.123830718850442 ], [ 74.219584781816408, 18.124406340366445 ], [ 74.219477920026847, 18.124574217061596 ], [ 74.219466859070764, 18.124842417668066 ], [ 74.219413835112775, 18.126127965281114 ], [ 74.219587808240632, 18.127567009867697 ], [ 74.220088433060255, 18.13026635797852 ], [ 74.220200579638629, 18.13096969927625 ], [ 74.220289580225398, 18.131025469700244 ], [ 74.2203176391033, 18.131114940356351 ], [ 74.220360112348274, 18.131250372182919 ], [ 74.220645015735542, 18.132160589081636 ], [ 74.220690812747037, 18.132350252577233 ], [ 74.220944630832264, 18.133399715080973 ], [ 74.220940291071116, 18.133459293084734 ], [ 74.220559573375624, 18.133481367196108 ], [ 74.219124040398768, 18.133564598616594 ], [ 74.21873581099085, 18.133528032969878 ], [ 74.218641381884822, 18.133505548234972 ], [ 74.218285350791632, 18.133420773297004 ], [ 74.217863733699545, 18.13331704190206 ], [ 74.216143837222873, 18.132893925286286 ], [ 74.215600070811732, 18.132828206406103 ], [ 74.214804784205853, 18.132732094815061 ], [ 74.214638081143647, 18.132711948271321 ], [ 74.214492867579665, 18.132693888176416 ], [ 74.214291618006555, 18.132668859297738 ], [ 74.21414292077587, 18.13265036637064 ], [ 74.214023671218541, 18.132635534976792 ], [ 74.213965693051819, 18.132628324595156 ], [ 74.213490205788759, 18.132582518261295 ], [ 74.213321096139907, 18.132566226174099 ], [ 74.212991925572013, 18.132534515334573 ], [ 74.21278313643873, 18.132514402062498 ], [ 74.212501370866718, 18.132489014602299 ], [ 74.211930637929044, 18.132158271269752 ], [ 74.21166267856465, 18.13237143726791 ], [ 74.211652576110964, 18.132379475753932 ], [ 74.211530274078285, 18.132815345373512 ], [ 74.211446531330878, 18.13311379791994 ], [ 74.211468227441614, 18.133216616829156 ], [ 74.211451352589023, 18.133393705033043 ], [ 74.211424968170775, 18.133670585336603 ], [ 74.211265737295108, 18.134136846748071 ], [ 74.211143935624023, 18.134553415083396 ], [ 74.211030036432547, 18.13494295111132 ], [ 74.210969798104514, 18.134974998722786 ], [ 74.210647832923556, 18.135015888017524 ], [ 74.209876375927209, 18.135113855133191 ], [ 74.209741168697178, 18.13513102457803 ], [ 74.209671595975038, 18.135139858577727 ], [ 74.209654427373337, 18.135240223641944 ], [ 74.209506852138475, 18.13610290785109 ], [ 74.209584322848556, 18.136058001359427 ], [ 74.210065771331813, 18.136055991780186 ], [ 74.210731599027156, 18.136053212175256 ], [ 74.210895164274106, 18.136049074354183 ], [ 74.211657099128416, 18.1360297921238 ], [ 74.21229688735859, 18.135922558741747 ], [ 74.212464939690364, 18.135878975419992 ], [ 74.212866101245112, 18.135822193215322 ], [ 74.212926747408247, 18.13580310133241 ], [ 74.213070070018588, 18.135757981341641 ], [ 74.213160881608971, 18.135729392166208 ], [ 74.213429811153901, 18.135676174064034 ], [ 74.214060732113893, 18.135881416113609 ], [ 74.214110067589331, 18.135897527763948 ], [ 74.214642994928255, 18.136188216750636 ], [ 74.214890959591074, 18.136323475620152 ], [ 74.215035627877668, 18.136002202660588 ], [ 74.215084457601577, 18.135893762147091 ], [ 74.21537207929093, 18.135836630788813 ], [ 74.216101105263149, 18.135691817058145 ], [ 74.216342274170842, 18.135648558934392 ], [ 74.218366250371176, 18.135285499991664 ], [ 74.218864485672157, 18.135160703161461 ], [ 74.220856017419379, 18.134661843622386 ], [ 74.221092736971485, 18.134602546039797 ], [ 74.221194955369342, 18.134580524998977 ], [ 74.221240123560122, 18.13457079373833 ], [ 74.221689299168489, 18.134827194645926 ], [ 74.222333655331923, 18.135677732046215 ], [ 74.222357037580437, 18.135708597164193 ], [ 74.223176946109916, 18.136172417576294 ], [ 74.223801326436359, 18.13645812229289 ], [ 74.224026351720099, 18.136697778840368 ], [ 74.22489032800415, 18.137248600423614 ], [ 74.225147423143554, 18.137412513965284 ], [ 74.225257252068488, 18.137487626725832 ], [ 74.225581561852366, 18.137709422900166 ], [ 74.225628821321138, 18.137741744035669 ], [ 74.225762603823142, 18.137473873086403 ], [ 74.22628348475412, 18.137580075979827 ], [ 74.226946958863408, 18.13795781171023 ], [ 74.227914291710789, 18.138534497384615 ], [ 74.228077402410193, 18.138631737759997 ], [ 74.228387860172404, 18.138808515720402 ], [ 74.228488799369288, 18.138953802366469 ], [ 74.228562138727384, 18.139079206866064 ], [ 74.228683687073556, 18.139251270400688 ], [ 74.228729313405125, 18.139315856607194 ], [ 74.228818418196497, 18.139459841838104 ], [ 74.228914133690026, 18.139599106156993 ], [ 74.229011606288239, 18.139755063008622 ], [ 74.229447250573472, 18.139873104897703 ], [ 74.229613069693457, 18.139917798700157 ], [ 74.229882356767874, 18.139976383375473 ], [ 74.230261102661331, 18.140048479027605 ], [ 74.230807980836616, 18.140204358648475 ], [ 74.231412693448235, 18.140398555778468 ], [ 74.231504988157155, 18.140424449168137 ], [ 74.232820374159672, 18.140793401383352 ], [ 74.234545807851745, 18.141361864634142 ], [ 74.234601697435465, 18.141380265298483 ], [ 74.236222020154472, 18.141913331405913 ], [ 74.236124105585148, 18.144257829644292 ], [ 74.236084606662104, 18.145204147683074 ], [ 74.237167962318338, 18.1456382865981 ], [ 74.237583819412805, 18.146134664032637 ], [ 74.238014992782922, 18.146649324073252 ], [ 74.240041913660747, 18.148963866598812 ], [ 74.240240188013615, 18.149190273144864 ], [ 74.240484810045274, 18.149151232697552 ], [ 74.241104502064218, 18.149754229295102 ], [ 74.241332638213791, 18.150478362293281 ], [ 74.241524809412624, 18.151088330896439 ], [ 74.241654952839426, 18.151258515761189 ], [ 74.242581830956283, 18.152470163699217 ], [ 74.243597998019183, 18.153799062359944 ], [ 74.243967894608772, 18.154017336376842 ], [ 74.244594192838349, 18.154250792218818 ], [ 74.244709420638159, 18.154293744420038 ], [ 74.245161220225455, 18.154462153241898 ], [ 74.245642033599836, 18.154603319372882 ], [ 74.246031921297728, 18.15471778918026 ], [ 74.246573365563904, 18.156246594928152 ], [ 74.246473238443997, 18.156587028706571 ], [ 74.246118583569853, 18.157793013744502 ], [ 74.245480370984637, 18.158011808577022 ], [ 74.24344184926322, 18.158710657714231 ], [ 74.243305246051222, 18.158805268095055 ], [ 74.243285772372516, 18.158818756301223 ], [ 74.244635994143451, 18.160313702658346 ], [ 74.245309346127613, 18.160950036000386 ], [ 74.245312866625198, 18.161016676402397 ], [ 74.24543658080951, 18.163354989580654 ], [ 74.24566533499997, 18.163260626634276 ], [ 74.245917759798161, 18.16351587840186 ], [ 74.246433423313974, 18.164037419784847 ], [ 74.247093518859472, 18.164664714151129 ], [ 74.247307304422378, 18.164947852627467 ], [ 74.247363872234132, 18.165045940388001 ], [ 74.247845694416554, 18.165576434280098 ], [ 74.249932489804706, 18.167873808220179 ], [ 74.249975679905248, 18.168336528425648 ], [ 74.250061732221283, 18.169258107225268 ], [ 74.25009749325443, 18.169640957929644 ], [ 74.250234787270855, 18.169903950347294 ], [ 74.250570541591458, 18.172236879208675 ], [ 74.250573930036708, 18.172241151881032 ], [ 74.251227186707936, 18.173064719045875 ], [ 74.251387943821314, 18.173267389954724 ], [ 74.251706866408412, 18.173669462148926 ], [ 74.251888521928535, 18.173907620976411 ], [ 74.252766273877498, 18.175028541313043 ], [ 74.252984026400682, 18.175530961615149 ], [ 74.253020097352604, 18.175643495637299 ], [ 74.252804734348061, 18.17584630437781 ], [ 74.250615315421854, 18.177908071753091 ], [ 74.24927100905704, 18.179131200965912 ], [ 74.248835627978181, 18.18062149097284 ], [ 74.24887312455644, 18.18086978207339 ], [ 74.247611689573262, 18.181790502678464 ], [ 74.246969760657734, 18.18228355640429 ], [ 74.245683206084237, 18.18289191097108 ], [ 74.24564203809139, 18.18289961172383 ], [ 74.245659244422356, 18.182905842821388 ], [ 74.246369712099096, 18.185415599197558 ], [ 74.246265243421448, 18.18816004339125 ], [ 74.246275062007484, 18.188357994358011 ], [ 74.246325461088176, 18.188538361871842 ], [ 74.246473960689485, 18.189069817851898 ], [ 74.24647544021478, 18.189073444920499 ], [ 74.246716125828826, 18.189756018636523 ], [ 74.247159946579799, 18.191014670243696 ], [ 74.247708670793017, 18.191950009184779 ], [ 74.247781361567476, 18.192332469584812 ], [ 74.247958397950413, 18.193263879195865 ], [ 74.248221304291349, 18.194647012407586 ], [ 74.247861783243295, 18.194922900396087 ], [ 74.247593160922207, 18.195129037161653 ], [ 74.246960193599961, 18.196371204258323 ], [ 74.246938652897754, 18.196413479595105 ], [ 74.246843850092574, 18.196726587122598 ], [ 74.24684319791568, 18.196728221365298 ], [ 74.2463173223517, 18.198047261004863 ], [ 74.246131595666739, 18.198289607377845 ], [ 74.245904461138693, 18.199002676363051 ], [ 74.245650825411502, 18.199314390793521 ], [ 74.245496198401639, 18.199504426825538 ], [ 74.244901705923027, 18.200300869663209 ], [ 74.244900962117981, 18.200355231217742 ], [ 74.244887518829756, 18.201338781410534 ], [ 74.244879949625172, 18.201892212627968 ], [ 74.244357279250153, 18.202689771842429 ], [ 74.244010888876588, 18.203518616603333 ], [ 74.243686402124609, 18.204328737412901 ], [ 74.24414254686296, 18.204143819086877 ], [ 74.24553699359366, 18.20481186607811 ], [ 74.245439084414215, 18.205664998084938 ], [ 74.245456644681383, 18.206882567629339 ], [ 74.24596761629644, 18.208324172408322 ], [ 74.246690828372138, 18.210103880224601 ], [ 74.247046818142792, 18.21136539708705 ], [ 74.247246843312169, 18.212074279094921 ], [ 74.247237962567297, 18.212592907982323 ], [ 74.247135560913094, 18.214267097795382 ], [ 74.247912858755399, 18.216021004353863 ], [ 74.248188256170366, 18.216642456107575 ], [ 74.248230562328672, 18.21669833910261 ], [ 74.248257878299853, 18.216853826865105 ], [ 74.248801660880659, 18.217678212349227 ], [ 74.249631615269962, 18.21872605941725 ], [ 74.249778060424219, 18.218910958846728 ], [ 74.249902225562792, 18.219067721994623 ], [ 74.250112000147951, 18.219332587039357 ], [ 74.250128637845322, 18.219353593930872 ], [ 74.250129917944591, 18.219357761348341 ], [ 74.250351918600757, 18.220380097344552 ], [ 74.250363027167552, 18.220431261386125 ], [ 74.250294032062158, 18.220501990985696 ], [ 74.250066711582889, 18.220735024214886 ], [ 74.247850997171682, 18.22300647709918 ], [ 74.247347211180568, 18.224065220599567 ], [ 74.246968533559041, 18.224817402967858 ], [ 74.246738360928745, 18.225305071245028 ], [ 74.246193964798593, 18.226392115700605 ], [ 74.246182557991105, 18.22641357481309 ], [ 74.245842592368476, 18.227456132954906 ], [ 74.245818695385282, 18.227920467175625 ], [ 74.245887249417905, 18.22822343622056 ], [ 74.246198760005555, 18.232020226323822 ], [ 74.246346257087012, 18.232627778392175 ], [ 74.246797302089476, 18.234485793202968 ], [ 74.246985123645743, 18.235259550645626 ], [ 74.247071068163919, 18.235697506147641 ], [ 74.2471798586364, 18.236251914258975 ], [ 74.247207400084676, 18.237017160922573 ], [ 74.247204884801903, 18.237226850030826 ], [ 74.247238395555257, 18.237301531611216 ], [ 74.24730949361674, 18.237715180574529 ], [ 74.247348688010888, 18.237943228603594 ], [ 74.247402052430331, 18.238321151416166 ], [ 74.247440685377441, 18.238594762160069 ], [ 74.247406710195079, 18.238611065675723 ], [ 74.247035550574211, 18.238789177368087 ], [ 74.246956953376724, 18.239223716370873 ], [ 74.246920361401962, 18.239426017682288 ], [ 74.245803327905705, 18.239915299316063 ], [ 74.245033794202413, 18.24030382880273 ], [ 74.244816298597399, 18.240434111416263 ], [ 74.24429583807796, 18.240745875369768 ], [ 74.244271366172995, 18.240760532909952 ], [ 74.243856107356507, 18.241009276638248 ], [ 74.24358051590545, 18.241054249960477 ], [ 74.243428876692192, 18.241100563605784 ], [ 74.243418311606177, 18.241101121580851 ], [ 74.243326520852122, 18.241105958218078 ], [ 74.24211487858679, 18.241514608786844 ], [ 74.241882297573213, 18.241593051007456 ], [ 74.241413143432908, 18.24175128164438 ], [ 74.243194125348907, 18.242188596276229 ], [ 74.243355676572975, 18.242254564034674 ], [ 74.243508807887864, 18.242260921836998 ], [ 74.243792899198169, 18.242191206969043 ], [ 74.244392283901831, 18.243198258313619 ], [ 74.244721045736242, 18.24379513839688 ], [ 74.245038348660898, 18.244365798067726 ], [ 74.245280842583639, 18.24477180728379 ], [ 74.245737666448335, 18.24541905034253 ], [ 74.24617830356992, 18.246148231624396 ], [ 74.246529101078266, 18.246737438626486 ], [ 74.247108707574299, 18.247688546245541 ], [ 74.247693324872998, 18.248388376914505 ], [ 74.247818401801595, 18.248538105832907 ], [ 74.247848710060964, 18.248574388867841 ], [ 74.24832608019284, 18.249246499388516 ], [ 74.248352830225372, 18.24928416093805 ], [ 74.248867885581717, 18.250069128319183 ], [ 74.249181140697715, 18.250631285608403 ], [ 74.249324985229208, 18.25088943029618 ], [ 74.249806949345441, 18.25182356539613 ], [ 74.25000643103408, 18.252237568821631 ], [ 74.250859706586468, 18.253149289641069 ], [ 74.251688097907191, 18.253893719392781 ], [ 74.253671815209756, 18.254900199587965 ], [ 74.253950867869619, 18.25516242515328 ], [ 74.254052123273482, 18.255257574363359 ], [ 74.254073792434781, 18.25527793538155 ], [ 74.254165605646705, 18.255369876008444 ], [ 74.254200018308623, 18.25540433624241 ], [ 74.255520368401406, 18.257306078582619 ], [ 74.255560695571162, 18.257364169112222 ], [ 74.2556104325935, 18.257435021036986 ], [ 74.255679568734379, 18.257533507152075 ], [ 74.255767119440293, 18.257658229193357 ], [ 74.255930674805768, 18.257891223717181 ], [ 74.256018518362424, 18.258016361809421 ], [ 74.2564919377037, 18.258667647785586 ], [ 74.256870436560476, 18.25920922474992 ], [ 74.257235160650637, 18.259867116775631 ], [ 74.257322025043663, 18.260024452098914 ], [ 74.257407533878947, 18.260144277381613 ], [ 74.257566603057882, 18.260474602214661 ], [ 74.25780328128748, 18.260800258386489 ], [ 74.25783942769786, 18.260862900613368 ], [ 74.258345469358645, 18.261747769238848 ], [ 74.258469548258972, 18.261948428610861 ], [ 74.258761769322575, 18.262525513674358 ], [ 74.258834354994178, 18.262665352744097 ], [ 74.259163865125231, 18.263223240626143 ], [ 74.259861143736956, 18.264355982616525 ], [ 74.260138327002707, 18.264905279057302 ], [ 74.26057879164776, 18.265624321905758 ], [ 74.260714571104643, 18.265840573990474 ], [ 74.260856933415923, 18.2661100569937 ], [ 74.260864022920146, 18.266123477177445 ], [ 74.261030614591277, 18.26642789208292 ], [ 74.261093095114248, 18.266541337265782 ], [ 74.261129647563124, 18.266587397585742 ], [ 74.26120303543027, 18.266679873909766 ], [ 74.261299296201173, 18.26696142962243 ], [ 74.26140049141793, 18.26725742436275 ], [ 74.26141383768811, 18.267493139156308 ], [ 74.261473600807349, 18.267714448306386 ], [ 74.262044243913465, 18.268606723059317 ], [ 74.262044440644502, 18.268607030152964 ], [ 74.262875279874379, 18.269906187412715 ], [ 74.263021269582765, 18.270290732711494 ], [ 74.263718864401497, 18.27212829367069 ], [ 74.2638204961995, 18.272669905414268 ], [ 74.264445721840616, 18.276002098141891 ], [ 74.264486127163764, 18.276217451880729 ], [ 74.264630419954614, 18.276146452375862 ], [ 74.264582935008676, 18.276339506815543 ], [ 74.264562969053188, 18.276420679965835 ], [ 74.264458203033158, 18.276846601675025 ], [ 74.264241117958221, 18.277473030694964 ], [ 74.264175395415407, 18.27766268362706 ], [ 74.264168628406381, 18.278216881030673 ], [ 74.264166053834785, 18.281932579998102 ], [ 74.264272959641801, 18.283695922417063 ], [ 74.264300355563023, 18.284147879116997 ], [ 74.264304348574456, 18.284213742226811 ], [ 74.264326710336832, 18.284582631304012 ], [ 74.264411059447056, 18.284849732739744 ], [ 74.264641171890233, 18.285578410645197 ], [ 74.265596195123294, 18.290614101745376 ], [ 74.265541512875302, 18.290756024057249 ], [ 74.265509810430615, 18.290838305237134 ], [ 74.265525458184555, 18.291016100652495 ], [ 74.265784734433439, 18.293962292365119 ], [ 74.265916880204998, 18.295464177187284 ], [ 74.265924901262181, 18.295555345964164 ], [ 74.265931152638203, 18.295626392107842 ], [ 74.265953762335627, 18.295820705921187 ], [ 74.265903819599089, 18.297366646357201 ], [ 74.265903356966732, 18.297403341367193 ], [ 74.26590165376092, 18.297558595698714 ], [ 74.26588776041676, 18.298824034594549 ], [ 74.265990652551068, 18.300381375141335 ], [ 74.265992300061299, 18.301115214186296 ], [ 74.265988440000513, 18.301206559093998 ], [ 74.265943190063055, 18.302277423627796 ], [ 74.265942072558829, 18.302298294262297 ], [ 74.265922624931235, 18.302699932591576 ], [ 74.265918204321707, 18.302791229755808 ], [ 74.265899110630343, 18.303184909686347 ], [ 74.265887156748875, 18.30343134734947 ], [ 74.266406695596828, 18.303441419702814 ], [ 74.267064808560491, 18.303721227056794 ], [ 74.268013020767057, 18.303985428257768 ], [ 74.269236045585345, 18.304045903966067 ], [ 74.270228188104255, 18.304192633098673 ], [ 74.270509246702161, 18.304234199066773 ], [ 74.270776964419795, 18.304283301769441 ], [ 74.270790234333134, 18.304285734985658 ], [ 74.271317658592636, 18.304382469161236 ], [ 74.271348131243698, 18.304388058817604 ], [ 74.271377639104159, 18.30449840204383 ], [ 74.271341490897129, 18.304671278642637 ], [ 74.271316006590865, 18.30479315917643 ], [ 74.27125049066052, 18.305073499941848 ], [ 74.271199973002226, 18.305290001332349 ], [ 74.271313311644988, 18.305307667419065 ], [ 74.271399646031995, 18.305321124653652 ], [ 74.271607444323507, 18.305677879577804 ], [ 74.27164443874355, 18.306063764688595 ], [ 74.27189113229025, 18.308637244833882 ], [ 74.271998509712759, 18.309249579244039 ], [ 74.272056893019723, 18.309825849363168 ], [ 74.272059163960762, 18.309847752723929 ], [ 74.272062709611191, 18.309894303006395 ], [ 74.27208343104985, 18.310166382645654 ], [ 74.272106383903676, 18.310467752370425 ], [ 74.272167477427814, 18.311119009381397 ], [ 74.272168737764176, 18.311138640643264 ], [ 74.272188843856853, 18.311474167808285 ], [ 74.272245456584415, 18.312418875716322 ], [ 74.2722081190079, 18.312557242661438 ], [ 74.272215204020569, 18.31261167825425 ], [ 74.272239533991751, 18.312798637052268 ], [ 74.272358765582752, 18.313714805927102 ], [ 74.272362654389624, 18.313750561934626 ], [ 74.272465890578701, 18.314706175959646 ], [ 74.2725410292623, 18.315553263369807 ], [ 74.272719322388326, 18.316364698627368 ], [ 74.272590023377902, 18.316498217649432 ], [ 74.272457793164705, 18.316634760602618 ], [ 74.27254482823767, 18.317682439412096 ], [ 74.272551983318905, 18.317736203095425 ], [ 74.272641660337086, 18.318410078673569 ], [ 74.272680515168076, 18.318546873397636 ], [ 74.272791855059339, 18.318938850299695 ], [ 74.272870537596731, 18.319215857633971 ], [ 74.272889686085321, 18.319283233050506 ], [ 74.272917041582375, 18.319379482138103 ], [ 74.273004614746142, 18.319687753626546 ], [ 74.273018455988051, 18.319736480984403 ], [ 74.273021348563262, 18.31974682101681 ], [ 74.273057259615072, 18.319876706268907 ], [ 74.273238492926993, 18.320532229313155 ], [ 74.273391486799696, 18.321085284176633 ], [ 74.273544302805917, 18.32163761838153 ], [ 74.273837208385785, 18.32264423067226 ], [ 74.273976990735562, 18.322930600611294 ], [ 74.274829156868606, 18.324492558640607 ], [ 74.275225827745217, 18.325169754134183 ], [ 74.275855676116805, 18.326245017324293 ], [ 74.275863617223919, 18.326259935404337 ], [ 74.276127651848824, 18.326755669617924 ], [ 74.276406432319149, 18.327267034154993 ], [ 74.276523323798884, 18.32748146119097 ], [ 74.276666552984423, 18.327744104826476 ], [ 74.276772262235468, 18.32793815405914 ], [ 74.27683602195944, 18.328055147329344 ], [ 74.276955228397611, 18.328273761214767 ], [ 74.276959033661157, 18.328279319400863 ], [ 74.277158317720406, 18.32857381261827 ], [ 74.277195539414208, 18.328628817068303 ], [ 74.277331707841611, 18.328829988257279 ], [ 74.277371990993871, 18.328889574403746 ], [ 74.277477756838806, 18.329072233153695 ], [ 74.277538457799182, 18.329177078380631 ], [ 74.277619519075486, 18.329316962592237 ], [ 74.277809952932543, 18.329645878200665 ], [ 74.278047198897411, 18.330055623985157 ], [ 74.278176301176771, 18.330278593666648 ], [ 74.27831015644233, 18.330509801315355 ], [ 74.278548264789848, 18.330921079116138 ], [ 74.278579760622023, 18.330975479938967 ], [ 74.278749688636097, 18.331257752364252 ], [ 74.278950406406565, 18.331591166684127 ], [ 74.278995496443926, 18.33166607283308 ], [ 74.279108911443515, 18.331854485406986 ], [ 74.279489807903758, 18.332487256746536 ], [ 74.279681923407054, 18.332801096173434 ], [ 74.279773497667108, 18.332950690799489 ], [ 74.280058950823374, 18.333417000683543 ], [ 74.28012573786981, 18.333526101751186 ], [ 74.28012652299735, 18.333527385092101 ], [ 74.280138625100875, 18.33354715536283 ], [ 74.280229356741174, 18.333561451181538 ], [ 74.28292652682218, 18.333986306342705 ], [ 74.285527737966234, 18.334396290834977 ], [ 74.28560199091099, 18.334407992627874 ], [ 74.285772858562851, 18.334422097367522 ], [ 74.286978375216293, 18.334521607334544 ], [ 74.288014531590875, 18.334726087013799 ], [ 74.288334843871695, 18.334789301123642 ], [ 74.288715960419196, 18.334864517126913 ], [ 74.28900888037208, 18.334922329259872 ], [ 74.289476808312031, 18.334901112947772 ], [ 74.289477498218176, 18.334901081397447 ], [ 74.289511928846352, 18.334899520082786 ], [ 74.29016891442437, 18.33486973657465 ], [ 74.290794408661725, 18.334841385617132 ], [ 74.290973327015195, 18.334833278033766 ], [ 74.29105418617057, 18.334849990331083 ], [ 74.291390190222799, 18.334919432599442 ], [ 74.291862510924446, 18.335017050967547 ], [ 74.292037950102824, 18.33505331164082 ], [ 74.292220451835945, 18.335093219349346 ], [ 74.292867790406092, 18.33523477520264 ], [ 74.292956395734137, 18.335254151326275 ], [ 74.293446127582627, 18.335332972382314 ], [ 74.293684980633529, 18.335371415924712 ], [ 74.2939370092747, 18.335391089628487 ], [ 74.294638176693283, 18.335445826717642 ], [ 74.295351942085446, 18.335562576150313 ], [ 74.295800691892381, 18.335635982371176 ], [ 74.295929770815519, 18.335657096268207 ], [ 74.296433141784973, 18.335693272389214 ], [ 74.296744529303496, 18.335715653402445 ], [ 74.297560034291493, 18.335774270206372 ], [ 74.297977859594752, 18.335748162869979 ], [ 74.298063743925809, 18.33575128292583 ], [ 74.298694231897841, 18.335774195168135 ], [ 74.298736638667449, 18.33577573686263 ], [ 74.299027031659463, 18.335778259170297 ], [ 74.299325946968565, 18.335780431868017 ], [ 74.299596349750573, 18.335779744586077 ], [ 74.29960313562421, 18.335779728384658 ], [ 74.300319011158976, 18.335754767087646 ], [ 74.300662552974771, 18.335742789961408 ], [ 74.300703045434489, 18.335739230761167 ], [ 74.300735975876179, 18.335736334114376 ], [ 74.301665516599584, 18.335678602408112 ], [ 74.302134754283202, 18.335649461975876 ], [ 74.302389456310664, 18.33568973535828 ], [ 74.30250964640409, 18.335708741355901 ], [ 74.302560427268773, 18.335735943574431 ], [ 74.303307871399227, 18.336136354858589 ], [ 74.303528327851453, 18.336228100813717 ], [ 74.303900233972328, 18.336382876915909 ], [ 74.304172825050358, 18.336454108393831 ], [ 74.30435856521008, 18.336502642580964 ], [ 74.304369554300933, 18.33650551619186 ], [ 74.304496661422064, 18.336538729843877 ], [ 74.304888090629021, 18.336760801796935 ], [ 74.305350696050894, 18.337023254829578 ], [ 74.305953025432046, 18.337364980376872 ], [ 74.306022465203512, 18.337404377637739 ], [ 74.306495554863048, 18.337672782376519 ], [ 74.306567438052085, 18.337713562642662 ], [ 74.306636890399943, 18.337851854784809 ], [ 74.306702536585973, 18.337982562936087 ], [ 74.306742025627557, 18.338061190891565 ], [ 74.306863626974291, 18.338303315415754 ], [ 74.306915387002647, 18.338406374619947 ], [ 74.307002702349962, 18.338580230343453 ], [ 74.307058965632862, 18.338692258005072 ], [ 74.307152086791817, 18.338877673384559 ], [ 74.307221841871936, 18.339016564037244 ], [ 74.307256987559114, 18.339086541827161 ], [ 74.307372854959397, 18.339290929985257 ], [ 74.307517246564913, 18.339545635059352 ], [ 74.307532864674457, 18.339579364003701 ], [ 74.307672618278133, 18.339881188136072 ], [ 74.307770289404047, 18.340092127392602 ], [ 74.307983037412768, 18.340502399254383 ], [ 74.308010720794883, 18.34055578663239 ], [ 74.308381905568595, 18.341381008391245 ], [ 74.308547872012298, 18.342051392223961 ], [ 74.308929609295646, 18.343400294229347 ], [ 74.309036170149582, 18.34423265541578 ], [ 74.309047933588246, 18.344324553963713 ], [ 74.309058246247702, 18.34440509411861 ], [ 74.309083749418619, 18.344604297761038 ], [ 74.309234284602368, 18.345590123257164 ], [ 74.309307830572962, 18.346071759648019 ], [ 74.309322641995365, 18.346168748426035 ], [ 74.309392430313181, 18.346625769654235 ], [ 74.309390333645283, 18.346970496307765 ], [ 74.309390174643511, 18.346996701709198 ], [ 74.309376655896784, 18.349217407030388 ], [ 74.309382859662136, 18.349313852615857 ], [ 74.309427683798162, 18.350010813912299 ], [ 74.309438995384255, 18.350186686381875 ], [ 74.309407605553275, 18.350594876017091 ], [ 74.309369502612157, 18.351090404876608 ], [ 74.309303780069357, 18.351945053356946 ], [ 74.309143192737594, 18.352779812730674 ], [ 74.309112199961959, 18.352940918371502 ], [ 74.309032289427563, 18.354599040205411 ], [ 74.309008968264479, 18.355082915162239 ], [ 74.309537344738189, 18.355068875202257 ], [ 74.309549561826032, 18.355161206227883 ], [ 74.309539678561265, 18.355246387208062 ], [ 74.309514561665921, 18.355462870132651 ], [ 74.309447891400509, 18.356037491639032 ], [ 74.309413842556296, 18.356330915284385 ], [ 74.309413354771067, 18.356335137387735 ], [ 74.309260388746196, 18.357653461083981 ], [ 74.309185384809865, 18.358299856222647 ], [ 74.309032623600856, 18.359046759369352 ], [ 74.308984666141072, 18.359441418769439 ], [ 74.308965497889545, 18.359599160697584 ], [ 74.30895312808812, 18.35973469169004 ], [ 74.308624437220573, 18.361408828809136 ], [ 74.308417613601137, 18.362460598039792 ], [ 74.308241188970925, 18.362777515379079 ], [ 74.308067782680055, 18.363089004661212 ], [ 74.308067127808201, 18.363094594125229 ], [ 74.307994352592075, 18.363715626272558 ], [ 74.307980304737669, 18.363785949577903 ], [ 74.307906820750802, 18.364153805372933 ], [ 74.30783056995287, 18.364940976184084 ], [ 74.307812712343349, 18.365125315588884 ], [ 74.307775999096009, 18.36543862681896 ], [ 74.307772519920874, 18.365720979349206 ], [ 74.307757453376965, 18.366944518693284 ], [ 74.307755661237934, 18.367158286062953 ], [ 74.3077560457169, 18.367358774683026 ], [ 74.307751267577913, 18.367868244901942 ], [ 74.30774745692446, 18.368274946815742 ], [ 74.307783792879377, 18.370728627823194 ], [ 74.307770876902211, 18.371785750406243 ], [ 74.307783475774102, 18.372605884249843 ], [ 74.307819064330744, 18.373287128197571 ], [ 74.307820137817487, 18.373307671417312 ], [ 74.307697118030859, 18.374136920817996 ], [ 74.30762334927806, 18.374632334358221 ], [ 74.307463717753777, 18.375687720326955 ], [ 74.307095755236972, 18.377150271871503 ], [ 74.306928983902793, 18.377860095816079 ], [ 74.306716658102232, 18.378940874028796 ], [ 74.306670590697848, 18.379175354045351 ], [ 74.306670502662939, 18.379175804161552 ], [ 74.306647362061213, 18.379293409769122 ], [ 74.306710374386839, 18.379280210631222 ], [ 74.307385110674829, 18.379139429141382 ], [ 74.309032928129739, 18.378750805274851 ], [ 74.309248312693839, 18.378714005622438 ], [ 74.309651844004293, 18.37861575041828 ], [ 74.310596152132632, 18.378185547357837 ], [ 74.311954735422248, 18.377552889736755 ], [ 74.313425997092892, 18.376857765112288 ], [ 74.313812462209611, 18.376678140661184 ], [ 74.313848784689782, 18.376661364211092 ], [ 74.314775113037726, 18.376739445149681 ], [ 74.316837711405398, 18.376918677385095 ], [ 74.31833457326502, 18.377070835638808 ], [ 74.318849588197196, 18.377132035982335 ], [ 74.319336653845923, 18.377178741201412 ], [ 74.319546916216282, 18.377198977909263 ], [ 74.319751457216555, 18.377202747675689 ], [ 74.320613882110138, 18.377254860297921 ], [ 74.321056483847244, 18.377281772089102 ], [ 74.321860964710055, 18.377327205334705 ], [ 74.322505766437843, 18.377429660695213 ], [ 74.323109103728768, 18.377535821816434 ], [ 74.323136844603027, 18.377540703236686 ], [ 74.323799669230368, 18.37749979000829 ], [ 74.324346851934536, 18.377473214989127 ], [ 74.324610502978857, 18.377584039262395 ], [ 74.324634070280339, 18.377593956402677 ], [ 74.325030188693077, 18.377744085963361 ], [ 74.325116430553621, 18.377737284718986 ], [ 74.325367876188167, 18.377633395635485 ], [ 74.325772274372881, 18.377613177733664 ], [ 74.326636889359136, 18.37756017861885 ], [ 74.32664526075925, 18.377559610853289 ], [ 74.326780608126498, 18.377550445616823 ], [ 74.326937021885442, 18.377617200683709 ], [ 74.327338220271102, 18.377824262708032 ], [ 74.327438128202047, 18.377875826132975 ], [ 74.327463138197871, 18.377888870223526 ], [ 74.327759090863182, 18.377875451033312 ], [ 74.32777647685721, 18.377950150411699 ], [ 74.327856756599175, 18.378295072820151 ], [ 74.32861052936083, 18.378276265878881 ], [ 74.328828987959838, 18.378520721003305 ], [ 74.329196153670949, 18.378931570761679 ], [ 74.329292374915994, 18.37903923901936 ], [ 74.329514840899478, 18.379740848267641 ], [ 74.329979979570439, 18.380109789361349 ], [ 74.330213104064754, 18.380297374174507 ], [ 74.331151204834498, 18.380217368224663 ], [ 74.331489936171948, 18.380192920581386 ], [ 74.33155116983329, 18.380197669790807 ], [ 74.331804103077943, 18.380216489309881 ], [ 74.332002312752138, 18.380230923630684 ], [ 74.332051420055436, 18.380234668608711 ], [ 74.332177735760794, 18.38024421817444 ], [ 74.332334819662975, 18.380256143622255 ], [ 74.332509358729425, 18.380269144055877 ], [ 74.332878722618034, 18.380405073121416 ], [ 74.332908042730608, 18.380476617204408 ], [ 74.332936469917755, 18.380545983155866 ], [ 74.333130994702657, 18.381020641620999 ], [ 74.333221556561384, 18.381241616337931 ], [ 74.333479936291624, 18.381887675042506 ], [ 74.333635943113748, 18.381939720608067 ], [ 74.333921936157481, 18.382046493589883 ], [ 74.334404956692495, 18.382226824268066 ], [ 74.334446851422399, 18.382242463824014 ], [ 74.334579126551361, 18.382291843585616 ], [ 74.334659907553288, 18.382321999971676 ], [ 74.334846854150456, 18.382391787156827 ], [ 74.335269496220249, 18.383044190775898 ], [ 74.335272814596919, 18.383048900693026 ], [ 74.335379037684291, 18.383199595808836 ], [ 74.33538972404294, 18.383214756186781 ], [ 74.335455519349281, 18.38366889515833 ], [ 74.335526377560598, 18.384157961968835 ], [ 74.335565177594333, 18.384425766348411 ], [ 74.335619928114284, 18.384868751039786 ], [ 74.335894314026234, 18.38510879299136 ], [ 74.336035699868816, 18.385232481989608 ], [ 74.336311725206158, 18.385203280871227 ], [ 74.336353130354212, 18.385198884719362 ], [ 74.33641134387959, 18.38519270436219 ], [ 74.336515862862882, 18.385257205116279 ], [ 74.336687325199492, 18.385363017875921 ], [ 74.336717034282557, 18.385403815008655 ], [ 74.336825468123862, 18.385447893257318 ], [ 74.3372987563111, 18.385732393628256 ], [ 74.337422317781787, 18.385676346904795 ], [ 74.337672416841727, 18.385587466773583 ], [ 74.338241504065778, 18.385369620195817 ], [ 74.338614084821472, 18.385234714589892 ], [ 74.33861971186839, 18.385243853844067 ], [ 74.33862597492255, 18.38525363159237 ], [ 74.33863242392799, 18.385263309601964 ], [ 74.338639055291438, 18.38527288702042 ], [ 74.338645866317918, 18.385282357028078 ], [ 74.33865285521081, 18.385291719624906 ], [ 74.338660021071846, 18.385300971401097 ], [ 74.338667359409399, 18.385310108094362 ], [ 74.338674871121796, 18.385319128852259 ], [ 74.338682549920847, 18.385328030264937 ], [ 74.338690395806537, 18.385336808922592 ], [ 74.338698407880557, 18.385345462267797 ], [ 74.338706580753012, 18.385353988595728 ], [ 74.338714914423917, 18.385362385348941 ], [ 74.338723404401648, 18.385370648265219 ], [ 74.338732047092989, 18.385378778196991 ], [ 74.338740845192902, 18.385386766619654 ], [ 74.338749789718165, 18.385394618648014 ], [ 74.338758881567159, 18.385402326609977 ], [ 74.338768116248275, 18.385409889653001 ], [ 74.338777492863244, 18.385417306072267 ], [ 74.338787006920413, 18.385424571605423 ], [ 74.338796655724863, 18.385431687957475 ], [ 74.338806436581663, 18.385438649161163 ], [ 74.338816348592545, 18.385445455216509 ], [ 74.338826384570879, 18.385452101008777 ], [ 74.338836545415049, 18.385458589095347 ], [ 74.338846824836864, 18.385464916066447 ], [ 74.338857221039632, 18.385471076807242 ], [ 74.338867731328449, 18.385477072170271 ], [ 74.338878352110058, 18.385482899598156 ], [ 74.338889079791159, 18.385488559943362 ], [ 74.338899912575201, 18.385494048091111 ], [ 74.338910845970503, 18.385499362336549 ], [ 74.338921876383907, 18.385504504384595 ], [ 74.338933000222056, 18.385509467415591 ], [ 74.338944214790047, 18.385514255691838 ], [ 74.338955515596339, 18.385518863246066 ], [ 74.338966904437513, 18.385523290930855 ], [ 74.338978367838834, 18.385527537041245 ], [ 74.338989911190239, 18.385531600724796 ], [ 74.339001528203511, 18.385535479424107 ], [ 74.339013212590416, 18.385539173139229 ], [ 74.339024966147562, 18.385542681017728 ], [ 74.339036781688534, 18.385545999649704 ], [ 74.339048653823298, 18.385549130740134 ], [ 74.339060582551966, 18.385552072584066 ], [ 74.33907256428121, 18.385554822624236 ], [ 74.339084593621223, 18.385557383417918 ], [ 74.339096666978591, 18.385559750702846 ], [ 74.339108780760228, 18.385561925331491 ], [ 74.339120931372776, 18.385563907303897 ], [ 74.339133117019585, 18.385565694915098 ], [ 74.339145331412496, 18.385567287312661 ], [ 74.339157570059953, 18.385568683644152 ], [ 74.339169833860197, 18.385569885614444 ], [ 74.339182113830105, 18.38557089237117 ], [ 74.339194409071411, 18.385571703061782 ], [ 74.339206715990812, 18.385572316833819 ], [ 74.339219030096729, 18.38557273368734 ], [ 74.339231348694227, 18.385572953622336 ], [ 74.339243664596779, 18.385572976638802 ], [ 74.339255977804342, 18.385572803589159 ], [ 74.339268282927122, 18.385572433621011 ], [ 74.339280576371806, 18.385571867586769 ], [ 74.339292855443389, 18.38557110378153 ], [ 74.339305114752094, 18.385570144762671 ], [ 74.339627161679743, 18.385573010737229 ], [ 74.339660893418696, 18.385669023414877 ], [ 74.339798668033808, 18.386061177064128 ], [ 74.339893414245125, 18.386330855598324 ], [ 74.340591495950761, 18.386395937302321 ], [ 74.340995736930282, 18.386067149390218 ], [ 74.34106510393822, 18.385463550422749 ], [ 74.34107338820175, 18.38537285017506 ], [ 74.341588970869182, 18.384895507346503 ], [ 74.341590972315657, 18.384895717052817 ], [ 74.341686573723109, 18.384905738625697 ], [ 74.341692973321216, 18.384908280674811 ], [ 74.341701415688235, 18.384911357219096 ], [ 74.341709965853099, 18.384914160974699 ], [ 74.341718613934361, 18.384916692794121 ], [ 74.341727350948787, 18.384918948414999 ], [ 74.341736164320054, 18.384920922722614 ], [ 74.341745044166657, 18.384922617421886 ], [ 74.341753979708798, 18.384924024840593 ], [ 74.341762959268351, 18.384925148388671 ], [ 74.341771972065587, 18.38492598380379 ], [ 74.341781008219058, 18.384926532790878 ], [ 74.341790055152273, 18.384926790235102 ], [ 74.341799102983828, 18.384926761251318 ], [ 74.341808140933892, 18.384926441577175 ], [ 74.341817157324385, 18.384925834622532 ], [ 74.341826139578927, 18.384924937829986 ], [ 74.341880435551346, 18.384917813784842 ], [ 74.341909402625973, 18.384913332379245 ], [ 74.341938272682583, 18.384908386380392 ], [ 74.341967039432902, 18.384902978345636 ], [ 74.341995691198903, 18.38489710997985 ], [ 74.342024222590638, 18.384890783840412 ], [ 74.342052621031712, 18.384884003337124 ], [ 74.342080881132247, 18.384876765912466 ], [ 74.342108992112443, 18.384869078386199 ], [ 74.342136947684082, 18.384860939053294 ], [ 74.342164737067392, 18.3848523547334 ], [ 74.342192353075873, 18.384843324573939 ], [ 74.342219786726318, 18.384833853689706 ], [ 74.34224702993393, 18.384823942933075 ], [ 74.342274073715586, 18.384813597418759 ], [ 74.342300911782999, 18.384802817999134 ], [ 74.342327531559818, 18.384791608936439 ], [ 74.342388963748832, 18.384766342722692 ], [ 74.342422346941419, 18.384753526760633 ], [ 74.342455973577458, 18.38474125040818 ], [ 74.342489840961974, 18.384729513665405 ], [ 74.342523932026992, 18.384718323352185 ], [ 74.342558238687729, 18.384707682025997 ], [ 74.342592749265975, 18.384697593096821 ], [ 74.342627455676961, 18.384688058269685 ], [ 74.342662344445969, 18.384679081806961 ], [ 74.342697408386471, 18.384670665413761 ], [ 74.342732632227069, 18.384662813352396 ], [ 74.342768009679588, 18.384655525623007 ], [ 74.342803527269297, 18.384648808192896 ], [ 74.342839175114705, 18.38464265935724 ], [ 74.342874942436083, 18.384637083378365 ], [ 74.342910817555264, 18.384632081108869 ], [ 74.342946790590801, 18.384627651696253 ], [ 74.342982850762951, 18.384623800255415 ], [ 74.343018984596924, 18.384620527638827 ], [ 74.343055184906262, 18.384617831289138 ], [ 74.343091438216163, 18.384615714616267 ], [ 74.343127733746925, 18.384614180177593 ], [ 74.343164059820381, 18.384613225415752 ], [ 74.343200408351692, 18.384612848625775 ], [ 74.343236764069559, 18.384613055775006 ], [ 74.34327311888913, 18.384613842601098 ], [ 74.343335825787506, 18.384487045065864 ], [ 74.343351911919314, 18.384483705101815 ], [ 74.343362065576969, 18.384482040234605 ], [ 74.343372283015029, 18.384480697599692 ], [ 74.343382547165461, 18.384479686574309 ], [ 74.343392849943442, 18.384479002896111 ], [ 74.343403176077629, 18.38447864997492 ], [ 74.343413513889928, 18.384478626958327 ], [ 74.343423849905605, 18.384478933846321 ], [ 74.343434172446521, 18.384479570638863 ], [ 74.343444468936312, 18.384480538188431 ], [ 74.343454727696837, 18.384481832232751 ], [ 74.34346791227027, 18.384483988973198 ], [ 74.34349912513315, 18.384490020174148 ], [ 74.343530223011655, 18.384496548362858 ], [ 74.343561198719286, 18.384503569276987 ], [ 74.343592042374553, 18.384511084621334 ], [ 74.34362274499432, 18.384519087576134 ], [ 74.343654127638786, 18.384527820241782 ], [ 74.343661498315697, 18.384530064785729 ], [ 74.34366878185601, 18.384532542905383 ], [ 74.343675969276617, 18.384535252043399 ], [ 74.343683053390933, 18.384538187937409 ], [ 74.3436900234192, 18.384541348029977 ], [ 74.343696871276649, 18.384544727206354 ], [ 74.343703588878341, 18.384548321204132 ], [ 74.343710169037777, 18.384552124908577 ], [ 74.343716603670146, 18.384556136614659 ], [ 74.343722882893999, 18.384560348650222 ], [ 74.343729000421092, 18.384564757605357 ], [ 74.343734948166585, 18.384569358365301 ], [ 74.343740719842273, 18.384574144110239 ], [ 74.343746309159982, 18.38457910887292 ], [ 74.343751707136533, 18.384584248391036 ], [ 74.343756906585398, 18.384589551582458 ], [ 74.343761905709954, 18.38459501929966 ], [ 74.343763555915103, 18.384596956102474 ], [ 74.343861324059077, 18.385231755691262 ], [ 74.343917669088611, 18.385543074002392 ], [ 74.344135255423481, 18.385493801729712 ], [ 74.344435817344504, 18.385425738625813 ], [ 74.344424615352921, 18.385332191986372 ], [ 74.344403465417869, 18.385155561689498 ], [ 74.344398703448547, 18.38511579938864 ], [ 74.344979474161192, 18.385011427993831 ], [ 74.345135878937, 18.384988241824676 ], [ 74.345283439798848, 18.384966366742351 ], [ 74.345598093591704, 18.384919721600237 ], [ 74.345670086375222, 18.384909049597766 ], [ 74.345753446440312, 18.384970046830269 ], [ 74.345903555822616, 18.385082462949509 ], [ 74.346129772272391, 18.385251876371488 ], [ 74.346323354724547, 18.38539685039375 ], [ 74.346365253047736, 18.385424632130231 ], [ 74.346646921601703, 18.385611415814726 ], [ 74.3467519634045, 18.385681071241812 ], [ 74.346844626422666, 18.385854383226693 ], [ 74.346961414596137, 18.386024446316245 ], [ 74.346969172446947, 18.386035741397123 ], [ 74.347245982911843, 18.386506200038834 ], [ 74.347276997247022, 18.386610600364609 ], [ 74.347524609770261, 18.386826616858102 ], [ 74.347847248687685, 18.387303031132859 ], [ 74.34822567478092, 18.387934699086095 ], [ 74.34827944883213, 18.388024458586901 ], [ 74.348766860332262, 18.388710702591784 ], [ 74.348506750446802, 18.388817525936268 ], [ 74.34842963816449, 18.38885184537455 ], [ 74.348123083582209, 18.388968960193107 ], [ 74.347771558438495, 18.389103255936455 ], [ 74.347599375653019, 18.389163182720665 ], [ 74.347531599561478, 18.38925809374706 ], [ 74.34729655896065, 18.389691331998002 ], [ 74.34738035291204, 18.389912263207702 ], [ 74.347671771780114, 18.390031910754832 ], [ 74.347723676437241, 18.390074124388427 ], [ 74.348375870401469, 18.390357269419585 ], [ 74.348832333143434, 18.390573506260491 ], [ 74.348959154600266, 18.390633584267064 ], [ 74.348979422389718, 18.390598245669743 ], [ 74.349052956682257, 18.390615027583159 ], [ 74.34909670643323, 18.390625014726094 ], [ 74.349558235673385, 18.390730393710417 ], [ 74.349619068686081, 18.390744465718178 ], [ 74.349667465422058, 18.390660609048755 ], [ 74.350136332101428, 18.390237489970421 ], [ 74.350346524403179, 18.389924875053143 ], [ 74.350481245644644, 18.389749309898644 ], [ 74.350635069560667, 18.389548848159759 ], [ 74.351629953737827, 18.389241635629848 ], [ 74.351638026897291, 18.389206626642636 ], [ 74.351638829092821, 18.389206694838101 ], [ 74.35203266039484, 18.389240321162664 ], [ 74.352199925802452, 18.38926963241471 ], [ 74.352379560113164, 18.389301112276172 ], [ 74.352677613039589, 18.389550824119187 ], [ 74.352598017813833, 18.390228032169173 ], [ 74.352347160575817, 18.390438010578922 ], [ 74.352075499254113, 18.390439521949929 ], [ 74.35186913108052, 18.390440669330339 ], [ 74.351813807435448, 18.39090789715463 ], [ 74.351817221033514, 18.391086102821546 ], [ 74.351821411674294, 18.391304857687 ], [ 74.352255076970991, 18.391633323617551 ], [ 74.352479579435226, 18.391805060292782 ], [ 74.352661710164114, 18.391887397375111 ], [ 74.352835143404462, 18.391919273138235 ], [ 74.353086267442123, 18.391943275855052 ], [ 74.354255469700178, 18.392023666775295 ], [ 74.355139595196093, 18.392064805860347 ], [ 74.355236162292471, 18.392036448099581 ], [ 74.355457872792798, 18.391926796683563 ], [ 74.355790792928673, 18.391605353642063 ], [ 74.356185757006301, 18.391539493077804 ], [ 74.356235561402272, 18.391531186983268 ], [ 74.356713825357858, 18.391510765275189 ], [ 74.357068222415549, 18.391210331382812 ], [ 74.357152797901222, 18.39111824639712 ], [ 74.357187441430156, 18.39108052619871 ], [ 74.357200205592008, 18.391066628967376 ], [ 74.357354324155423, 18.391079766680051 ], [ 74.357371960779389, 18.391140360232523 ], [ 74.357447290804188, 18.391399153782626 ], [ 74.357776198165681, 18.391433111275514 ], [ 74.357818789089904, 18.391437622346736 ], [ 74.358427946565556, 18.391488513393327 ], [ 74.358549935984499, 18.3914978287693 ], [ 74.35880726378754, 18.391517477323266 ], [ 74.359090419053302, 18.391539254396928 ], [ 74.359615018111242, 18.391579155014707 ], [ 74.359768875264891, 18.391591050695723 ], [ 74.360063096876615, 18.391579628966589 ], [ 74.360217766107297, 18.391573451395502 ], [ 74.360255406416016, 18.391553089362628 ], [ 74.360390672036559, 18.391479914059719 ], [ 74.36039632693128, 18.391209282037405 ], [ 74.360437263158786, 18.39076447493828 ], [ 74.360783802652676, 18.39022474261024 ], [ 74.360920318728077, 18.390006107420064 ], [ 74.360929564188979, 18.389956729015861 ], [ 74.360984921970044, 18.389661064378888 ], [ 74.361174806058173, 18.38897373473413 ], [ 74.361191214685178, 18.388866280677217 ], [ 74.361427407824493, 18.38851187463754 ], [ 74.361609905066032, 18.388238153797428 ], [ 74.362071910413306, 18.38755518984896 ], [ 74.362132435303877, 18.387057175944282 ], [ 74.362126226148646, 18.386958462612032 ], [ 74.362210413562124, 18.386560512596368 ], [ 74.362325969247024, 18.386335926867609 ], [ 74.362420320199604, 18.386052279951585 ], [ 74.362640254730636, 18.385743134629063 ], [ 74.36285912026645, 18.385448672407392 ], [ 74.36299097767882, 18.385271490686559 ], [ 74.363144462031613, 18.385093743600233 ], [ 74.363218783248314, 18.384947747218401 ], [ 74.363390082989852, 18.384731306400052 ], [ 74.363610650833152, 18.384452606265654 ], [ 74.36372583731044, 18.384306858261365 ], [ 74.364022415203195, 18.383977220715458 ], [ 74.36448626030014, 18.383357233326262 ], [ 74.365028889444133, 18.382908697700376 ], [ 74.365918456035701, 18.382201825356532 ], [ 74.366234407894183, 18.381910017674134 ], [ 74.366152044060726, 18.38156693788801 ], [ 74.366126147427735, 18.381207351648428 ], [ 74.365973644035179, 18.380835087360566 ], [ 74.365669274155664, 18.380407978396256 ], [ 74.365211845724787, 18.379704123845659 ], [ 74.36515289827588, 18.379581527184502 ], [ 74.365126507569443, 18.378989848096374 ], [ 74.365109096422586, 18.378780830995996 ], [ 74.365089990154829, 18.378551518273333 ], [ 74.365383096957288, 18.378533859672135 ], [ 74.366256335770274, 18.37851924959508 ], [ 74.367404486009619, 18.378510212284002 ], [ 74.36774229208234, 18.378507554201093 ], [ 74.368012322961775, 18.378488182930468 ], [ 74.368685973186601, 18.377926255718801 ], [ 74.36924128744073, 18.377378034904275 ], [ 74.370086345204925, 18.376463444772693 ], [ 74.370125753398128, 18.376420794733104 ], [ 74.370119666413757, 18.376409689983809 ], [ 74.370023732629633, 18.376243780204355 ], [ 74.369942939051313, 18.376104053345738 ], [ 74.369237289937715, 18.373426651880418 ], [ 74.368953350442709, 18.372459151795798 ], [ 74.368174026899453, 18.369803704616434 ], [ 74.36832277623239, 18.369592197197829 ], [ 74.368337577773332, 18.369571147979247 ], [ 74.368285012854486, 18.369301020375723 ], [ 74.367953082662041, 18.367595323383693 ], [ 74.367808196983148, 18.366345483033374 ], [ 74.36773988280072, 18.365756224147724 ], [ 74.367636352862561, 18.364756661306743 ], [ 74.367628905828852, 18.364684761152738 ], [ 74.367508287239033, 18.36352029914309 ], [ 74.36748580600073, 18.363303276413134 ], [ 74.367391151417536, 18.362389583608106 ], [ 74.367646562215739, 18.362335815056145 ], [ 74.367868217918854, 18.362289152710765 ], [ 74.367522616266129, 18.360521579985914 ], [ 74.367463392136059, 18.360218690374108 ], [ 74.367319436213464, 18.359482458200187 ], [ 74.369226022369119, 18.359069051245719 ], [ 74.370907171812618, 18.358866526382737 ], [ 74.37440324062527, 18.358496827094005 ], [ 74.375435974418608, 18.357546804306399 ], [ 74.37607475204409, 18.356092977597594 ], [ 74.376672328439085, 18.356001823668262 ], [ 74.376968900043607, 18.355956585170748 ], [ 74.377398776246423, 18.356145711324196 ], [ 74.377834416040059, 18.356272117028098 ], [ 74.378784725812849, 18.356119755419343 ], [ 74.380629109024952, 18.355583187000285 ], [ 74.380791840635297, 18.355672693910122 ], [ 74.381297620886357, 18.35577822299177 ], [ 74.38153822295709, 18.355817838584869 ], [ 74.381595863357319, 18.355827328966747 ], [ 74.382065172007827, 18.355706654173531 ], [ 74.382710731015393, 18.356350032408137 ], [ 74.383284811974121, 18.356926008305916 ], [ 74.383836523983987, 18.356592294150332 ], [ 74.384212035942397, 18.356365153367751 ], [ 74.384939361403781, 18.35621357538626 ], [ 74.384988745388213, 18.356204627283223 ], [ 74.385535578647733, 18.356105564632273 ], [ 74.386086534276117, 18.355805939584087 ], [ 74.386804867601469, 18.355415279994979 ], [ 74.386880697987877, 18.355422598800907 ], [ 74.387339421789406, 18.355466864610328 ], [ 74.388187553588466, 18.355548514783646 ], [ 74.38859486411134, 18.356130290227842 ], [ 74.388938275671407, 18.35673160709538 ], [ 74.390077106788027, 18.356466230575428 ], [ 74.390640363945892, 18.356649165412296 ], [ 74.391530143438189, 18.357358239846121 ], [ 74.392331407433957, 18.357499833730603 ], [ 74.392677564245531, 18.356892277632497 ], [ 74.392901811588231, 18.35649867560392 ], [ 74.3931529589821, 18.356010234639218 ], [ 74.393842671982512, 18.356021438751068 ], [ 74.393910402260005, 18.35602253776176 ], [ 74.394268749209985, 18.35599773200568 ], [ 74.394750065640906, 18.356456578233683 ], [ 74.395078246265314, 18.356762663182828 ], [ 74.39571177144137, 18.357069289844297 ], [ 74.395996817660787, 18.357160663181318 ], [ 74.397363455245241, 18.358154291598893 ], [ 74.398357083577636, 18.359005620934344 ], [ 74.399248400985684, 18.361101748607748 ], [ 74.399778534564092, 18.362284539420525 ], [ 74.400725250177416, 18.362403156613855 ], [ 74.402241652191066, 18.362948098271744 ], [ 74.402377543937376, 18.363261023828994 ], [ 74.403472298316245, 18.363411558044405 ], [ 74.404222033150688, 18.363482093763686 ], [ 74.405024393989407, 18.363663922204367 ], [ 74.405508833862569, 18.363752522054238 ], [ 74.406484636026491, 18.363714822299798 ], [ 74.407055945682558, 18.363667917344891 ], [ 74.409510917386527, 18.363042303301075 ], [ 74.409958883862544, 18.362916298148026 ], [ 74.41107902463132, 18.362601212394058 ], [ 74.411349298954235, 18.362697098036595 ], [ 74.412369897406407, 18.36305918167897 ], [ 74.412837830736208, 18.363225195361913 ], [ 74.412838703000361, 18.363225503992862 ], [ 74.417096465918803, 18.364666242599665 ], [ 74.418827216739075, 18.365160100978073 ], [ 74.419589714837059, 18.365105238599064 ], [ 74.421404884836136, 18.36575782184357 ], [ 74.423402677840883, 18.365829985843781 ], [ 74.424010585759945, 18.36570962325878 ], [ 74.424723274072079, 18.365568514394361 ], [ 74.424914952994143, 18.365307027202665 ], [ 74.425390053981616, 18.364089167136829 ], [ 74.426597866728898, 18.361733274647094 ], [ 74.42803197407936, 18.359997277782778 ], [ 74.429854963913002, 18.357732868741163 ], [ 74.429994616007065, 18.357638362404757 ], [ 74.430922106775014, 18.357010666622912 ], [ 74.431138747183837, 18.356864045389695 ], [ 74.431553269381808, 18.356589439630756 ], [ 74.431799479634876, 18.356559011881728 ], [ 74.432495044261074, 18.356473047152452 ], [ 74.435258934913165, 18.356080850969708 ], [ 74.435891717182443, 18.35625940211462 ], [ 74.438108663183939, 18.356875641643523 ], [ 74.438172580113019, 18.356893409889153 ], [ 74.438241974968719, 18.356912702586833 ], [ 74.439104210317765, 18.357288428893348 ], [ 74.439191135796221, 18.357356076798347 ], [ 74.43920405626497, 18.357366152832299 ], [ 74.439550876931534, 18.357635887309176 ], [ 74.440748589920062, 18.358264235611962 ], [ 74.441713107447384, 18.358846853646796 ], [ 74.44176132541854, 18.358508549422229 ], [ 74.44183692403962, 18.357978099845667 ], [ 74.441966639868326, 18.357067824221364 ], [ 74.441978367374361, 18.356919045099072 ], [ 74.442024230861193, 18.356457789785498 ], [ 74.442037386688526, 18.35632546201829 ], [ 74.442053073070014, 18.356167692373685 ], [ 74.442068086613375, 18.355982738052418 ], [ 74.44209260433243, 18.355680695644882 ], [ 74.442149869236829, 18.354975131348539 ], [ 74.442169459696544, 18.354733730182563 ], [ 74.442189991590681, 18.354480710949868 ], [ 74.442251054572111, 18.352493863980392 ], [ 74.442252061583531, 18.352461076296937 ], [ 74.442259812247826, 18.351332120639842 ], [ 74.442231106582909, 18.351254808363759 ], [ 74.442225584638848, 18.351239935924909 ], [ 74.442198324363261, 18.351080156244926 ], [ 74.442245006215302, 18.350710512760624 ], [ 74.44239183315355, 18.349547755574545 ], [ 74.442398914572934, 18.349491682602554 ], [ 74.44311414242236, 18.349432958755436 ], [ 74.444424290348465, 18.349325348765063 ], [ 74.446079480276936, 18.349206957064329 ], [ 74.448822121280969, 18.349043023139 ], [ 74.450481265593311, 18.348933698242224 ], [ 74.450578512714387, 18.348927286372696 ], [ 74.452026605037233, 18.34882744875868 ], [ 74.452197579588642, 18.348507878819422 ], [ 74.452367856149039, 18.348189596636967 ], [ 74.452447714581155, 18.347908410849435 ], [ 74.452543952894203, 18.347569540355067 ], [ 74.452578382624097, 18.34741356777177 ], [ 74.452698080440726, 18.34687127658853 ], [ 74.452909005767765, 18.346218027664118 ], [ 74.452940402785259, 18.346120782264272 ], [ 74.453074376628408, 18.34591583005076 ], [ 74.453162431289186, 18.345410815858717 ], [ 74.453390737220346, 18.344144970693559 ], [ 74.453488885351661, 18.343087244007176 ], [ 74.453548166075592, 18.342237224368795 ], [ 74.45354841670553, 18.342233634605932 ], [ 74.45355057535717, 18.342232999362842 ], [ 74.455201025774159, 18.341746427206232 ], [ 74.455243686767005, 18.341733849357357 ], [ 74.456111591383831, 18.341493085398252 ], [ 74.456795645896236, 18.341307909869414 ], [ 74.457201756269896, 18.34119796359062 ], [ 74.458103516593155, 18.340966042897978 ], [ 74.458517824992086, 18.340915250357384 ], [ 74.458895907030524, 18.340868890895653 ], [ 74.458913241820568, 18.340866765159404 ], [ 74.460299518373745, 18.340590165977016 ], [ 74.460318895034447, 18.340586298205146 ], [ 74.461145151958064, 18.340482626368338 ], [ 74.461693015585212, 18.340394668589798 ], [ 74.462078589573125, 18.340246620354318 ], [ 74.462611248315824, 18.340042084958927 ], [ 74.463177743900289, 18.339781142355726 ], [ 74.46333572611772, 18.339708366325908 ], [ 74.463551458329832, 18.339608987247736 ], [ 74.463687681554461, 18.339546232794024 ], [ 74.463732119414942, 18.33952576229925 ], [ 74.463923943864089, 18.339468866640946 ], [ 74.464233209561897, 18.339377135196123 ], [ 74.464852810850999, 18.339158457754117 ], [ 74.465707708760803, 18.338910305897759 ], [ 74.46591184731588, 18.338851046374788 ], [ 74.467454268133437, 18.338405764090915 ], [ 74.468097112432204, 18.338189554825409 ], [ 74.4688047719754, 18.337952918948623 ], [ 74.468837009815985, 18.337942139160514 ], [ 74.469369293961165, 18.337824959017443 ], [ 74.469892034404822, 18.337741387014884 ], [ 74.470331535157527, 18.337694833139501 ], [ 74.470529793340731, 18.337661670871487 ], [ 74.470895465153532, 18.337602079220883 ], [ 74.471174045299591, 18.337608940882554 ], [ 74.471527216156886, 18.33757431280975 ], [ 74.47167122418179, 18.337560192126041 ], [ 74.472021835738857, 18.335447681359188 ], [ 74.472025154115514, 18.335422291101658 ], [ 74.472097880822616, 18.334865845651606 ], [ 74.472133674195106, 18.334591998804346 ], [ 74.472158424577799, 18.334402631615657 ], [ 74.472167452646417, 18.334333555806825 ], [ 74.472180823171087, 18.333582961845746 ], [ 74.472187471602496, 18.333209784783786 ], [ 74.472406160170237, 18.333173155348838 ], [ 74.472468662252751, 18.332943735153666 ], [ 74.472542837942385, 18.332673921197451 ], [ 74.472862646268382, 18.331757597745856 ], [ 74.472881353684173, 18.331598002149789 ], [ 74.472881854944077, 18.331593720603777 ], [ 74.472882157676338, 18.331584736263938 ], [ 74.472894060353852, 18.331230586108557 ], [ 74.472895757271431, 18.331180100248517 ], [ 74.472849566797848, 18.331008184720353 ], [ 74.472625836884774, 18.330175481011775 ], [ 74.472559963424985, 18.329788560714814 ], [ 74.472509811380959, 18.329493989408423 ], [ 74.47271776597934, 18.329470418872784 ], [ 74.473605735366363, 18.329369759918148 ], [ 74.474349129891507, 18.329285470938839 ], [ 74.474451863024058, 18.329248367402322 ], [ 74.474618840970749, 18.329228269188164 ], [ 74.475786850266076, 18.329087658370248 ], [ 74.475925230345695, 18.329075774583675 ], [ 74.476261976406377, 18.329046849634704 ], [ 74.478034097340398, 18.328894581699352 ], [ 74.478951170345994, 18.328776134219698 ], [ 74.480096302245983, 18.328618249031745 ], [ 74.480381539806601, 18.328574985139397 ], [ 74.481823460703382, 18.328356230079276 ], [ 74.483294803222435, 18.328063028400344 ], [ 74.483995755045356, 18.327923337600598 ], [ 74.484626031913336, 18.327756096150676 ], [ 74.485828182579354, 18.327437098674558 ], [ 74.486050408712657, 18.327301119385382 ], [ 74.486597086563663, 18.326966604421536 ], [ 74.487135215148072, 18.32665111797542 ], [ 74.488046652123572, 18.326116757087014 ], [ 74.488225638748986, 18.326019535342553 ], [ 74.488816894597605, 18.325708065359105 ], [ 74.489175843418835, 18.325477071303126 ], [ 74.490203681393893, 18.325131314293266 ], [ 74.491442049437225, 18.324744240301424 ], [ 74.491806783408904, 18.324652141179634 ], [ 74.492114144678283, 18.324574529589118 ], [ 74.492800598590847, 18.324441541247953 ], [ 74.494037016391729, 18.324113119727055 ], [ 74.495368922412339, 18.32382912328773 ], [ 74.49560670107816, 18.323836573904419 ], [ 74.496459526574625, 18.323908029710882 ], [ 74.496717541588851, 18.323929649876948 ], [ 74.497065138399833, 18.32400951476227 ], [ 74.497121902942624, 18.324022558657465 ], [ 74.497555976972748, 18.32415349301121 ], [ 74.498076922582428, 18.324499383300864 ], [ 74.498469636380221, 18.3247517309585 ], [ 74.499062981710225, 18.325133012990413 ], [ 74.499333006301484, 18.325180629374795 ], [ 74.499623804433682, 18.325231910904808 ], [ 74.49963944769604, 18.325240290115705 ], [ 74.500536918563782, 18.325721038347382 ], [ 74.500748007384203, 18.32583466728871 ], [ 74.501187420102056, 18.326071208038393 ], [ 74.501896535814296, 18.326461995358894 ], [ 74.502614657137272, 18.326683626588832 ], [ 74.50268815998875, 18.326706312347792 ], [ 74.503369391994582, 18.326778778332201 ], [ 74.503410227610772, 18.326784324627852 ], [ 74.503437347749184, 18.326788009366872 ], [ 74.504191205850802, 18.326890396644746 ], [ 74.504210233066814, 18.32689298218558 ], [ 74.504966699875979, 18.326725647642192 ], [ 74.506249121300883, 18.326560185581616 ], [ 74.506911192241702, 18.326485058063753 ], [ 74.507093389445927, 18.326446337959329 ], [ 74.507181158442449, 18.326427684836293 ], [ 74.507228284062251, 18.326420438139227 ], [ 74.507383289262833, 18.326396606242209 ], [ 74.508030993447321, 18.326297019115785 ], [ 74.508451680783068, 18.326232335164487 ], [ 74.508954210031106, 18.326239901652215 ], [ 74.509365968112931, 18.326270485677128 ], [ 74.509435319849487, 18.326275636311244 ], [ 74.509610389820295, 18.32628863739783 ], [ 74.511327730589969, 18.326416147084785 ], [ 74.51175651084813, 18.326443845361879 ], [ 74.511905468590228, 18.326455074414962 ], [ 74.512254284415036, 18.326481371612733 ], [ 74.512675727233983, 18.326531938150371 ], [ 74.51303450807022, 18.326560835379087 ], [ 74.513284910760746, 18.3266375242533 ], [ 74.513341157873938, 18.326627807141826 ], [ 74.513547084974732, 18.326592228609261 ], [ 74.513551966419968, 18.326591183134834 ], [ 74.513629267348492, 18.326556967293392 ], [ 74.513666159360582, 18.326540637933306 ], [ 74.51537584917898, 18.325783854100631 ], [ 74.516589873776439, 18.325281729938158 ], [ 74.516641513430557, 18.325260371738093 ], [ 74.516734411807363, 18.32524246465135 ], [ 74.518237012105004, 18.324952829908156 ], [ 74.518839399876654, 18.32483672311669 ], [ 74.51890847672874, 18.324802579412953 ], [ 74.519404891144632, 18.324557208279206 ], [ 74.520052672584228, 18.324237032353405 ], [ 74.520859487270116, 18.323838264939354 ], [ 74.521232276434944, 18.323654022190986 ], [ 74.52193392714716, 18.323438098066728 ], [ 74.522496529433212, 18.323264969881276 ], [ 74.523298959442215, 18.323043546611206 ], [ 74.523432693435169, 18.323006646400636 ], [ 74.523678503937973, 18.322999111323973 ], [ 74.524418268371036, 18.322976433606545 ], [ 74.524660800921367, 18.323140347907295 ], [ 74.525480063562142, 18.323621308344173 ], [ 74.525753281664251, 18.323781699256518 ], [ 74.525957910699447, 18.323882642022987 ], [ 74.526926492205092, 18.324360419588775 ], [ 74.52790496326368, 18.325113452389434 ], [ 74.529255985433565, 18.326288356841779 ], [ 74.530155225982426, 18.32705142835249 ], [ 74.530190431856738, 18.327081282279931 ], [ 74.530849641663366, 18.327640272647383 ], [ 74.531754949433662, 18.328363374365981 ], [ 74.532470871680772, 18.328935325662531 ], [ 74.532614004746591, 18.329049669646871 ], [ 74.532903598237979, 18.32927194905383 ], [ 74.534957191893255, 18.330848041831796 ], [ 74.536089918957501, 18.331358353939926 ], [ 74.536182182225389, 18.331399919353135 ], [ 74.537768375251801, 18.332335104399977 ], [ 74.538277204384926, 18.332544374705087 ], [ 74.538638713404723, 18.332693052024062 ], [ 74.53897359725778, 18.332777919193347 ], [ 74.539984362750857, 18.332958957930014 ], [ 74.541207474705729, 18.332839576945805 ], [ 74.541694807154101, 18.332892380870739 ], [ 74.541890568919143, 18.332951685924982 ], [ 74.54233920374169, 18.333087591700931 ], [ 74.542544826313602, 18.333124674801144 ], [ 74.543247385222571, 18.333251369364504 ], [ 74.544581013313618, 18.333921111932092 ], [ 74.545848449941232, 18.334621520577464 ], [ 74.546806700821094, 18.33449336376183 ], [ 74.547077373097693, 18.334457164366491 ], [ 74.549521311693368, 18.334103995600593 ], [ 74.550435484038871, 18.334205792731986 ], [ 74.551210613348076, 18.334399070682352 ], [ 74.55143902258547, 18.33445602258292 ], [ 74.552495736905328, 18.33490607828643 ], [ 74.554097899282539, 18.335588391888564 ], [ 74.555233509040534, 18.336026747225361 ], [ 74.556375357598228, 18.336467485610275 ], [ 74.557044990557046, 18.336725941619196 ], [ 74.557315678104999, 18.336931188680698 ], [ 74.558803557710078, 18.33795200997427 ], [ 74.5594239998223, 18.338316040177734 ], [ 74.560034010697464, 18.338908329358446 ], [ 74.560471164152361, 18.339224021109882 ], [ 74.561013967569565, 18.339793306793329 ], [ 74.56105311165804, 18.339834359419076 ], [ 74.56195132543256, 18.34093944861182 ], [ 74.562295318202629, 18.34150204108477 ], [ 74.562611903373366, 18.342444426036707 ], [ 74.564810273113082, 18.341998084606864 ], [ 74.565346938341889, 18.342003743820257 ], [ 74.566512885105368, 18.342083109216563 ], [ 74.567574695567814, 18.342363763035539 ], [ 74.567802097793788, 18.342473534627153 ], [ 74.567965329765755, 18.34255859140459 ], [ 74.568174525835829, 18.342667594613957 ], [ 74.568458280277895, 18.342840630043824 ], [ 74.568790292217031, 18.343140924758124 ], [ 74.569149929147741, 18.34342679263786 ], [ 74.569993430131532, 18.344037732582795 ], [ 74.570841219672516, 18.344497048850695 ], [ 74.572061828022711, 18.344576751609406 ], [ 74.57235386223671, 18.344595820579563 ], [ 74.572524988603419, 18.344835510977216 ], [ 74.573871273058472, 18.34672106134154 ], [ 74.574302960264902, 18.347660228925335 ], [ 74.574308459751038, 18.347672190730627 ], [ 74.574396143407625, 18.347862945985774 ], [ 74.574554174134079, 18.348001231711486 ], [ 74.576009055923848, 18.348595452189031 ], [ 74.577408941953578, 18.348749765314452 ], [ 74.578218723774896, 18.348841814935486 ], [ 74.578359476305167, 18.348857813069003 ], [ 74.57921008386117, 18.349321877666476 ], [ 74.581125354030675, 18.3503666786054 ], [ 74.582947008967793, 18.351286718919319 ], [ 74.583140607589613, 18.351384490041852 ], [ 74.583169075200971, 18.351524147387167 ], [ 74.583347594702431, 18.352399912393668 ], [ 74.583561670421162, 18.353358811991416 ], [ 74.583609904562039, 18.353461354054435 ], [ 74.583651228861726, 18.353549202013991 ], [ 74.583799802124901, 18.353969253841818 ], [ 74.584295337090111, 18.355406603833249 ], [ 74.584389372734066, 18.355676198985453 ], [ 74.584425387990422, 18.355845943960091 ], [ 74.584413910216043, 18.356009266929966 ], [ 74.584566813358876, 18.356172171968197 ], [ 74.584824652303297, 18.356446872177283 ], [ 74.584936190722246, 18.356565702269609 ], [ 74.585097163431257, 18.356483930654811 ], [ 74.588365835407814, 18.354847517395239 ], [ 74.588393174735145, 18.354833828692723 ], [ 74.588645781891387, 18.354689106087385 ], [ 74.59164184662022, 18.35345577962568 ], [ 74.592598411362303, 18.353062031639702 ], [ 74.592888430655151, 18.352942655163371 ], [ 74.593292981553475, 18.352777626604706 ], [ 74.595306326192429, 18.351956356637274 ], [ 74.595341341623893, 18.351942075129596 ], [ 74.59665757024618, 18.351405196162876 ], [ 74.596681878657776, 18.351395280075597 ], [ 74.597805961234016, 18.350936794705902 ], [ 74.59896035925621, 18.350465961117319 ], [ 74.599473835374283, 18.350256541131941 ], [ 74.600441213137458, 18.349862007394631 ], [ 74.601524198687784, 18.349233225221948 ], [ 74.608242598984731, 18.345332964609533 ], [ 74.608759724957807, 18.34496461340072 ], [ 74.609273633165557, 18.344598555924435 ], [ 74.610291993914331, 18.343684300305551 ], [ 74.610320571120155, 18.343544429424142 ], [ 74.610598280798683, 18.34274219582279 ], [ 74.610996035043527, 18.341602901029521 ], [ 74.611292941719654, 18.340595321300668 ], [ 74.611314344979633, 18.340405322027657 ], [ 74.61133124408677, 18.340242973420228 ], [ 74.611354238263075, 18.340022117607752 ], [ 74.611389903176502, 18.339679688729756 ], [ 74.611547544932449, 18.339375033316831 ], [ 74.611548763946274, 18.339375382066795 ], [ 74.612051241990343, 18.339519624646371 ], [ 74.612716188438398, 18.339710500603289 ], [ 74.613354066850249, 18.339853301862142 ], [ 74.613726449976582, 18.339908270321878 ], [ 74.614115566920006, 18.340065381193888 ], [ 74.614556761895358, 18.340341990595615 ], [ 74.615104335366695, 18.340636690934048 ], [ 74.615580036428753, 18.341015549580277 ], [ 74.615807990220318, 18.341306804796346 ], [ 74.616053026375312, 18.341666176575455 ], [ 74.616253014713763, 18.341877727580908 ], [ 74.616263908583207, 18.341889252363252 ], [ 74.616582017296693, 18.342045471240521 ], [ 74.616918226164799, 18.342167885655861 ], [ 74.617203477200135, 18.342170841882144 ], [ 74.617237865607521, 18.342171196595181 ], [ 74.617505080268543, 18.342089023377326 ], [ 74.617648667881909, 18.341937618752329 ], [ 74.61784586695137, 18.341752795002989 ], [ 74.618045096213422, 18.341364142390333 ], [ 74.618144143558311, 18.341252751707199 ], [ 74.618224706269643, 18.341162150158187 ], [ 74.618528956673202, 18.340927476108238 ], [ 74.618832359965481, 18.340777730638425 ], [ 74.619069120840066, 18.340742489268962 ], [ 74.619259221422169, 18.340714189582879 ], [ 74.619525418292, 18.340733916397614 ], [ 74.619791110308654, 18.340804581606864 ], [ 74.620091642585265, 18.340943528693497 ], [ 74.620355651159059, 18.341183984747875 ], [ 74.620672940608969, 18.34142494610651 ], [ 74.621060930166706, 18.341700537792953 ], [ 74.621306357987166, 18.342025620084751 ], [ 74.621428661816495, 18.342230601639955 ], [ 74.621516457762453, 18.342333353244861 ], [ 74.621727990350593, 18.342284414821592 ], [ 74.621879143575285, 18.342235709164839 ], [ 74.622089218197729, 18.342168016115235 ], [ 74.622284232564425, 18.34210517561775 ], [ 74.622384771112706, 18.342100878983828 ], [ 74.622703924566849, 18.342087232757731 ], [ 74.622834547693998, 18.341029601767229 ], [ 74.622858212911837, 18.34096629699706 ], [ 74.622745102441172, 18.339730047615475 ], [ 74.622419865595916, 18.337528699415817 ], [ 74.622310240588519, 18.336786241314627 ], [ 74.622308516721489, 18.336632838425238 ], [ 74.622125253217035, 18.334930568156647 ], [ 74.622193861148517, 18.333631953895559 ], [ 74.622200274221342, 18.333511226933819 ], [ 74.624428422214422, 18.333308815367577 ], [ 74.624477263616427, 18.333305524723791 ], [ 74.624995350786861, 18.333270620360672 ], [ 74.625012710729706, 18.332623899639938 ], [ 74.625016019224915, 18.332541501881071 ], [ 74.625050194731585, 18.33169016067491 ], [ 74.625075591002968, 18.331057371922181 ], [ 74.625111968280393, 18.330335835148411 ], [ 74.625123173865262, 18.330113557961567 ], [ 74.625140011886955, 18.329678050272715 ], [ 74.625158733675789, 18.329257548846339 ], [ 74.62517048723295, 18.328822055204014 ], [ 74.625170580657752, 18.328818597337531 ], [ 74.625112281792454, 18.328333918891232 ], [ 74.625075926972883, 18.328007987955061 ], [ 74.625056268241195, 18.327831735617004 ], [ 74.625055247755057, 18.327823021402303 ], [ 74.625016484552219, 18.327491978132109 ], [ 74.624999471359061, 18.327346686870627 ], [ 74.624995704723091, 18.327314520334117 ], [ 74.624983402295271, 18.327155501360462 ], [ 74.624969629325363, 18.326977472727172 ], [ 74.624964772134589, 18.326914681284396 ], [ 74.624978352865057, 18.326843584022587 ], [ 74.625011769295313, 18.326429756173869 ], [ 74.625009455235116, 18.325973206849813 ], [ 74.625007496009488, 18.325586985793631 ], [ 74.625005836821146, 18.325260018695879 ], [ 74.625005227763424, 18.325140169348863 ], [ 74.625000834103346, 18.325010249673802 ], [ 74.624966467255518, 18.323994141964349 ], [ 74.624975061437851, 18.323938333588192 ], [ 74.624980592365048, 18.323902413396262 ], [ 74.624940733217571, 18.323627131037533 ], [ 74.6249123338782, 18.323430995362241 ], [ 74.624889557992461, 18.32327369285327 ], [ 74.624862136020084, 18.323084309860704 ], [ 74.62481577576493, 18.322781595964074 ], [ 74.624802108796189, 18.322692352582475 ], [ 74.624718323827963, 18.322259702615099 ], [ 74.624701801114952, 18.322173804397462 ], [ 74.624647370395252, 18.321890807638905 ], [ 74.624682544828502, 18.321843422304095 ], [ 74.624611517733939, 18.321377559626086 ], [ 74.624589106564244, 18.321230571316185 ], [ 74.624361371961612, 18.319371690214297 ], [ 74.6243114732425, 18.318825088910945 ], [ 74.624263945177475, 18.318304473052166 ], [ 74.624262114410925, 18.317229862367853 ], [ 74.624279527354389, 18.316938299676249 ], [ 74.624289148311078, 18.315918676208046 ], [ 74.624370953392429, 18.315043777917744 ], [ 74.624346494063886, 18.314867121786431 ], [ 74.624099151035239, 18.313080698638025 ], [ 74.623885989801451, 18.311524074379271 ], [ 74.623829211783942, 18.311109450877471 ], [ 74.623648839058006, 18.309582791208175 ], [ 74.623642254406988, 18.309522286731241 ], [ 74.623533824158926, 18.308526044580553 ], [ 74.623483990118544, 18.308068190081002 ], [ 74.623396308258634, 18.30652876797016 ], [ 74.623397517390998, 18.306528572667201 ], [ 74.623497652595717, 18.306512394077817 ], [ 74.623572355596437, 18.306500325377908 ], [ 74.624268673909128, 18.306679962230373 ], [ 74.628055504921335, 18.30765594797737 ], [ 74.633116897998036, 18.308957227880626 ], [ 74.633478924447417, 18.309050194163298 ], [ 74.641203444150747, 18.310912802963262 ], [ 74.641296829414443, 18.310935280993643 ], [ 74.643301484649641, 18.31115131623379 ], [ 74.644493525675472, 18.311279600355551 ], [ 74.644823572999073, 18.311315091636605 ], [ 74.644847623594174, 18.311317677410194 ], [ 74.645133347143357, 18.31134839029086 ], [ 74.645634595393801, 18.311402246341238 ], [ 74.646570722564832, 18.311465646361537 ], [ 74.64708375042359, 18.311500348739724 ], [ 74.647441687741818, 18.311524540875428 ], [ 74.647729126174838, 18.311543958031898 ], [ 74.648185515254937, 18.311574767241819 ], [ 74.648468625604949, 18.311593867994063 ], [ 74.648773971054837, 18.311614462042915 ], [ 74.64967248935821, 18.311675073244775 ], [ 74.65028816141627, 18.311757515907221 ], [ 74.651219117884565, 18.31188219042485 ], [ 74.652042756219132, 18.311992504143859 ], [ 74.652900759604876, 18.312107432422177 ], [ 74.653112618281469, 18.312349992395838 ], [ 74.653117893188835, 18.312462916305051 ], [ 74.653475791879487, 18.312453867010131 ], [ 74.65393915817441, 18.312423491190344 ], [ 74.654380303742457, 18.312392058718288 ], [ 74.654837939684143, 18.312370670784162 ], [ 74.654901260131894, 18.31240828707482 ], [ 74.655025656137482, 18.312395551025947 ], [ 74.655333645329279, 18.312364017915744 ], [ 74.655452063046653, 18.312351891631756 ], [ 74.655687665992858, 18.312311451632635 ], [ 74.656064255031339, 18.312246809358772 ], [ 74.656196331632614, 18.312224137907805 ], [ 74.656440489235251, 18.312187668624599 ], [ 74.65715061195894, 18.312081600387518 ], [ 74.657393817347383, 18.312045272643129 ], [ 74.657702076932068, 18.311956705984802 ], [ 74.657982318961345, 18.311876188243069 ], [ 74.657987615428269, 18.311875255252598 ], [ 74.658198008054327, 18.311838180390072 ], [ 74.658677986893807, 18.311753598026758 ], [ 74.658775334626199, 18.311736442587414 ], [ 74.658907381583077, 18.311562474601406 ], [ 74.65905580572587, 18.311518795382124 ], [ 74.659290728647406, 18.311449658413885 ], [ 74.660129269134202, 18.311105997773993 ], [ 74.660234907418371, 18.311068303592958 ], [ 74.660237298733648, 18.311067449911224 ], [ 74.660592797125872, 18.31091597463681 ], [ 74.661256108640075, 18.310666967811109 ], [ 74.661395208270278, 18.31061494938314 ], [ 74.661618065020889, 18.310531605586515 ], [ 74.661733868640781, 18.310488454862845 ], [ 74.661871072825718, 18.310437329296402 ], [ 74.66228391427579, 18.310284354190703 ], [ 74.662747629117021, 18.310103753111161 ], [ 74.663152640851081, 18.309946012071968 ], [ 74.663276053201415, 18.309899354346204 ], [ 74.663613322979899, 18.309771843576296 ], [ 74.664079228812113, 18.309595697178356 ], [ 74.66436757634024, 18.309486678244028 ], [ 74.664561248623897, 18.309413453669151 ], [ 74.665011530058379, 18.309240068395855 ], [ 74.665251320052135, 18.30914773075698 ], [ 74.665661245570803, 18.309006280632339 ], [ 74.666088681949262, 18.308858786316598 ], [ 74.666540291093767, 18.308658648580298 ], [ 74.666593571969884, 18.308611943601438 ], [ 74.666793900769804, 18.308568209055977 ], [ 74.667519802401443, 18.308409735732305 ], [ 74.667939497997139, 18.308334712057466 ], [ 74.668128407413178, 18.308300941201701 ], [ 74.668457540251822, 18.308242479688317 ], [ 74.668731657567491, 18.308193789178507 ], [ 74.669095074608947, 18.308083691367219 ], [ 74.669639767183156, 18.307918672019262 ], [ 74.669901172439268, 18.307839476014877 ], [ 74.670592344303714, 18.307663018068254 ], [ 74.670769469619842, 18.30764940494489 ], [ 74.670808778998364, 18.307650911070489 ], [ 74.671159418403221, 18.307664346801825 ], [ 74.671273494562826, 18.307669085212336 ], [ 74.671387870759759, 18.307673544742212 ], [ 74.67150920171359, 18.307665628628868 ], [ 74.671676378187954, 18.307720618403412 ], [ 74.671802440568442, 18.307740453027776 ], [ 74.671966276208266, 18.307775904950599 ], [ 74.672200349323518, 18.307839718222809 ], [ 74.672515752311384, 18.307928261401731 ], [ 74.672619101688156, 18.307957272606558 ], [ 74.672987993961286, 18.308031927163498 ], [ 74.673131680389289, 18.308061004872787 ], [ 74.673229974047672, 18.308072101222105 ], [ 74.674202539581628, 18.308263530406641 ], [ 74.675096647156934, 18.308431289607025 ], [ 74.676168864601962, 18.308632476600437 ], [ 74.676675429082266, 18.308740314888649 ], [ 74.677728445936381, 18.308964487248694 ], [ 74.677866393926365, 18.30899385561948 ], [ 74.678550570609687, 18.309153505325501 ], [ 74.678958830651823, 18.309281195646747 ], [ 74.679785371443046, 18.309539720414666 ], [ 74.680331560610526, 18.309645531799745 ], [ 74.681881971942531, 18.309945904614818 ], [ 74.682146928238964, 18.30999447267661 ], [ 74.682633081199342, 18.310083590416497 ], [ 74.683609920917434, 18.310102072176015 ], [ 74.683831979065772, 18.310111912170623 ], [ 74.6844110807086, 18.310137572226804 ], [ 74.685320780342323, 18.310193409785398 ], [ 74.68595613358994, 18.310232407285785 ], [ 74.686294531652436, 18.310253178885809 ], [ 74.687276512428866, 18.310313455400998 ], [ 74.688906940296491, 18.310486708263372 ], [ 74.689573798359433, 18.310557572599805 ], [ 74.689793207375999, 18.310561022302874 ], [ 74.690419961949715, 18.310570875063917 ], [ 74.691407958743611, 18.310598233039052 ], [ 74.692051509118201, 18.31062553216454 ], [ 74.69235628503624, 18.310638461936282 ], [ 74.69431615655958, 18.310724687396103 ], [ 74.696234334575664, 18.31074019015017 ], [ 74.696359937916995, 18.310747590160535 ], [ 74.696406362850894, 18.310759702058746 ], [ 74.696475799029059, 18.310777817029045 ], [ 74.696702770063709, 18.31080136196757 ], [ 74.696904528981563, 18.310822291272931 ], [ 74.697241517587386, 18.310905801231435 ], [ 74.697436387325311, 18.310895460670871 ], [ 74.697669897196917, 18.310928489058842 ], [ 74.697837875866824, 18.310917695647063 ], [ 74.697838985286211, 18.31091762400936 ], [ 74.698046548219125, 18.310938242870709 ], [ 74.698254465088255, 18.310927741980112 ], [ 74.698611695432376, 18.310924865385832 ], [ 74.698767313283994, 18.31091836170701 ], [ 74.699208982569829, 18.310899903913892 ], [ 74.699233836258827, 18.310897730903665 ], [ 74.69963863688875, 18.310862335053987 ], [ 74.69990427680311, 18.310832566169982 ], [ 74.700280872129753, 18.310794782382246 ], [ 74.70051472964937, 18.310747833217206 ], [ 74.700609466877538, 18.310728815949048 ], [ 74.700855997829166, 18.310684999213681 ], [ 74.70105416079096, 18.310645541286519 ], [ 74.7012732041932, 18.310594675879944 ], [ 74.701536382723674, 18.310520451402208 ], [ 74.701746232767334, 18.310496097088144 ], [ 74.701916902789847, 18.310450153331029 ], [ 74.702092274594534, 18.310381612918661 ], [ 74.702156043301628, 18.310362937596054 ], [ 74.702306711436009, 18.310318813748342 ], [ 74.702643812331232, 18.310208487023289 ], [ 74.70270883239148, 18.310181772875673 ], [ 74.703192684766435, 18.309982973059842 ], [ 74.703609450057698, 18.30987960610544 ], [ 74.7038180173071, 18.309811651364935 ], [ 74.703856447234955, 18.309799914647868 ], [ 74.704050035076975, 18.309740798662961 ], [ 74.704257307854064, 18.309708487283146 ], [ 74.704667716666322, 18.309590617686087 ], [ 74.704800829923457, 18.30954794858047 ], [ 74.704948270411037, 18.309500686939167 ], [ 74.705603295865075, 18.309261006418314 ], [ 74.708669262997759, 18.308138972681444 ], [ 74.71064666783883, 18.307415169847729 ], [ 74.71122521971273, 18.307203372011852 ], [ 74.711194922233133, 18.306430412016496 ], [ 74.711070737331653, 18.305109474359867 ], [ 74.711051658013332, 18.304906524677801 ], [ 74.710869619810879, 18.302741958614771 ], [ 74.710817044112261, 18.302116763751624 ], [ 74.710717213436425, 18.301643883408946 ], [ 74.710698585970675, 18.299955374787274 ], [ 74.710690890103649, 18.297491759387896 ], [ 74.710786940668768, 18.296522875619228 ], [ 74.710849728415553, 18.295889505407889 ], [ 74.711084214755843, 18.294542447173932 ], [ 74.711381427757473, 18.291934867600784 ], [ 74.711488188037436, 18.290426725802185 ], [ 74.711488383870162, 18.2904228509387 ], [ 74.711544445032089, 18.289316516304819 ], [ 74.71157866904781, 18.288240101764082 ], [ 74.711613522782486, 18.287133978378307 ], [ 74.711618041308384, 18.286919698408294 ], [ 74.711514583235413, 18.285981170121428 ], [ 74.711475716726355, 18.285684020013459 ], [ 74.711376612787575, 18.284926343701954 ], [ 74.711349506123852, 18.284719105588998 ], [ 74.71134165125504, 18.284659058998077 ], [ 74.711271806343376, 18.283900386212398 ], [ 74.711239253194094, 18.283546790188829 ], [ 74.711093433267294, 18.282365990898917 ], [ 74.710990909442231, 18.281397494282619 ], [ 74.710989782056586, 18.281386851713833 ], [ 74.710942663623271, 18.280886864340815 ], [ 74.710884734863839, 18.280031570640883 ], [ 74.710809123666394, 18.279453838370149 ], [ 74.710713560886461, 18.279066449904168 ], [ 74.71065725717942, 18.278799953712589 ], [ 74.710466215162896, 18.27785797292541 ], [ 74.710195196136624, 18.276507673090407 ], [ 74.71017926720998, 18.276362737411212 ], [ 74.710141097793581, 18.276015447614622 ], [ 74.710103919218909, 18.275361530377413 ], [ 74.710016625431166, 18.274309461128748 ], [ 74.708495854011957, 18.27410674664219 ], [ 74.707497528388913, 18.273998384381116 ], [ 74.707225837422811, 18.273968893217756 ], [ 74.707319083447615, 18.274474492004266 ], [ 74.707322626403112, 18.274493708589812 ], [ 74.707419142295549, 18.27501716438838 ], [ 74.705904205434109, 18.275207827404572 ], [ 74.705887344056222, 18.275211158390558 ], [ 74.705406209085012, 18.275306331585856 ], [ 74.704622841326326, 18.275461285828531 ], [ 74.70267708143777, 18.275867495308621 ], [ 74.700833372860444, 18.276238381097876 ], [ 74.700234443602639, 18.27635885626248 ], [ 74.7000906143425, 18.27634271238885 ], [ 74.698708606583509, 18.276624336871063 ], [ 74.69836067200599, 18.276695236379584 ], [ 74.698312940921667, 18.276959446361232 ], [ 74.698154597581507, 18.276988953223235 ], [ 74.696049944583805, 18.277381124805082 ], [ 74.695813691257342, 18.277439491810796 ], [ 74.695797824314482, 18.277443413026081 ], [ 74.693476795910925, 18.277395537002967 ], [ 74.692649523891049, 18.277386610413899 ], [ 74.692566331810909, 18.277385711357518 ], [ 74.690721197607232, 18.277015281815221 ], [ 74.690527672647235, 18.276982739995621 ], [ 74.69007751967186, 18.276907046761352 ], [ 74.688909397188766, 18.276710631288157 ], [ 74.688170800565558, 18.276586442411958 ], [ 74.68811739212866, 18.276558917850622 ], [ 74.687357704859181, 18.276167414868588 ], [ 74.687098230082611, 18.276033699284984 ], [ 74.686827412278973, 18.275996568986184 ], [ 74.686268645799203, 18.275940643639139 ], [ 74.686097447567292, 18.275930353025291 ], [ 74.686082757417466, 18.275929127261652 ], [ 74.685776929572228, 18.275903604591651 ], [ 74.685459011301617, 18.275869523747694 ], [ 74.685305305963226, 18.275843414203386 ], [ 74.684949273971739, 18.275821742826505 ], [ 74.683350878230513, 18.275726584415033 ], [ 74.683096313645294, 18.275711166388042 ], [ 74.682023162850712, 18.275573925841975 ], [ 74.681824799564581, 18.275549633151076 ], [ 74.681509661579767, 18.275511033875979 ], [ 74.68090980975218, 18.275437566340731 ], [ 74.68070934710326, 18.275410909955585 ], [ 74.680214467908172, 18.275345102360443 ], [ 74.679986073942132, 18.275314732830967 ], [ 74.679747103211938, 18.275279825309426 ], [ 74.679612620024002, 18.275260177190372 ], [ 74.678151874032082, 18.2749092940279 ], [ 74.677985432379614, 18.274869316150948 ], [ 74.677305879325047, 18.274723318814377 ], [ 74.676441685648669, 18.274537678633965 ], [ 74.676252232751906, 18.274481013257898 ], [ 74.674822289092745, 18.274053335362598 ], [ 74.674599714413105, 18.273980691219158 ], [ 74.674101012886496, 18.273817934004537 ], [ 74.67400610857166, 18.273786963687041 ], [ 74.672526329075509, 18.273304116214 ], [ 74.672400507443569, 18.273297935269053 ], [ 74.67233665159992, 18.273294797880659 ], [ 74.671452088624463, 18.273251350419713 ], [ 74.671607436981489, 18.272443515178136 ], [ 74.671642703941231, 18.272260121972042 ], [ 74.671205496587419, 18.271271429875977 ], [ 74.670960597874654, 18.270717663244906 ], [ 74.670955345425213, 18.270705787396164 ], [ 74.670803304665014, 18.269921241711117 ], [ 74.670757450161346, 18.26968464732639 ], [ 74.670713753410965, 18.269459192385881 ], [ 74.670694498921179, 18.269359875355981 ], [ 74.670368874003742, 18.268214338859295 ], [ 74.670293015769587, 18.267946192426155 ], [ 74.669942538959774, 18.266707312174205 ], [ 74.669758961943259, 18.266058392859314 ], [ 74.669463947119127, 18.264899950016225 ], [ 74.66911403265469, 18.263525899895608 ], [ 74.669068806971723, 18.263353298759409 ], [ 74.667951438403875, 18.262241913638341 ], [ 74.667622954148882, 18.261915187860414 ], [ 74.666955737658128, 18.261617937673225 ], [ 74.666360204930427, 18.261352618373579 ], [ 74.665819128075228, 18.261111550729986 ], [ 74.665644124579785, 18.261008051415153 ], [ 74.665016182433249, 18.260393765396955 ], [ 74.664611297361645, 18.259997683299268 ], [ 74.664581769738263, 18.259949892037156 ], [ 74.664387978876945, 18.259636237133538 ], [ 74.664140355573949, 18.25948463332103 ], [ 74.663969867011104, 18.259380220237535 ], [ 74.66351813210251, 18.259103419266886 ], [ 74.663102389992375, 18.257504582204039 ], [ 74.662735998629032, 18.256095349762333 ], [ 74.662389071961243, 18.255084757704722 ], [ 74.662212674280468, 18.254570846931603 ], [ 74.66221974761504, 18.254053313189026 ], [ 74.662060532909024, 18.253453485007043 ], [ 74.661709917758699, 18.252132268403731 ], [ 74.661678286280903, 18.25202993165836 ], [ 74.66157671736498, 18.251701306391141 ], [ 74.661556025570732, 18.251634332123004 ], [ 74.661592488188134, 18.250896947179285 ], [ 74.661012216938772, 18.249919405838821 ], [ 74.660816933077456, 18.249633254832567 ], [ 74.660837768602164, 18.249616935288113 ], [ 74.660887140010175, 18.24957822701856 ], [ 74.660583292950164, 18.249425714373384 ], [ 74.660422507090715, 18.249344990999091 ], [ 74.660276342210821, 18.249271555048015 ], [ 74.660272816323356, 18.248934718263353 ], [ 74.660260224638009, 18.248551029996012 ], [ 74.660248079415382, 18.248180167814432 ], [ 74.660091862387489, 18.246972247930913 ], [ 74.660034075561882, 18.246525311606899 ], [ 74.65983451931308, 18.244952219592566 ], [ 74.659775503592158, 18.244626671923029 ], [ 74.659686423055348, 18.244136053853762 ], [ 74.659606206195406, 18.243694138762642 ], [ 74.659496700663965, 18.243090849371075 ], [ 74.659395882739616, 18.242414609607728 ], [ 74.659192311919838, 18.240425688007484 ], [ 74.659182323552173, 18.240331148376029 ], [ 74.659118261994337, 18.239731516839157 ], [ 74.658926849871904, 18.237939769777707 ], [ 74.658920456562029, 18.237909076320985 ], [ 74.658787428644857, 18.237263113243866 ], [ 74.658785154110575, 18.237250818750194 ], [ 74.658652268127213, 18.236532352115404 ], [ 74.658609222655429, 18.236300793892095 ], [ 74.658531640554244, 18.235881733991981 ], [ 74.658483987623342, 18.23562432209722 ], [ 74.658464566945227, 18.235519514149271 ], [ 74.65827736612485, 18.234509217101969 ], [ 74.65824168863503, 18.234458674920958 ], [ 74.657715209403193, 18.233714237010268 ], [ 74.657703094723274, 18.233332732644335 ], [ 74.657844573092319, 18.232431939104981 ], [ 74.657845794801105, 18.232424161192672 ], [ 74.657862569940733, 18.232317358203645 ], [ 74.657876068026184, 18.232231417145513 ], [ 74.657894043315011, 18.232116970067153 ], [ 74.65769739042122, 18.231242789031356 ], [ 74.657697306877921, 18.231242422146192 ], [ 74.657335423260633, 18.229634022607865 ], [ 74.657138637416196, 18.229079852784039 ], [ 74.656907111923076, 18.228427869763713 ], [ 74.656916304383373, 18.228244572583968 ], [ 74.656922318604174, 18.228124657049133 ], [ 74.65687089274914, 18.227980725363263 ], [ 74.656406936261064, 18.226682238411144 ], [ 74.655999277191881, 18.225541716672936 ], [ 74.656196493329361, 18.225547135658847 ], [ 74.656698354230841, 18.225560917339759 ], [ 74.657166534597323, 18.225573737407899 ], [ 74.657146643201997, 18.22550346635802 ], [ 74.656940840967039, 18.224776491197606 ], [ 74.656877484586687, 18.224552697296033 ], [ 74.656596406225873, 18.223559861643459 ], [ 74.65648877996999, 18.223179344417201 ], [ 74.65653182723841, 18.222917223344467 ], [ 74.656639984398595, 18.222258659035262 ], [ 74.65664020538415, 18.222257299783525 ], [ 74.656664040383603, 18.222110992871269 ], [ 74.65668636801, 18.221973947193536 ], [ 74.656725671998601, 18.221732688413951 ], [ 74.656779948208111, 18.221399533045705 ], [ 74.656865183955489, 18.220876326989611 ], [ 74.656876708442283, 18.220805593275774 ], [ 74.656930372899026, 18.220476170060451 ], [ 74.656914500566273, 18.220426006069577 ], [ 74.65691402715413, 18.220424507719851 ], [ 74.656632614620008, 18.219535135895399 ], [ 74.656619917831804, 18.219511500073779 ], [ 74.656290139104442, 18.218896330183593 ], [ 74.65566633729307, 18.217732710126104 ], [ 74.655318348816635, 18.217103347993884 ], [ 74.655181361125685, 18.216855600858871 ], [ 74.654999062411818, 18.216525903087497 ], [ 74.655065583556919, 18.216363529800965 ], [ 74.655563060679825, 18.215149222149154 ], [ 74.656024020388074, 18.214015279769256 ], [ 74.656021755735225, 18.213956918765625 ], [ 74.655989024719545, 18.213113390421437 ], [ 74.655957969061859, 18.212337135838073 ], [ 74.655907112738674, 18.211065958750343 ], [ 74.65589765168211, 18.210014031913765 ], [ 74.655893189750103, 18.209517861761935 ], [ 74.655699016206498, 18.207624125095656 ], [ 74.655682509663123, 18.207463143836197 ], [ 74.655460666212164, 18.205389693725436 ], [ 74.655417336872731, 18.204984718179887 ], [ 74.655648495853228, 18.203885646847116 ], [ 74.655736657413513, 18.203468022755452 ], [ 74.655849997852926, 18.20332213782844 ], [ 74.656436667802041, 18.202567000424171 ], [ 74.657242767428983, 18.201529383577288 ], [ 74.657516400552765, 18.201177152610029 ], [ 74.658277923978645, 18.200419346801695 ], [ 74.659450553309497, 18.199252363872585 ], [ 74.659471865839606, 18.199231152305888 ], [ 74.662131044370639, 18.196577599595461 ], [ 74.664342286968349, 18.194663768074609 ], [ 74.664510285401192, 18.194518349415194 ], [ 74.664674742675217, 18.194375990933878 ], [ 74.665110834321467, 18.194005375994532 ], [ 74.666787437391363, 18.192580340350222 ], [ 74.667849536213012, 18.191572507997723 ], [ 74.667557929597052, 18.190919025910116 ], [ 74.667320214711637, 18.190494409393679 ], [ 74.666885724761514, 18.189718299827017 ], [ 74.666836068587557, 18.189628855769833 ], [ 74.666527134368081, 18.189072403738475 ], [ 74.666181898329683, 18.188450560917488 ], [ 74.666180505042675, 18.188448050977019 ], [ 74.665892216803371, 18.187928565067715 ], [ 74.665446877001273, 18.187126072866484 ], [ 74.665414447819529, 18.187067634581783 ], [ 74.665133124218613, 18.186553932592233 ], [ 74.66510968268129, 18.186511193153489 ], [ 74.665067048637908, 18.186433464340876 ], [ 74.664856490721803, 18.185953054158251 ], [ 74.664797584595377, 18.185810250013656 ], [ 74.664320201887122, 18.184652926781311 ], [ 74.664302392786581, 18.184609790022574 ], [ 74.664207109382716, 18.184379003402878 ], [ 74.663033194562686, 18.181595886425129 ], [ 74.66294506444342, 18.181380199598419 ], [ 74.662919741833875, 18.181057165149536 ], [ 74.662888809245374, 18.180662551374123 ], [ 74.662878860403637, 18.180535607193505 ], [ 74.662867452697824, 18.180390062387751 ], [ 74.662800800398685, 18.179846441013918 ], [ 74.66279370819953, 18.179788796581004 ], [ 74.662721870824583, 18.179204824398049 ], [ 74.662627613296735, 18.178724412230832 ], [ 74.66259710291645, 18.178568900690209 ], [ 74.66256944199219, 18.178427776977216 ], [ 74.662283487575991, 18.177476471076641 ], [ 74.662290108159681, 18.177437027279346 ], [ 74.662318131104982, 18.177270059960783 ], [ 74.662128650360401, 18.176926791960582 ], [ 74.661999156415533, 18.176692199714161 ], [ 74.662346817905245, 18.17586952791039 ], [ 74.662393992034055, 18.175764804348773 ], [ 74.662743360322779, 18.1749910779285 ], [ 74.662735705778232, 18.174688374784004 ], [ 74.662730405718065, 18.174478746945521 ], [ 74.662724684348021, 18.174243531766937 ], [ 74.662714888219867, 18.173848964034836 ], [ 74.66277572572416, 18.173662982352035 ], [ 74.662889163181603, 18.173316207886465 ], [ 74.662900516988486, 18.173281531682296 ], [ 74.663052035827448, 18.172818759717597 ], [ 74.663033208935744, 18.172705314034594 ], [ 74.662944365554139, 18.172169970818928 ], [ 74.662911009311017, 18.171968982614199 ], [ 74.662906859992688, 18.171903871617797 ], [ 74.662895935580522, 18.171726943633068 ], [ 74.66287751832057, 18.171426026353952 ], [ 74.662873298035365, 18.171351739019872 ], [ 74.662855291305519, 18.171034819373968 ], [ 74.662846274016687, 18.170870073609798 ], [ 74.662840725123175, 18.170777226304111 ], [ 74.662832122856017, 18.170625785791717 ], [ 74.662810207556348, 18.170233743982781 ], [ 74.662800405139961, 18.170061642673133 ], [ 74.662699224296247, 18.170052877013212 ], [ 74.662660108953844, 18.170002084827804 ], [ 74.662585918891153, 18.169905746156889 ], [ 74.662573825770792, 18.169890041357526 ], [ 74.662429268875272, 18.169702199044828 ], [ 74.662386605187493, 18.169646218191552 ], [ 74.662370331307798, 18.169624884384508 ], [ 74.662264995755891, 18.169486801372614 ], [ 74.662246335950812, 18.169470511871758 ], [ 74.66203563789756, 18.169286591053663 ], [ 74.662029122416783, 18.169280904018535 ], [ 74.662010867751903, 18.169220751853455 ], [ 74.661966331975066, 18.169073996700696 ], [ 74.661951210633887, 18.168990440779101 ], [ 74.661935880883547, 18.168907129779683 ], [ 74.661891480752345, 18.168665847900073 ], [ 74.661873032051361, 18.168566147297692 ], [ 74.661870328122333, 18.168503601592402 ], [ 74.661868701273363, 18.168469229141955 ], [ 74.661867323257709, 18.168440129785907 ], [ 74.661863427264336, 18.168357846173073 ], [ 74.661782539362889, 18.1681155631967 ], [ 74.661777400999455, 18.168100172335532 ], [ 74.661675587741797, 18.167808460121606 ], [ 74.661679241190043, 18.167774341886858 ], [ 74.661682006204487, 18.167748513150475 ], [ 74.661695877090793, 18.167617592355924 ], [ 74.661747503270178, 18.167424634930867 ], [ 74.661743361138406, 18.16736573596782 ], [ 74.661739323211194, 18.167308305064029 ], [ 74.661702167094404, 18.167172290895952 ], [ 74.661677704172575, 18.167080768017833 ], [ 74.661697648568534, 18.16654303386472 ], [ 74.661706264310439, 18.166320137367475 ], [ 74.66170631731103, 18.165948319934603 ], [ 74.661706323599248, 18.165909271282445 ], [ 74.661706400854371, 18.165405441400566 ], [ 74.661706441278525, 18.165146592142381 ], [ 74.661910940956346, 18.165006317951388 ], [ 74.662230727722743, 18.164786935251421 ], [ 74.662339889199458, 18.164712044195284 ], [ 74.662488302562494, 18.163801381371449 ], [ 74.66257854462097, 18.163247673096034 ], [ 74.662629180856896, 18.162936979086322 ], [ 74.662629520420097, 18.16293489726386 ], [ 74.662655636242022, 18.162774654903295 ], [ 74.662705355298087, 18.16246958841371 ], [ 74.662466604655108, 18.162022222720907 ], [ 74.662578841963338, 18.161869893740239 ], [ 74.66291391536096, 18.161415115022564 ], [ 74.662928954057108, 18.161089283196723 ], [ 74.66310186986783, 18.160312150870716 ], [ 74.663125499153082, 18.160158934393689 ], [ 74.663209078407121, 18.160067764632217 ], [ 74.663385055676329, 18.159875789007213 ], [ 74.663772778434421, 18.159452788735642 ], [ 74.663784270581857, 18.159450270695995 ], [ 74.664351928586299, 18.159325898270513 ], [ 74.665202071713296, 18.158822087807774 ], [ 74.665220645280115, 18.158566130954672 ], [ 74.665317993012508, 18.157757901691987 ], [ 74.665329846282674, 18.157659487184766 ], [ 74.665378253798409, 18.157309699370575 ], [ 74.665497216793156, 18.156450035660153 ], [ 74.665808745347178, 18.155411329344588 ], [ 74.665824054436243, 18.155360285359013 ], [ 74.665885371640911, 18.155166414704521 ], [ 74.666216840099281, 18.154120413585179 ], [ 74.666535209324195, 18.154138256360202 ], [ 74.667400314790555, 18.154186234577026 ], [ 74.667501448023543, 18.15388485600592 ], [ 74.667856061575222, 18.152828051671307 ], [ 74.667939606693281, 18.152575486804903 ], [ 74.667947628648747, 18.152551233285802 ], [ 74.668448767304724, 18.151034865652729 ], [ 74.668600154091379, 18.150471058749499 ], [ 74.668606365941557, 18.150447294060751 ], [ 74.668807706244493, 18.149793799705691 ], [ 74.66884579391423, 18.149670168178314 ], [ 74.669239307212649, 18.14841102638654 ], [ 74.669374495578083, 18.148065811726863 ], [ 74.669504795311724, 18.147733300961317 ], [ 74.669688481024394, 18.147265223417854 ], [ 74.669873945401307, 18.146751586137707 ], [ 74.669894444057775, 18.146695272694497 ], [ 74.670062070588131, 18.146349253081574 ], [ 74.670479172747591, 18.145488143166979 ], [ 74.670616390407233, 18.145212684106436 ], [ 74.670858705565209, 18.144727455214994 ], [ 74.670894204290306, 18.144656272331257 ], [ 74.671105586859809, 18.144232435352169 ], [ 74.671233126070589, 18.143976343595359 ], [ 74.671435043091932, 18.143559749898998 ], [ 74.67157559978952, 18.143436294083088 ], [ 74.671581769418893, 18.143430856326212 ], [ 74.671638436943624, 18.143381107245329 ], [ 74.672316107129376, 18.142786085697072 ], [ 74.672403559020566, 18.142707102181532 ], [ 74.672514294345632, 18.142606967620761 ], [ 74.672624731430048, 18.142507124952818 ], [ 74.672716664117914, 18.142423926811986 ], [ 74.672922320825791, 18.142237808378734 ], [ 74.673738521109811, 18.141821709077007 ], [ 74.675560509321883, 18.140908515360032 ], [ 74.676619524227164, 18.140357753962309 ], [ 74.676533641692743, 18.139617082733071 ], [ 74.677313629989328, 18.139270383248995 ], [ 74.677604700311051, 18.139139815024841 ], [ 74.678074097894793, 18.138929169634046 ], [ 74.678077101861078, 18.138881484308016 ], [ 74.678087984950736, 18.13869008212999 ], [ 74.678091412921859, 18.138629794796955 ], [ 74.67812384120532, 18.138063551616757 ], [ 74.678126922426742, 18.138010234344488 ], [ 74.67814519415964, 18.137684128391239 ], [ 74.678151027819084, 18.137580198909717 ], [ 74.678164240240292, 18.13734479063293 ], [ 74.678178970814329, 18.13708473709562 ], [ 74.678186435814311, 18.136947382170142 ], [ 74.678191473566429, 18.136858541953906 ], [ 74.678196554437676, 18.136766602821325 ], [ 74.678197271293271, 18.136757295963065 ], [ 74.678211659609175, 18.136500947398222 ], [ 74.678224905268038, 18.136263789320019 ], [ 74.678267282393264, 18.135510675300974 ], [ 74.678269519198324, 18.1354762809943 ], [ 74.678290973662243, 18.135134890093198 ], [ 74.678293645251912, 18.135091372309468 ], [ 74.678305370961326, 18.134900355267913 ], [ 74.678322653649076, 18.13462750634633 ], [ 74.678347460625631, 18.134235458896367 ], [ 74.678365240980042, 18.133948001323873 ], [ 74.678365624560669, 18.133941924706406 ], [ 74.678370882400046, 18.133858667854472 ], [ 74.678391540956625, 18.133533481279041 ], [ 74.678410928397085, 18.133236781242527 ], [ 74.678428927042134, 18.132955599301081 ], [ 74.67846105079667, 18.132461186397112 ], [ 74.678490588301528, 18.132005426235892 ], [ 74.678499502284083, 18.131871358364517 ], [ 74.678519339780536, 18.131564366609574 ], [ 74.678529824916524, 18.131401868161301 ], [ 74.678550404421358, 18.131134754990402 ], [ 74.67778938495033, 18.130909603928885 ], [ 74.677521248617794, 18.13083027698017 ], [ 74.677478415148428, 18.130740176992081 ], [ 74.677127631114814, 18.130002306209224 ], [ 74.676750073692475, 18.129208276301746 ], [ 74.676720289150907, 18.129121931850236 ], [ 74.676597189414252, 18.128764436733924 ], [ 74.676402028622135, 18.128199299638677 ], [ 74.676660805407735, 18.12813993412902 ], [ 74.677414294301741, 18.127967170708715 ], [ 74.677464051985339, 18.127620616321526 ], [ 74.677517732611747, 18.127246793967856 ], [ 74.6776913239556, 18.126040696421413 ], [ 74.677731042067563, 18.125797316643006 ], [ 74.677858273156204, 18.125017658313858 ], [ 74.678028201170306, 18.123977235375424 ], [ 74.678043133865259, 18.123977098776088 ], [ 74.67826849781386, 18.123975031003418 ], [ 74.679151521975186, 18.123966928954118 ], [ 74.679153821662325, 18.123964222579296 ], [ 74.679180348912695, 18.123932993401368 ], [ 74.679592477100371, 18.123447692677349 ], [ 74.680068494369451, 18.122886852420219 ], [ 74.680651137171139, 18.122379171058309 ], [ 74.681194021436696, 18.121906073031091 ], [ 74.681240064586603, 18.121864143359229 ], [ 74.681642980551061, 18.121497183171677 ], [ 74.681696497684158, 18.121201578592949 ], [ 74.681828623692766, 18.120471521363974 ], [ 74.681861968257792, 18.120175356691568 ], [ 74.681794322421922, 18.119726445897033 ], [ 74.681723499244924, 18.119538880088815 ], [ 74.681770508083773, 18.11912586270147 ], [ 74.681786522350336, 18.118633714207476 ], [ 74.681760520614446, 18.118210183019084 ], [ 74.681452639220481, 18.117223610156444 ], [ 74.68112526438486, 18.116118469316536 ], [ 74.681100969447982, 18.115517348667531 ], [ 74.681114791825266, 18.115192279991035 ], [ 74.681309802598733, 18.115008647004284 ], [ 74.681691901903122, 18.11503368779983 ], [ 74.682036568409686, 18.115052269674667 ], [ 74.682769255914948, 18.114753974166302 ], [ 74.682902506614326, 18.114458855111291 ], [ 74.683354165166122, 18.113922484003673 ], [ 74.683269773835065, 18.11363137724452 ], [ 74.683306839221999, 18.113488631822111 ], [ 74.683343606368268, 18.113347033787587 ], [ 74.68335485417397, 18.113303714644609 ], [ 74.683339510050573, 18.112935550590137 ], [ 74.683334790302084, 18.112822319626787 ], [ 74.68325423657393, 18.112601432803864 ], [ 74.683121950665196, 18.112238700022999 ], [ 74.683114895296924, 18.11221935369576 ], [ 74.683119635706717, 18.111762101319076 ], [ 74.683281867853751, 18.111101473191525 ], [ 74.683355705776847, 18.110800766625573 ], [ 74.683288128212965, 18.110030079998047 ], [ 74.683168522024459, 18.109427528803131 ], [ 74.682978371136699, 18.109233174359652 ], [ 74.682670914645868, 18.108918916181857 ], [ 74.682711501428699, 18.108364355363758 ], [ 74.682739130013601, 18.107986717144932 ], [ 74.682787123405959, 18.10733058640357 ], [ 74.682790244153267, 18.107322691918053 ], [ 74.68296197508613, 18.106888235957385 ], [ 74.68326849373581, 18.106112746385602 ], [ 74.683328285601121, 18.105961471014766 ], [ 74.683301940708759, 18.105772414186315 ], [ 74.683311092744901, 18.105754037101356 ], [ 74.683312719593872, 18.105734058220278 ], [ 74.683346313890553, 18.105321876634164 ], [ 74.683352768285886, 18.105242666168621 ], [ 74.683354752664329, 18.105035646369757 ], [ 74.683376137957964, 18.104853841052471 ], [ 74.683366152285288, 18.104780698612917 ], [ 74.683354576594525, 18.104695900374313 ], [ 74.683259770196059, 18.104539755180827 ], [ 74.683204339651454, 18.104517191585195 ], [ 74.683087343068848, 18.104469568607897 ], [ 74.682908229780992, 18.104344063322941 ], [ 74.682354928651435, 18.104008282088891 ], [ 74.681335151259432, 18.103390667977056 ], [ 74.681160959840994, 18.103293692357578 ], [ 74.681150942727257, 18.103279035223384 ], [ 74.68103757803334, 18.103113148927754 ], [ 74.680830342985516, 18.102708351245994 ], [ 74.680735213193543, 18.102589654155253 ], [ 74.680640732883532, 18.102470312326769 ], [ 74.680437310285768, 18.102162421151203 ], [ 74.680197620005046, 18.101843361880885 ], [ 74.68009661073954, 18.101730718885854 ], [ 74.679657026443451, 18.101114296417919 ], [ 74.679397282172317, 18.100673204239705 ], [ 74.679347897289574, 18.100586447820699 ], [ 74.679320086346664, 18.10046887382731 ], [ 74.67920032744459, 18.099962569666573 ], [ 74.679105524639368, 18.099438115986096 ], [ 74.679064054812599, 18.099208730834064 ], [ 74.679022745784266, 18.098979996029104 ], [ 74.67896008110668, 18.098632080426878 ], [ 74.678935487030856, 18.098545395576593 ], [ 74.678803715856745, 18.098071757575628 ], [ 74.678722851311505, 18.097762659835595 ], [ 74.678628532698241, 18.097402144593282 ], [ 74.678600590601334, 18.097292526588767 ], [ 74.678550158282988, 18.097091143234806 ], [ 74.678467198866471, 18.096764271138277 ], [ 74.678406010120909, 18.09652263785263 ], [ 74.678355443055267, 18.096322961375815 ], [ 74.678349091067886, 18.096298713723375 ], [ 74.678348022072669, 18.096294632172935 ], [ 74.677929288572685, 18.095327834008312 ], [ 74.677663306400191, 18.094750431369416 ], [ 74.677591972081785, 18.094771869089676 ], [ 74.677467631771734, 18.094809235236472 ], [ 74.677399611338416, 18.094827167739364 ], [ 74.677336623267351, 18.0948431542298 ], [ 74.677142164059475, 18.094878634123386 ], [ 74.676671599564202, 18.094964472876427 ], [ 74.676620781868564, 18.094973744384848 ], [ 74.676404528633597, 18.095013194827036 ], [ 74.676080892586199, 18.095076677051765 ], [ 74.67582217059784, 18.095127480746633 ], [ 74.67582168999914, 18.095127576381913 ], [ 74.675695523414134, 18.094943388689096 ], [ 74.67557141756437, 18.094762213320823 ], [ 74.675207689705843, 18.094209422229568 ], [ 74.674976129178404, 18.09386113169483 ], [ 74.674642919785043, 18.093357725358125 ], [ 74.674427173199859, 18.093055342036291 ], [ 74.674188145875817, 18.092679821805319 ], [ 74.674001502010924, 18.092388368087256 ], [ 74.673916728895861, 18.092190929246325 ], [ 74.673813444197762, 18.091950378383739 ], [ 74.673795798590632, 18.091908962423553 ], [ 74.673651006336513, 18.091536931351484 ], [ 74.673620520210704, 18.091458601863984 ], [ 74.673465153887378, 18.091094640104071 ], [ 74.673257419376228, 18.090571913827716 ], [ 74.67319756462885, 18.090426679264368 ], [ 74.67294609294315, 18.089804069739191 ], [ 74.672849321929192, 18.089558554364729 ], [ 74.67276118192845, 18.089334934729806 ], [ 74.672605857825928, 18.08896075913697 ], [ 74.672415109558514, 18.088516745870688 ], [ 74.672405438296167, 18.088492925806161 ], [ 74.67229727215279, 18.088226535373877 ], [ 74.67213578830237, 18.087828835280799 ], [ 74.672009651361748, 18.087529009321102 ], [ 74.671884899623308, 18.087232477291582 ], [ 74.671821863941517, 18.08707617137819 ], [ 74.671768275841529, 18.086943284258247 ], [ 74.671706778973828, 18.086790786602251 ], [ 74.671682104049594, 18.086730076642539 ], [ 74.671612581633127, 18.08655904001974 ], [ 74.67147453842172, 18.086219429861675 ], [ 74.671326127753659, 18.085858555295083 ], [ 74.671219078216168, 18.085612962668232 ], [ 74.671129466775014, 18.085407379919292 ], [ 74.671096735759306, 18.085332466847397 ], [ 74.671081594655206, 18.085298670689266 ], [ 74.670934037386644, 18.084969301053999 ], [ 74.670879967789674, 18.084848609968795 ], [ 74.670672085056538, 18.084395643848087 ], [ 74.670657629366985, 18.084362602391518 ], [ 74.67064948973217, 18.084343996768752 ], [ 74.67057939598719, 18.084182250393258 ], [ 74.670418921843165, 18.08381249662143 ], [ 74.67034620771247, 18.083645920711568 ], [ 74.670210607918634, 18.083337444837092 ], [ 74.670100813129707, 18.083084882196843 ], [ 74.669911913595129, 18.08265182813637 ], [ 74.66972260173381, 18.082232344824153 ], [ 74.669567092578376, 18.081865151358656 ], [ 74.669436653605842, 18.081553721093474 ], [ 74.669408430336262, 18.08148633482562 ], [ 74.669230459705403, 18.08104966373643 ], [ 74.668964021188785, 18.080677155330594 ], [ 74.668807812245717, 18.080468951125813 ], [ 74.668490991716368, 18.080048830665341 ], [ 74.668263451149841, 18.079802172703197 ], [ 74.668233530064356, 18.079769739256136 ], [ 74.668138145150849, 18.079667209217014 ], [ 74.668086643837313, 18.079612520641113 ], [ 74.668060034840266, 18.07958177629629 ], [ 74.668046301396203, 18.079564703882919 ], [ 74.668036929272859, 18.079555867080867 ], [ 74.668026976837808, 18.07954561013894 ], [ 74.667687527746494, 18.079149079088005 ], [ 74.66727223659062, 18.078677591945873 ], [ 74.667047434987381, 18.078409751091748 ], [ 74.666901566551573, 18.078247090623982 ], [ 74.666731814607274, 18.078057793840848 ], [ 74.666592847029449, 18.077886243214635 ], [ 74.66655384397643, 18.07783809720739 ], [ 74.6665299272303, 18.077744793198413 ], [ 74.666475445306631, 18.077532254168169 ], [ 74.666358039092287, 18.077086367397829 ], [ 74.666239308761192, 18.076549087757662 ], [ 74.666238505667309, 18.076545985259315 ], [ 74.666164610252039, 18.076260533827401 ], [ 74.666100881070818, 18.075711773300831 ], [ 74.666078056676099, 18.075433217274362 ], [ 74.666058170670652, 18.075192593906021 ], [ 74.666050942825876, 18.075107947888579 ], [ 74.666037080024395, 18.074945588379784 ], [ 74.666001851692229, 18.074532997110637 ], [ 74.665980163666305, 18.074260680158936 ], [ 74.666021648764456, 18.074060401047838 ], [ 74.666098336143634, 18.073696733694518 ], [ 74.666107790911994, 18.073651900023606 ], [ 74.666124221098542, 18.073573987839968 ], [ 74.666166504798952, 18.073356752779375 ], [ 74.666168596076957, 18.073346010407455 ], [ 74.666179515099216, 18.0732904846572 ], [ 74.66623136136586, 18.073026821862708 ], [ 74.66623297743503, 18.073018602169292 ], [ 74.666241608448289, 18.072973967305881 ], [ 74.666386182411813, 18.072767383387365 ], [ 74.666388189248167, 18.072764542998755 ], [ 74.666590126930743, 18.072478842883335 ], [ 74.666779251044176, 18.072211276952892 ], [ 74.6668596278042, 18.072094186946899 ], [ 74.66691520657082, 18.072013125377609 ], [ 74.667108135947785, 18.071952984193601 ], [ 74.667108477307565, 18.071952878297687 ], [ 74.667186826570017, 18.071938461934518 ], [ 74.667338096575648, 18.071910827365961 ], [ 74.667533635558513, 18.07187510370807 ], [ 74.667620325678385, 18.071887621635238 ], [ 74.667731196649029, 18.071903149056023 ], [ 74.667881576424264, 18.071924904693613 ], [ 74.668162920686413, 18.071959787152075 ], [ 74.668391180803468, 18.071988056234282 ], [ 74.668451658083313, 18.071922024153412 ], [ 74.668539429774782, 18.071839789108836 ], [ 74.668730159177585, 18.071659871739282 ], [ 74.66752712636594, 18.071565533667254 ], [ 74.667344723447513, 18.071551228292424 ], [ 74.667065151561431, 18.071522958285872 ], [ 74.666937371602145, 18.071510036390002 ], [ 74.666679271247972, 18.071484086699183 ], [ 74.666584121693091, 18.071387769809917 ], [ 74.666557444424086, 18.071222366610701 ], [ 74.666590866244235, 18.0708933386362 ], [ 74.666641395580655, 18.070709274954876 ], [ 74.666605409070371, 18.07049175623591 ], [ 74.666447183409474, 18.070062587590318 ], [ 74.666431732386599, 18.06989642392859 ], [ 74.666453268597223, 18.069777131595512 ], [ 74.666513739588893, 18.069442169803086 ], [ 74.666518824053412, 18.069306139377254 ], [ 74.666452436757282, 18.069322457841498 ], [ 74.666363475696386, 18.069347528219406 ], [ 74.666275409357496, 18.069375577387074 ], [ 74.665582356420856, 18.069612087271739 ], [ 74.664891107301287, 18.069853739683357 ], [ 74.664807353774108, 18.069881808412404 ], [ 74.664721930278787, 18.069907287780882 ], [ 74.664635704587923, 18.069929878032678 ], [ 74.664548779109452, 18.069949551840661 ], [ 74.664461263437857, 18.069966286147519 ], [ 74.664373260879344, 18.069980057895897 ], [ 74.664284881028436, 18.069990851714252 ], [ 74.66419623078464, 18.069998655647112 ], [ 74.664107417047433, 18.070003457738682 ], [ 74.664018547614688, 18.070005254573207 ], [ 74.663929734775834, 18.070004041880697 ], [ 74.663567438831819, 18.069988531372161 ], [ 74.663315744363942, 18.069972532369146 ], [ 74.66306446671436, 18.069952269297499 ], [ 74.662813681341532, 18.06992774386379 ], [ 74.662563467297261, 18.069898968022372 ], [ 74.66231389824334, 18.069865946895195 ], [ 74.662065051434894, 18.069828693289967 ], [ 74.661676196799561, 18.069771994725883 ], [ 74.661406748926694, 18.069738431278413 ], [ 74.661136641690447, 18.069709445319447 ], [ 74.660865955040819, 18.069685047099352 ], [ 74.66065461559046, 18.06967097898626 ], [ 74.660534121866448, 18.06966578660284 ], [ 74.660413509564819, 18.06966263786628 ], [ 74.660292814618202, 18.069661531922712 ], [ 74.660172075654117, 18.069662469626209 ], [ 74.659826138929802, 18.069664221201652 ], [ 74.659564050954074, 18.069660400358831 ], [ 74.659302166895912, 18.069652137807335 ], [ 74.659040564908778, 18.069639437816537 ], [ 74.658779324044374, 18.069622304655539 ], [ 74.658518526049406, 18.069600741739102 ], [ 74.658149814337648, 18.069561031942172 ], [ 74.657957891073835, 18.069535527757139 ], [ 74.657766522968871, 18.069506768077659 ], [ 74.657575770209846, 18.069474760588207 ], [ 74.65738569208564, 18.069439513827184 ], [ 74.657196340698448, 18.069401042310822 ], [ 74.657007779828746, 18.069359354577081 ], [ 74.656820063375406, 18.069314462579889 ], [ 74.656359766623808, 18.069194067321057 ], [ 74.656045820703369, 18.069104824674991 ], [ 74.655733636379196, 18.06901024439847 ], [ 74.655423309771052, 18.068910352957293 ], [ 74.655114936998658, 18.068805183648958 ], [ 74.655019465846863, 18.068769285994243 ], [ 74.654946819988155, 18.068738626860032 ], [ 74.654875371583714, 18.068705505594885 ], [ 74.654805212261735, 18.068669960628156 ], [ 74.654736421972203, 18.068632036367092 ], [ 74.654669086953461, 18.068591778927079 ], [ 74.654603288053835, 18.068549236131343 ], [ 74.654539107020057, 18.068504460073271 ], [ 74.654476620208897, 18.068457507970198 ], [ 74.654415906672085, 18.0684084336234 ], [ 74.654357037376556, 18.06835729937437 ], [ 74.654300085085893, 18.068304165856492 ], [ 74.654245118071955, 18.068249098827334 ], [ 74.654192207301705, 18.068192164044369 ], [ 74.654141412962304, 18.068133432389327 ], [ 74.654092797935746, 18.06807297474387 ], [ 74.65404642330752, 18.068010865405828 ], [ 74.654012156172712, 18.067960472329322 ], [ 74.65397977909322, 18.067906931324355 ], [ 74.653950369149157, 18.067851759980265 ], [ 74.653924008087131, 18.067795114581113 ], [ 74.653900765077452, 18.067737148849073 ], [ 74.653880709290419, 18.067678019068509 ], [ 74.653863891031705, 18.06761789006412 ], [ 74.653857586655036, 18.067589487051201 ], [ 74.653633159649274, 18.066941061362602 ], [ 74.653525197423491, 18.066402383382211 ], [ 74.653419810667614, 18.065541035095382 ], [ 74.653536922234579, 18.064932420305269 ], [ 74.653771500203021, 18.063928631769485 ], [ 74.653930254971598, 18.063483836935156 ], [ 74.654044003246142, 18.063123656939588 ], [ 74.654181299957557, 18.062593755374312 ], [ 74.654122557324484, 18.061637553929938 ], [ 74.65417208144612, 18.06100079910528 ], [ 74.65413450940936, 18.060172232921527 ], [ 74.653874004265163, 18.059016371973399 ], [ 74.653863221786807, 18.0589909858261 ], [ 74.653835830357167, 18.058929594960038 ], [ 74.653807325914869, 18.058868698574965 ], [ 74.653777721036363, 18.058808314606729 ], [ 74.653747022908178, 18.058748462699313 ], [ 74.653715241411746, 18.058689159934509 ], [ 74.653682383733567, 18.058630425102379 ], [ 74.653648463348475, 18.058572276138754 ], [ 74.653286798920107, 18.057988269362198 ], [ 74.653091168309103, 18.057690222710395 ], [ 74.652890128941792, 18.057395635391135 ], [ 74.65227203143246, 18.056531439875926 ], [ 74.651832539662877, 18.055944695832732 ], [ 74.651716923790843, 18.055789607311201 ], [ 74.65162732223115, 18.055664191905027 ], [ 74.651540023951853, 18.055537235650657 ], [ 74.65145505500405, 18.055408776124175 ], [ 74.651372442337262, 18.055278852610076 ], [ 74.651292210205995, 18.055147507809103 ], [ 74.651214381966398, 18.05501477588135 ], [ 74.6511389863646, 18.054880702944139 ], [ 74.651066039570281, 18.054745328282216 ], [ 74.650995569431174, 18.054608690326319 ], [ 74.650927593913636, 18.054470835194028 ], [ 74.650862134577181, 18.054331801316398 ], [ 74.650799212981426, 18.054191632248909 ], [ 74.650738284747277, 18.054056890788285 ], [ 74.650689331954183, 18.053954372214903 ], [ 74.650638524140021, 18.053852731583508 ], [ 74.650585874779537, 18.053752002205005 ], [ 74.650531400940707, 18.0536522139741 ], [ 74.650475117894899, 18.053553397639533 ], [ 74.650417046303374, 18.05345558309611 ], [ 74.650357201437458, 18.05335880023863 ], [ 74.650295598568519, 18.053263077253817 ], [ 74.650232262849428, 18.053168444890598 ], [ 74.650167207754862, 18.05307493218984 ], [ 74.650097927883508, 18.052979751398556 ], [ 74.650046160668637, 18.052911728117529 ], [ 74.649993157371938, 18.052844615272491 ], [ 74.649938933264778, 18.052778433362672 ], [ 74.649883508110051, 18.052713198616949 ], [ 74.649826896280842, 18.052648936659114 ], [ 74.649769115743425, 18.052585665426218 ], [ 74.649710183565844, 18.052523401147088 ], [ 74.649650120409319, 18.05246216602929 ], [ 74.649588940646893, 18.052401977155746 ], [ 74.649526664041517, 18.052342853317629 ], [ 74.649463312152761, 18.052284813306095 ], [ 74.649398900251938, 18.052227873350059 ], [ 74.64933345169527, 18.05217205138651 ], [ 74.649266984449071, 18.05211736364442 ], [ 74.649199518276291, 18.052063828914935 ], [ 74.649123516311718, 18.05200587763731 ], [ 74.649058634591967, 18.051958363400306 ], [ 74.648992886896366, 18.051911968871309 ], [ 74.64892629119106, 18.051866709424978 ], [ 74.648858865442435, 18.051822598727675 ], [ 74.64879063300674, 18.051779651299935 ], [ 74.648721612748517, 18.051737879099978 ], [ 74.648651826227336, 18.051697294940148 ], [ 74.648581295002828, 18.051657911632706 ], [ 74.648510040634505, 18.05161974028173 ], [ 74.648438083783603, 18.051582793699477 ], [ 74.648365448704652, 18.051547082990044 ], [ 74.648292156058943, 18.051512619257451 ], [ 74.648218227406005, 18.051479411043374 ], [ 74.648143685203721, 18.051447471160071 ], [ 74.647501712270767, 18.051186031261686 ], [ 74.646907900715163, 18.050956618925248 ], [ 74.646829008870284, 18.050925843087377 ], [ 74.646772229056111, 18.050902335649251 ], [ 74.646715899297874, 18.050877863927141 ], [ 74.646660039358579, 18.050852433899269 ], [ 74.6466046636112, 18.050826053252162 ], [ 74.646549792717025, 18.050798731380556 ], [ 74.646495439252448, 18.050770475116789 ], [ 74.646441622082108, 18.050741293855555 ], [ 74.646388355579006, 18.050711196991504 ], [ 74.646335661302729, 18.050680193065222 ], [ 74.646283549134807, 18.050648290617218 ], [ 74.646232037041457, 18.050615500750379 ], [ 74.64618114209074, 18.050581833713451 ], [ 74.646130878655654, 18.05054729890103 ], [ 74.646081261109231, 18.050511907415999 ], [ 74.646032307417826, 18.050475667798818 ], [ 74.645984029259495, 18.050438595422872 ], [ 74.645936442803944, 18.050400697120473 ], [ 74.64588956242423, 18.050361987410831 ], [ 74.645843403391666, 18.050322477396794 ], [ 74.645797978282715, 18.050282178181149 ], [ 74.645753300572039, 18.050241102574979 ], [ 74.645709387327685, 18.0501992642434 ], [ 74.645666246634477, 18.050156674289223 ], [ 74.645623897357055, 18.050113347231687 ], [ 74.645582346681906, 18.050069294173639 ], [ 74.645541611677046, 18.0500245296343 ], [ 74.645496749811755, 18.049972517992934 ], [ 74.645172969135572, 18.049693073877869 ], [ 74.644909437567193, 18.049372316067199 ], [ 74.644624599756924, 18.048945198657684 ], [ 74.644406646909403, 18.048476179972873 ], [ 74.64425453428403, 18.048092660415502 ], [ 74.644103127734468, 18.047624215985973 ], [ 74.644039220686835, 18.047305159223004 ], [ 74.643296636442059, 18.04543561064316 ], [ 74.643235284203101, 18.045281146614563 ], [ 74.642905396779639, 18.04493860811375 ], [ 74.642574798788772, 18.044680991881453 ], [ 74.642199479968127, 18.044465452426568 ], [ 74.641804248192557, 18.044301020659873 ], [ 74.641764979238232, 18.044290267116086 ], [ 74.641679800982985, 18.044270050622821 ], [ 74.641489498279938, 18.044231296856879 ], [ 74.64138053533091, 18.044211765372442 ], [ 74.641271199581055, 18.044194085648851 ], [ 74.641161526962989, 18.044178261957327 ], [ 74.641051545324416, 18.044164301131481 ], [ 74.640941292394658, 18.044152206588276 ], [ 74.640830799614704, 18.044141981744652 ], [ 74.640720102018875, 18.044133630017456 ], [ 74.640609232844838, 18.044127154823489 ], [ 74.640498226228544, 18.044122556163003 ], [ 74.640387115407691, 18.044119836598448 ], [ 74.640275933619904, 18.044118997838289 ], [ 74.640164716797841, 18.044120037320102 ], [ 74.640053496382507, 18.044122957606227 ], [ 74.639928094263794, 18.044130149419228 ], [ 74.639834574252845, 18.044139218619581 ], [ 74.639741374042103, 18.044151442137963 ], [ 74.639648607717646, 18.044166798620381 ], [ 74.639556387568916, 18.0441852726916 ], [ 74.639464827681891, 18.044206839580763 ], [ 74.639374036752756, 18.04423147707919 ], [ 74.639284127969219, 18.044259149312001 ], [ 74.639279782818193, 18.044260649171143 ], [ 74.639195209129127, 18.044289828091355 ], [ 74.639107389826975, 18.044323473271351 ], [ 74.639020776063902, 18.04436004385197 ], [ 74.638935474739455, 18.044399497124665 ], [ 74.638851589159927, 18.044441781839524 ], [ 74.638769219936563, 18.044486849308925 ], [ 74.6387188208559, 18.04451627759833 ], [ 74.638642630245059, 18.044563666580636 ], [ 74.638568141941676, 18.044613569261237 ], [ 74.638495445777323, 18.044665926702915 ], [ 74.638424631583476, 18.044720674843571 ], [ 74.638355785598421, 18.044777747058724 ], [ 74.638288991365471, 18.044837071599105 ], [ 74.638224330631331, 18.044898580986118 ], [ 74.638159255773829, 18.044964573682623 ], [ 74.638122690748503, 18.045003435761526 ], [ 74.63808681832424, 18.045042896577062 ], [ 74.638051651077518, 18.04508294587923 ], [ 74.638017199788052, 18.045123570855747 ], [ 74.637983473439022, 18.045164756131822 ], [ 74.637950482810226, 18.045206493165807 ], [ 74.637918237783069, 18.045248766582947 ], [ 74.637886750035761, 18.045291566133368 ], [ 74.637856026754719, 18.045334875588175 ], [ 74.637826076923162, 18.04537868298921 ], [ 74.637796913117455, 18.045422978086588 ], [ 74.637768541625832, 18.045467742089087 ], [ 74.637740971431441, 18.045512964746887 ], [ 74.637714210619109, 18.045558632393494 ], [ 74.637688268172056, 18.045604727946074 ], [ 74.637663151276698, 18.045651242008862 ], [ 74.637480427659682, 18.046002457890566 ], [ 74.637302492063171, 18.046355904896096 ], [ 74.637252428054069, 18.046460693889255 ], [ 74.637222645309151, 18.046526877323107 ], [ 74.637194050136998, 18.04659352964531 ], [ 74.637166649724207, 18.046660634627088 ], [ 74.637140453952213, 18.046728170060664 ], [ 74.637115470905826, 18.046796114592585 ], [ 74.637091708669942, 18.046864450285785 ], [ 74.637089311964786, 18.046871753022447 ], [ 74.63706917083779, 18.046933153224451 ], [ 74.637047869087468, 18.047002204617439 ], [ 74.637027806113892, 18.047071581403152 ], [ 74.637008991798581, 18.047141264790497 ], [ 74.636991427039831, 18.047211231717988 ], [ 74.636975120820821, 18.047281463394587 ], [ 74.636960079429684, 18.047351934196424 ], [ 74.636946301968166, 18.047422626186719 ], [ 74.636933797419402, 18.047493517158131 ], [ 74.636922567580044, 18.047564585757502 ], [ 74.636848311042016, 18.048129399327092 ], [ 74.636817050568467, 18.048426924098312 ], [ 74.63679114944388, 18.048724835278939 ], [ 74.636777361202576, 18.048872792223634 ], [ 74.636767096153832, 18.048960091793305 ], [ 74.636755264443238, 18.049047234163265 ], [ 74.636741866969075, 18.049134192856339 ], [ 74.63672691181624, 18.049220942249502 ], [ 74.636710399882986, 18.049307453303364 ], [ 74.636692340152507, 18.049393701249091 ], [ 74.636672735319763, 18.049479659609712 ], [ 74.63665158987628, 18.049565305324691 ], [ 74.636628914601886, 18.049650605084345 ], [ 74.636604714886431, 18.049735540098784 ], [ 74.636578996119866, 18.049820079620677 ], [ 74.636551767285283, 18.049904200589761 ], [ 74.636523037365876, 18.049987878237534 ], [ 74.636340472750675, 18.050509159764871 ], [ 74.636160764778083, 18.051031330573942 ], [ 74.63612498308369, 18.051128808242471 ], [ 74.636094482584852, 18.051202498314126 ], [ 74.636061367090221, 18.051275161726924 ], [ 74.636025677023966, 18.051346707947527 ], [ 74.635987454606934, 18.051417052421559 ], [ 74.635946749246486, 18.051486107178203 ], [ 74.635903607654953, 18.051553790225579 ], [ 74.635858084629604, 18.051620017009544 ], [ 74.635761926266667, 18.051751553201854 ], [ 74.635688780046351, 18.051847454661992 ], [ 74.635613943196645, 18.051942137273915 ], [ 74.635537437277151, 18.052035570292244 ], [ 74.635362428391829, 18.052241391968476 ], [ 74.635207460920469, 18.052416941742429 ], [ 74.634986126814255, 18.052665312186569 ], [ 74.63476679774773, 18.052915334093452 ], [ 74.634513105426663, 18.053196997138318 ], [ 74.634381089910832, 18.053336242019668 ], [ 74.63424663187574, 18.053473278116176 ], [ 74.634109774440518, 18.053608063582661 ], [ 74.633730956681845, 18.053968655108246 ], [ 74.633345910903302, 18.054322970931498 ], [ 74.63284453509209, 18.054774554145173 ], [ 74.632341101240542, 18.055223950606258 ], [ 74.632140936832315, 18.055396920642746 ], [ 74.63201545835679, 18.055500537574812 ], [ 74.631888174267544, 18.05560204999561 ], [ 74.631759124090465, 18.055701427161974 ], [ 74.631628347351423, 18.055798635768451 ], [ 74.631495885372885, 18.055893647634147 ], [ 74.631361775884102, 18.055986436286197 ], [ 74.631252157164923, 18.0560586706831 ], [ 74.631185373711773, 18.056100546053575 ], [ 74.631117868013135, 18.056141299157925 ], [ 74.631049660730213, 18.056180914623621 ], [ 74.63098077432096, 18.056219385618775 ], [ 74.630911227650003, 18.056256695916758 ], [ 74.630841042276842, 18.05629283526935 ], [ 74.630770239761077, 18.056327791720232 ], [ 74.630698842560633, 18.056361557583461 ], [ 74.630626871336688, 18.056394120048591 ], [ 74.630554349445475, 18.056425469721461 ], [ 74.630481294853325, 18.05645559806193 ], [ 74.630407736306296, 18.056484493967758 ], [ 74.630333689974051, 18.056512149752784 ], [ 74.629675025444797, 18.056879116951041 ], [ 74.629492757273653, 18.056919693081873 ], [ 74.62916428020516, 18.056923220400897 ], [ 74.628724061698492, 18.056883219061707 ], [ 74.628593394553889, 18.056859032578465 ], [ 74.62845423832988, 18.056830783267369 ], [ 74.628315577077544, 18.056800134006679 ], [ 74.628254441332572, 18.056785511422383 ], [ 74.628177452119488, 18.056767095898049 ], [ 74.628039908371392, 18.056731676626775 ], [ 74.627902983562507, 18.056693889002535 ], [ 74.627766722608655, 18.056653744126802 ], [ 74.627631164137313, 18.056611253100879 ], [ 74.627496352166006, 18.056566429588248 ], [ 74.627362326220563, 18.056519288106394 ], [ 74.627229127623465, 18.056469840610504 ], [ 74.627096795900684, 18.056418105034187 ], [ 74.626965373272924, 18.056364095894729 ], [ 74.626834898367804, 18.056307830271482 ], [ 74.626705411609507, 18.056249324389814 ], [ 74.626653777345254, 18.056213951988369 ], [ 74.626604202918017, 18.056178704274902 ], [ 74.62655524922657, 18.056142609310808 ], [ 74.626506927949137, 18.056105679906683 ], [ 74.626459258848598, 18.056067924602782 ], [ 74.626412251806386, 18.056029357917865 ], [ 74.626385118193241, 18.05600630211481 ], [ 74.626365921195614, 18.055989990954416 ], [ 74.626320285880865, 18.055949834814861 ], [ 74.62627535394698, 18.055908902309874 ], [ 74.626231141563665, 18.055867205395959 ], [ 74.626187665798838, 18.055824757737838 ], [ 74.626144933839086, 18.055781571292016 ], [ 74.626102960955762, 18.055737659723281 ], [ 74.626061762420207, 18.055693036696255 ], [ 74.626014077149975, 18.055621731386697 ], [ 74.625968916145709, 18.055548846001919 ], [ 74.625926333306268, 18.055474466802039 ], [ 74.625886379835691, 18.055398685171618 ], [ 74.625849106039624, 18.055321595911771 ], [ 74.625814555935463, 18.055243290407457 ], [ 74.625782771744085, 18.055163865168073 ], [ 74.625772471661051, 18.055135271389862 ], [ 74.625753792991361, 18.055083418411574 ], [ 74.625727654711525, 18.055002044085487 ], [ 74.625704388345682, 18.054919843824297 ], [ 74.62568540155381, 18.054842959334248 ], [ 74.625637052428615, 18.054743002614234 ], [ 74.625613357566351, 18.054690648173374 ], [ 74.62543672901856, 18.05418369010609 ], [ 74.62541201456844, 18.054052232601453 ], [ 74.625377196766337, 18.053920569163509 ], [ 74.625275213727093, 18.053751739145966 ], [ 74.625267172008691, 18.053577084081748 ], [ 74.625246829659076, 18.053516908401281 ], [ 74.625165105426106, 18.053366149680471 ], [ 74.625031537621439, 18.053033187628607 ], [ 74.624865860435293, 18.052581578588896 ], [ 74.62469887889533, 18.052356242958954 ], [ 74.62450577165194, 18.052095650821038 ], [ 74.624014080577808, 18.05147565898714 ], [ 74.623642975754152, 18.051100671605838 ], [ 74.623097234846028, 18.050549219779512 ], [ 74.623025899629326, 18.050465878061679 ], [ 74.622954953383129, 18.05038221259888 ], [ 74.622905902673637, 18.050325435160545 ], [ 74.622868126719339, 18.050283449943016 ], [ 74.622829624027958, 18.05024211639747 ], [ 74.622790406277559, 18.050201448190027 ], [ 74.62275048424803, 18.050161457278662 ], [ 74.622709871414045, 18.050122154767184 ], [ 74.622668578555363, 18.050083554321741 ], [ 74.622626619146772, 18.050045667046184 ], [ 74.622584007561244, 18.050008504898454 ], [ 74.622486529573152, 18.049928942345037 ], [ 74.622414151412414, 18.049874680958503 ], [ 74.622339929908691, 18.049822935754172 ], [ 74.622263957588473, 18.049773770792228 ], [ 74.622186326978238, 18.049727245008313 ], [ 74.622107130604491, 18.049683415629712 ], [ 74.622026466383559, 18.049642337321316 ], [ 74.621944432231786, 18.049604057061018 ], [ 74.621861129658882, 18.049568625243005 ], [ 74.62177665837774, 18.049536081157989 ], [ 74.621691120796399, 18.049506465804793 ], [ 74.621604622916024, 18.04947981676565 ], [ 74.621517269839458, 18.049456163935748 ], [ 74.620904977243498, 18.049015221238665 ], [ 74.620627781401353, 18.048860629675321 ], [ 74.620557716402445, 18.048836975053895 ], [ 74.620493517402338, 18.048812709739309 ], [ 74.620430188869761, 18.048786247645545 ], [ 74.620367808958122, 18.048757621227818 ], [ 74.620306454024217, 18.04872686464957 ], [ 74.620246197729884, 18.048694017198859 ], [ 74.620187114635357, 18.048659117309608 ], [ 74.620129275707484, 18.04862220683205 ], [ 74.620072751913142, 18.048583332741149 ], [ 74.6200176124227, 18.048542542011862 ], [ 74.619963922813113, 18.048499883327299 ], [ 74.619911749559719, 18.048455409641129 ], [ 74.619854015734731, 18.048416614945953 ], [ 74.619405019789411, 18.048336825331972 ], [ 74.618109353603984, 18.048246753851185 ], [ 74.618022829672455, 18.048238650866271 ], [ 74.617632879092454, 18.048202130630905 ], [ 74.616566784564398, 18.047905335748649 ], [ 74.614515050421772, 18.047334066882346 ], [ 74.611062054030413, 18.046471327723093 ], [ 74.610501893365324, 18.046419577246542 ], [ 74.610286438732629, 18.046399667628386 ], [ 74.609310303293753, 18.046453210061397 ], [ 74.608377713688284, 18.046613224002662 ], [ 74.606823727061439, 18.046830100087586 ], [ 74.606480305619911, 18.04693199589056 ], [ 74.606358060181094, 18.046978743631374 ], [ 74.605870750190604, 18.047117636415503 ], [ 74.605512959297755, 18.047266504349643 ], [ 74.605166545568039, 18.047470910355987 ], [ 74.604988016185075, 18.047550672176964 ], [ 74.604881172361829, 18.047598405405157 ], [ 74.604844071940562, 18.047614980412426 ], [ 74.603435893562448, 18.04900053138612 ], [ 74.602629172301334, 18.049989658194622 ], [ 74.600863648594753, 18.051435695696767 ], [ 74.600103503184485, 18.05204347836823 ], [ 74.599009737850722, 18.052669065071516 ], [ 74.598306686664998, 18.052929676003512 ], [ 74.598288938649901, 18.052942676134311 ], [ 74.597723325211064, 18.053471305170206 ], [ 74.596924040203859, 18.053865520686482 ], [ 74.594372574166968, 18.055209326182659 ], [ 74.592910866977689, 18.055680419396019 ], [ 74.59237692184756, 18.05584654440532 ], [ 74.591759623838811, 18.056038600736048 ], [ 74.590433752700278, 18.05595849601076 ], [ 74.589423976252348, 18.055658490076805 ], [ 74.587439594196454, 18.054703373159153 ], [ 74.586375980815191, 18.053140185591339 ], [ 74.585504054440875, 18.051195382805318 ], [ 74.585498218086471, 18.050023411609665 ], [ 74.585800989863088, 18.047605265678371 ], [ 74.5853406437042, 18.0466012936194 ], [ 74.585160264690074, 18.046207945833665 ], [ 74.584685860795247, 18.046111039408981 ], [ 74.582485259640379, 18.046024642943589 ], [ 74.581134940851399, 18.046579742398094 ], [ 74.580829173193308, 18.046802162627507 ], [ 74.580611186209836, 18.046960729370614 ], [ 74.580192980020868, 18.047538915243265 ], [ 74.579712862840879, 18.048471306401552 ], [ 74.579596425010365, 18.04893596913227 ], [ 74.579474500270123, 18.04942252315416 ], [ 74.579496594334529, 18.050095787676216 ], [ 74.579508181703389, 18.050448936058519 ], [ 74.57952219093022, 18.050875894368424 ], [ 74.579500985299646, 18.051623736606999 ], [ 74.579339190632112, 18.052528803290123 ], [ 74.578980903869265, 18.053364105843883 ], [ 74.578410003844951, 18.053958449625362 ], [ 74.57790670833397, 18.054139533015473 ], [ 74.577234303174137, 18.054381454394147 ], [ 74.57586604323231, 18.054860909585283 ], [ 74.575368715229743, 18.054782923302657 ], [ 74.574264817797925, 18.054583484608091 ], [ 74.571513121775794, 18.054217187344303 ], [ 74.56941230368605, 18.055210891712612 ], [ 74.568293791562851, 18.056619082396207 ], [ 74.567172274575043, 18.058704468173627 ], [ 74.566871684806245, 18.059596489362892 ], [ 74.566194681170444, 18.06173917468606 ], [ 74.565438256582098, 18.063690457395076 ], [ 74.564320955387913, 18.065110081380467 ], [ 74.562656614321668, 18.067312669738303 ], [ 74.561068724377691, 18.069180824998973 ], [ 74.55973700071506, 18.069865485730055 ], [ 74.557748654393833, 18.070164030962697 ], [ 74.556662750217143, 18.070090786095268 ], [ 74.555595234554318, 18.070018766699832 ], [ 74.552791341024289, 18.069593098342608 ], [ 74.550436380557542, 18.069394755076303 ], [ 74.550055950322914, 18.069295276341773 ], [ 74.548899135832627, 18.068992767862607 ], [ 74.548482694833226, 18.068883863999325 ], [ 74.548408596398673, 18.068848841725526 ], [ 74.548363601582722, 18.068825167590187 ], [ 74.548319567964143, 18.068800101407792 ], [ 74.548276547645173, 18.068773671360237 ], [ 74.548234592728164, 18.068745911607447 ], [ 74.548160836551745, 18.068714302804413 ], [ 74.548070103114782, 18.06867222120659 ], [ 74.547981083663402, 18.068627329033767 ], [ 74.547893886893718, 18.068579679232659 ], [ 74.547883180772146, 18.068573357808138 ], [ 74.547882448645211, 18.068573052924506 ], [ 74.547407609965802, 18.068375592413485 ], [ 74.546899425823071, 18.068094366190252 ], [ 74.546479189441541, 18.067899034210491 ], [ 74.545971071774133, 18.067617808932194 ], [ 74.545768015688992, 18.067369517696164 ], [ 74.545620543760393, 18.067189191794075 ], [ 74.54541721818066, 18.066867018346571 ], [ 74.545337027371914, 18.066739954039473 ], [ 74.545335131028324, 18.066735174063297 ], [ 74.545099881120038, 18.066142314242104 ], [ 74.544971266625865, 18.065758358395069 ], [ 74.544687205858295, 18.06520941302988 ], [ 74.543777301408696, 18.063450971745365 ], [ 74.54300970357481, 18.062614723027725 ], [ 74.542924174078294, 18.062531129109658 ], [ 74.54226309577588, 18.061885006906081 ], [ 74.539620315990405, 18.059968571049797 ], [ 74.53946697806299, 18.059901589862218 ], [ 74.539456757929969, 18.059900369413473 ], [ 74.539388936024366, 18.059889793613873 ], [ 74.539321582140971, 18.059877106582189 ], [ 74.539254776229924, 18.059862325399116 ], [ 74.539188600037875, 18.05984546458313 ], [ 74.53912313531157, 18.059826548047223 ], [ 74.539058460204373, 18.05980559714223 ], [ 74.538994654666368, 18.059782636635116 ], [ 74.538931795952678, 18.059757696417169 ], [ 74.538869961318397, 18.0597308046714 ], [ 74.538809224425421, 18.05970199641342 ], [ 74.53872529662506, 18.059662031577247 ], [ 74.538673223982983, 18.059643204697839 ], [ 74.538619488559306, 18.059628515733479 ], [ 74.538564505375732, 18.059618073150787 ], [ 74.53851052291536, 18.059613985622946 ], [ 74.538453265197461, 18.059607474274589 ], [ 74.538396674029514, 18.059597406622697 ], [ 74.538341026990906, 18.059583829639955 ], [ 74.538286595372881, 18.059566813358423 ], [ 74.538231873599059, 18.059565409284513 ], [ 74.538163165056233, 18.059560751243634 ], [ 74.538102210770958, 18.05955357287278 ], [ 74.538047786339462, 18.059544401980428 ], [ 74.537993987135394, 18.059532696238424 ], [ 74.537940962279123, 18.059518484684283 ], [ 74.537888856399391, 18.059501809166271 ], [ 74.53783781232832, 18.059482713240808 ], [ 74.537787969304759, 18.05946125071285 ], [ 74.537739464771022, 18.059437478803588 ], [ 74.537690764404502, 18.059416700372374 ], [ 74.537641177400843, 18.059403753672171 ], [ 74.53758989707282, 18.059397911045298 ], [ 74.537532036585361, 18.059379511167812 ], [ 74.537483600323583, 18.059360310179606 ], [ 74.5374367989956, 18.059338129371685 ], [ 74.537391858976861, 18.059313074646457 ], [ 74.537348998558016, 18.059285272403734 ], [ 74.537308427944879, 18.059254851605445 ], [ 74.537270344766696, 18.059221965981166 ], [ 74.537238620762437, 18.059173611590342 ], [ 74.537206345192615, 18.059134758622296 ], [ 74.537166982813488, 18.059101539037393 ], [ 74.537121733774299, 18.059074964048207 ], [ 74.537071968904186, 18.059055840746375 ], [ 74.5370192009661, 18.059044749042435 ], [ 74.536965037046031, 18.059042028000636 ], [ 74.536857084701708, 18.059025425032686 ], [ 74.536794446973559, 18.059014417024954 ], [ 74.536732039214172, 18.05900243196929 ], [ 74.536669881186384, 18.058989474135764 ], [ 74.536607990856595, 18.05897554608638 ], [ 74.53654638798767, 18.058960654653408 ], [ 74.536485091444248, 18.058944802398798 ], [ 74.536423839816607, 18.058927230060565 ], [ 74.536341394236459, 18.058901082930472 ], [ 74.53626003292284, 18.058872375315882 ], [ 74.536179855588799, 18.058841139669891 ], [ 74.53610096374392, 18.058807416132204 ], [ 74.536023451711301, 18.058771247404476 ], [ 74.535919299240618, 18.058710075956018 ], [ 74.535825745093703, 18.058657336659998 ], [ 74.535755256089956, 18.058644442855837 ], [ 74.535704512954524, 18.058633180313123 ], [ 74.535654247722789, 18.058620337751055 ], [ 74.535604524175199, 18.058605933104584 ], [ 74.53555540339714, 18.058589982600548 ], [ 74.535506942880815, 18.058572507590206 ], [ 74.535459202813371, 18.058553527716512 ], [ 74.53541224338187, 18.058533066892799 ], [ 74.535366119383639, 18.058511148178336 ], [ 74.535320884717493, 18.058487799756652 ], [ 74.535260288860016, 18.05845867614492 ], [ 74.535201701635486, 18.058439988349161 ], [ 74.535144081896519, 18.058431810676392 ], [ 74.535087083791751, 18.058426564154637 ], [ 74.535029840446924, 18.058423990002442 ], [ 74.534961903556905, 18.058422391192551 ], [ 74.534908918226492, 18.058418549607673 ], [ 74.534856246408154, 18.058412236358141 ], [ 74.534804028238966, 18.058403460838448 ], [ 74.534752409246124, 18.058392254648588 ], [ 74.534701531363382, 18.05837864426417 ], [ 74.534651534727928, 18.058362667263506 ], [ 74.534602554087058, 18.058344369765472 ], [ 74.534554725984691, 18.058323799597026 ], [ 74.534508179778257, 18.058301015687878 ], [ 74.534417332255259, 18.058255554618984 ], [ 74.534369735918247, 18.058233154176655 ], [ 74.534321706593275, 18.058211502747469 ], [ 74.534273259551682, 18.058190606310184 ], [ 74.534224405573255, 18.058170470843503 ], [ 74.534175164420958, 18.058151102326153 ], [ 74.534125545976252, 18.058132506736865 ], [ 74.534075570002059, 18.058114689200302 ], [ 74.534025248176462, 18.058097655695146 ], [ 74.533974597567479, 18.05808141305415 ], [ 74.533890679648607, 18.058059163759481 ], [ 74.533832738312768, 18.058044944399533 ], [ 74.533775723139996, 18.058028032165137 ], [ 74.533719793132079, 18.058008468050719 ], [ 74.533665100104329, 18.057986309277936 ], [ 74.533611793177073, 18.057961617338602 ], [ 74.533557393898406, 18.057936972369493 ], [ 74.533501507907971, 18.057923245796626 ], [ 74.533452642251433, 18.057916525993161 ], [ 74.533318887597218, 18.057898133647168 ], [ 74.533167180112031, 18.057879940297017 ], [ 74.533015128572089, 18.057864120399479 ], [ 74.532769530970043, 18.057839070588528 ], [ 74.53252433671156, 18.057811190392382 ], [ 74.532373509575351, 18.057795416608339 ], [ 74.532293547836957, 18.057788880424649 ], [ 74.532213462131054, 18.057783592034365 ], [ 74.532133279407134, 18.057779555707931 ], [ 74.532036438324539, 18.05777364640975 ], [ 74.531981208104256, 18.057767868637857 ], [ 74.531911734196811, 18.057770398388122 ], [ 74.531833620292957, 18.057778625627627 ], [ 74.53176939524171, 18.057784265894167 ], [ 74.531705075867364, 18.05778890433854 ], [ 74.531640681932856, 18.057792538398658 ], [ 74.531576232302811, 18.057795166366393 ], [ 74.531511746740136, 18.057796788241813 ], [ 74.531447246804447, 18.057797404024932 ], [ 74.531382749563676, 18.057797012861716 ], [ 74.531318274780787, 18.057795614752163 ], [ 74.531253843117014, 18.05779321140437 ], [ 74.531238246567042, 18.057792704087881 ], [ 74.531188274186107, 18.057791078796129 ], [ 74.531107016178765, 18.05779073204447 ], [ 74.531025780629307, 18.057792920167138 ], [ 74.530944666352426, 18.057797640601816 ], [ 74.53086377126445, 18.057804888223931 ], [ 74.530783193281792, 18.057814655346565 ], [ 74.530702412279837, 18.057824354997248 ], [ 74.530626672623299, 18.057830972316086 ], [ 74.530550737134021, 18.057835221304281 ], [ 74.530490643434788, 18.057842000041543 ], [ 74.530432764082704, 18.057854531779807 ], [ 74.530413364964147, 18.057857784070208 ], [ 74.529101550663185, 18.05824171704247 ], [ 74.528299598557908, 18.058425006339913 ], [ 74.527519868976128, 18.058608484194352 ], [ 74.526695459887037, 18.058812730967627 ], [ 74.525759480039682, 18.059058316672154 ], [ 74.525040527775104, 18.059186731681969 ], [ 74.52412705431891, 18.059349881245943 ], [ 74.523845173762496, 18.059400223840772 ], [ 74.522931458659471, 18.059645901816683 ], [ 74.521661684615495, 18.059951641065332 ], [ 74.520014543591984, 18.06025342635585 ], [ 74.519706914624606, 18.060314307742086 ], [ 74.519642915948822, 18.060336648135216 ], [ 74.519397662401531, 18.060416298215443 ], [ 74.519150913159322, 18.060492110990293 ], [ 74.518973610875051, 18.060530064338462 ], [ 74.518883806296088, 18.060547091629452 ], [ 74.518793690001729, 18.060562717415031 ], [ 74.51870328894141, 18.060576934009049 ], [ 74.51861263275957, 18.060589737995699 ], [ 74.518521748405661, 18.060601125104935 ], [ 74.518430661930807, 18.060611093628985 ], [ 74.518339402979407, 18.060619639297823 ], [ 74.518247999399236, 18.060626758695381 ], [ 74.518156476343151, 18.060632450113776 ], [ 74.518064865252185, 18.060636712699054 ], [ 74.517973192177408, 18.060639545597301 ], [ 74.517953236103381, 18.060639849640634 ], [ 74.516818159944663, 18.060835088914097 ], [ 74.516462936436923, 18.060909054191541 ], [ 74.516130422339543, 18.060940885598807 ], [ 74.515820046324038, 18.060972945032397 ], [ 74.515443648626743, 18.060976066595028 ], [ 74.514757459717188, 18.060968874617153 ], [ 74.514404726339407, 18.060945301906148 ], [ 74.514381453685345, 18.060943745821863 ], [ 74.514145637838411, 18.060920086848125 ], [ 74.51396156495187, 18.060889910592056 ], [ 74.513741078855276, 18.060824051127849 ], [ 74.513483895681006, 18.060743684681292 ], [ 74.512800028916445, 18.060567040639896 ], [ 74.512667892128064, 18.060542604425578 ], [ 74.512667372901802, 18.060542392619986 ], [ 74.510138389001597, 18.059517958583452 ], [ 74.50847349457311, 18.059395695612697 ], [ 74.506375498091685, 18.060094705916296 ], [ 74.505133743399725, 18.0603326400513 ], [ 74.501965491393833, 18.060196319878234 ], [ 74.500608092083766, 18.060137885323776 ], [ 74.500411504766987, 18.060078397697524 ], [ 74.497472851367931, 18.059189153800055 ], [ 74.495175514233367, 18.057754065185634 ], [ 74.494772609946978, 18.057486165944084 ], [ 74.493918252822979, 18.057253712797561 ], [ 74.493088264297668, 18.057027919396269 ], [ 74.490734609083006, 18.057015734352266 ], [ 74.490291496204478, 18.057013441169087 ], [ 74.489903439273093, 18.057013485580843 ], [ 74.489515404799619, 18.057018441760317 ], [ 74.489432361839803, 18.05701861513689 ], [ 74.489349372778918, 18.057015964951674 ], [ 74.489266539126561, 18.05701049632896 ], [ 74.489183962392374, 18.057002212684729 ], [ 74.489101741391067, 18.05699112682969 ], [ 74.489019976733886, 18.056977251574398 ], [ 74.488938769032217, 18.05696060314558 ], [ 74.488858217100685, 18.056941201186092 ], [ 74.488778418855688, 18.056919071317171 ], [ 74.488699471315243, 18.05689423915997 ], [ 74.488642471413854, 18.056874438341229 ], [ 74.488581491975708, 18.056853568221204 ], [ 74.488519794783684, 18.0568347880149 ], [ 74.488457455296256, 18.056818119074812 ], [ 74.488394549870137, 18.056803580191154 ], [ 74.488331154862237, 18.056791191862246 ], [ 74.488267349324246, 18.05678096604548 ], [ 74.488176726380047, 18.056770239741279 ], [ 74.488116753953392, 18.05676356772182 ], [ 74.488057067190951, 18.056754858737481 ], [ 74.487997732568132, 18.056744125599121 ], [ 74.487938829136624, 18.056731380263354 ], [ 74.48788042337182, 18.056716638957127 ], [ 74.487822587138879, 18.056699918761407 ], [ 74.487752073880642, 18.05667657778578 ], [ 74.487684127109191, 18.056653132610016 ], [ 74.4876157671127, 18.056630848117504 ], [ 74.487547013654108, 18.056609731141176 ], [ 74.487472967321864, 18.056588415163059 ], [ 74.487397506143054, 18.056566741325309 ], [ 74.487322449206104, 18.056543786373521 ], [ 74.487247819867264, 18.056519557139826 ], [ 74.487173639686063, 18.056494062164397 ], [ 74.487099932916976, 18.056467308279291 ], [ 74.487026720221337, 18.056439303170635 ], [ 74.486884118958159, 18.05638054879687 ], [ 74.486809347685494, 18.056346714611273 ], [ 74.486706403448878, 18.056294893591186 ], [ 74.486651410383828, 18.056264906999672 ], [ 74.486596967087706, 18.05623398860644 ], [ 74.486543087933597, 18.056202146951719 ], [ 74.486487302554451, 18.056167831886956 ], [ 74.486437252918392, 18.056143225953814 ], [ 74.486383012641554, 18.056129311344076 ], [ 74.486313578259967, 18.056118963355882 ], [ 74.486249239122685, 18.05610708230008 ], [ 74.4861853742959, 18.056093017370031 ], [ 74.486122057441392, 18.056076789917128 ], [ 74.486059365814356, 18.056058417876446 ], [ 74.485997379364804, 18.056037922599163 ], [ 74.485936171754602, 18.056015332269126 ], [ 74.485875818442253, 18.05599066994554 ], [ 74.485816391292943, 18.055963968082555 ], [ 74.485757963070213, 18.055935259134067 ], [ 74.485700605639337, 18.05590457811633 ], [ 74.485644389068852, 18.055871961753624 ], [ 74.485589380732421, 18.055837451040613 ], [ 74.48553564980034, 18.05580108697189 ], [ 74.485483259154648, 18.05576291481248 ], [ 74.485436629404873, 18.055726503754052 ], [ 74.485387496050436, 18.055688257273623 ], [ 74.485337018816296, 18.05565171125528 ], [ 74.485285257889643, 18.055616906695963 ], [ 74.485233972171756, 18.055584905216691 ], [ 74.485183811144594, 18.055555347251737 ], [ 74.485133127297956, 18.055526651047703 ], [ 74.485081933208207, 18.055498820021327 ], [ 74.485030244146785, 18.055471866130127 ], [ 74.484930339809083, 18.055422911143538 ], [ 74.484290955820768, 18.055126943245039 ], [ 74.483505150034432, 18.054744606582087 ], [ 74.483460375305683, 18.054719656254203 ], [ 74.483416056022861, 18.054693945788724 ], [ 74.483372206558869, 18.0546674845802 ], [ 74.483328841286848, 18.054640280315081 ], [ 74.483285970986543, 18.054612342387919 ], [ 74.48324361003101, 18.054583676776936 ], [ 74.483201771894954, 18.0545542945849 ], [ 74.483160469154853, 18.054524204352262 ], [ 74.48310679391831, 18.054483419271822 ], [ 74.483002374648009, 18.054400697776483 ], [ 74.482806141267417, 18.054236955153087 ], [ 74.482764250130771, 18.054202048677386 ], [ 74.482721130098824, 18.054168591578339 ], [ 74.482669893788284, 18.05414069542643 ], [ 74.482605536684687, 18.054119532030249 ], [ 74.482542415662934, 18.054095113709323 ], [ 74.482516524419822, 18.054083530592749 ], [ 74.482480702301245, 18.0540675062269 ], [ 74.482389753268606, 18.054020556244254 ], [ 74.482335633366006, 18.053990753747424 ], [ 74.482282059639118, 18.053960033102278 ], [ 74.482229044664308, 18.053928406265502 ], [ 74.482176609102837, 18.053895880069319 ], [ 74.482124766429465, 18.053862464762265 ], [ 74.48207353371221, 18.053828172301095 ], [ 74.482022925324031, 18.053793012934278 ], [ 74.481972957434692, 18.053756995202239 ], [ 74.481923644417151, 18.053720131061663 ], [ 74.48183288043748, 18.053648672924023 ], [ 74.481792656573987, 18.053618191363839 ], [ 74.481750342330841, 18.053590523166203 ], [ 74.481706139829001, 18.053565804132543 ], [ 74.481654089644792, 18.053540455631936 ], [ 74.481605816876353, 18.053513885780475 ], [ 74.481559574300519, 18.053484094300931 ], [ 74.481515587394298, 18.053451226386819 ], [ 74.481474069058478, 18.053415441751145 ], [ 74.481435224108949, 18.053376917188739 ], [ 74.481396091698571, 18.053344087688615 ], [ 74.481327485563668, 18.053301891377696 ], [ 74.481271394757343, 18.053265574613466 ], [ 74.481214658062328, 18.053230221255635 ], [ 74.48115729524153, 18.053195838991581 ], [ 74.481099321566361, 18.053162438925106 ], [ 74.481040756799715, 18.053130032159892 ], [ 74.480981616212972, 18.053098626383353 ], [ 74.480921919569099, 18.053068234407352 ], [ 74.480858550612311, 18.053037368405441 ], [ 74.4807807547121, 18.052998685753231 ], [ 74.480704399709552, 18.052957379322908 ], [ 74.480629579029539, 18.052913495233653 ], [ 74.480556383401876, 18.052867092415781 ], [ 74.480484901759766, 18.052818222112972 ], [ 74.480428352812652, 18.052776895996118 ], [ 74.480297266154807, 18.052680013690178 ], [ 74.480272218429747, 18.052662164853508 ], [ 74.480164457426596, 18.052585379304883 ], [ 74.480001552441394, 18.052473943986129 ], [ 74.479954210327591, 18.052444601583865 ], [ 74.479904873055588, 18.052418556834734 ], [ 74.479856998240805, 18.052397236077866 ], [ 74.479781269364068, 18.052364866751763 ], [ 74.47970675411122, 18.052329937697863 ], [ 74.479633542313863, 18.05229249418166 ], [ 74.479561722905231, 18.052252578052226 ], [ 74.479491386615123, 18.052210242261761 ], [ 74.479422616986867, 18.05216553463789 ], [ 74.479355496665463, 18.052118513257316 ], [ 74.479290108295942, 18.052069231072096 ], [ 74.479245620129788, 18.052033594767838 ], [ 74.479187933017215, 18.051988695781457 ], [ 74.47916187378911, 18.051970430075531 ], [ 74.479132876171732, 18.051950102578601 ], [ 74.479082108781768, 18.051914355217622 ], [ 74.479033339245021, 18.051876062640552 ], [ 74.478986699613785, 18.051835329899731 ], [ 74.478942321042112, 18.051792268026059 ], [ 74.47890521433267, 18.051753860119256 ], [ 74.478766268314416, 18.051651364117472 ], [ 74.478658441734225, 18.051573765879763 ], [ 74.478597003256994, 18.051536374302543 ], [ 74.478536948185308, 18.051496914090141 ], [ 74.478478348384385, 18.051455431362577 ], [ 74.478421276617752, 18.051411977364356 ], [ 74.478365801157366, 18.051366603339943 ], [ 74.478311991173527, 18.051319368220753 ], [ 74.478259912243274, 18.051270326667677 ], [ 74.478217138961014, 18.051227356898423 ], [ 74.478042242365092, 18.051044535829359 ], [ 74.477869225943053, 18.050860022594406 ], [ 74.477802615864746, 18.050790748087554 ], [ 74.477733556978947, 18.050723787317121 ], [ 74.477662136422282, 18.050659219717382 ], [ 74.47759332457322, 18.050601245770043 ], [ 74.477588436839753, 18.0505971281389 ], [ 74.477512551656105, 18.050537586037191 ], [ 74.477434574296183, 18.050480666867816 ], [ 74.477354597286435, 18.050426438107507 ], [ 74.477272717644937, 18.050374968087105 ], [ 74.477189036881285, 18.05032631659634 ], [ 74.477120601426293, 18.050289332161654 ], [ 74.477064136920816, 18.050276371977578 ], [ 74.477008748597015, 18.050259604193517 ], [ 74.476954707746145, 18.050239108240124 ], [ 74.476902276676256, 18.050214985754607 ], [ 74.476851711407249, 18.050187353747877 ], [ 74.476803255382521, 18.050156348020973 ], [ 74.47675714755394, 18.050122118040633 ], [ 74.4767286826375, 18.050097112393942 ], [ 74.47667080508208, 18.050046268336668 ], [ 74.476621015059123, 18.050000892251582 ], [ 74.476575437236562, 18.049977080628008 ], [ 74.476517203049951, 18.049965497240091 ], [ 74.476464976795953, 18.049952302152921 ], [ 74.47641353656789, 18.049936460189237 ], [ 74.476363026994363, 18.049918014053599 ], [ 74.476313584619461, 18.049897015845779 ], [ 74.476265345987017, 18.049873523644006 ], [ 74.476218441352771, 18.049847598088952 ], [ 74.476173000972423, 18.049819314340883 ], [ 74.476129147016891, 18.049788746706032 ], [ 74.476087005250292, 18.049755982302102 ], [ 74.476027793696645, 18.049717608968837 ], [ 74.475959670855389, 18.049693646129889 ], [ 74.475892940402829, 18.049666237817426 ], [ 74.475827781103703, 18.04963546260775 ], [ 74.475764374417679, 18.049601399931145 ], [ 74.475702892821332, 18.049564147154037 ], [ 74.475643506994516, 18.049523805913292 ], [ 74.475586376837398, 18.049480484678558 ], [ 74.475531662250049, 18.049434303876986 ], [ 74.475493409290323, 18.049398936082934 ], [ 74.475434840032108, 18.049381180011004 ], [ 74.475377314616267, 18.049360460178654 ], [ 74.475179050144845, 18.049277171706191 ], [ 74.475020028576637, 18.049213187786325 ], [ 74.474708318562932, 18.049096811009573 ], [ 74.474647866435888, 18.04907361336905 ], [ 74.474588751900299, 18.049047361425757 ], [ 74.474531136652928, 18.049018126923634 ], [ 74.47447517969556, 18.048985990147688 ], [ 74.474315285863184, 18.048925642073467 ], [ 74.474196393835371, 18.048888932368051 ], [ 74.474078183628791, 18.048850204389247 ], [ 74.473960690277821, 18.04880946923911 ], [ 74.473843952410022, 18.048766740582145 ], [ 74.473727999669777, 18.048722031228479 ], [ 74.473580861016131, 18.048661964066675 ], [ 74.473528832391509, 18.048648038615415 ], [ 74.473462281601996, 18.048642886608135 ], [ 74.473411104580265, 18.048636433787149 ], [ 74.473360353359965, 18.048627377630424 ], [ 74.473310163586746, 18.048615744615066 ], [ 74.473260676296036, 18.048601566342718 ], [ 74.473212024438567, 18.048584882956085 ], [ 74.473164341863267, 18.048565738868341 ], [ 74.473117759724218, 18.048544187033713 ], [ 74.473042913891391, 18.048503080273438 ], [ 74.472977813881073, 18.048484551992559 ], [ 74.472920100717303, 18.048479292362195 ], [ 74.47286275676116, 18.048471096289642 ], [ 74.472805941912696, 18.048459985981388 ], [ 74.472749807987213, 18.04844599218503 ], [ 74.472694511291607, 18.04842915333499 ], [ 74.472640200946159, 18.048409516406668 ], [ 74.472587026969535, 18.048387132645953 ], [ 74.472535137583762, 18.048362066110407 ], [ 74.472474291096333, 18.048346324788884 ], [ 74.47240982709323, 18.048343723157434 ], [ 74.472345501430667, 18.048338929869146 ], [ 74.472281393160429, 18.048331952610923 ], [ 74.472196952422038, 18.048319362968122 ], [ 74.472130196816636, 18.048318408922544 ], [ 74.472050353655888, 18.048318202226906 ], [ 74.471970575173785, 18.048315280302219 ], [ 74.471890955693539, 18.048309647418854 ], [ 74.471811594029774, 18.048301310409538 ], [ 74.471703376682427, 18.048285499899301 ], [ 74.471633524584277, 18.048275451243562 ], [ 74.471563218836863, 18.048268979618555 ], [ 74.471492652578036, 18.048266102961119 ], [ 74.471431073065318, 18.048266534288903 ], [ 74.47125627079248, 18.048270159150604 ], [ 74.471081437976949, 18.048270809985777 ], [ 74.470906630314246, 18.048268486794523 ], [ 74.470731898109975, 18.048263189576677 ], [ 74.470623498404663, 18.048257483237794 ], [ 74.470448964728106, 18.048248293819682 ], [ 74.470395594020445, 18.048243374119881 ], [ 74.470342568265835, 18.048235739189607 ], [ 74.470290031194793, 18.048225408673193 ], [ 74.470238128334302, 18.048212411610017 ], [ 74.470187003414864, 18.048196784726507 ], [ 74.47013679208203, 18.048178569873482 ], [ 74.470087635371385, 18.048157816588901 ], [ 74.470032657577661, 18.048146953100133 ], [ 74.469971370017419, 18.04814488187116 ], [ 74.469910390579287, 18.04813865024769 ], [ 74.46985001660569, 18.048128288123301 ], [ 74.469790540049033, 18.048113844181831 ], [ 74.469732254658453, 18.048095392730332 ], [ 74.469675443403261, 18.048073020033129 ], [ 74.469620831223878, 18.048047052360921 ], [ 74.469620379371278, 18.048046836269684 ], [ 74.469572560252089, 18.048020959129879 ], [ 74.469518658640098, 18.048002357344259 ], [ 74.469461708146028, 18.047997023391389 ], [ 74.469408338336663, 18.047998600943185 ], [ 74.469386767091763, 18.047997922775295 ], [ 74.469346164139225, 18.047996645872221 ], [ 74.469284290877411, 18.047990469761046 ], [ 74.469223023080076, 18.047980103357325 ], [ 74.46916265629298, 18.047965595345019 ], [ 74.469103486061869, 18.04794701661465 ], [ 74.467922113428358, 18.047902879310417 ], [ 74.466362607552398, 18.04766403323449 ], [ 74.465211297039872, 18.047185439013056 ], [ 74.461938107435728, 18.046487878921138 ], [ 74.460928166596119, 18.046451463379334 ], [ 74.459981798630807, 18.046417328339565 ], [ 74.459841162881503, 18.046412255700393 ], [ 74.458009644442569, 18.047101990644041 ], [ 74.456389819390239, 18.047944767727184 ], [ 74.455583363132121, 18.048727889584235 ], [ 74.45484815585246, 18.049441835408043 ], [ 74.454648891556118, 18.049714968922835 ], [ 74.453508741712696, 18.051277823102001 ], [ 74.45329179228338, 18.051824364146508 ], [ 74.453084972257201, 18.052569360781121 ], [ 74.452890689119116, 18.052793497846171 ], [ 74.452065840753889, 18.053116826207056 ], [ 74.451401168292023, 18.053645577707957 ], [ 74.451310596551792, 18.053717627729842 ], [ 74.450067690219655, 18.05463271484339 ], [ 74.449660888143228, 18.054825452350229 ], [ 74.448748401935489, 18.055257779883505 ], [ 74.447862317213961, 18.05591276359338 ], [ 74.447734643255941, 18.056007140818277 ], [ 74.446365615254493, 18.05637877061265 ], [ 74.444787235774427, 18.056795258957983 ], [ 74.444786402137822, 18.056795479308796 ], [ 74.444165398578548, 18.056938177770085 ], [ 74.443854940816365, 18.05703319414415 ], [ 74.443498908824836, 18.057240507154557 ], [ 74.443036836103943, 18.057686341822347 ], [ 74.442661730184014, 18.058246061676066 ], [ 74.442359388700453, 18.058877183690047 ], [ 74.442042160335944, 18.059522228028239 ], [ 74.44191799070579, 18.060034903982384 ], [ 74.441927979073441, 18.060060126853923 ], [ 74.441428357671967, 18.060916662095696 ], [ 74.441370637321711, 18.060961027580479 ], [ 74.441303831410664, 18.061016044797164 ], [ 74.441239051200569, 18.061073346586305 ], [ 74.441176378438144, 18.061132866329693 ], [ 74.441140759338836, 18.061168758712565 ], [ 74.441108102883319, 18.061231322263019 ], [ 74.441088015655211, 18.061276879923852 ], [ 74.441058673084797, 18.061317201386061 ], [ 74.441021358864518, 18.061350522184089 ], [ 74.440975906806088, 18.061376167621919 ], [ 74.440929950792778, 18.06140184892611 ], [ 74.440890565955797, 18.061436443951393 ], [ 74.440859674689776, 18.061476512578103 ], [ 74.440823606432829, 18.061519284264104 ], [ 74.44078244293155, 18.06155733902234 ], [ 74.440736798633665, 18.061590112329 ], [ 74.440694307422405, 18.061616424744535 ], [ 74.440687637431409, 18.061620554928297 ], [ 74.440646668864545, 18.061650959944139 ], [ 74.440608601856084, 18.061684798232736 ], [ 74.44057372835843, 18.061721810161188 ], [ 74.440508412752436, 18.061801638963722 ], [ 74.440452945376919, 18.061870177211151 ], [ 74.44042070933294, 18.061914810626298 ], [ 74.440393443667446, 18.061962581802064 ], [ 74.440371741268493, 18.062011207012532 ], [ 74.44034645818482, 18.062064401363195 ], [ 74.440317436312938, 18.06211567836192 ], [ 74.440272389394678, 18.062183952586391 ], [ 74.440257053356177, 18.062205945998826 ], [ 74.440240536931384, 18.062229632982913 ], [ 74.440207870594364, 18.062274747134829 ], [ 74.440173089623201, 18.062320994594408 ], [ 74.440146946851812, 18.062364767870729 ], [ 74.440127423765716, 18.062411331303512 ], [ 74.440097377814425, 18.062450473922517 ], [ 74.44003387500868, 18.062493739009618 ], [ 74.439960603922529, 18.062535740953361 ], [ 74.439885850616164, 18.062575184168466 ], [ 74.439809706717739, 18.06261201741399 ], [ 74.439741651250117, 18.062642223265861 ], [ 74.439677678625458, 18.062671451231651 ], [ 74.439615396630202, 18.062703951036291 ], [ 74.439554975944191, 18.062739638981665 ], [ 74.439496583654091, 18.062778411726519 ], [ 74.439443721392863, 18.062816576383653 ], [ 74.439385874380136, 18.062856157890792 ], [ 74.439326628690523, 18.062893711035962 ], [ 74.439277993002747, 18.062922423117811 ], [ 74.439221029033931, 18.062952380389774 ], [ 74.439151040391849, 18.062982627177195 ], [ 74.439103504241956, 18.063004798130532 ], [ 74.439059664659453, 18.063033304369924 ], [ 74.439020373247246, 18.063067589056537 ], [ 74.438975364058237, 18.06312112299619 ], [ 74.4389337379246, 18.063171024678812 ], [ 74.438889483320452, 18.063218679363349 ], [ 74.438851839418462, 18.063255496247169 ], [ 74.43881333043889, 18.063292875082567 ], [ 74.438776189593455, 18.063331570841587 ], [ 74.438740463594584, 18.063371537405196 ], [ 74.438704447439932, 18.063414276176299 ], [ 74.438668789713006, 18.063450713825084 ], [ 74.438629400384457, 18.063483232274489 ], [ 74.438586709747184, 18.063511475391806 ], [ 74.438541189416796, 18.0635351331625 ], [ 74.43844851561883, 18.063572591364107 ], [ 74.43838075929024, 18.063600451857184 ], [ 74.438337330237829, 18.063627279811701 ], [ 74.438305295416455, 18.063664889158659 ], [ 74.438273148305711, 18.063702626603522 ], [ 74.438231026302034, 18.063735559215331 ], [ 74.4381879826269, 18.063769306574262 ], [ 74.438146184915027, 18.063804529706037 ], [ 74.438105685268766, 18.063841181637603 ], [ 74.438066528603869, 18.063879221374243 ], [ 74.43803203958511, 18.063915073910266 ], [ 74.43799351443586, 18.063953608973073 ], [ 74.437952308713761, 18.063989369257815 ], [ 74.437908625438155, 18.064022179688447 ], [ 74.437862678407967, 18.064051882269656 ], [ 74.437814686812246, 18.064078330962499 ], [ 74.437764891399425, 18.064101395954843 ], [ 74.437713529324739, 18.064120967077173 ], [ 74.437659465117676, 18.064138485945644 ], [ 74.43761062281736, 18.064158868399215 ], [ 74.437564287715006, 18.064184188892956 ], [ 74.437520969155372, 18.064214173278952 ], [ 74.437481523232918, 18.064248121244606 ], [ 74.43744236297475, 18.064281788225649 ], [ 74.437399781033648, 18.064311191850155 ], [ 74.437354241838648, 18.064336016980896 ], [ 74.437306243056369, 18.064355986911988 ], [ 74.437256314692902, 18.06437088471997 ], [ 74.437205001127225, 18.064380545577116 ], [ 74.437151165990571, 18.064387265987406 ], [ 74.437084244196839, 18.064405866892958 ], [ 74.437033381585451, 18.064430102725524 ], [ 74.436986687156988, 18.064454885991694 ], [ 74.436938300302529, 18.064476382071074 ], [ 74.436888457278982, 18.064494485064436 ], [ 74.436836914642925, 18.064509593807422 ], [ 74.436786601800492, 18.064525701770609 ], [ 74.436737253748674, 18.064544388065009 ], [ 74.436689005234754, 18.064565603155852 ], [ 74.436641988311109, 18.064589287259665 ], [ 74.436582682434363, 18.064623809918359 ], [ 74.43652151884163, 18.064660073093197 ], [ 74.4364584642952, 18.064693113133849 ], [ 74.436393688576686, 18.064722836098429 ], [ 74.436327374044097, 18.064749165125463 ], [ 74.436259696767237, 18.064772025061512 ], [ 74.436190845392261, 18.064791354417462 ], [ 74.436121007667154, 18.064807095974146 ], [ 74.436050374932975, 18.064819213009155 ], [ 74.435999435964789, 18.06482563961498 ], [ 74.43593193835099, 18.064834068930178 ], [ 74.435864810843043, 18.064844814384895 ], [ 74.435798140577603, 18.06485785975206 ], [ 74.43573200840305, 18.064873193074657 ], [ 74.435666493371045, 18.064890794709374 ], [ 74.435601675431741, 18.064910640742553 ], [ 74.435545492098896, 18.064929530255988 ], [ 74.435481761121096, 18.064948556412755 ], [ 74.435417058166124, 18.06496426208599 ], [ 74.435351559303783, 18.064976604574912 ], [ 74.435285445095502, 18.064985551427 ], [ 74.435232456171846, 18.06499041258391 ], [ 74.435180906349288, 18.065001522701209 ], [ 74.435132648852203, 18.065022993946727 ], [ 74.435085054311813, 18.065043876760953 ], [ 74.435034870826811, 18.065058001610829 ], [ 74.434975404151615, 18.065066055994485 ], [ 74.434925145208126, 18.065072853241485 ], [ 74.434875355185156, 18.065082232229237 ], [ 74.434826169728424, 18.065094167336291 ], [ 74.434768689228321, 18.06510954419397 ], [ 74.434714013268561, 18.065118713087713 ], [ 74.434658580029009, 18.065122200956637 ], [ 74.434595213767182, 18.065119195616102 ], [ 74.434541932891022, 18.065117654941371 ], [ 74.434489181122615, 18.06512432408153 ], [ 74.434427757018454, 18.065142641370269 ], [ 74.434367249195859, 18.065160931328041 ], [ 74.434305531342574, 18.065175008342724 ], [ 74.434233703849088, 18.065185871633005 ], [ 74.43413810513654, 18.06519712436133 ], [ 74.434042684290432, 18.065209628245952 ], [ 74.433987767582167, 18.065220605974442 ], [ 74.433934715776417, 18.065238099966301 ], [ 74.433882018805221, 18.065263122247384 ], [ 74.433831157990483, 18.065289112996883 ], [ 74.433778525697988, 18.065311526204127 ], [ 74.433724378845895, 18.065330253408472 ], [ 74.433668982437283, 18.065345200667643 ], [ 74.433606167741047, 18.065357309979234 ], [ 74.433554856870344, 18.065368843672857 ], [ 74.433505781008037, 18.065387307829464 ], [ 74.433459895063336, 18.065412344607829 ], [ 74.433417470327427, 18.065443751599805 ], [ 74.433373326216028, 18.065475091117705 ], [ 74.433326025424748, 18.065501675387168 ], [ 74.433276086281481, 18.065523213185955 ], [ 74.433224054063601, 18.065539468803443 ], [ 74.433170502794567, 18.065550263748776 ], [ 74.433116017277626, 18.065555479312692 ], [ 74.433061192197528, 18.065555059129746 ], [ 74.433005722127049, 18.065551602014487 ], [ 74.43294792182671, 18.065553287870596 ], [ 74.432890705431319, 18.065560906676012 ], [ 74.432834696371685, 18.065574375589041 ], [ 74.432780509993734, 18.065593547715128 ], [ 74.43271859990098, 18.06562299296758 ], [ 74.432652612355142, 18.065653225630665 ], [ 74.432585056350831, 18.065679998613774 ], [ 74.432516116042692, 18.065703240179971 ], [ 74.432445980975203, 18.065722882862314 ], [ 74.432374845184484, 18.06573887712829 ], [ 74.432302900910003, 18.065751176861298 ], [ 74.432237723644562, 18.06575905015892 ], [ 74.43214911562157, 18.065766135187026 ], [ 74.432060265053451, 18.065770172183992 ], [ 74.43194208988119, 18.065770814414112 ], [ 74.431891306321546, 18.065771240574769 ], [ 74.431840653017602, 18.065774280065327 ], [ 74.431790270106603, 18.065779922637283 ], [ 74.431740292335746, 18.065788156333969 ], [ 74.431690859842305, 18.065798952972049 ], [ 74.431642105576898, 18.065812288638298 ], [ 74.431594166083428, 18.065828123192688 ], [ 74.431547169821044, 18.065846415641172 ], [ 74.431488479290252, 18.065872351646526 ], [ 74.431434645950219, 18.065892883353929 ], [ 74.431379431899586, 18.065909652208475 ], [ 74.431323108429609, 18.065922576224466 ], [ 74.431265946831431, 18.065931594766766 ], [ 74.431208229176136, 18.06593666086437 ], [ 74.431150233941395, 18.065937750604864 ], [ 74.431095741237925, 18.06593805976318 ], [ 74.431044334247503, 18.065945202858039 ], [ 74.430995693169791, 18.065958641850585 ], [ 74.430942897383929, 18.06597225335587 ], [ 74.43088902721297, 18.065981272749639 ], [ 74.430834496780264, 18.065985630856314 ], [ 74.430779719310863, 18.065985294369145 ], [ 74.430728578221746, 18.065983005573173 ], [ 74.430675485093516, 18.065984015888692 ], [ 74.430622645290185, 18.065988666073 ], [ 74.430531558815332, 18.066005483598023 ], [ 74.430480736628141, 18.066019973894651 ], [ 74.430431118183392, 18.066037928128079 ], [ 74.430372300990172, 18.066063951216005 ], [ 74.430311376349295, 18.066089309866392 ], [ 74.430249138371451, 18.066111478719609 ], [ 74.430185761329867, 18.066130398848905 ], [ 74.430121414107745, 18.066146017305659 ], [ 74.430056274571555, 18.066158293097391 ], [ 74.429990523282626, 18.066167192063723 ], [ 74.429916087979862, 18.066173131824623 ], [ 74.429856340132019, 18.066173080582971 ], [ 74.42979683482929, 18.066166889738007 ], [ 74.429742025918841, 18.066158098379123 ], [ 74.429687111905508, 18.066154391045682 ], [ 74.429631736158143, 18.066156381783831 ], [ 74.42958137121343, 18.066162136221131 ], [ 74.429531418595431, 18.066170478361379 ], [ 74.429482016644698, 18.066181385145512 ], [ 74.429433300108514, 18.066194826682086 ], [ 74.429385401039283, 18.066210765393333 ], [ 74.429338455082515, 18.066229160285214 ], [ 74.429292586205804, 18.066249958407347 ], [ 74.429238041400041, 18.066278633217454 ], [ 74.429188457989611, 18.066305073888834 ], [ 74.429137499258502, 18.066328908920852 ], [ 74.42908530175059, 18.066350069992478 ], [ 74.429032010993012, 18.066368501592923 ], [ 74.428977773411091, 18.066384153335534 ], [ 74.42892273273533, 18.066396980811632 ], [ 74.428867046170865, 18.066406949006844 ], [ 74.428810861041427, 18.066414030592707 ], [ 74.428754334552181, 18.066418207635088 ], [ 74.428697621213331, 18.066419468177831 ], [ 74.428640876433477, 18.066417807096784 ], [ 74.428576481600643, 18.066413626638287 ], [ 74.428521207362905, 18.066412520674277 ], [ 74.428465990617312, 18.066414260325757 ], [ 74.428410983179219, 18.066418837052417 ], [ 74.428356335965518, 18.066426243167793 ], [ 74.428302199893238, 18.066436454758755 ], [ 74.428238146420242, 18.066452366973252 ], [ 74.428166733050091, 18.066473158236764 ], [ 74.428095715836989, 18.066495176732946 ], [ 74.428025119035453, 18.066518415629229 ], [ 74.427911015926355, 18.0665588879049 ], [ 74.42783565895212, 18.066585343052505 ], [ 74.427759372221573, 18.06660918573272 ], [ 74.427682245566203, 18.066630382639634 ], [ 74.427604375105815, 18.066648912423581 ], [ 74.427525856960074, 18.066664747756558 ], [ 74.427446781858876, 18.066677873266894 ], [ 74.427367252210146, 18.066688271020666 ], [ 74.427288069311132, 18.066695874404434 ], [ 74.427224596149784, 18.066701978120193 ], [ 74.427161409551019, 18.066710257890989 ], [ 74.427098587668226, 18.066720706030303 ], [ 74.427036205959979, 18.066733307165311 ], [ 74.426561584672868, 18.066703422276241 ], [ 74.426486976893571, 18.066698724285445 ], [ 74.426435738786395, 18.066683579007641 ], [ 74.426384121590175, 18.066669665232688 ], [ 74.426332159440875, 18.066656989792932 ], [ 74.426279881982921, 18.066645561228984 ], [ 74.426227325148901, 18.066635388081281 ], [ 74.426174520379888, 18.066626474620243 ], [ 74.426121498218535, 18.066618827678223 ], [ 74.426068296394178, 18.066612453233517 ], [ 74.426014944551127, 18.066607352994382 ], [ 74.425961477723732, 18.06660353037703 ], [ 74.425907929149631, 18.066600988797589 ], [ 74.425854332066521, 18.066599729964221 ], [ 74.425800720610368, 18.066599753022928 ], [ 74.425747127120545, 18.066601061389786 ], [ 74.425693584834633, 18.066603648232505 ], [ 74.425640128787037, 18.066607517821261 ], [ 74.425586792215356, 18.06661266588582 ], [ 74.42553360835727, 18.0666190881559 ], [ 74.425480608653814, 18.066626781215291 ], [ 74.425427827240995, 18.066635740793696 ], [ 74.42537529825475, 18.066645960058683 ], [ 74.425323053136154, 18.066657433885986 ], [ 74.425271125122819, 18.066670154588984 ], [ 74.425219545655835, 18.066684113627286 ], [ 74.425168349769493, 18.066699304168342 ], [ 74.425105499140642, 18.066719815282472 ], [ 74.425051981109263, 18.066722870129063 ], [ 74.424998444213273, 18.066725554328869 ], [ 74.424944885757725, 18.066727867027847 ], [ 74.424891312030795, 18.066729809080087 ], [ 74.424837723930835, 18.066731379631534 ], [ 74.424784125949429, 18.066732578682213 ], [ 74.424730518086534, 18.066733407086218 ], [ 74.424676906630353, 18.066733864843442 ], [ 74.424623291580957, 18.066733950245929 ], [ 74.424569678328155, 18.066733664147648 ], [ 74.42451606687203, 18.066733007402632 ], [ 74.424462461704081, 18.066731979156881 ], [ 74.424408866417593, 18.066730579410365 ], [ 74.424355281012581, 18.066728809017118 ], [ 74.424301710878922, 18.066726666269055 ], [ 74.424248157813267, 18.066724153728263 ], [ 74.424194625408816, 18.066721269686646 ], [ 74.424141113665698, 18.066718015852288 ], [ 74.424087628871973, 18.066714391371058 ], [ 74.424034172824364, 18.066710395388984 ], [ 74.42398074731949, 18.066706031322109 ], [ 74.423927355052228, 18.066701294900287 ], [ 74.423874002310896, 18.066696190393611 ], [ 74.423820686400461, 18.066690716094008 ], [ 74.423767413609156, 18.066684873709505 ], [ 74.423714185733644, 18.066678660677916 ], [ 74.423661006367141, 18.066672081269409 ], [ 74.42360787730631, 18.066665132921845 ], [ 74.423554802144352, 18.066657817343213 ], [ 74.423501450301316, 18.066650084146008 ], [ 74.422967005707847, 18.066631741393739 ], [ 74.422567535680827, 18.066676650303137 ], [ 74.421883790188843, 18.066792000857482 ], [ 74.421300555397352, 18.067023082633259 ], [ 74.420224776132201, 18.067483885671223 ], [ 74.419537650279821, 18.067885344284765 ], [ 74.418353299731137, 18.068472865745019 ], [ 74.416458335080335, 18.069192646243845 ], [ 74.415142241205331, 18.069612099227875 ], [ 74.413657618891463, 18.069926163092806 ], [ 74.413572580773419, 18.069947538941275 ], [ 74.410640918063891, 18.070634439302172 ], [ 74.410202651596336, 18.070704126156393 ], [ 74.409300265147365, 18.070598587283754 ], [ 74.408457021980041, 18.07027496742392 ], [ 74.407388404084344, 18.070491459041705 ], [ 74.406711966387235, 18.070508821845564 ], [ 74.405942583600876, 18.070171185841765 ], [ 74.404150512881003, 18.069907368057741 ], [ 74.403546715652709, 18.070010107905137 ], [ 74.402158643367244, 18.070246300098379 ], [ 74.400952706302277, 18.070531073833532 ], [ 74.400918362810671, 18.070539182622589 ], [ 74.400872968244414, 18.070563320252148 ], [ 74.40055200827824, 18.07073397535051 ], [ 74.399114755925908, 18.071514505379671 ], [ 74.398312206440991, 18.071851663122672 ], [ 74.398186289587613, 18.07191671996258 ], [ 74.396565892308445, 18.072753937229891 ], [ 74.396520030618248, 18.072777633039394 ], [ 74.395972885643303, 18.073018396356701 ], [ 74.395759332744078, 18.073346891727763 ], [ 74.395515042190752, 18.073722670248468 ], [ 74.39549427583637, 18.0737106819264 ], [ 74.395259514611553, 18.073629404189671 ], [ 74.395052750280954, 18.073573275611096 ], [ 74.394766104161974, 18.073495465871591 ], [ 74.394246250903677, 18.073335607923919 ], [ 74.39242937320725, 18.073109005111696 ], [ 74.391869537732305, 18.072935880861436 ], [ 74.390481052221844, 18.072688841416355 ], [ 74.389280319995621, 18.072405657907254 ], [ 74.388974505625143, 18.072248386580945 ], [ 74.388504304947546, 18.071856478827595 ], [ 74.388733544228273, 18.071606086763882 ], [ 74.388688913230027, 18.071577609243914 ], [ 74.388645360210077, 18.071547683333105 ], [ 74.388602939067425, 18.071516344898797 ], [ 74.388561699209362, 18.071483634078341 ], [ 74.388521692738195, 18.071449591009028 ], [ 74.388482966366297, 18.071414254974194 ], [ 74.388374291776472, 18.071313781616819 ], [ 74.38828541785216, 18.071234769294044 ], [ 74.388195099436857, 18.071157226675219 ], [ 74.388103361683434, 18.071081179382372 ], [ 74.388010236032869, 18.071006647059605 ], [ 74.387915746739722, 18.070933655328897 ], [ 74.387819925244983, 18.070862224688344 ], [ 74.387722801193107, 18.07079237734396 ], [ 74.387624400635175, 18.070724134647698 ], [ 74.387524757707226, 18.070657517097672 ], [ 74.387423899358708, 18.070592547753833 ], [ 74.387321858827292, 18.070529242844128 ], [ 74.387218664859006, 18.070467622866556 ], [ 74.387114351589886, 18.070407705756995 ], [ 74.387008949562656, 18.070349512013376 ], [ 74.386902490218333, 18.070293057009515 ], [ 74.3867950067946, 18.070238361243323 ], [ 74.386686531630787, 18.070185435818498 ], [ 74.386495680057081, 18.070098174121604 ], [ 74.386398379037104, 18.070056595012471 ], [ 74.38630032792382, 18.070016620575878 ], [ 74.386201556361726, 18.069978263623135 ], [ 74.386102093096824, 18.069941535257399 ], [ 74.386001969570216, 18.069906445727735 ], [ 74.385901216324555, 18.069873007845374 ], [ 74.385799863902633, 18.069841230151276 ], [ 74.38569794194882, 18.069811122040477 ], [ 74.385595482802444, 18.069782693761962 ], [ 74.385492517904609, 18.069755954710644 ], [ 74.385389078696249, 18.069730910865346 ], [ 74.385285195720172, 18.069707571620981 ], [ 74.385180902213989, 18.069685942956234 ], [ 74.385076226025518, 18.069666031703804 ], [ 74.384971203985657, 18.069647846404454 ], [ 74.384865864840478, 18.06963138705866 ], [ 74.384760241827692, 18.069616663061051 ], [ 74.384654367286615, 18.069603678682117 ], [ 74.384548273556618, 18.069592435630238 ], [ 74.384441992977074, 18.069582939883851 ], [ 74.384335556090591, 18.069575193151259 ], [ 74.384228997033304, 18.069569197140751 ], [ 74.384122349042755, 18.069564955268483 ], [ 74.384015642661737, 18.069562468388607 ], [ 74.383908910229565, 18.069561733939189 ], [ 74.383802187678853, 18.069562757044288 ], [ 74.383695502857407, 18.069565535141898 ], [ 74.383588892596094, 18.069570068231862 ], [ 74.383482385641074, 18.069576352898061 ], [ 74.38337601702662, 18.06958438999429 ], [ 74.383269818193739, 18.06959417439624 ], [ 74.383163820583448, 18.069605705249593 ], [ 74.383058059230137, 18.069618978284002 ], [ 74.382952563778105, 18.069633989228972 ], [ 74.382847365668425, 18.069650732960021 ], [ 74.382742500833743, 18.069669205206608 ], [ 74.38263799622348, 18.069689400844094 ], [ 74.382533888668561, 18.069711313039804 ], [ 74.382430206016807, 18.06973493410705 ], [ 74.382326982404138, 18.069760258921033 ], [ 74.382224245678373, 18.069787278940922 ], [ 74.382122032670395, 18.069815984771857 ], [ 74.382020369431359, 18.069846368726921 ], [ 74.381919290097258, 18.069878421411097 ], [ 74.381818824312504, 18.069912132575421 ], [ 74.381719002619846, 18.069947495386817 ], [ 74.381619854663597, 18.069984493618144 ], [ 74.381521412783215, 18.070023117874271 ], [ 74.38142370392805, 18.070063357906001 ], [ 74.381326762234167, 18.070105200902141 ], [ 74.381230611956042, 18.070148633197363 ], [ 74.381135287229682, 18.070193642834433 ], [ 74.381040813207875, 18.070240215293932 ], [ 74.380947221331681, 18.070288336056556 ], [ 74.380854539448876, 18.070337990602919 ], [ 74.380762793610586, 18.070389165267557 ], [ 74.380672015257858, 18.070441842115038 ], [ 74.380582231340171, 18.070496006625877 ], [ 74.380493466112014, 18.070551641718559 ], [ 74.380405751014393, 18.07060873201965 ], [ 74.380319109403572, 18.070667257885535 ], [ 74.380161204441251, 18.070772929941729 ], [ 74.380054642688961, 18.070840983029928 ], [ 74.37994683317676, 18.07090727086468 ], [ 74.379837807345709, 18.070971771243816 ], [ 74.379727598433362, 18.071034466235282 ], [ 74.379616237880853, 18.07109533705286 ], [ 74.3795037643157, 18.071154364910505 ], [ 74.379390207382357, 18.071211531021888 ], [ 74.379275604809976, 18.071266819162808 ], [ 74.379159990734564, 18.071320211401009 ], [ 74.378642274568378, 18.071564109193222 ], [ 74.378374210999368, 18.071698526370927 ], [ 74.37810869056095, 18.071837336421186 ], [ 74.377845794101475, 18.071980498341631 ], [ 74.377585598876053, 18.072127969421711 ], [ 74.377328186631374, 18.072279702680632 ], [ 74.377073636419212, 18.07243565540757 ], [ 74.376822022799715, 18.072595774643506 ], [ 74.376676532554612, 18.072687662048239 ], [ 74.376571303003928, 18.072751143810816 ], [ 74.376464909236603, 18.072812881692368 ], [ 74.37635738269374, 18.072872858614861 ], [ 74.376248756612952, 18.072931056646205 ], [ 74.376139064231921, 18.072987455292267 ], [ 74.376028339686641, 18.07304204003691 ], [ 74.375916615316441, 18.073094793801957 ], [ 74.375803925257287, 18.073145698655185 ], [ 74.375690305441836, 18.073194740934312 ], [ 74.375575787311121, 18.073241905269054 ], [ 74.375460408594321, 18.07328717714298 ], [ 74.375344204325827, 18.073330542893746 ], [ 74.375227208641505, 18.073371988858813 ], [ 74.375109456575757, 18.073411503083694 ], [ 74.374990986756103, 18.073449073613808 ], [ 74.374871833318494, 18.073484689348476 ], [ 74.373933614869443, 18.073744255716459 ], [ 74.373291641038193, 18.073907769222505 ], [ 74.372630391157529, 18.074064575346373 ], [ 74.372570265118938, 18.074081572289668 ], [ 74.372511555723563, 18.074102483062351 ], [ 74.372454548635616, 18.074127205184368 ], [ 74.372399521434588, 18.074155618241676 ], [ 74.372346739123429, 18.074187583886417 ], [ 74.372296463111923, 18.07422294583677 ], [ 74.372248936843533, 18.07426153329304 ], [ 74.372204391185178, 18.074303158375795 ], [ 74.372163044427609, 18.074347615271847 ], [ 74.372125095996751, 18.074394689628175 ], [ 74.372090733640476, 18.074444152574106 ], [ 74.37206012264889, 18.074495761575381 ], [ 74.372033413040526, 18.074549266411903 ], [ 74.372010734172875, 18.074604405762155 ], [ 74.371992198335292, 18.074660910618974 ], [ 74.37197789266439, 18.07471850941349 ], [ 74.371958703751616, 18.074804960089939 ], [ 74.37194236339657, 18.074871879231114 ], [ 74.371924786061442, 18.074938517385771 ], [ 74.371905974441063, 18.075004853204653 ], [ 74.37188593662033, 18.075070866192405 ], [ 74.371864679785787, 18.075136535853876 ], [ 74.371842208428916, 18.075201845109724 ], [ 74.371818527939737, 18.07526677090285 ], [ 74.371793648199642, 18.075331295299947 ], [ 74.371767576395143, 18.075395395244012 ], [ 74.371740319712771, 18.075459056217802 ], [ 74.371516745208226, 18.075985942845559 ], [ 74.371360215566625, 18.076378059145338 ], [ 74.371210982940042, 18.076772705753758 ], [ 74.371069092244269, 18.07716976480533 ], [ 74.370934586598466, 18.077569114165652 ], [ 74.370807506426829, 18.077970630847386 ], [ 74.3707193269002, 18.078248306675412 ], [ 74.370634710092006, 18.078497937774191 ], [ 74.370545480434856, 18.078746127022853 ], [ 74.370451662183186, 18.078992800132564 ], [ 74.370393848408156, 18.079136832385299 ], [ 74.370353284981491, 18.079237881106945 ], [ 74.370250381169086, 18.079481295657853 ], [ 74.370142978593705, 18.079722970351554 ], [ 74.37008267379035, 18.079852272888179 ], [ 74.370031111391356, 18.079962829192766 ], [ 74.369914812799735, 18.080200803018212 ], [ 74.36979411964974, 18.080436814979365 ], [ 74.369669068772282, 18.080670795913576 ], [ 74.369619103577861, 18.080765853247613 ], [ 74.369592102915377, 18.08082049535048 ], [ 74.369566120942437, 18.080875576369682 ], [ 74.369541165743826, 18.080931080079647 ], [ 74.369517241811181, 18.080986986838969 ], [ 74.369494359924261, 18.081043282130079 ], [ 74.369472524574647, 18.081099947165534 ], [ 74.369451742948854, 18.081156964012003 ], [ 74.369432023131736, 18.081214318151865 ], [ 74.36941336871655, 18.081271989089931 ], [ 74.369395786889825, 18.081329960600723 ], [ 74.369379282143115, 18.081388215604914 ], [ 74.369363859866326, 18.081446736169188 ], [ 74.369349524551012, 18.081505504360287 ], [ 74.369336280688756, 18.081564501390982 ], [ 74.369324132771183, 18.081623709328067 ], [ 74.369313085289818, 18.081683111092254 ], [ 74.369303138244689, 18.081742688750403 ], [ 74.369294297923986, 18.081802424369346 ], [ 74.369286567022627, 18.081862296600097 ], [ 74.369279944642358, 18.081922291779382 ], [ 74.369274437969679, 18.081982387704294 ], [ 74.369270044309616, 18.082042569857595 ], [ 74.369266766357129, 18.08210281689043 ], [ 74.36926460411226, 18.082163110869846 ], [ 74.3692635602699, 18.082223434716781 ], [ 74.369263633931766, 18.082283768790326 ], [ 74.36926482599614, 18.082344096011578 ], [ 74.369265659632717, 18.082412400798564 ], [ 74.369263917799373, 18.082487602897675 ], [ 74.36925939208696, 18.082562697367155 ], [ 74.369252086987075, 18.082637587711062 ], [ 74.369242010584529, 18.082712185119235 ], [ 74.369229176354096, 18.082786399073608 ], [ 74.369213599567061, 18.08286013905645 ], [ 74.369195299088091, 18.082933316257957 ], [ 74.369174297375054, 18.083005839306644 ], [ 74.369150619580779, 18.083077621100951 ], [ 74.369011669070943, 18.083460282921422 ], [ 74.368893265726612, 18.083766634826578 ], [ 74.368769200301045, 18.084070981144894 ], [ 74.36873947235334, 18.084139287821468 ], [ 74.368698653805168, 18.084225329944214 ], [ 74.368654669593923, 18.084309969002685 ], [ 74.368607571821869, 18.084393103380187 ], [ 74.368557419777872, 18.084474628044362 ], [ 74.368504273649023, 18.084554449064363 ], [ 74.368448197215756, 18.084632465677817 ], [ 74.368389259648254, 18.084708583954093 ], [ 74.368327532811833, 18.08478271081648 ], [ 74.368263091266613, 18.084854755750275 ], [ 74.368196014064353, 18.084924631656477 ], [ 74.368126382053404, 18.084992253144165 ], [ 74.368054282370395, 18.08505753738417 ], [ 74.367979801253554, 18.085120404963085 ], [ 74.367903029432739, 18.085180779883359 ], [ 74.367856620668533, 18.08521371359004 ], [ 74.367804184208751, 18.085245947918111 ], [ 74.367749476807958, 18.085274651221063 ], [ 74.367692767960719, 18.085299684309366 ], [ 74.367634334348125, 18.085320925925942 ], [ 74.367574456244526, 18.085338270184312 ], [ 74.367513430094007, 18.085351634253986 ], [ 74.367451551442315, 18.085360954090877 ], [ 74.367389120326706, 18.085366181875269 ], [ 74.36732644397101, 18.085367295405312 ], [ 74.367012339947081, 18.085365791627421 ], [ 74.366763111354629, 18.085369232127725 ], [ 74.366513994153323, 18.085376769803396 ], [ 74.366265065598199, 18.085388402946052 ], [ 74.366256791216102, 18.085388926407553 ], [ 74.366016402944382, 18.085404127285162 ], [ 74.365768078955455, 18.085423940257872 ], [ 74.365520171784823, 18.08544783332345 ], [ 74.365272755992621, 18.085475801356637 ], [ 74.365025906139081, 18.085507833254312 ], [ 74.364779698580975, 18.08554392132886 ], [ 74.364534207878407, 18.085584055330614 ], [ 74.364289507693357, 18.085628219032035 ], [ 74.364141457249701, 18.085658538766982 ], [ 74.364061199965576, 18.085676946137973 ], [ 74.363981300210952, 18.085696671978774 ], [ 74.363901780443683, 18.085717707749577 ], [ 74.36382266671491, 18.085740050888131 ], [ 74.363743983279178, 18.085763690292826 ], [ 74.363665751696047, 18.085788621693439 ], [ 74.363587998914937, 18.085814837404069 ], [ 74.363510747393747, 18.085842328030875 ], [ 74.363434018692104, 18.085871085887931 ], [ 74.363357839759374, 18.085901101581239 ], [ 74.363282231256832, 18.085932368278851 ], [ 74.363207217439054, 18.085964873171012 ], [ 74.363132820763838, 18.085998609425655 ], [ 74.363059062790825, 18.086033561671282 ], [ 74.362985966876124, 18.086069727345386 ], [ 74.362913557274354, 18.086107087660775 ], [ 74.362841852850039, 18.086145636639113 ], [ 74.362749672227167, 18.086198436847532 ], [ 74.362683867039351, 18.086239091596749 ], [ 74.362439265668954, 18.08620016434794 ], [ 74.362342883625502, 18.086200374414716 ], [ 74.362246568955669, 18.086203802089699 ], [ 74.362150441135441, 18.08621044139521 ], [ 74.362054616047459, 18.08622028464551 ], [ 74.361959212269312, 18.086233323300743 ], [ 74.361864344785445, 18.086249537719837 ], [ 74.361770126783512, 18.086268907407586 ], [ 74.361676676841114, 18.086291413576493 ], [ 74.361584106349383, 18.086317023776029 ], [ 74.361492529394383, 18.08634570982516 ], [ 74.361402057367172, 18.086377435003456 ], [ 74.361297573418184, 18.086418436406326 ], [ 74.36036033772605, 18.087052324646372 ], [ 74.360302550002132, 18.087101365601381 ], [ 74.360245665085117, 18.08715136293911 ], [ 74.360189701839516, 18.087202302995923 ], [ 74.360134679130027, 18.087254170400378 ], [ 74.360080610431396, 18.087306948927054 ], [ 74.360027512811584, 18.08736062235058 ], [ 74.35997540603357, 18.087415173591623 ], [ 74.359924300877026, 18.087470588986658 ], [ 74.359874217104974, 18.087526847186705 ], [ 74.359825167293863, 18.087583935382128 ], [ 74.359777167613288, 18.087641833077971 ], [ 74.359730233334631, 18.087700524048856 ], [ 74.359684377034299, 18.087759991215645 ], [ 74.359639613085406, 18.087820214083287 ], [ 74.359595954962572, 18.087881176426585 ], [ 74.359553417937249, 18.087942858604553 ], [ 74.359512013687493, 18.088005242684037 ], [ 74.359471753891413, 18.088068309024191 ], [ 74.359432652023727, 18.088132037984007 ], [ 74.35939471976252, 18.088196410776597 ], [ 74.359357968785929, 18.088261407761056 ], [ 74.359322408975416, 18.088327009296552 ], [ 74.359288052907374, 18.088393194888365 ], [ 74.359254909564953, 18.088459944895625 ], [ 74.359216402382003, 18.088541530859967 ], [ 74.359046267755403, 18.088864294717798 ], [ 74.359024155724683, 18.088909156951321 ], [ 74.359003693899126, 18.08895472963199 ], [ 74.358984909228212, 18.089000959816403 ], [ 74.358967823271527, 18.089047788583866 ], [ 74.358952456690275, 18.089095161283257 ], [ 74.358938830145746, 18.08914301899399 ], [ 74.358926957112601, 18.089191302795431 ], [ 74.358916854658943, 18.089239954621057 ], [ 74.35890853356446, 18.089288916404314 ], [ 74.358902006405586, 18.089338128370933 ], [ 74.358897275877297, 18.089387527331017 ], [ 74.358894352759393, 18.089437055218212 ], [ 74.35889323884841, 18.089486652258461 ], [ 74.358893935042758, 18.089536256969939 ], [ 74.358884667123988, 18.090090223256333 ], [ 74.358784936161157, 18.090562507169018 ], [ 74.358785548812179, 18.090786612820153 ], [ 74.358856631602293, 18.091327172264389 ], [ 74.35896697885515, 18.091896592795656 ], [ 74.359002468597083, 18.092654512253155 ], [ 74.35902392036607, 18.092711697831877 ], [ 74.359044327394372, 18.092769231782338 ], [ 74.359063680698867, 18.092827097880143 ], [ 74.359081973991294, 18.092885275631453 ], [ 74.359091587761469, 18.092917904758078 ], [ 74.359099203678454, 18.092943751373539 ], [ 74.359115365268735, 18.093002502904834 ], [ 74.359130451575624, 18.093061514854909 ], [ 74.359144459005833, 18.093120769291691 ], [ 74.359157383067839, 18.093180248283094 ], [ 74.359169220168326, 18.093239932189331 ], [ 74.359179966714066, 18.093299803078313 ], [ 74.359189619111817, 18.093359843872022 ], [ 74.359198172869938, 18.093420034930652 ], [ 74.359205629785123, 18.093480360883969 ], [ 74.359211982670786, 18.093540800384471 ], [ 74.359217233323619, 18.093601334646348 ], [ 74.359221377252027, 18.093661946591684 ], [ 74.359224415354305, 18.093722619142504 ], [ 74.35922634493555, 18.093783330951386 ], [ 74.359227166894058, 18.093844065794382 ], [ 74.359226880331491, 18.093904804031887 ], [ 74.359225486146158, 18.093965527732227 ], [ 74.359222983439778, 18.094026216401922 ], [ 74.359219373110648, 18.09408685467103 ], [ 74.359214656057091, 18.094147421192311 ], [ 74.359208835872352, 18.094207900595798 ], [ 74.359201911658161, 18.094268272388167 ], [ 74.359193887906017, 18.094328518637845 ], [ 74.359184766412625, 18.094388618851653 ], [ 74.359174547177986, 18.094448559367418 ], [ 74.359163237388529, 18.094508317984271 ], [ 74.359150837942693, 18.094567879332299 ], [ 74.35913735333196, 18.094627222064517 ], [ 74.359070188094776, 18.094894367004489 ], [ 74.359000740238471, 18.094946262020301 ], [ 74.358912926326198, 18.095009552998526 ], [ 74.358855312875463, 18.095049590053016 ], [ 74.358727561662263, 18.09523223295442 ], [ 74.358159086190909, 18.095763181045768 ], [ 74.357726571636121, 18.096116526197942 ], [ 74.357241133734661, 18.09641805889952 ], [ 74.356702767096678, 18.096667783687288 ], [ 74.356218841958196, 18.09684134903204 ], [ 74.355655527308159, 18.0969371968331 ], [ 74.355324736179512, 18.096960837290261 ], [ 74.35503928122661, 18.096981238132965 ], [ 74.354370101916984, 18.096973470409083 ], [ 74.353782131207282, 18.096889851868358 ], [ 74.353141532696725, 18.096728828343071 ], [ 74.352310151782731, 18.096525911627548 ], [ 74.352126177710872, 18.096516329388937 ], [ 74.351714580427483, 18.096390768030584 ], [ 74.348815882295639, 18.094323214270418 ], [ 74.347086917326166, 18.093548983253012 ] ], [ [ 74.441838602092574, 18.247239386767284 ], [ 74.441347088884854, 18.24747310166595 ], [ 74.440669592972313, 18.247795243387383 ], [ 74.440335528382747, 18.247971386861632 ], [ 74.440291194726854, 18.248002939358937 ], [ 74.440260628650975, 18.248023748272143 ], [ 74.440229680791148, 18.248044064068637 ], [ 74.440198366418656, 18.248063879923407 ], [ 74.440166689126784, 18.248083188158425 ], [ 74.440134663288589, 18.248101985361313 ], [ 74.440102294293993, 18.24812026300085 ], [ 74.440069594719304, 18.248138016811495 ], [ 74.440036575344436, 18.248155244234006 ], [ 74.440003244254115, 18.248171935883967 ], [ 74.439969612228197, 18.248188088349057 ], [ 74.439935690046426, 18.248203697363689 ], [ 74.439612072863639, 18.248363267380011 ], [ 74.439288505986511, 18.248522923416541 ], [ 74.439200070440052, 18.248562153187464 ], [ 74.43914349903504, 18.24858868316494 ], [ 74.439087420805109, 18.248616120022007 ], [ 74.439031854614868, 18.248644456079933 ], [ 74.438973793803143, 18.248675750808061 ], [ 74.438949377593701, 18.248697103088098 ], [ 74.438935046769984, 18.248709057224225 ], [ 74.438920495859023, 18.248720777600447 ], [ 74.438905731148992, 18.248732264216709 ], [ 74.438890757131517, 18.248743511954309 ], [ 74.438875575603234, 18.248754518253882 ], [ 74.438860194648925, 18.248765277996643 ], [ 74.438844616963593, 18.24877579032955 ], [ 74.438828847937089, 18.248786050133749 ], [ 74.438812892959334, 18.248796054849958 ], [ 74.438796754725246, 18.248805801918806 ], [ 74.438780440421397, 18.248815287074628 ], [ 74.438763952742661, 18.248824508611204 ], [ 74.438747299773894, 18.248833463969191 ], [ 74.438730483311801, 18.248842149736085 ], [ 74.438713512339447, 18.248850564205632 ], [ 74.438680729221488, 18.248868495393722 ], [ 74.438653750118533, 18.248882609655201 ], [ 74.438626515894072, 18.248896287963738 ], [ 74.438599034632901, 18.248909525200588 ], [ 74.4385713153182, 18.24892231795339 ], [ 74.438543366034736, 18.248934662809599 ], [ 74.43851519576576, 18.248946553797456 ], [ 74.438486814392661, 18.248957990063893 ], [ 74.43844255260197, 18.249000523072038 ], [ 74.438397626956302, 18.249042447785264 ], [ 74.438393360857006, 18.249053186181836 ], [ 74.438390373060429, 18.249061199668283 ], [ 74.438387537079052, 18.249069260076723 ], [ 74.43838485201465, 18.24907736314146 ], [ 74.438382318765562, 18.249085507156231 ], [ 74.438379938230042, 18.249093687855382 ], [ 74.438377711306444, 18.249101905238881 ], [ 74.438375638893106, 18.249110155894229 ], [ 74.438373720091647, 18.249118436408821 ], [ 74.43837195759707, 18.249126743370194 ], [ 74.438370351409347, 18.249135076778298 ], [ 74.438368899731856, 18.249143434073737 ], [ 74.438363604163229, 18.249146570192231 ], [ 74.438359823154215, 18.249149441839354 ], [ 74.438356384403292, 18.249152660711687 ], [ 74.438353319351563, 18.249156194390203 ], [ 74.438350665728194, 18.249159999365059 ], [ 74.438348449584396, 18.249164037245219 ], [ 74.438346697869591, 18.249168261108345 ], [ 74.438345429448418, 18.249172628297796 ], [ 74.438344655998947, 18.249177086772356 ], [ 74.43834438830099, 18.249181589609762 ], [ 74.43834056057959, 18.24919817110699 ], [ 74.438293401722092, 18.249230842692103 ], [ 74.437133658724008, 18.251226054276302 ], [ 74.435401601753341, 18.253385880964203 ], [ 74.43491687980918, 18.253839286693008 ], [ 74.433740437129913, 18.254428477852009 ], [ 74.432472678905427, 18.25514561815276 ], [ 74.431564632171813, 18.25590968027668 ], [ 74.429685879416979, 18.257695099809737 ], [ 74.428451676861599, 18.25805405472823 ], [ 74.426051682052986, 18.257941068934073 ], [ 74.42106154424296, 18.257558357727355 ], [ 74.421049302900585, 18.257552508074575 ], [ 74.421028605716415, 18.257542183953067 ], [ 74.421008109754922, 18.257531523712622 ], [ 74.420987822202534, 18.257520529912366 ], [ 74.420967746652565, 18.257509205964709 ], [ 74.420947892986476, 18.257497553575742 ], [ 74.42092826479751, 18.25748558212938 ], [ 74.420908869272196, 18.257473288213241 ], [ 74.420889710902145, 18.257460680358129 ], [ 74.420870797772153, 18.257447761123316 ], [ 74.420862669815477, 18.257442001041529 ], [ 74.420845371856359, 18.257441874783812 ], [ 74.420748525383885, 18.257403825139306 ], [ 74.420643507835621, 18.257362563591037 ], [ 74.420124523248191, 18.257158656309436 ], [ 74.419766818593658, 18.256948042607856 ], [ 74.419203264991708, 18.256616224119384 ], [ 74.419061347346499, 18.256532662419591 ], [ 74.41818745186508, 18.256144555670325 ], [ 74.418122950132712, 18.256156122840189 ], [ 74.417098777284025, 18.25607304889191 ], [ 74.416287991146262, 18.256170332909807 ], [ 74.415780574164771, 18.256644585318522 ], [ 74.415006346764088, 18.257269114043339 ], [ 74.414121169341016, 18.257818978028105 ], [ 74.412519049184624, 18.258847277887938 ], [ 74.411214628018399, 18.259432176407291 ], [ 74.409617996568414, 18.259920192041392 ], [ 74.407797463627062, 18.260458833070896 ], [ 74.406451973282756, 18.260963048281504 ], [ 74.405621878756264, 18.261580121832466 ], [ 74.405468164434708, 18.26180966298045 ], [ 74.405350634252827, 18.26189884558389 ], [ 74.40437926617318, 18.262956348167393 ], [ 74.403879059070164, 18.263411407739625 ], [ 74.403852217409465, 18.263430421667955 ], [ 74.403825049660313, 18.263448962144164 ], [ 74.403797564805885, 18.263467024903086 ], [ 74.403769769134357, 18.263484602267248 ], [ 74.403741669832286, 18.263501689118439 ], [ 74.403713278577726, 18.263518283750731 ], [ 74.403684602557249, 18.263534377633555 ], [ 74.403655650753919, 18.263549967354859 ], [ 74.403626432151, 18.263565046943341 ], [ 74.403596953934951, 18.263579613839884 ], [ 74.403567226885571, 18.263593662073241 ], [ 74.40353726088432, 18.263607187378227 ], [ 74.403507064016054, 18.263620186342667 ], [ 74.403476644365583, 18.263632653848351 ], [ 74.403446010916085, 18.263644588189244 ], [ 74.403415176243954, 18.263655983394028 ], [ 74.403384146637407, 18.263666836050543 ], [ 74.403352932876231, 18.263677145305866 ], [ 74.403321544841887, 18.263686906041713 ], [ 74.4032899906192, 18.263696114845914 ], [ 74.403258280987998, 18.263704770865488 ], [ 74.403226425829715, 18.263712869835214 ], [ 74.403194434127499, 18.263720410902135 ], [ 74.40316231396622, 18.263727389801009 ], [ 74.403130078820567, 18.263733805678786 ], [ 74.403097736775365, 18.263739656829443 ], [ 74.40306529681385, 18.263744938987774 ], [ 74.403032770614047, 18.263749654712942 ], [ 74.403000167159078, 18.263753798886636 ], [ 74.402967495432222, 18.263757372362019 ], [ 74.402934765314839, 18.263760372579888 ], [ 74.402901989383366, 18.263762798687186 ], [ 74.402863597184762, 18.263764910867788 ], [ 74.40224874708521, 18.263791209049757 ], [ 74.402179533689164, 18.263799785729894 ], [ 74.402110481091611, 18.263809572903728 ], [ 74.402041609953713, 18.263820564599662 ], [ 74.401972940936759, 18.263832763376641 ], [ 74.40190449560032, 18.263846160703796 ], [ 74.401836293707319, 18.263860754021685 ], [ 74.401768357715653, 18.263876539917721 ], [ 74.401700707388244, 18.263893510714066 ], [ 74.401633363386338, 18.263911664704224 ], [ 74.401566346371183, 18.263930995916429 ], [ 74.401499675207432, 18.263951494966587 ], [ 74.401433370556305, 18.263973159295134 ], [ 74.401367454875725, 18.263995980371 ], [ 74.401301947928573, 18.264019953075373 ], [ 74.401236866782853, 18.264045068024124 ], [ 74.401172233896503, 18.264071318392268 ], [ 74.401108069032347, 18.264098698207913 ], [ 74.401044390156827, 18.264127193821494 ], [ 74.400981217032779, 18.264156802673313 ], [ 74.400918569423169, 18.264187511966917 ], [ 74.40085646619265, 18.264219314024174 ], [ 74.400794926205776, 18.264252198607807 ], [ 74.400733968327259, 18.26428615633348 ], [ 74.400673611421638, 18.26432117525783 ], [ 74.400589597382975, 18.264372314425064 ], [ 74.400553841739708, 18.264383047608629 ], [ 74.4005179046368, 18.264393154646534 ], [ 74.400481796853924, 18.2644026321267 ], [ 74.400445529170995, 18.264411474930881 ], [ 74.400409113265979, 18.26441968135298 ], [ 74.40040138326296, 18.264421280837485 ], [ 74.40037255991875, 18.264427247980954 ], [ 74.400335879010782, 18.26443417481482 ], [ 74.400299084016737, 18.264440459295535 ], [ 74.400262184818118, 18.264446097157794 ], [ 74.400225193093036, 18.264451086695651 ], [ 74.400188118722937, 18.264455431321299 ], [ 74.400150975182584, 18.264459123357319 ], [ 74.400113772353379, 18.264462166215957 ], [ 74.400076521913505, 18.264464557338073 ], [ 74.400039234642691, 18.26446629416456 ], [ 74.400001923117387, 18.264467379254565 ], [ 74.399964598117307, 18.264467810901998 ], [ 74.399927271320621, 18.264467589106868 ], [ 74.399889951710477, 18.264466713869172 ], [ 74.399852654558174, 18.264465186041974 ], [ 74.399815389745257, 18.264463003066052 ], [ 74.39977816715313, 18.26446017091282 ], [ 74.399741000256583, 18.264456686169964 ], [ 74.39970389893702, 18.264452552249708 ], [ 74.399666874872594, 18.264447770005084 ], [ 74.399629937944738, 18.264442337729907 ], [ 74.399593103424834, 18.264436262248584 ], [ 74.399556376702762, 18.264429541854913 ], [ 74.399519775744807, 18.26442217910801 ], [ 74.399483305042594, 18.264414178273082 ], [ 74.399446980765759, 18.264405537643917 ], [ 74.399410810999186, 18.264396264897975 ], [ 74.39937480921752, 18.264386360888157 ], [ 74.399338984404011, 18.264375827320528 ], [ 74.39930334733836, 18.264364667607214 ], [ 74.399267908800397, 18.264352886866394 ], [ 74.399232682264852, 18.264340486804063 ], [ 74.399197674918227, 18.264327471685437 ], [ 74.399134046348351, 18.264302003611107 ], [ 74.399060028762179, 18.264270228013821 ], [ 74.398986578012966, 18.264237161731987 ], [ 74.398913711168717, 18.264202815854638 ], [ 74.398841451585582, 18.264167198911611 ], [ 74.398769822619769, 18.264130322844977 ], [ 74.398698846729161, 18.264092198743722 ], [ 74.398619927934817, 18.264047901890294 ], [ 74.398558346625464, 18.264011819997531 ], [ 74.398497403119976, 18.263974664947089 ], [ 74.398437113587974, 18.263936448681047 ], [ 74.398377498690792, 18.263897183141626 ], [ 74.398318574598022, 18.263856881123985 ], [ 74.398260361072673, 18.263815553717173 ], [ 74.39820287518269, 18.263773213716469 ], [ 74.39812283169762, 18.263711616687328 ], [ 74.397837945378313, 18.26355389059011 ], [ 74.397794416612882, 18.263537876896979 ], [ 74.397750618352902, 18.263522625840533 ], [ 74.397706562276426, 18.263508144245495 ], [ 74.397662259163241, 18.263494436377336 ], [ 74.397617726081364, 18.263481504795433 ], [ 74.397572974708865, 18.26346935461838 ], [ 74.397528020317097, 18.263457990111633 ], [ 74.39748287368586, 18.263447414687569 ], [ 74.397437551883129, 18.263437630905546 ], [ 74.397392065688734, 18.263428641324914 ], [ 74.397346433068904, 18.26342045021109 ], [ 74.397300663905199, 18.263413056711091 ], [ 74.397254772570605, 18.263406467649588 ], [ 74.397208775234787, 18.263400682173579 ], [ 74.397162685372507, 18.263395701989221 ], [ 74.397116513763535, 18.263391529655895 ], [ 74.397070279272484, 18.263388166879679 ], [ 74.397023992679138, 18.263385613660642 ], [ 74.39697767015322, 18.263383869998862 ], [ 74.396931324271065, 18.263382937600458 ], [ 74.396884971202411, 18.263382818171561 ], [ 74.396838620828689, 18.263383508299942 ], [ 74.396792291116228, 18.263385009691703 ], [ 74.396745996438085, 18.26338732405296 ], [ 74.396699747573976, 18.263390446265284 ], [ 74.39665356069365, 18.263394378034796 ], [ 74.396607451068434, 18.263399117655247 ], [ 74.396561431274719, 18.263404665126625 ], [ 74.396515513888986, 18.263411015330483 ], [ 74.396448125869625, 18.263421827908342 ], [ 74.396412673856943, 18.26342831460169 ], [ 74.3963773422185, 18.263435423177867 ], [ 74.396342138140852, 18.263443146812367 ], [ 74.396307075997001, 18.263451487211171 ], [ 74.396272162973489, 18.263460439255876 ], [ 74.396237411646695, 18.26347000209325 ], [ 74.396202832796462, 18.263480170604875 ], [ 74.396168436304237, 18.263490944790604 ], [ 74.396134233848116, 18.263502317825839 ], [ 74.3961002326146, 18.263514288004313 ], [ 74.396066446976761, 18.263526852766784 ], [ 74.396032885019437, 18.263540006994663 ], [ 74.395999556624105, 18.263553746422534 ], [ 74.395966474367128, 18.263568067638023 ], [ 74.395933645435065, 18.263582966375647 ], [ 74.39590107970939, 18.263598435810799 ], [ 74.395868790664807, 18.263614475090204 ], [ 74.395836784589576, 18.263631075683104 ], [ 74.395805073161696, 18.2636482350302 ], [ 74.395773666262741, 18.263665947159826 ], [ 74.395742571079168, 18.263684206953489 ], [ 74.395711800187442, 18.263703007586471 ], [ 74.395681359875724, 18.26372234479334 ], [ 74.395651260923827, 18.263742211749374 ], [ 74.3956215132132, 18.263762603336051 ], [ 74.395592124828653, 18.263783511875666 ], [ 74.395563104753421, 18.263804933102669 ], [ 74.395534462868895, 18.263826857633187 ], [ 74.395506206361631, 18.263849282054803 ], [ 74.395478345113091, 18.263872197836768 ], [ 74.395450886309803, 18.263895598154317 ], [ 74.395423839833228, 18.263919473623602 ], [ 74.395397212869909, 18.263943821685302 ], [ 74.39537101440294, 18.263968632955496 ], [ 74.395345250720595, 18.263993896344193 ], [ 74.395319931704321, 18.264019610145112 ], [ 74.395295062743998, 18.264045762415169 ], [ 74.395270653721099, 18.264072346329733 ], [ 74.395246710923828, 18.264099351651854 ], [ 74.395223243335352, 18.264126774969096 ], [ 74.395200255447222, 18.264154604338444 ], [ 74.395177755344278, 18.264182832082142 ], [ 74.395141307099962, 18.264230809852258 ], [ 74.39508396943198, 18.264316027047297 ], [ 74.395028122967432, 18.264402236307564 ], [ 74.394973784774209, 18.264489411186748 ], [ 74.394920972818639, 18.264577525238625 ], [ 74.394869702372105, 18.26466655201699 ], [ 74.39481998690934, 18.264756463369576 ], [ 74.394771845294969, 18.264847231997173 ], [ 74.394725290105356, 18.264938830600681 ], [ 74.394680336611898, 18.265031232734039 ], [ 74.394635848445802, 18.265126935287771 ], [ 74.394185683792273, 18.265869351678138 ], [ 74.393593397576012, 18.266694207663072 ], [ 74.393308478019009, 18.267171275380509 ], [ 74.393297444012404, 18.26718604158695 ], [ 74.393286154884208, 18.267200613297941 ], [ 74.393274615126089, 18.267214983689158 ], [ 74.393262824737988, 18.267229151054558 ], [ 74.393250790906436, 18.267243109422932 ], [ 74.393238516326392, 18.26725685538209 ], [ 74.393226003692803, 18.267270382960781 ], [ 74.393213258395548, 18.267283689599957 ], [ 74.393200282231277, 18.267296771034417 ], [ 74.393187080589854, 18.267309622998969 ], [ 74.393173657962862, 18.267322242934576 ], [ 74.393160016146979, 18.26733462572302 ], [ 74.393146161430337, 18.267346767099127 ], [ 74.393132099202887, 18.267358662797694 ], [ 74.393117830362925, 18.267370311965781 ], [ 74.393103361198627, 18.267381708632094 ], [ 74.393088695303305, 18.267392851090612 ], [ 74.393073838066826, 18.267403734223077 ], [ 74.393058794879067, 18.26741435461744 ], [ 74.39304356843499, 18.267424713126744 ], [ 74.393017343018599, 18.267441657984914 ], [ 74.392404771046586, 18.267669033185562 ], [ 74.391028231332754, 18.268136270348471 ], [ 74.390433069609244, 18.267800023774935 ], [ 74.38993632371502, 18.267519372795253 ], [ 74.38904594774138, 18.267135711935339 ], [ 74.388123336622058, 18.265798405947013 ], [ 74.38851193523756, 18.26533188076262 ], [ 74.388500150239366, 18.26528746479794 ], [ 74.388251739113841, 18.264549548358097 ], [ 74.388171139571597, 18.26423565522925 ], [ 74.388124938318228, 18.264055722746399 ], [ 74.388063086615972, 18.263814851647652 ], [ 74.387942568637456, 18.263345516259548 ], [ 74.387790597047569, 18.262753716817162 ], [ 74.38777655278642, 18.262681339219547 ], [ 74.387718500059492, 18.262500976885793 ], [ 74.387694400057072, 18.262426101399122 ], [ 74.387692403102193, 18.261922967012147 ], [ 74.38768392390422, 18.26097815539304 ], [ 74.387675052142484, 18.260057218045841 ], [ 74.387663382128622, 18.259974507669586 ], [ 74.387661539683975, 18.259961443598119 ], [ 74.387661374393929, 18.259960266347274 ], [ 74.387665045808504, 18.259957719049382 ], [ 74.387756110723814, 18.259894549292131 ], [ 74.38778320391279, 18.259875755071416 ], [ 74.387785006831578, 18.259874503601974 ], [ 74.387806714620396, 18.259370547980247 ], [ 74.387847779306981, 18.258398456930415 ], [ 74.387863157566315, 18.257865183128136 ], [ 74.387875274941194, 18.257215870761016 ], [ 74.38789353230105, 18.256784164664285 ], [ 74.387902308841348, 18.256576572177966 ], [ 74.387917279265579, 18.255967215052166 ], [ 74.3879333079052, 18.255811128405146 ], [ 74.387932350301099, 18.255557276161909 ], [ 74.387951206837229, 18.254914728821635 ], [ 74.387969794777064, 18.254391329282196 ], [ 74.387971404558073, 18.254372604420773 ], [ 74.388017581556923, 18.253835474142623 ], [ 74.388051464212822, 18.253302075426316 ], [ 74.388066290008283, 18.253220888906235 ], [ 74.388074046062428, 18.253123571671296 ], [ 74.388112776925922, 18.252637535791976 ], [ 74.388149717447021, 18.25212228179511 ], [ 74.388151542823678, 18.252083189327053 ], [ 74.388177868851386, 18.251519294660856 ], [ 74.38821846282076, 18.250950892813659 ], [ 74.388223576031379, 18.250879276403623 ], [ 74.388221200885766, 18.250743777078618 ], [ 74.388219159913447, 18.250627449100094 ], [ 74.38821938359392, 18.249973724594252 ], [ 74.388218605652909, 18.249920558416942 ], [ 74.388212540228096, 18.24950655458921 ], [ 74.388211278993438, 18.249420608377942 ], [ 74.388209068239519, 18.249109138958939 ], [ 74.388208661302698, 18.249051943165757 ], [ 74.388202851897773, 18.248448697113307 ], [ 74.38819796236767, 18.248214421308813 ], [ 74.388190254822533, 18.24784546602946 ], [ 74.38814032286578, 18.247262707423996 ], [ 74.388134247559506, 18.247154088676666 ], [ 74.388119297796536, 18.246886785905456 ], [ 74.388110037064294, 18.246721258725884 ], [ 74.388108659946937, 18.246696647187459 ], [ 74.388077827969781, 18.246075331805955 ], [ 74.388069664978815, 18.245874560251512 ], [ 74.388066848760374, 18.245805287911402 ], [ 74.388022216863789, 18.245517270260848 ], [ 74.387936001054427, 18.244977590685004 ], [ 74.387927385312537, 18.244879954872452 ], [ 74.387890676556751, 18.244741438379059 ], [ 74.387874767393086, 18.244600404112656 ], [ 74.388079134120218, 18.244545527419955 ], [ 74.388821892638148, 18.244385341331729 ], [ 74.388891921704442, 18.244370325771314 ], [ 74.389328281946959, 18.244276759178209 ], [ 74.389398309216631, 18.244266133956398 ], [ 74.389652439915551, 18.244227572091315 ], [ 74.38967635576337, 18.244223942758921 ], [ 74.389717258753208, 18.244195589770221 ], [ 74.39004288187401, 18.244142730668372 ], [ 74.390089014855448, 18.244137033279173 ], [ 74.39033049278359, 18.244107205165815 ], [ 74.390529955607619, 18.244082565956148 ], [ 74.390583205941013, 18.244075987252444 ], [ 74.390634935426633, 18.244069597949647 ], [ 74.390701929983891, 18.24405962196872 ], [ 74.390900893344593, 18.244029996040656 ], [ 74.390974318941005, 18.244019061960383 ], [ 74.391096481734763, 18.244007722629021 ], [ 74.391400849817671, 18.243979467718312 ], [ 74.391441575839366, 18.244013373951883 ], [ 74.391455513201009, 18.24402497861519 ], [ 74.391586544163289, 18.244006878855132 ], [ 74.391807103023439, 18.243976414262978 ], [ 74.391873829882741, 18.243963070858616 ], [ 74.392115196419795, 18.2439148050948 ], [ 74.392205206712958, 18.243896805142882 ], [ 74.392339019757657, 18.243870045802449 ], [ 74.392513529179709, 18.24384958362781 ], [ 74.392633439897097, 18.243835522706625 ], [ 74.3926563693947, 18.243831626327122 ], [ 74.392749860659592, 18.243815733670804 ], [ 74.392854496423908, 18.243797947851718 ], [ 74.392854865631477, 18.24379788471791 ], [ 74.392983940961415, 18.243779269625684 ], [ 74.393067841812297, 18.243767168406983 ], [ 74.393255294160952, 18.243740132622751 ], [ 74.393485011345405, 18.243706999298947 ], [ 74.393514388950123, 18.243702760799373 ], [ 74.393733453013652, 18.243632522669138 ], [ 74.393873860590872, 18.243587503943239 ], [ 74.393944574173389, 18.243564831195627 ], [ 74.393961093293157, 18.243560293233116 ], [ 74.393993121826284, 18.243551494584999 ], [ 74.394075033807155, 18.243528993318069 ], [ 74.394112537571942, 18.243519135895497 ], [ 74.394256134168444, 18.243481391193146 ], [ 74.394324531894171, 18.243463413378539 ], [ 74.394404401106073, 18.243442418783289 ], [ 74.394665235931996, 18.243373856157589 ], [ 74.394850386796875, 18.243325185831338 ], [ 74.395023869444543, 18.243291336625386 ], [ 74.395154822253417, 18.243265785269568 ], [ 74.39519697929137, 18.243245120824302 ], [ 74.395204175695113, 18.243241593850904 ], [ 74.395360825711023, 18.243235660959328 ], [ 74.395517419133, 18.243229729773883 ], [ 74.395644281912382, 18.243150841234485 ], [ 74.395776210291629, 18.24309929824561 ], [ 74.396412700806422, 18.242791906715659 ], [ 74.396460650181325, 18.242768750119847 ], [ 74.396468299335979, 18.242768634942617 ], [ 74.396487216059214, 18.242768349132454 ], [ 74.396774418235339, 18.242647546935327 ], [ 74.397049200304323, 18.24253196688284 ], [ 74.397081599841712, 18.242518016766642 ], [ 74.397496411297183, 18.242339418323517 ], [ 74.397762951323472, 18.242224655400531 ], [ 74.398079023556164, 18.242088564054328 ], [ 74.398148916078526, 18.242058471107324 ], [ 74.398420365397826, 18.241946950040202 ], [ 74.398473071352157, 18.241925295762258 ], [ 74.398522273876907, 18.241905081630854 ], [ 74.398619707847558, 18.24186505179097 ], [ 74.398624674632771, 18.241862527263375 ], [ 74.398763115797863, 18.241792169798995 ], [ 74.398765068735287, 18.241791175856516 ], [ 74.398390801841813, 18.241452886127547 ], [ 74.398337775188907, 18.241405684424691 ], [ 74.397644342264897, 18.24078844110187 ], [ 74.396822517628934, 18.240058255327863 ], [ 74.396289128555935, 18.239553480338891 ], [ 74.396277218691878, 18.239542208970693 ], [ 74.395962343015142, 18.239232954626811 ], [ 74.396031538444845, 18.239183929923758 ], [ 74.397173478630634, 18.238908901262548 ], [ 74.397186452099987, 18.238905913413262 ], [ 74.39760215198929, 18.238810170818926 ], [ 74.39793866987786, 18.23871325674935 ], [ 74.397990702994079, 18.238701602246756 ], [ 74.39816766571515, 18.238661964987514 ], [ 74.399069815907225, 18.238434818865564 ], [ 74.399087527091382, 18.238430360115409 ], [ 74.399475253442702, 18.238307047388489 ], [ 74.399697900885883, 18.238265686601892 ], [ 74.399716976610947, 18.238262141610541 ], [ 74.400284713667119, 18.238102848139015 ], [ 74.400300703679193, 18.238098361225195 ], [ 74.400811075219636, 18.237970243959623 ], [ 74.400709217046213, 18.237723298672812 ], [ 74.4007000937562, 18.23768742972938 ], [ 74.400581702988248, 18.237222019258038 ], [ 74.399835078121342, 18.237294603695542 ], [ 74.399598670284632, 18.237317582703469 ], [ 74.39910390158235, 18.235693281957168 ], [ 74.399025125620142, 18.235522607000387 ], [ 74.398999829960047, 18.235400631736827 ], [ 74.398095294740898, 18.235560391824642 ], [ 74.397062110891625, 18.235724038088527 ], [ 74.396569747877663, 18.234933228888057 ], [ 74.395904886769557, 18.232611330122307 ], [ 74.395891427311639, 18.232464485005618 ], [ 74.397105874117301, 18.231873648618595 ], [ 74.397413751917981, 18.231818835313309 ], [ 74.397781841097242, 18.231901582126937 ], [ 74.398369762399554, 18.232592986861111 ], [ 74.398898922204197, 18.232990478643895 ], [ 74.399924721003529, 18.23286627983693 ], [ 74.40047976755973, 18.232677626588863 ], [ 74.400664727981763, 18.232642823975979 ], [ 74.401091296587708, 18.232562552691228 ], [ 74.401091981103917, 18.23256691859137 ], [ 74.401628363363471, 18.232574420908932 ], [ 74.401956764075138, 18.232519796384992 ], [ 74.40216875660073, 18.232449817380758 ], [ 74.402288386145429, 18.232410326302841 ], [ 74.402378963275524, 18.232380426214029 ], [ 74.402638845887225, 18.232294636206312 ], [ 74.402692593887295, 18.232286084420792 ], [ 74.402769874154558, 18.232275070252854 ], [ 74.402847333186543, 18.232265306046056 ], [ 74.40292495032206, 18.232256797773172 ], [ 74.403002701306534, 18.232249546287502 ], [ 74.403019650719301, 18.2322482408665 ], [ 74.403048041075536, 18.23224605577937 ], [ 74.40308056188546, 18.232243553295739 ], [ 74.403158508702674, 18.232238821357615 ], [ 74.40323651660529, 18.232235351326452 ], [ 74.403314565830442, 18.232233145762006 ], [ 74.403392627632016, 18.232232203811069 ], [ 74.40347068134875, 18.232232527180077 ], [ 74.403548702726113, 18.232234114162654 ], [ 74.403577926718924, 18.232235183242839 ], [ 74.403626668407924, 18.232236964758719 ], [ 74.403679856757577, 18.232239775253557 ], [ 74.403704551444761, 18.232241079821431 ], [ 74.403782332971929, 18.232246455084642 ], [ 74.403933311923439, 18.232260526328432 ], [ 74.40453180010843, 18.232328566902133 ], [ 74.405109494989532, 18.232399447804049 ], [ 74.405129513047328, 18.232401904211812 ], [ 74.405424852163293, 18.232441920019113 ], [ 74.405599500824209, 18.232468903807561 ], [ 74.405718381173969, 18.232487270118664 ], [ 74.405803136322675, 18.232500364411642 ], [ 74.405830860129001, 18.232504713249071 ], [ 74.40585866568199, 18.232508610735632 ], [ 74.405886549388399, 18.232512058577733 ], [ 74.405914495078562, 18.232515051656158 ], [ 74.405942500955888, 18.232517590824141 ], [ 74.405970555342194, 18.232519676934889 ], [ 74.405998648356061, 18.232521305722397 ], [ 74.406026774607611, 18.232522480599453 ], [ 74.406054923317072, 18.232523198153284 ], [ 74.40608308729783, 18.232523460943501 ], [ 74.40611125666851, 18.232523267263701 ], [ 74.406139424242568, 18.232522615407426 ], [ 74.406167580138529, 18.232521508787535 ], [ 74.406195717169851, 18.232519945697636 ], [ 74.406223823658465, 18.232517927844096 ], [ 74.406251896011099, 18.232515454373665 ], [ 74.406279921651304, 18.232512528699253 ], [ 74.406307894290947, 18.23250914911435 ], [ 74.40633580404851, 18.232505315618962 ], [ 74.406363642839153, 18.232501034185546 ], [ 74.40639140167977, 18.232496303107617 ], [ 74.406419073383759, 18.232491122385184 ], [ 74.406446648069732, 18.232485494577876 ], [ 74.406474118551131, 18.232479423098404 ], [ 74.406501475844777, 18.232472908800055 ], [ 74.406528712764199, 18.232465954242326 ], [ 74.406555819427879, 18.232458559425268 ], [ 74.406582786852709, 18.232450727761584 ], [ 74.406609607852161, 18.232442462664117 ], [ 74.406636277036313, 18.232433765839261 ], [ 74.406662780930475, 18.232424639846567 ], [ 74.406689115941319, 18.232415088952063 ], [ 74.406715273085766, 18.232405113155675 ], [ 74.406741241584001, 18.232394716723405 ], [ 74.406767016944443, 18.232383903921225 ], [ 74.406792590183954, 18.23237267730876 ], [ 74.406819236011927, 18.232360437928421 ], [ 74.406913729796685, 18.232316986201464 ], [ 74.407009006912318, 18.232275062573915 ], [ 74.407105042206098, 18.232234682404801 ], [ 74.407201802440284, 18.232195854227321 ], [ 74.407299258868832, 18.232158590840822 ], [ 74.407468973982191, 18.232098009877859 ], [ 74.407489879575493, 18.232090688421792 ], [ 74.407510648624864, 18.23208302909142 ], [ 74.407531273943789, 18.232075036152793 ], [ 74.407551750142375, 18.232066712165491 ], [ 74.407572070034121, 18.232058059689127 ], [ 74.407592229127374, 18.23204907957691 ], [ 74.40761222023572, 18.232039776948042 ], [ 74.407632035274261, 18.23203015265571 ], [ 74.407651672446363, 18.232020212672339 ], [ 74.407671121870607, 18.232009957851186 ], [ 74.40769037995365, 18.231999390751735 ], [ 74.407709438610723, 18.231988515640136 ], [ 74.407728295146839, 18.231977335929116 ], [ 74.407746940578889, 18.231965853325107 ], [ 74.407779838681222, 18.231944516907639 ], [ 74.407850521721045, 18.231896281083031 ], [ 74.407920298360722, 18.231846917290451 ], [ 74.407989149735684, 18.23179644003357 ], [ 74.408057054286303, 18.231744863816207 ], [ 74.408123992249728, 18.231692207408233 ], [ 74.408226131595839, 18.231608194317293 ], [ 74.4082690818462, 18.23157280788816 ], [ 74.408312685171779, 18.231538115972803 ], [ 74.408356923606235, 18.231504128810254 ], [ 74.408401787268176, 18.231470858346007 ], [ 74.408447259987838, 18.231438312259456 ], [ 74.408493330087197, 18.231406499936433 ], [ 74.408539982294855, 18.231375434175686 ], [ 74.408587203136094, 18.231345122656549 ], [ 74.408634977339517, 18.23131557561808 ], [ 74.408683289633814, 18.231286800739664 ], [ 74.408732128340873, 18.231258805700701 ], [ 74.408764905170642, 18.23124073788734 ], [ 74.40878147639269, 18.231231603299857 ], [ 74.408831317619587, 18.231205196950381 ], [ 74.408881640343495, 18.23117959774455 ], [ 74.408885206655157, 18.231177856319274 ], [ 74.408932425699774, 18.231154811655259 ], [ 74.408983661111975, 18.231130848068293 ], [ 74.409035327715543, 18.231107712956533 ], [ 74.409087413832339, 18.231085413999335 ], [ 74.409139902394429, 18.231063957169546 ], [ 74.409192773638779, 18.231043350146507 ], [ 74.409246015887348, 18.231023597196632 ], [ 74.409299611173807, 18.231004706852378 ], [ 74.409353543328564, 18.230986683380216 ], [ 74.409425022275713, 18.230964289699774 ], [ 74.40949473872827, 18.230943885731936 ], [ 74.40956481540529, 18.230924609722319 ], [ 74.409635229848803, 18.230906467643866 ], [ 74.409705961397648, 18.230889466322719 ], [ 74.409776989390537, 18.230873608318849 ], [ 74.409848291369585, 18.230858898751933 ], [ 74.40991984487691, 18.230845343594829 ], [ 74.40999162925128, 18.230832947967116 ], [ 74.410063622034755, 18.230821712722332 ], [ 74.410135801667849, 18.230811642126749 ], [ 74.410175052655887, 18.230806813735441 ], [ 74.410208145692621, 18.230802742153177 ], [ 74.410280634346165, 18.230795011948555 ], [ 74.410353240679001, 18.230788453219471 ], [ 74.410425949419775, 18.230783071938646 ], [ 74.410498730924104, 18.230778866399746 ], [ 74.41057156812397, 18.230775839162483 ], [ 74.41064443766318, 18.230773991080188 ], [ 74.410717317083865, 18.23077332300613 ], [ 74.410790183928128, 18.230773834940273 ], [ 74.410863016636426, 18.230775526029436 ], [ 74.410935792750848, 18.230778395420309 ], [ 74.411008489813526, 18.230782444819337 ], [ 74.411081086264929, 18.230787669960272 ], [ 74.41115355964709, 18.230794070843032 ], [ 74.41122588840048, 18.230801644907796 ], [ 74.411298049168963, 18.230810391301222 ], [ 74.411370020392894, 18.230820304903794 ], [ 74.411441779614421, 18.230831384862036 ], [ 74.411482246921338, 18.230838394091389 ], [ 74.411530784692772, 18.230846801753323 ], [ 74.411607336426329, 18.230860218688186 ], [ 74.411663282603925, 18.230869085383119 ], [ 74.411684142383123, 18.230872391622686 ], [ 74.41176118100357, 18.230883317144244 ], [ 74.411838428033178, 18.230892990133775 ], [ 74.411915860115727, 18.230901408884957 ], [ 74.411993453895008, 18.230908570838405 ], [ 74.41207118601487, 18.230914474287758 ], [ 74.412149033119078, 18.230919115820285 ], [ 74.412226968258167, 18.230922496289317 ], [ 74.412304972567554, 18.230924612281989 ], [ 74.412383019097746, 18.230925463798382 ], [ 74.41246108359428, 18.230925053398202 ], [ 74.412539146294165, 18.230923375962067 ], [ 74.412657018734166, 18.230918446893533 ], [ 74.412880775596676, 18.230908162997835 ], [ 74.413104651036861, 18.23090150017984 ], [ 74.413328574087728, 18.230898460146392 ], [ 74.413552478273985, 18.230899043750899 ], [ 74.413776294425347, 18.230903250993343 ], [ 74.41399995426984, 18.230911082726685 ], [ 74.41441469296177, 18.230935228080391 ], [ 74.414459458707327, 18.230938877314287 ], [ 74.414504139112935, 18.230943250934185 ], [ 74.414548723398809, 18.230948348086915 ], [ 74.414593195395241, 18.230954167919084 ], [ 74.414637541627556, 18.230960707871006 ], [ 74.414681750417657, 18.230967966236165 ], [ 74.414725807392429, 18.230975941308007 ], [ 74.414769698178915, 18.230984628820305 ], [ 74.414813411997272, 18.230994027066544 ], [ 74.414856932677822, 18.231004135193317 ], [ 74.414900249440834, 18.231014947228033 ], [ 74.414943345218276, 18.23102646061086 ], [ 74.41498621192531, 18.231038672781963 ], [ 74.415028833392299, 18.231051581181543 ], [ 74.415071197042778, 18.231065178130471 ], [ 74.415113290300368, 18.23107946277532 ], [ 74.415155098791971, 18.231094428290199 ], [ 74.41519661443283, 18.231110072968441 ], [ 74.415237819256618, 18.231126389984102 ], [ 74.415278704280126, 18.23114337421768 ], [ 74.415319253333749, 18.231161023109294 ], [ 74.415395885017375, 18.231196623780782 ], [ 74.41542106569311, 18.231208560349412 ], [ 74.415446471845954, 18.231220082251639 ], [ 74.415472096289463, 18.231231191193931 ], [ 74.415497930938713, 18.231241880350673 ], [ 74.415523967708893, 18.231252146308989 ], [ 74.415550197616881, 18.231261989069012 ], [ 74.415576615272755, 18.231271401804992 ], [ 74.415603210795055, 18.231280385370287 ], [ 74.415629975200645, 18.231288932939144 ], [ 74.415656903099617, 18.231297046218053 ], [ 74.415683983712128, 18.231304719234537 ], [ 74.415711210750089, 18.231311951135513 ], [ 74.415738575230279, 18.231318740214491 ], [ 74.415766068169546, 18.231325083911916 ], [ 74.415793680584756, 18.231330979668144 ], [ 74.415821407086, 18.231336425776824 ], [ 74.415849235096857, 18.231341422237946 ], [ 74.415877160125802, 18.23134596478544 ], [ 74.415905169596371, 18.231350054272614 ], [ 74.415933259915306, 18.231353689846273 ], [ 74.41596141940451, 18.231356868093552 ], [ 74.415989638182495, 18.23135958901441 ], [ 74.416017910859452, 18.231361851755747 ], [ 74.416046226655524, 18.231363657170764 ], [ 74.416074578384212, 18.231365001846594 ], [ 74.416102956164025, 18.231365889196088 ], [ 74.416131351011842, 18.231366314953206 ], [ 74.416159756639431, 18.23136628082441 ], [ 74.416188161368709, 18.231365786809626 ], [ 74.416216558911501, 18.231364832908891 ], [ 74.416244940284585, 18.231363419975406 ], [ 74.416273295606516, 18.231361547155974 ], [ 74.416301616792495, 18.231359217010205 ], [ 74.416329895757627, 18.231356427831624 ], [ 74.416358122620494, 18.231353183033146 ], [ 74.416386291092834, 18.231349480908296 ], [ 74.416414390394948, 18.231345324869856 ], [ 74.41644727861582, 18.231339865963161 ], [ 74.416786475280588, 18.231277411894713 ], [ 74.417124512220312, 18.231209484388259 ], [ 74.417461285230431, 18.231136103914743 ], [ 74.417963359032612, 18.231015983040052 ], [ 74.418104521194664, 18.230981604146312 ], [ 74.418246280736383, 18.230949509323029 ], [ 74.418388596335291, 18.230919707103734 ], [ 74.418531421278942, 18.230892207728285 ], [ 74.418674714244844, 18.23086701887668 ], [ 74.418818432113881, 18.23084414908228 ], [ 74.41896252907199, 18.230823604318513 ], [ 74.419106962898312, 18.230805391411959 ], [ 74.41925169137204, 18.230789512923092 ], [ 74.419434773416853, 18.230772813631631 ], [ 74.419557151806302, 18.230761911993397 ], [ 74.419679331668135, 18.230749034288358 ], [ 74.419801274374692, 18.230734178809652 ], [ 74.419922943993399, 18.230717355795431 ], [ 74.420044302795006, 18.230698567804833 ], [ 74.42016531215198, 18.23067782166299 ], [ 74.42028593703003, 18.230655121635305 ], [ 74.420406140598203, 18.230630478812952 ], [ 74.42054264140225, 18.230600013583601 ], [ 74.420567684635742, 18.230593965928641 ], [ 74.420592615579821, 18.230587514698236 ], [ 74.420617426149661, 18.230580661598896 ], [ 74.420642109158692, 18.230573409190178 ], [ 74.420666655623862, 18.230565760031663 ], [ 74.420691060155164, 18.230557716683077 ], [ 74.420715314667845, 18.230549279997504 ], [ 74.420739411077008, 18.230540455094278 ], [ 74.420763343094535, 18.230531241973299 ], [ 74.420787101737147, 18.230521644047485 ], [ 74.420810681615023, 18.230511664729615 ], [ 74.420834074643338, 18.230501309138955 ], [ 74.420857273635562, 18.230490577275461 ], [ 74.420880273201774, 18.230479474258416 ], [ 74.420903062562232, 18.230468000941013 ], [ 74.42092563812362, 18.230456164148883 ], [ 74.420947990902832, 18.230443965588481 ], [ 74.420970117306595, 18.230431408672612 ], [ 74.420992006555139, 18.230418499373762 ], [ 74.421013655953487, 18.230405240251578 ], [ 74.421035054721841, 18.230391633865583 ], [ 74.421056199267028, 18.230377687041553 ], [ 74.421077082402419, 18.230363403192271 ], [ 74.421097696941573, 18.230348784877375 ], [ 74.421118038392848, 18.230333838069317 ], [ 74.421138097773152, 18.230318567887412 ], [ 74.421157872387525, 18.230302977744451 ], [ 74.421186569069249, 18.23027935533052 ], [ 74.421206402972402, 18.230262311286754 ], [ 74.421225917075319, 18.230244949841182 ], [ 74.421245105089795, 18.23022728123242 ], [ 74.421263961625925, 18.230209307166824 ], [ 74.421282481293829, 18.230191033616897 ], [ 74.421300656906965, 18.230172468261596 ], [ 74.421318484872103, 18.230153613660448 ], [ 74.4213359580027, 18.230134478345672 ], [ 74.421353071807175, 18.230115065730061 ], [ 74.421369821793959, 18.230095384345827 ], [ 74.421386201674864, 18.230075437605752 ], [ 74.421402207856573, 18.230055234042045 ], [ 74.421417834050956, 18.230034776214264 ], [ 74.421433074868077, 18.230014074361048 ], [ 74.421447927612959, 18.229993132748497 ], [ 74.421462386895769, 18.229971957349068 ], [ 74.421476448224936, 18.229950555841736 ], [ 74.42149010800712, 18.229928935052239 ], [ 74.421503360852526, 18.229907099246635 ], [ 74.421516204066151, 18.229885056957162 ], [ 74.421528632258088, 18.229862815009483 ], [ 74.421540640936811, 18.229840380229412 ], [ 74.421552230102307, 18.22981775688303 ], [ 74.421563392568004, 18.229794956915384 ], [ 74.421574128333987, 18.229771982032918 ], [ 74.421587185346624, 18.229742457764441 ], [ 74.421589325133652, 18.229737585828765 ], [ 74.42159155565048, 18.229732748875335 ], [ 74.42159387599888, 18.229727947757379 ], [ 74.42159628707708, 18.229723185034576 ], [ 74.421598787088499, 18.229718459000484 ], [ 74.42160137333822, 18.229713774774517 ], [ 74.421604046724539, 18.229709132356586 ], [ 74.421606809942318, 18.229704531746783 ], [ 74.421609654906831, 18.229699977211169 ], [ 74.421612587906225, 18.229695467043371 ], [ 74.421615601754013, 18.229691003803037 ], [ 74.421618700941735, 18.229686590903082 ], [ 74.421621880977852, 18.229682226637106 ], [ 74.421625140964025, 18.229677914417938 ], [ 74.42162848269686, 18.229673655098857 ], [ 74.421631902583158, 18.229669448679932 ], [ 74.421635400622876, 18.229665298573977 ], [ 74.421638975917688, 18.229661203927805 ], [ 74.421642625772705, 18.229657168154379 ], [ 74.421646351984492, 18.229653190400409 ], [ 74.421650150959849, 18.229649273225597 ], [ 74.421654021800407, 18.229645416629999 ], [ 74.421657965404506, 18.229641622320027 ], [ 74.42166197728055, 18.229637892855397 ], [ 74.421666059225203, 18.229634227382856 ], [ 74.4216702094418, 18.229630627608906 ], [ 74.421674421642194, 18.229627095240016 ], [ 74.421678703911155, 18.229623631129332 ], [ 74.421683047265546, 18.229620236130177 ], [ 74.421687452603692, 18.229616911095754 ], [ 74.421691920823918, 18.2296136560261 ], [ 74.421696448332952, 18.229610476040509 ], [ 74.421701035130795, 18.229607366872933 ], [ 74.421705675827539, 18.229604332789474 ], [ 74.421710373118174, 18.229601372936894 ], [ 74.421715126104345, 18.229598489874935 ], [ 74.421719930294486, 18.229595683603549 ], [ 74.421724785688596, 18.229592954122779 ], [ 74.421729689591714, 18.229590303992282 ], [ 74.421734644698844, 18.229587732358883 ], [ 74.421739643823386, 18.229585241782189 ], [ 74.421744688762018, 18.229582831409065 ], [ 74.421749777718105, 18.229580502092681 ], [ 74.421754908894997, 18.22957825468632 ], [ 74.42176008139441, 18.229576091749628 ], [ 74.42176529072475, 18.229574013282651 ], [ 74.42177053778434, 18.229572015872442 ], [ 74.421775821674828, 18.229570104638377 ], [ 74.42178113880297, 18.229568279580473 ], [ 74.421786489168824, 18.229566539845493 ], [ 74.421791870077371, 18.229564887993167 ], [ 74.421797279732033, 18.229563322316984 ], [ 74.421802718132753, 18.229561843670187 ], [ 74.421808181686302, 18.229560452906057 ], [ 74.421813668596073, 18.229559150877751 ], [ 74.421819178861995, 18.229557937585351 ], [ 74.421824710687531, 18.229556813882006 ], [ 74.421830261377664, 18.229555778914538 ], [ 74.421835830034127, 18.229554835242642 ], [ 74.421841412165293, 18.229553980306616 ], [ 74.421852384188171, 18.229552568211659 ], [ 74.421892475999314, 18.229547725280469 ], [ 74.421932478877224, 18.229542234747875 ], [ 74.421972379347196, 18.229536100026696 ], [ 74.422012166629443, 18.229529320263673 ], [ 74.422051828147559, 18.229521898871617 ], [ 74.422091351325108, 18.229513836703692 ], [ 74.42213072358571, 18.229505139732417 ], [ 74.422169936844469, 18.229495808810903 ], [ 74.422208973135128, 18.229485843939084 ], [ 74.422247825271199, 18.229475252795915 ], [ 74.422286479777881, 18.22946403538122 ], [ 74.422324924078751, 18.229452196814346 ], [ 74.422363148292419, 18.229439738801588 ], [ 74.422401138944096, 18.22942666816866 ], [ 74.422438885254039, 18.229412985768654 ], [ 74.422476374645782, 18.229398697574013 ], [ 74.422517892981602, 18.229382045076736 ], [ 74.422542515803528, 18.229372139924525 ], [ 74.422567319186811, 18.229362634083621 ], [ 74.422592290555102, 18.229353528407362 ], [ 74.422617426315057, 18.229344827161899 ], [ 74.42264271658523, 18.22933653290703 ], [ 74.422668153280839, 18.229328645642788 ], [ 74.422693730113608, 18.229321171341873 ], [ 74.422719439897037, 18.229314110857548 ], [ 74.42274527095303, 18.229307465043092 ], [ 74.422771220586654, 18.229301237311496 ], [ 74.42279727711977, 18.229295430222479 ], [ 74.422823434264217, 18.229290043776068 ], [ 74.422849683935141, 18.229285081385264 ], [ 74.422876017149378, 18.229280542196825 ], [ 74.422902426720412, 18.22927642877055 ], [ 74.422928904563406, 18.229272743666101 ], [ 74.422955442593519, 18.229269486883513 ], [ 74.422982033624265, 18.229266660129277 ], [ 74.423008666875816, 18.229264263403433 ], [ 74.423035336958293, 18.229262296705969 ], [ 74.423062035786828, 18.229260762596621 ], [ 74.423083253095513, 18.229259886328379 ], [ 74.423088752581677, 18.229259660222144 ], [ 74.423095947188799, 18.229259479337177 ], [ 74.423115481952976, 18.229258988729342 ], [ 74.423142214019208, 18.229258752384347 ], [ 74.423168940695518, 18.229258946921007 ], [ 74.42319345392302, 18.229259522851972 ], [ 74.423195654795478, 18.229259574045802 ], [ 74.423203082964534, 18.229259869263743 ], [ 74.423222349132445, 18.229260633758731 ], [ 74.423249012028393, 18.229262126059769 ], [ 74.423275638991726, 18.229264050095669 ], [ 74.423302220140982, 18.229266405013203 ], [ 74.423328747391338, 18.229269189105914 ], [ 74.423355213556221, 18.229272403226947 ], [ 74.423381609652523, 18.229276047376317 ], [ 74.423407927595392, 18.229280117287864 ], [ 74.42343416019834, 18.229284612961489 ], [ 74.423460300274769, 18.229289534397232 ], [ 74.423486337044977, 18.229294879035351 ], [ 74.423534459794752, 18.229305936906751 ], [ 74.423555166860353, 18.229310850662813 ], [ 74.423562846557729, 18.229312540912954 ], [ 74.423575968249082, 18.229315425686142 ], [ 74.423596856774381, 18.229319663683189 ], [ 74.423617826148046, 18.229323562094347 ], [ 74.423638869183591, 18.229327119213092 ], [ 74.423659979592756, 18.229330335039549 ], [ 74.42368115378234, 18.229333207013951 ], [ 74.423702380972486, 18.229335735989604 ], [ 74.423723656671669, 18.229337920260051 ], [ 74.423744976388321, 18.22933975897207 ], [ 74.423766329342627, 18.229341252978866 ], [ 74.423787712839626, 18.229342399720807 ], [ 74.423809117896241, 18.229343200051122 ], [ 74.423830539122491, 18.229343654823051 ], [ 74.423851971128542, 18.229343762330117 ], [ 74.423873404931243, 18.22934352171908 ], [ 74.423894835140644, 18.229342936402855 ], [ 74.423916256366894, 18.229342002968604 ], [ 74.423937658728548, 18.229340723122654 ], [ 74.423959040428954, 18.229339096865083 ], [ 74.423980390688314, 18.229337125902315 ], [ 74.424001705015073, 18.229334809381129 ], [ 74.424022978019309, 18.229332149007917 ], [ 74.424044201616198, 18.229329144782721 ], [ 74.424086213127083, 18.229322159383052 ], [ 74.424094731850928, 18.229320458041009 ], [ 74.424103184099451, 18.229318482811877 ], [ 74.424111559092822, 18.229316237108588 ], [ 74.424119848746273, 18.229313721784319 ], [ 74.424128042279989, 18.229310941105268 ], [ 74.424136128015874, 18.229307899337567 ], [ 74.424144096970764, 18.229304595627926 ], [ 74.424151941958101, 18.229301039361928 ], [ 74.424159650401592, 18.229297232246008 ], [ 74.424167215114593, 18.229293180252739 ], [ 74.424174622622445, 18.229288885941784 ], [ 74.424181869331804, 18.229284356992245 ], [ 74.424188945361323, 18.229279599376696 ], [ 74.42419583813448, 18.229274615654823 ], [ 74.424202543159751, 18.229269414358892 ], [ 74.424209050555703, 18.2292640006083 ], [ 74.424215353135708, 18.229258383788544 ], [ 74.424221441916714, 18.22925256560611 ], [ 74.424227310610448, 18.229246558006139 ], [ 74.424232952928747, 18.229240367814533 ], [ 74.424238360786788, 18.229233999297364 ], [ 74.424243527896309, 18.22922746184021 ], [ 74.424248447070795, 18.229220764828593 ], [ 74.424253112920354, 18.229213915941514 ], [ 74.424257520953475, 18.229206921151651 ], [ 74.424261664881882, 18.229199792404206 ], [ 74.424265540213995, 18.229192534818509 ], [ 74.424269139763325, 18.22918516119303 ], [ 74.424273563966139, 18.229175016271597 ], [ 74.424277954032917, 18.229163942180442 ], [ 74.424282136588872, 18.229152802389788 ], [ 74.424286108939057, 18.229141597752808 ], [ 74.424289870185149, 18.229130333388873 ], [ 74.424293419428849, 18.229119011857733 ], [ 74.424296755771806, 18.229107637425439 ], [ 74.42429987831575, 18.229096212651758 ], [ 74.424302787060611, 18.229084741802776 ], [ 74.424305479311556, 18.229073226584987 ], [ 74.424307954170146, 18.229061673824237 ], [ 74.424310213433088, 18.229050084373721 ], [ 74.424312252608757, 18.229038460793163 ], [ 74.424314074392186, 18.229026809908405 ], [ 74.424315676088341, 18.229015133425882 ], [ 74.424317057697252, 18.229003434758567 ], [ 74.424318221015511, 18.228991718172573 ], [ 74.424319161551637, 18.22897998708082 ], [ 74.4243198828988, 18.228968244043045 ], [ 74.424320382362097, 18.228956494178611 ], [ 74.424320661738165, 18.228944740047194 ], [ 74.424320719230337, 18.228932985061796 ], [ 74.424320554838644, 18.228921234341737 ], [ 74.424320170359678, 18.228909489593502 ], [ 74.424319184009491, 18.228891963338992 ], [ 74.424318365644282, 18.228878548812038 ], [ 74.424317799705676, 18.228865119779119 ], [ 74.424317487990251, 18.228851681359576 ], [ 74.424317427803146, 18.228838236113116 ], [ 74.424317621839208, 18.228824790012411 ], [ 74.424318070098565, 18.228811348176841 ], [ 74.424318768987845, 18.228797909753151 ], [ 74.424319721202068, 18.228784484980117 ], [ 74.424320924944539, 18.228771073004605 ], [ 74.424322382910219, 18.228757680652397 ], [ 74.424324089709287, 18.228744312189725 ], [ 74.424326049833212, 18.228730970176251 ], [ 74.42432825879051, 18.228717658878161 ], [ 74.424330719276085, 18.228704384268113 ], [ 74.42433342679837, 18.228691147199328 ], [ 74.424336384052253, 18.228677953644485 ], [ 74.4243395892412, 18.228664808722943 ], [ 74.424343038771909, 18.228651714141247 ], [ 74.424346734440945, 18.228638675018757 ], [ 74.424350672655152, 18.228625694768457 ], [ 74.424354856109431, 18.228612777656508 ], [ 74.424359280312203, 18.22859992880236 ], [ 74.424363945263494, 18.228587149912453 ], [ 74.424368848268287, 18.228574446959463 ], [ 74.424373989326682, 18.22856182335638 ], [ 74.42437936484535, 18.22854927995639 ], [ 74.424384975722589, 18.228536825291929 ], [ 74.424390819263536, 18.22852446021621 ], [ 74.424396893671485, 18.228512188142158 ], [ 74.4244031971498, 18.228500015042478 ], [ 74.424409727003606, 18.228487942623644 ], [ 74.424416481436253, 18.228475976858373 ], [ 74.424423458651049, 18.228464117746633 ], [ 74.424430655953117, 18.228452372967524 ], [ 74.424438074240712, 18.228440744227633 ], [ 74.424445707225686, 18.228429234939867 ], [ 74.424453554908027, 18.228417846810732 ], [ 74.424461613694433, 18.228406586666111 ], [ 74.424469881788312, 18.228395457065808 ], [ 74.424478355596406, 18.228384458862983 ], [ 74.424487035118645, 18.22837359973683 ], [ 74.424495914965235, 18.228362878834176 ], [ 74.424510180211968, 18.228346425894845 ], [ 74.424523380056755, 18.228331869696635 ], [ 74.424536849396091, 18.228317527659367 ], [ 74.424550584636819, 18.228303403196023 ], [ 74.424564581287257, 18.22828949971958 ], [ 74.42457883395754, 18.228275822349545 ], [ 74.424593339054439, 18.22826237364567 ], [ 74.424608092086331, 18.228249162993563 ], [ 74.424623088561688, 18.228236186980389 ], [ 74.424638325785551, 18.228223454138526 ], [ 74.424653796571363, 18.228210967880958 ], [ 74.424669497325894, 18.228198729914286 ], [ 74.424685421760955, 18.228186747064345 ], [ 74.424701566283247, 18.228175021037746 ], [ 74.424717927299525, 18.228163555247455 ], [ 74.424734496724909, 18.228152354812945 ], [ 74.424751272762833, 18.228141422294005 ], [ 74.42476824912508, 18.228130759397065 ], [ 74.424785417726824, 18.228120371241726 ], [ 74.424802777669655, 18.228110260387627 ], [ 74.424820321767172, 18.228100430247832 ], [ 74.424838044629411, 18.228090883382119 ], [ 74.424855941764804, 18.228081623203401 ], [ 74.424874006885176, 18.228072651418259 ], [ 74.42489223460062, 18.228063973146142 ], [ 74.424910618622889, 18.228055588387083 ], [ 74.424929152663822, 18.228047501407332 ], [ 74.424947834926797, 18.228039712206908 ], [ 74.424966658225273, 18.228032225905302 ], [ 74.424985613576055, 18.228025045062228 ], [ 74.425004699182594, 18.228018168824512 ], [ 74.425023906061696, 18.228011603164852 ], [ 74.425043229721766, 18.228005347230045 ], [ 74.425062665671263, 18.227999401873333 ], [ 74.42508220672363, 18.227993773920666 ], [ 74.425101846590692, 18.227988459959139 ], [ 74.425130543272445, 18.227981307271087 ], [ 74.425143936254997, 18.227978250121897 ], [ 74.425157383136494, 18.227975409694864 ], [ 74.425170879425309, 18.227972786843331 ], [ 74.425184420629932, 18.227970383273757 ], [ 74.425198001360386, 18.227968197279669 ], [ 74.425211618023454, 18.22796623227406 ], [ 74.425225267924219, 18.227964485697157 ], [ 74.425238945672717, 18.227962960961971 ], [ 74.425252647675777, 18.227961658068491 ], [ 74.425266369441715, 18.227960576163483 ], [ 74.425280107377361, 18.227959716100184 ], [ 74.425293856092765, 18.227959077878619 ], [ 74.425307612893079, 18.227958663205243 ], [ 74.425321370591604, 18.227958471226824 ], [ 74.425335128290186, 18.227958500236909 ], [ 74.425348880598875, 18.227958752795175 ], [ 74.425362623026103, 18.227959228048398 ], [ 74.425376352876881, 18.227959925996586 ], [ 74.425390064761373, 18.227960844933271 ], [ 74.425403754188011, 18.227961987418098 ], [ 74.425417416665169, 18.227963350038216 ], [ 74.425431048599592, 18.227964935353231 ], [ 74.425444647296374, 18.227966739950272 ], [ 74.425458207365608, 18.227968764682508 ], [ 74.42547172341736, 18.227971010403202 ], [ 74.42548519275671, 18.227973472846156 ], [ 74.42549861089212, 18.227976153717812 ], [ 74.425511974230275, 18.227979053018178 ], [ 74.425525279177947, 18.22798216818752 ], [ 74.425538520345242, 18.227985499225849 ], [ 74.425551693240592, 18.227989042720189 ], [ 74.425564796067292, 18.227992801230236 ], [ 74.425577821638925, 18.227996771343033 ], [ 74.425590770853745, 18.228000953058569 ], [ 74.425603633830306, 18.228005343817102 ], [ 74.425616410568594, 18.228009943618613 ], [ 74.425629098373676, 18.228014749050178 ], [ 74.425641690058981, 18.228019760964973 ], [ 74.425654182031352, 18.228024976803283 ], [ 74.425666571595727, 18.228030394858596 ], [ 74.425678856955557, 18.228036013424465 ], [ 74.425691030025959, 18.228041830794393 ], [ 74.425703090806991, 18.228047846968305 ], [ 74.425715033010363, 18.228054056826789 ], [ 74.42572685483951, 18.228060461223084 ], [ 74.425740074447233, 18.228067933871721 ], [ 74.425777981555584, 18.228089420934303 ], [ 74.425816298295729, 18.228110286837971 ], [ 74.425855007599623, 18.228130527316747 ], [ 74.425894098687522, 18.228150132131987 ], [ 74.425933564372897, 18.228169097871007 ], [ 74.425973384892814, 18.228187420267773 ], [ 74.426013554857377, 18.228205089936957 ], [ 74.426054057198584, 18.22822210431902 ], [ 74.426094882035017, 18.228238456588233 ], [ 74.426136017688492, 18.228254143331878 ], [ 74.426177449786024, 18.228269157724252 ], [ 74.426219166649503, 18.228283498059035 ], [ 74.42626115390587, 18.22829715836377 ], [ 74.426303401673692, 18.228310134372386 ], [ 74.426345894681603, 18.228322420112438 ], [ 74.426399825937963, 18.2283369319432 ], [ 74.426415700965677, 18.228340889249587 ], [ 74.426431652350175, 18.228344586319071 ], [ 74.426447672904942, 18.228348024858139 ], [ 74.426463758138439, 18.228351204013553 ], [ 74.426479905355663, 18.228354120372384 ], [ 74.426496107370141, 18.228356775641117 ], [ 74.426512359690264, 18.228359167260052 ], [ 74.426528657824434, 18.228361294375965 ], [ 74.426544997281141, 18.228363157842136 ], [ 74.426561372670463, 18.22836475595205 ], [ 74.426577778602478, 18.228366087852542 ], [ 74.426594209687366, 18.228367156103253 ], [ 74.426610662331797, 18.228367954731564 ], [ 74.426627131145892, 18.228368488856937 ], [ 74.426643608943138, 18.228368755919604 ], [ 74.426660093926927, 18.228368756772841 ], [ 74.426676580707351, 18.228368491416621 ], [ 74.426693062097868, 18.228367957291276 ], [ 74.426709532708571, 18.228367157809725 ], [ 74.426725990742895, 18.228366092118698 ], [ 74.426742429912622, 18.228364759365004 ], [ 74.426758843031152, 18.22836316210833 ], [ 74.426775229200274, 18.228361300348627 ], [ 74.426791579436738, 18.228359173232697 ], [ 74.426807890147373, 18.228356783320237 ], [ 74.426824155942214, 18.2283541280515 ], [ 74.42684037322806, 18.228351211692672 ], [ 74.426856536614949, 18.228348034243719 ], [ 74.426872640713057, 18.22834459741113 ], [ 74.426888681030761, 18.228340898635174 ], [ 74.426904653076519, 18.228336943888475 ], [ 74.426920548765466, 18.228332729758097 ], [ 74.42693636989425, 18.228328262216611 ], [ 74.426952103886435, 18.228323538704359 ], [ 74.426967750742051, 18.228318562634193 ], [ 74.426983305071232, 18.22831333485939 ], [ 74.426998762382311, 18.228307857939573 ], [ 74.427014117285481, 18.228302132728061 ], [ 74.427040189988261, 18.228291742876443 ], [ 74.427089640448003, 18.22827170292685 ], [ 74.427139452030531, 18.228252461603805 ], [ 74.427189605871149, 18.228234024880241 ], [ 74.427240091190114, 18.22821639872906 ], [ 74.427290890919437, 18.228199589976395 ], [ 74.427341987991113, 18.22818360118217 ], [ 74.427393368930439, 18.228168440025751 ], [ 74.427445019364313, 18.228154108213868 ], [ 74.427496917733222, 18.228140610866078 ], [ 74.427549055053987, 18.228127954808503 ], [ 74.4276014115637, 18.228116140041337 ], [ 74.427653972889289, 18.228105171684138 ], [ 74.427706721962764, 18.228095054856524 ], [ 74.427759642614461, 18.228085791265084 ], [ 74.427852416125432, 18.228071666782952 ], [ 74.427892654361969, 18.228066451799265 ], [ 74.427932977040129, 18.22806188868843 ], [ 74.427973371583519, 18.22805797830371 ], [ 74.428013826314, 18.228054719791903 ], [ 74.428054326858572, 18.228052117419253 ], [ 74.428094863335801, 18.228050167772835 ], [ 74.428135422270856, 18.228048875972078 ], [ 74.4281759910874, 18.228048240310557 ], [ 74.428216557209026, 18.22804825993498 ], [ 74.428257108957567, 18.228048937405134 ], [ 74.428297633756657, 18.228050267601546 ], [ 74.42833812082651, 18.228052257350093 ], [ 74.428378555794097, 18.228054899824897 ], [ 74.428418926082955, 18.228058196732331 ], [ 74.428459220913354, 18.228062148072436 ], [ 74.428499426810504, 18.228066752138631 ], [ 74.428539532994691, 18.228072003811494 ], [ 74.42857952599114, 18.228077908210352 ], [ 74.428619393223457, 18.228084457656024 ], [ 74.428659123911814, 18.228091653854889 ], [ 74.428698704581564, 18.228099491687466 ], [ 74.428738123554552, 18.228107971153662 ], [ 74.428777370949319, 18.228117088840467 ], [ 74.428816430596171, 18.228126842188015 ], [ 74.428855296206933, 18.228137226930059 ], [ 74.428893949815304, 18.228148241359982 ], [ 74.428932384234741, 18.228159882064766 ], [ 74.428970585990541, 18.228172143924795 ], [ 74.429008543404549, 18.228185026086766 ], [ 74.429046244798684, 18.228198521724643 ], [ 74.42908367759658, 18.228212629131779 ], [ 74.429120833713355, 18.228227342335387 ], [ 74.429157699674292, 18.228242657069138 ], [ 74.429194263801335, 18.228258569066703 ], [ 74.429252747719559, 18.228285562036426 ], [ 74.429294808637792, 18.228306109659677 ], [ 74.429336468009112, 18.228327339015721 ], [ 74.429377712358743, 18.228349243278409 ], [ 74.429418530008647, 18.228371815621678 ], [ 74.429458909280626, 18.22839505007256 ], [ 74.429498834903455, 18.228418938098496 ], [ 74.429538297893885, 18.228443473726504 ], [ 74.429577285675506, 18.228468649277215 ], [ 74.429615785671984, 18.228494457071264 ], [ 74.429653787103419, 18.228520888576021 ], [ 74.429724711790058, 18.228572906018186 ], [ 74.429734386645677, 18.228580120114771 ], [ 74.429744198943538, 18.228587173803035 ], [ 74.429754144192032, 18.228594067936157 ], [ 74.429764219696239, 18.228600797394808 ], [ 74.429774422761227, 18.228607361325793 ], [ 74.429784748895443, 18.2286137580226 ], [ 74.429795197200519, 18.228619984925583 ], [ 74.429805763184874, 18.228626042034744 ], [ 74.42981644235698, 18.228631925937169 ], [ 74.429827232021879, 18.228637634073181 ], [ 74.429838132179526, 18.228643165589585 ], [ 74.429849134745098, 18.228648519633104 ], [ 74.42986023971865, 18.228653692790878 ], [ 74.429871442608558, 18.228658685062864 ], [ 74.429882739821593, 18.22866349474269 ], [ 74.429894128662767, 18.228668119270594 ], [ 74.42990560464051, 18.228672557793374 ], [ 74.429917165059891, 18.228676810311104 ], [ 74.429928805429356, 18.228680871704295 ], [ 74.429940523053915, 18.228684746239189 ], [ 74.429952314340326, 18.228688427089935 ], [ 74.429964174797036, 18.228691917669462 ], [ 74.429976100830729, 18.228695213711624 ], [ 74.429988090644855, 18.228698316922863 ], [ 74.430000140646058, 18.22870122474351 ], [ 74.430012243647894, 18.228703936320386 ], [ 74.43002439875201, 18.22870645080021 ], [ 74.430036603263446, 18.228708768183029 ], [ 74.430048851792336, 18.228710887615559 ], [ 74.430061138948801, 18.228712808244648 ], [ 74.430073463834503, 18.228714528363756 ], [ 74.430085821957874, 18.228716047972966 ], [ 74.430098208827332, 18.228717367925469 ], [ 74.430110621747914, 18.228718487368067 ], [ 74.430123055329773, 18.228719404594273 ], [ 74.430135507776242, 18.228720122163754 ], [ 74.430147973697444, 18.228720635810447 ], [ 74.430160450398404, 18.228720948947192 ], [ 74.430172931590945, 18.228721059014312 ], [ 74.430185418173409, 18.228720967718328 ], [ 74.430197902060911, 18.228720675059183 ], [ 74.430210382355142, 18.228720180183679 ], [ 74.43022285186963, 18.228719482238507 ], [ 74.430235309705964, 18.228718583783476 ], [ 74.430247752270958, 18.228717483112035 ], [ 74.430260173276395, 18.228716182783881 ], [ 74.430272570925638, 18.228714681092612 ], [ 74.430293966999074, 18.228711608598051 ], [ 74.430336069239843, 18.228705310026726 ], [ 74.430378273888493, 18.228699690629227 ], [ 74.430420570165339, 18.228694753818608 ], [ 74.43046294459559, 18.228690503007797 ], [ 74.430505384602895, 18.228686937343667 ], [ 74.430547876712467, 18.228684055973027 ], [ 74.430590408347911, 18.228681864015261 ], [ 74.430632966034494, 18.228680358910758 ], [ 74.430675538094121, 18.228679544072417 ], [ 74.430718109255423, 18.228679416940544 ], [ 74.430760667840318, 18.228679978368429 ], [ 74.430803202170722, 18.228681228356045 ], [ 74.430845696076915, 18.228683166903338 ], [ 74.430888139677478, 18.228685793157119 ], [ 74.430930518599311, 18.228689106264042 ], [ 74.430972822960996, 18.228693105370922 ], [ 74.431015034796161, 18.228697787917934 ], [ 74.431057143325134, 18.228703154758293 ], [ 74.431099136869719, 18.228709201625737 ], [ 74.431141001955226, 18.228715930226727 ], [ 74.431182725106908, 18.228723336294969 ], [ 74.431224294646654, 18.228731416417435 ], [ 74.431265697998128, 18.228740169740814 ], [ 74.431306920788188, 18.228749593705288 ], [ 74.431347953135401, 18.228759685751065 ], [ 74.431413646033846, 18.228777346829801 ], [ 74.431428226589205, 18.228781345081362 ], [ 74.43144288170474, 18.228785106134001 ], [ 74.431457607787209, 18.228788629134456 ], [ 74.431472403039933, 18.228791910669823 ], [ 74.431487259378088, 18.22879495415302 ], [ 74.431502174106768, 18.228797755317913 ], [ 74.431517141836039, 18.228800314164516 ], [ 74.431532158972644, 18.228802628986344 ], [ 74.431547219228392, 18.22880470063669 ], [ 74.431562319908295, 18.228806529115541 ], [ 74.431577454724192, 18.228808111009975 ], [ 74.431592620981164, 18.228809448026453 ], [ 74.431607814187544, 18.228810537605277 ], [ 74.431623027156874, 18.228811383159375 ], [ 74.431638257194209, 18.228811982129098 ], [ 74.431653499807965, 18.228812333661203 ], [ 74.431668749608207, 18.228812437755661 ], [ 74.431684001205099, 18.228812296118935 ], [ 74.43169925190368, 18.228811907897825 ], [ 74.431714493619111, 18.228811273092315 ], [ 74.431729727249689, 18.228810389995925 ], [ 74.431744943812291, 18.228809262874812 ], [ 74.431760138815321, 18.228807889169328 ], [ 74.431989696099677, 18.228791897871318 ], [ 74.431915246423856, 18.228481203775043 ], [ 74.43174103344586, 18.22769403569081 ], [ 74.43174778069195, 18.22768907410769 ], [ 74.432009533596073, 18.227487389688029 ], [ 74.432089162957809, 18.227426036622596 ], [ 74.432174431942897, 18.227383447995457 ], [ 74.432285853580851, 18.227344763786025 ], [ 74.432470283996878, 18.227280734907406 ], [ 74.432772928212728, 18.227175664253238 ], [ 74.432816029380092, 18.227308436218561 ], [ 74.432827235863229, 18.227342961742295 ], [ 74.433127811259013, 18.228258207294651 ], [ 74.433220259579826, 18.228580833418675 ], [ 74.434185920662472, 18.228440431090377 ], [ 74.434490960685196, 18.228300272674176 ], [ 74.434511285068496, 18.228290934862159 ], [ 74.43491749066358, 18.228104299676275 ], [ 74.43495661768408, 18.228086321125129 ], [ 74.435017965431456, 18.228305508128496 ], [ 74.435019826740714, 18.228312159953862 ], [ 74.435116301310657, 18.228579928990293 ], [ 74.435242503828306, 18.228930259836769 ], [ 74.43533577590425, 18.229189203803287 ], [ 74.435443588111397, 18.229516159195114 ], [ 74.435465347104198, 18.229575704383485 ], [ 74.435568795295708, 18.229858802277867 ], [ 74.435635671275321, 18.230091683900643 ], [ 74.435638773158004, 18.230102488313033 ], [ 74.435868763430307, 18.230955438367705 ], [ 74.4360329610912, 18.231607608155489 ], [ 74.436643036645066, 18.233316169257623 ], [ 74.43673136619033, 18.233589820298434 ], [ 74.436736605165066, 18.233609898883007 ], [ 74.437014729865211, 18.234676278026104 ], [ 74.437683815750106, 18.235265122905094 ], [ 74.43785389288449, 18.235802365180206 ], [ 74.437872011005481, 18.235859598607792 ], [ 74.43794971527754, 18.236035774653164 ], [ 74.438024134410625, 18.236204514055608 ], [ 74.438068883986503, 18.236305982179807 ], [ 74.438078854387854, 18.236328043279091 ], [ 74.438231641648017, 18.236666122002088 ], [ 74.438291941959775, 18.236799558186998 ], [ 74.438345718705918, 18.23691870925224 ], [ 74.438453045822797, 18.237156514579898 ], [ 74.438553862848849, 18.237379912596584 ], [ 74.438566134733932, 18.237407001414528 ], [ 74.438834854971404, 18.238000236938078 ], [ 74.438855261101409, 18.238043247853284 ], [ 74.439253510317982, 18.238882774216719 ], [ 74.439332891744698, 18.239050132112666 ], [ 74.439955952445999, 18.240375650067108 ], [ 74.44003856421449, 18.240597522735946 ], [ 74.440039363715059, 18.240605433378029 ], [ 74.440042750363673, 18.240638935011489 ], [ 74.440187939673152, 18.241025307765202 ], [ 74.440496473244025, 18.241845347847804 ], [ 74.440547060072603, 18.241983099650504 ], [ 74.440547485874049, 18.241983711372374 ], [ 74.440571123244112, 18.242017602638199 ], [ 74.440600903294083, 18.242060302859471 ], [ 74.440603488645507, 18.242064010728498 ], [ 74.44062724908477, 18.24209735765746 ], [ 74.440650507365788, 18.242181409192352 ], [ 74.440935193360758, 18.243210409055408 ], [ 74.441021804428885, 18.243507826392172 ], [ 74.441053010105264, 18.243614991073176 ], [ 74.441062846657601, 18.243648773669577 ], [ 74.441076358217785, 18.243727492204169 ], [ 74.441091744561959, 18.243817138824674 ], [ 74.441111530854442, 18.243932427948568 ], [ 74.441132407701616, 18.244054078998523 ], [ 74.441155327317787, 18.24418762895521 ], [ 74.441172291103612, 18.244286488584198 ], [ 74.441176894969445, 18.244311938264268 ], [ 74.441198342246835, 18.244430509153364 ], [ 74.441220278207766, 18.244551793850814 ], [ 74.441250140902781, 18.244716912728951 ], [ 74.44141018744871, 18.24560201972567 ], [ 74.441411454971586, 18.245608674302055 ], [ 74.441575941890008, 18.246472459185611 ], [ 74.441628446621735, 18.246625749932271 ], [ 74.441815371659317, 18.24717154995793 ], [ 74.441836173946342, 18.247232291178513 ], [ 74.441838602092574, 18.247239386767284 ] ], [ [ 74.566244872740342, 18.20137436172633 ], [ 74.566236993616968, 18.201310937721853 ], [ 74.566255023703036, 18.20098627783311 ], [ 74.566249585302302, 18.200219666942179 ], [ 74.56623173577762, 18.199980071119072 ], [ 74.566194564389505, 18.199821718872855 ], [ 74.566243064431646, 18.199463327338695 ], [ 74.56634304512616, 18.19871890532789 ], [ 74.566348052335556, 18.198681621121725 ], [ 74.566349940594279, 18.198659538183549 ], [ 74.566362596060003, 18.198511543084866 ], [ 74.566370035907212, 18.19842456127979 ], [ 74.566371351040772, 18.198409167118911 ], [ 74.566414388427717, 18.19820879200903 ], [ 74.566407069853113, 18.19796264966994 ], [ 74.566387288950551, 18.197582418720039 ], [ 74.566370722220086, 18.197264035379806 ], [ 74.566234826880503, 18.196842170285706 ], [ 74.566167091213131, 18.196513309359705 ], [ 74.566105669803918, 18.196228243941412 ], [ 74.56601153893854, 18.195791378776924 ], [ 74.565936968888508, 18.195418922656245 ], [ 74.565929453582825, 18.195381391112395 ], [ 74.565863734633268, 18.194644447938721 ], [ 74.565859227785509, 18.194593914666132 ], [ 74.565838168580271, 18.194357793843142 ], [ 74.565836398000883, 18.194337923228925 ], [ 74.565822380689156, 18.194180777688736 ], [ 74.5658183104226, 18.19413512404094 ], [ 74.565743837390599, 18.193461277334759 ], [ 74.565725140754637, 18.193024936909474 ], [ 74.565713034159529, 18.192925915885713 ], [ 74.565645878803821, 18.192376678878645 ], [ 74.565585238928875, 18.191968778314017 ], [ 74.565579663984224, 18.191931281870772 ], [ 74.565525930357211, 18.191316094803071 ], [ 74.565526340887288, 18.191257779107765 ], [ 74.565527633562979, 18.191073854799928 ], [ 74.565527859040117, 18.191041914770658 ], [ 74.565432413939476, 18.190473045705719 ], [ 74.565432032155499, 18.190469849643822 ], [ 74.565359233583195, 18.189943060184227 ], [ 74.565346704779913, 18.189905865417373 ], [ 74.565333625309378, 18.189867031215076 ], [ 74.565184285783303, 18.189424370708153 ], [ 74.565160593616, 18.189344611185277 ], [ 74.565061778934734, 18.189013145108042 ], [ 74.564799886791732, 18.188134706689098 ], [ 74.564761231386768, 18.188039234876172 ], [ 74.564720511653235, 18.187938668866728 ], [ 74.564663011390223, 18.187598418269904 ], [ 74.564589272281822, 18.187336721580706 ], [ 74.564588532968344, 18.187326620307161 ], [ 74.564582257337761, 18.187240814931581 ], [ 74.564570208234855, 18.187076047770624 ], [ 74.564531632779918, 18.186877136083748 ], [ 74.564480539301513, 18.186613675105303 ], [ 74.564478371666723, 18.186595535238407 ], [ 74.564477965628228, 18.186594016115123 ], [ 74.564474770320743, 18.186582056006014 ], [ 74.564347415264606, 18.185983563042225 ], [ 74.564347044260373, 18.185981820311536 ], [ 74.564347735064857, 18.185954156806833 ], [ 74.564352076622612, 18.185780378622049 ], [ 74.564272658364956, 18.184955395008998 ], [ 74.564269717280737, 18.184924848393489 ], [ 74.564272590093012, 18.18474393605581 ], [ 74.564288042912509, 18.184404397831866 ], [ 74.564289016686303, 18.184382983897709 ], [ 74.564345759669536, 18.183792423921865 ], [ 74.564397605936151, 18.183760425377592 ], [ 74.564390278378397, 18.183625262977035 ], [ 74.564391012301982, 18.183615822062379 ], [ 74.564392392114257, 18.183598030093204 ], [ 74.564469268139632, 18.182607355842372 ], [ 74.56454147202723, 18.181562621789823 ], [ 74.564549888343137, 18.181312991733915 ], [ 74.564552273370211, 18.181242289752831 ], [ 74.564553065684279, 18.181218736643874 ], [ 74.564554175103652, 18.181185850875806 ], [ 74.564554884772733, 18.181175841420401 ], [ 74.564568692776987, 18.180981157057392 ], [ 74.564731298623187, 18.180306081734418 ], [ 74.56483606015162, 18.179771203080819 ], [ 74.564885286032535, 18.179179763774869 ], [ 74.564899629432688, 18.17910218020036 ], [ 74.565116708219421, 18.177875942400178 ], [ 74.565121710038923, 18.177847690413881 ], [ 74.565110332875875, 18.177733657389378 ], [ 74.565427619630825, 18.176193486052323 ], [ 74.565492599266904, 18.175539705662572 ], [ 74.565495084006983, 18.175514709378582 ], [ 74.565497227387254, 18.175493143284829 ], [ 74.565557112677325, 18.175019903073572 ], [ 74.565595982779698, 18.17471274727918 ], [ 74.565631668354342, 18.174430776863964 ], [ 74.565646106975905, 18.174316671619675 ], [ 74.565744130241399, 18.17354534907431 ], [ 74.565740719338265, 18.173515351824708 ], [ 74.565733593003102, 18.173452684988085 ], [ 74.565730707614421, 18.173427317984249 ], [ 74.565987703939115, 18.172333401804718 ], [ 74.566117540142073, 18.171780776381681 ], [ 74.566274226988867, 18.171173244274641 ], [ 74.565929767993168, 18.1711782347795 ], [ 74.564934808357521, 18.171008333912447 ], [ 74.564726280633991, 18.170972724356311 ], [ 74.564309296153851, 18.170789883113258 ], [ 74.564221107644116, 18.170751215359253 ], [ 74.564055087301483, 18.170678419687256 ], [ 74.562943744632562, 18.170302582922783 ], [ 74.562928911650573, 18.170297565933769 ], [ 74.562748751825424, 18.170235283732961 ], [ 74.561940606734566, 18.169915921841916 ], [ 74.561809679976861, 18.169864183060906 ], [ 74.56174803039552, 18.169839820984507 ], [ 74.560984401318592, 18.169543740783823 ], [ 74.560698197170765, 18.169432775020166 ], [ 74.559866830629844, 18.169092198135996 ], [ 74.559537757080008, 18.168957392243826 ], [ 74.559090493086558, 18.168895504747685 ], [ 74.558448960328079, 18.168811266772607 ], [ 74.558002641362322, 18.168752657623095 ], [ 74.557324212100198, 18.168345984676915 ], [ 74.557149045111373, 18.168284494708868 ], [ 74.556833881075406, 18.168138178337223 ], [ 74.556431497811872, 18.167900945401772 ], [ 74.556236532852495, 18.167777037341164 ], [ 74.555795186960168, 18.167496547698956 ], [ 74.555291125186244, 18.167178856287254 ], [ 74.555150794864133, 18.167077718335559 ], [ 74.554668635813456, 18.166730225766877 ], [ 74.554631247033029, 18.166703281302791 ], [ 74.554565867646645, 18.166656393930761 ], [ 74.55384426625028, 18.166138924074055 ], [ 74.553197900555588, 18.165675432417192 ], [ 74.552912231803646, 18.166062208728281 ], [ 74.55267312722448, 18.166205581273921 ], [ 74.550013539061709, 18.163454926178499 ], [ 74.549523706601917, 18.163794665628085 ], [ 74.548987804042724, 18.163545731412043 ], [ 74.548687896095274, 18.163394708843455 ], [ 74.548187258699201, 18.163142617611957 ], [ 74.54783991161986, 18.16302684141057 ], [ 74.547130646787295, 18.162870421358409 ], [ 74.546801934360204, 18.162811268206539 ], [ 74.546773385002183, 18.162806130650829 ], [ 74.546756069076764, 18.162803014316498 ], [ 74.546373793702529, 18.16266850487456 ], [ 74.545958154000374, 18.162514840639602 ], [ 74.545941454319234, 18.162508667709524 ], [ 74.545218846809746, 18.162200605615688 ], [ 74.545119783295164, 18.162168557874164 ], [ 74.545060304043545, 18.162149316081578 ], [ 74.544733946999145, 18.162035621054908 ], [ 74.544711384912475, 18.162029333730814 ], [ 74.544420561627447, 18.16194830012401 ], [ 74.54439459762078, 18.161941067051647 ], [ 74.543835647884706, 18.161715999194534 ], [ 74.54374095826725, 18.161677872296451 ], [ 74.543387610441826, 18.161524111590921 ], [ 74.54322436319849, 18.161453077240324 ], [ 74.543210931588362, 18.161447232894513 ], [ 74.543046726740954, 18.1613675032625 ], [ 74.543000159873259, 18.161344893220122 ], [ 74.542757532999843, 18.161285359715716 ], [ 74.542750095847595, 18.161345871403885 ], [ 74.542496043302094, 18.161249492961055 ], [ 74.54097323001227, 18.160606606168169 ], [ 74.540955907798633, 18.160600469874012 ], [ 74.540754088693632, 18.160528974221368 ], [ 74.540157239934047, 18.160322437225119 ], [ 74.539602720688919, 18.160121802417773 ], [ 74.539576764767119, 18.160112409738847 ], [ 74.53912563801795, 18.159950077809352 ], [ 74.539071751677284, 18.159930687251116 ], [ 74.539063134138772, 18.159927586229749 ], [ 74.538805657215406, 18.159815586655991 ], [ 74.537701207319699, 18.159498069057413 ], [ 74.536581583980492, 18.159173985189678 ], [ 74.536434484852705, 18.159140475573672 ], [ 74.536188377007562, 18.159084412805708 ], [ 74.536179108190481, 18.159082489702218 ], [ 74.536095019591684, 18.159065056294398 ], [ 74.535511431762288, 18.158877874954999 ], [ 74.535259491156026, 18.158807257780477 ], [ 74.534900824405781, 18.158681175183439 ], [ 74.534877095407552, 18.158672833179839 ], [ 74.534843296294994, 18.158664752370282 ], [ 74.534696251066137, 18.158629597814109 ], [ 74.534042732985156, 18.158494118055042 ], [ 74.533532650702213, 18.158403316170297 ], [ 74.533406520948134, 18.158390956362091 ], [ 74.532896161984056, 18.15831202940586 ], [ 74.532702806805659, 18.157452520004526 ], [ 74.532373975800979, 18.155990974883988 ], [ 74.532303820970569, 18.155624365417498 ], [ 74.532210955831417, 18.155243716986522 ], [ 74.532156667045527, 18.154920529183745 ], [ 74.532126870825877, 18.154743160609126 ], [ 74.532122874221187, 18.154719363211075 ], [ 74.532127577800026, 18.154570864779146 ], [ 74.532134994290999, 18.15433675380174 ], [ 74.532154641344576, 18.153716363828369 ], [ 74.532161373319326, 18.153503783813385 ], [ 74.53214868731088, 18.153317685712949 ], [ 74.532282182352006, 18.152660272089378 ], [ 74.532433862887714, 18.151913298711651 ], [ 74.532451680073052, 18.151805743016403 ], [ 74.532487864212698, 18.151587316855146 ], [ 74.53250991605627, 18.151454202115609 ], [ 74.532618128013738, 18.150991453406125 ], [ 74.532748414272675, 18.150434307988608 ], [ 74.532781029405683, 18.150294832067061 ], [ 74.532846977425635, 18.150035906640877 ], [ 74.532943493318072, 18.149656972911387 ], [ 74.533049642743606, 18.149240209223226 ], [ 74.533067557845314, 18.149169870702938 ], [ 74.533075722632944, 18.149137886300174 ], [ 74.533114825398954, 18.148837074366096 ], [ 74.533161697693842, 18.148476486737486 ], [ 74.533253828011055, 18.147767717612492 ], [ 74.533260657902161, 18.147715175834428 ], [ 74.533314878416107, 18.14726952401729 ], [ 74.53335347992217, 18.146952227760561 ], [ 74.533426253341645, 18.146354042837412 ], [ 74.533430445779089, 18.146319578104229 ], [ 74.533425702674407, 18.146153767592214 ], [ 74.533425405332011, 18.146143372845394 ], [ 74.53351458468353, 18.1450775780851 ], [ 74.533533027096311, 18.144857151964612 ], [ 74.533536563763576, 18.14481489316444 ], [ 74.533553441311142, 18.143929075372469 ], [ 74.533556502769628, 18.143768269246895 ], [ 74.533556389581918, 18.143664725816297 ], [ 74.533556076968196, 18.143381108098964 ], [ 74.533556023069266, 18.143330999616641 ], [ 74.53365959971984, 18.142629836184032 ], [ 74.533820837431904, 18.141953599322722 ], [ 74.533841072881984, 18.141868724332983 ], [ 74.533845465643722, 18.141828616030818 ], [ 74.533860424389829, 18.141692026295324 ], [ 74.533916329244889, 18.141181503874392 ], [ 74.533959204935087, 18.140938955284337 ], [ 74.534083114952125, 18.140374338131224 ], [ 74.534120613327019, 18.140203467420363 ], [ 74.534151952852355, 18.140034683759843 ], [ 74.534210409821142, 18.139691813810373 ], [ 74.534221038687576, 18.139662606367612 ], [ 74.534627264045582, 18.138546459930833 ], [ 74.534816955894243, 18.13810071986509 ], [ 74.534948320131477, 18.137827694955714 ], [ 74.534949287617067, 18.137793272079563 ], [ 74.534953982212727, 18.137626073936644 ], [ 74.534954799679653, 18.137596978834594 ], [ 74.535137002273771, 18.137038579357892 ], [ 74.535235673224577, 18.136736180951857 ], [ 74.535404890671302, 18.136246076188321 ], [ 74.535813246833158, 18.135063366096638 ], [ 74.535795758431192, 18.134895819598771 ], [ 74.535731802874537, 18.134283166831434 ], [ 74.535721965423861, 18.134188925634199 ], [ 74.535788417398692, 18.134067466829599 ], [ 74.535839504588878, 18.133974090311433 ], [ 74.535855261038961, 18.133945291688637 ], [ 74.535923024554108, 18.133821433823751 ], [ 74.535961172410993, 18.133751708886088 ], [ 74.535999454116819, 18.133681738055468 ], [ 74.536001455563266, 18.133678078249538 ], [ 74.536051571674633, 18.133586478924993 ], [ 74.536147172183803, 18.133411741152134 ], [ 74.53615242193834, 18.133402143857385 ], [ 74.53616503158996, 18.133368605397401 ], [ 74.536594609552097, 18.132225988926642 ], [ 74.536745047717787, 18.131692246184766 ], [ 74.537117890781516, 18.130704092249292 ], [ 74.53712927962269, 18.130677545183836 ], [ 74.537131631412123, 18.130672064344626 ], [ 74.537138941901901, 18.130655021665476 ], [ 74.537200675924851, 18.130511115412435 ], [ 74.537200936436292, 18.130510509275464 ], [ 74.537205843932668, 18.130499070360216 ], [ 74.537209313226313, 18.130490979711212 ], [ 74.537316272033948, 18.130173494222294 ], [ 74.537370971349887, 18.130011127662119 ], [ 74.537380929174816, 18.129981570286649 ], [ 74.53748572573754, 18.129670493589607 ], [ 74.53756468226112, 18.129436123036808 ], [ 74.537727075206618, 18.128954075737866 ], [ 74.537730890351625, 18.128942753680754 ], [ 74.53789301470087, 18.128462831649433 ], [ 74.538036454990447, 18.12803821439714 ], [ 74.538039002612607, 18.128031159204227 ], [ 74.538048484330446, 18.128007054244193 ], [ 74.538153839645261, 18.127739186318429 ], [ 74.538153978884139, 18.127720173803915 ], [ 74.538154033681366, 18.127712684050753 ], [ 74.538155186219868, 18.127556310088924 ], [ 74.538291066288068, 18.127112485113511 ], [ 74.538388817364023, 18.126793204072563 ], [ 74.538429900016922, 18.126643841851639 ], [ 74.538435004244363, 18.126625284257816 ], [ 74.538668009262764, 18.125778145976138 ], [ 74.539295515726366, 18.125568326283783 ], [ 74.539295972070548, 18.125568248593609 ], [ 74.539339720923195, 18.125560822778759 ], [ 74.540861960189588, 18.125302433593692 ], [ 74.541774311650016, 18.125238528620773 ], [ 74.542912812186614, 18.125307538955667 ], [ 74.543172940038374, 18.125323309230186 ], [ 74.543276006445865, 18.125360878027454 ], [ 74.54331481456444, 18.125375025339054 ], [ 74.543394743963475, 18.125404160038013 ], [ 74.54343057326858, 18.125417219682742 ], [ 74.543683417580041, 18.125448004651727 ], [ 74.543697470824355, 18.125449380878646 ], [ 74.544546956384551, 18.125447907325523 ], [ 74.545521077800544, 18.125707017704034 ], [ 74.546442387260996, 18.126030156197935 ], [ 74.547023557723946, 18.126218526953281 ], [ 74.547348622092656, 18.126370850287621 ], [ 74.547465314146379, 18.126384374291639 ], [ 74.547503434155473, 18.12640443960542 ], [ 74.548379234065322, 18.126865480172601 ], [ 74.549009135437473, 18.127075784082734 ], [ 74.549034230773245, 18.127084162596912 ], [ 74.54947091530758, 18.12724924417294 ], [ 74.549627853682665, 18.1273018689349 ], [ 74.550693797293761, 18.12765933032863 ], [ 74.551860080027126, 18.128040744841375 ], [ 74.551879801640908, 18.128048359224504 ], [ 74.553028333664258, 18.128491796797018 ], [ 74.553089064269017, 18.12851524688417 ], [ 74.554250389200362, 18.129030659676932 ], [ 74.554869447907052, 18.129376921860931 ], [ 74.554886114350495, 18.129386243625021 ], [ 74.554890302296371, 18.129388609281918 ], [ 74.555505208989814, 18.129735971199928 ], [ 74.555527609379723, 18.129748625005483 ], [ 74.556694241557778, 18.130414803633119 ], [ 74.556716680575235, 18.130427617034172 ], [ 74.557606446592814, 18.13094520030608 ], [ 74.55777621560506, 18.131056572970774 ], [ 74.558112875427483, 18.131277433948803 ], [ 74.558373803678151, 18.131287850921975 ], [ 74.558429429157187, 18.13130076158205 ], [ 74.559343270024343, 18.131512885392329 ], [ 74.559509655981273, 18.131548872645503 ], [ 74.560991561789706, 18.131869413618976 ], [ 74.561064157342784, 18.131886986332109 ], [ 74.561146975723759, 18.131904306346105 ], [ 74.561339641894335, 18.131938213034537 ], [ 74.563046620597206, 18.132238655357703 ], [ 74.563182998332067, 18.132262660704964 ], [ 74.563861759072552, 18.132338816343378 ], [ 74.563863580855937, 18.13233902123261 ], [ 74.564350621351849, 18.132456576392478 ], [ 74.564471371994031, 18.132481390168 ], [ 74.564835222921758, 18.132556162710564 ], [ 74.565316662421878, 18.132670827938092 ], [ 74.565372541225798, 18.132684138029354 ], [ 74.565499596244635, 18.132714400107275 ], [ 74.565960770650264, 18.132825261131558 ], [ 74.566309856867974, 18.132907056083084 ], [ 74.566541012255215, 18.132961220929577 ], [ 74.566982331198105, 18.133064798869203 ], [ 74.567665128967462, 18.133223931338033 ], [ 74.567915331333651, 18.133274963859016 ], [ 74.567952395822289, 18.133271127328552 ], [ 74.567962229679679, 18.133275361683509 ], [ 74.568219844045302, 18.133398484899317 ], [ 74.568465171254431, 18.133511436200035 ], [ 74.568573653604787, 18.133561382731806 ], [ 74.568817139267594, 18.133670072263701 ], [ 74.569109952320972, 18.133812359868351 ], [ 74.569327658131783, 18.133913878185755 ], [ 74.569545336993116, 18.134026438160578 ], [ 74.56958502995225, 18.134036772161441 ], [ 74.569640678787479, 18.134070530747074 ], [ 74.569960428722965, 18.134212869247762 ], [ 74.569975395553911, 18.134221132171248 ], [ 74.570025107423447, 18.134248579348149 ], [ 74.57014195578401, 18.13430131127814 ], [ 74.570220947341866, 18.13433695904067 ], [ 74.570279875926218, 18.13436569527925 ], [ 74.570507419187649, 18.134476650017294 ], [ 74.570663910201759, 18.134552958356938 ], [ 74.570683851902714, 18.134562981581961 ], [ 74.570968979868837, 18.134706291185303 ], [ 74.570984497367064, 18.13471409138354 ], [ 74.570993750912805, 18.134718742306028 ], [ 74.571233068392715, 18.134825560677495 ], [ 74.571273637209259, 18.134843669212859 ], [ 74.571390753267778, 18.134902214610484 ], [ 74.571549036420848, 18.134981339095287 ], [ 74.571579559377582, 18.134984570320441 ], [ 74.571696004394596, 18.135051547586169 ], [ 74.572066737315708, 18.135227564257722 ], [ 74.572639057576481, 18.135497379937462 ], [ 74.572912219983024, 18.135625711654146 ], [ 74.573168866863071, 18.135746283248189 ], [ 74.573207422555072, 18.135764397664051 ], [ 74.573498606962858, 18.135898728902664 ], [ 74.573802174646801, 18.136038855719921 ], [ 74.574135854757415, 18.136210771996705 ], [ 74.575873042006648, 18.135188681186879 ], [ 74.577206449112111, 18.134411239915565 ], [ 74.577981176874417, 18.133653385868975 ], [ 74.57827387494342, 18.13384810675948 ], [ 74.578399236637992, 18.133922730174586 ], [ 74.578712888809292, 18.134109680419776 ], [ 74.578739814911629, 18.134128545404298 ], [ 74.578783660782321, 18.134159262252453 ], [ 74.578900330378175, 18.134241000236369 ], [ 74.578961646684533, 18.134283958207277 ], [ 74.579190016396041, 18.134443954360126 ], [ 74.579259690627779, 18.134505778932411 ], [ 74.579300947553847, 18.134542387059486 ], [ 74.580010112673435, 18.134960660106501 ], [ 74.580241153076315, 18.13506941535703 ], [ 74.580237733190003, 18.135168954088467 ], [ 74.580229661827175, 18.135403829176045 ], [ 74.580225377761579, 18.13552849521831 ], [ 74.580229539656315, 18.135541945097252 ], [ 74.580384969760019, 18.13604435431845 ], [ 74.58061218872966, 18.136612231157731 ], [ 74.580975594991358, 18.137190457895272 ], [ 74.581106736446429, 18.137465274820297 ], [ 74.581202163580727, 18.137666808949472 ], [ 74.58130945296837, 18.137899291238302 ], [ 74.581412745751308, 18.138133336300491 ], [ 74.581414977166489, 18.138138642755862 ], [ 74.581417109766974, 18.13814398506549 ], [ 74.581419142654454, 18.138149360668379 ], [ 74.581421074032306, 18.138154768710773 ], [ 74.58142290300222, 18.138160208339055 ], [ 74.581424632259143, 18.138165675284835 ], [ 74.581426257311506, 18.138171170401762 ], [ 74.581427779057606, 18.138176689421506 ], [ 74.581429199294078, 18.138182233197661 ], [ 74.581430515325977, 18.138187798315574 ], [ 74.581431726254948, 18.138193384775203 ], [ 74.581432832081077, 18.138198990015557 ], [ 74.581433833702604, 18.13820461232924 ], [ 74.581434730221289, 18.138210250008921 ], [ 74.581435520738722, 18.138215899639921 ], [ 74.581436206153285, 18.138221562075856 ], [ 74.581436784668313, 18.138227234755725 ], [ 74.581437258080484, 18.138232915972186 ], [ 74.581437624593121, 18.138238604017886 ], [ 74.581437884206224, 18.138244297185423 ], [ 74.581438037818117, 18.13824999206015 ], [ 74.581438086327168, 18.138255690349407 ], [ 74.581437956071454, 18.138264227965625 ], [ 74.581437947986615, 18.138271795805302 ], [ 74.58143836480491, 18.138279355107866 ], [ 74.581439205628016, 18.138286885385135 ], [ 74.581440465964349, 18.138294362734158 ], [ 74.581442144017288, 18.138301770935112 ], [ 74.581444236193605, 18.138309086938701 ], [ 74.581446735306741, 18.13831629281783 ], [ 74.581449634170156, 18.13832336637687 ], [ 74.581452923800725, 18.138330288834979 ], [ 74.581456599706854, 18.138337043118668 ], [ 74.581460648413824, 18.138343608739753 ], [ 74.58146505824358, 18.13834996777101 ], [ 74.581469819314577, 18.138356103139003 ], [ 74.581474917253828, 18.138361998623896 ], [ 74.581480337688248, 18.138367638859542 ], [ 74.581486067143146, 18.13837300591878 ], [ 74.581495683608239, 18.138380879369624 ], [ 74.581507217078169, 18.138389716619894 ], [ 74.58151858435977, 18.138398743385725 ], [ 74.581529779164839, 18.138407950276601 ], [ 74.58154080059505, 18.138417339853536 ], [ 74.581551648650446, 18.138426906140804 ], [ 74.581562312551185, 18.138436648284664 ], [ 74.581572794992212, 18.138446562016743 ], [ 74.58158309058372, 18.138456643922279 ], [ 74.581593196630664, 18.13846689314758 ], [ 74.581603108641502, 18.138477302863222 ], [ 74.581612826616222, 18.138487873922887 ], [ 74.581622345164988, 18.138498601204404 ], [ 74.581631659796187, 18.138509479585739 ], [ 74.58164077320474, 18.138520509066893 ], [ 74.581649677305833, 18.138531685379434 ], [ 74.581658371201144, 18.138543004254959 ], [ 74.581666852195738, 18.138554463132444 ], [ 74.581675119391292, 18.138566056889786 ], [ 74.581683167397927, 18.13857778381961 ], [ 74.581691793021278, 18.138590874067049 ], [ 74.581745268831838, 18.138673355237739 ], [ 74.581799166850558, 18.138755597340904 ], [ 74.581802439413138, 18.138760282302847 ], [ 74.581805967995578, 18.138764803359322 ], [ 74.581809746309673, 18.138769145144163 ], [ 74.581813761778989, 18.138773298267019 ], [ 74.581818005420402, 18.138777249069097 ], [ 74.58182246286087, 18.138780987306323 ], [ 74.581827320949884, 18.138784642737114 ], [ 74.581843256164746, 18.138796190380841 ], [ 74.581858973987238, 18.138807994125859 ], [ 74.581874469027582, 18.138820051411091 ], [ 74.581889734997517, 18.138832357968155 ], [ 74.581904770100422, 18.138844912943309 ], [ 74.581919568946418, 18.138857708653457 ], [ 74.581934126145583, 18.138870744244873 ], [ 74.581948438104703, 18.138884013741734 ], [ 74.581962500332168, 18.138897513729368 ], [ 74.58197630833638, 18.138911241646674 ], [ 74.581989857625814, 18.138925189810543 ], [ 74.582003144607171, 18.138939357367249 ], [ 74.582016164788911, 18.138953739194644 ], [ 74.582028914577748, 18.138968330170773 ], [ 74.582041390380397, 18.138983125173393 ], [ 74.582053587705332, 18.138998120787861 ], [ 74.582065502959253, 18.139013311892068 ], [ 74.582077134345568, 18.139028695924967 ], [ 74.582088473779393, 18.139044265203392 ], [ 74.582099523057408, 18.139060017166347 ], [ 74.582110274094688, 18.139075945838005 ], [ 74.582125432266821, 18.139099503776468 ], [ 74.58212936688777, 18.139105439358911 ], [ 74.582133631190388, 18.13911117518186 ], [ 74.58213820810677, 18.139116694171904 ], [ 74.582143089552034, 18.139121984377653 ], [ 74.582148030286106, 18.139126813600384 ], [ 74.58217290822958, 18.139142500676829 ], [ 74.582198078125515, 18.139157779696703 ], [ 74.582223528295827, 18.139172648099109 ], [ 74.582249250655693, 18.139187099054769 ], [ 74.582275239815175, 18.139201130856449 ], [ 74.582301485892856, 18.139214736674852 ], [ 74.582327980803797, 18.139227913095471 ], [ 74.582354719158232, 18.139240655849957 ], [ 74.582381690176319, 18.139252963231101 ], [ 74.582408884874923, 18.139264829263293 ], [ 74.58243629696581, 18.139276251385599 ], [ 74.582463919262494, 18.139287223622404 ], [ 74.582491739188541, 18.139297746827499 ], [ 74.582519753150649, 18.139307815025251 ], [ 74.582547947674186, 18.139317425654692 ], [ 74.582576318267499, 18.139326575301261 ], [ 74.582604854150787, 18.139335262257642 ], [ 74.582655617049198, 18.139349462220597 ], [ 74.582730898564918, 18.139368761158462 ], [ 74.582806527728692, 18.139386830808263 ], [ 74.582932670957547, 18.139414078269358 ], [ 74.58295318758033, 18.139418046130384 ], [ 74.582973777864922, 18.139421677645075 ], [ 74.582994429235001, 18.139424973667158 ], [ 74.583015139893888, 18.139427933343022 ], [ 74.583035900858405, 18.13943055581894 ], [ 74.583056707637027, 18.139432840241295 ], [ 74.583077553043196, 18.139434783195423 ], [ 74.583098431687034, 18.139436388096016 ], [ 74.583119336382012, 18.139437652382021 ], [ 74.583140259941615, 18.139438576053511 ], [ 74.583161196975922, 18.139439157403142 ], [ 74.583182142993437, 18.139439398991865 ], [ 74.583203088112569, 18.139439299966117 ], [ 74.583224026943512, 18.139438858618455 ], [ 74.583244954994711, 18.139438076656273 ], [ 74.583265863282932, 18.139436954933227 ], [ 74.583286747316663, 18.139435491741967 ], [ 74.58332353692083, 18.139432078767172 ], [ 74.583509915782713, 18.139413618140889 ], [ 74.583733068079056, 18.13939553910345 ], [ 74.583757266896171, 18.139394013593865 ], [ 74.583781492662766, 18.139392884187494 ], [ 74.583805736395661, 18.13939214661599 ], [ 74.583829990010031, 18.13939180600136 ], [ 74.583854249014237, 18.139391859782645 ], [ 74.583878502628608, 18.139392309667102 ], [ 74.583902746361503, 18.139393153093774 ], [ 74.583926970331447, 18.139394392623661 ], [ 74.583951168250252, 18.139396025695749 ], [ 74.583975332033077, 18.139398053163685 ], [ 74.58399945629003, 18.139400473320112 ], [ 74.584023532037961, 18.139403285311339 ], [ 74.584047550293732, 18.139406489137361 ], [ 74.584071506565735, 18.13941008479814 ], [ 74.58409539366744, 18.13941406887897 ], [ 74.584119204412374, 18.139418442233524 ], [ 74.584142928020682, 18.139423200593381 ], [ 74.584166561797488, 18.139428345665905 ], [ 74.584190094064695, 18.139433875743659 ], [ 74.584213523025625, 18.139439787411948 ], [ 74.584236836103855, 18.139446078963395 ], [ 74.584260029706186, 18.139452750397972 ], [ 74.584283094849425, 18.139459796593609 ], [ 74.584306026143665, 18.139467219257593 ], [ 74.584328816402447, 18.139475012414138 ], [ 74.584351456642551, 18.139483175209605 ], [ 74.584373942372437, 18.139491705936557 ], [ 74.584396266405562, 18.139500602033959 ], [ 74.584418420657073, 18.139509859233378 ], [ 74.584440398838822, 18.139519475827417 ], [ 74.584462193764239, 18.139529448401348 ], [ 74.584483800941811, 18.13953977439407 ], [ 74.584505213184869, 18.139550450390875 ], [ 74.584526420612121, 18.139561472977018 ], [ 74.584547421426834, 18.139572838737756 ], [ 74.584585128210904, 18.139594422071223 ], [ 74.584593321744592, 18.139599186401984 ], [ 74.584601600618242, 18.139603818413804 ], [ 74.584609965730181, 18.139608312131021 ], [ 74.584618414385403, 18.139612671822036 ], [ 74.584626942092441, 18.139616892364728 ], [ 74.584635547952814, 18.13962097290554 ], [ 74.584644226576813, 18.139624914298093 ], [ 74.584652978862593, 18.139628712274064 ], [ 74.584661800318699, 18.139632366833482 ], [ 74.584670688250114, 18.139635878830013 ], [ 74.584679639961919, 18.139639243995298 ], [ 74.584688652759155, 18.139642464890397 ], [ 74.584697725743553, 18.139645538100584 ], [ 74.584706852626823, 18.139648461918597 ], [ 74.584716034307363, 18.139651238051709 ], [ 74.584725266293532, 18.1396538630853 ], [ 74.584734543195452, 18.139656338726684 ], [ 74.584743866809788, 18.139658662414888 ], [ 74.584753230848307, 18.139660834149893 ], [ 74.584762635311023, 18.139662853078072 ], [ 74.584772074808015, 18.139664715784708 ], [ 74.584781546644379, 18.139666429099183 ], [ 74.584791050820101, 18.139667985338484 ], [ 74.58480058194526, 18.139669387063609 ], [ 74.584810136426597, 18.139670633420881 ], [ 74.58481971336586, 18.13967172441032 ], [ 74.58482930916972, 18.139672659178288 ], [ 74.584838919346637, 18.139673436017404 ], [ 74.584848542998273, 18.139674058342365 ], [ 74.584858175633059, 18.139674521884825 ], [ 74.584867817250995, 18.139674830059455 ], [ 74.584877783160763, 18.139674982012593 ], [ 74.584886779788334, 18.139675117746037 ], [ 74.584895773720959, 18.139675400310594 ], [ 74.58490476226369, 18.139675827998921 ], [ 74.584913740924989, 18.139676403372071 ], [ 74.584922707908134, 18.139677124722663 ], [ 74.584931659619954, 18.13967799119705 ], [ 74.584940595162081, 18.13967900364888 ], [ 74.584949510042932, 18.139680162078136 ], [ 74.584958401567633, 18.139681464777535 ], [ 74.58496726793949, 18.139682911747027 ], [ 74.584976107361868, 18.139684502986622 ], [ 74.584984914444902, 18.139686240203638 ], [ 74.584993689188636, 18.13968811742242 ], [ 74.585002427101415, 18.139690138057581 ], [ 74.58501112638659, 18.139692301255536 ], [ 74.585019782552678, 18.139694606162532 ], [ 74.585028397396243, 18.139697050217585 ], [ 74.585036963730801, 18.139699635128029 ], [ 74.585045479759685, 18.139702358332823 ], [ 74.585053944584629, 18.139705220685705 ], [ 74.585062356408955, 18.139708221332896 ], [ 74.585070709842753, 18.139711356006142 ], [ 74.585079003089476, 18.139714628120036 ], [ 74.585087235250739, 18.139718033406304 ], [ 74.585095402733302, 18.139721571864822 ], [ 74.585103501943905, 18.139725244349343 ], [ 74.585111532882536, 18.139729046591487 ], [ 74.585119490159315, 18.139732980298614 ], [ 74.585127373774242, 18.139737042055959 ], [ 74.585135181032385, 18.139741231863592 ], [ 74.585142908340458, 18.139745548014158 ], [ 74.585150553901855, 18.139749987946608 ], [ 74.58515811591991, 18.139754553368245 ], [ 74.585165590801395, 18.13975924086445 ], [ 74.585172976749661, 18.139764048727852 ], [ 74.58518027376472, 18.139768976104751 ], [ 74.585187475558342, 18.139774021287838 ], [ 74.58519458302888, 18.139779183423386 ], [ 74.585201594379669, 18.139784459950402 ], [ 74.585208504220844, 18.139789849161573 ], [ 74.585215314349, 18.139795351056815 ], [ 74.585222019374271, 18.139800963075178 ], [ 74.585228618398332, 18.139806681801925 ], [ 74.585235109624605, 18.13981250809077 ], [ 74.585241493053019, 18.139818437673284 ], [ 74.58524776329368, 18.139824472256883 ], [ 74.585253920346659, 18.139830605865789 ], [ 74.585259962415236, 18.139836840207412 ], [ 74.5852658850079, 18.139843171013325 ], [ 74.585271689921271, 18.139849598283558 ], [ 74.585277373562079, 18.139856117749762 ], [ 74.585282935930309, 18.139862727704546 ], [ 74.585288373432732, 18.139869429001621 ], [ 74.585293684272699, 18.139876218226281 ], [ 74.585298866653574, 18.13988309025649 ], [ 74.58530392057537, 18.139890046799607 ], [ 74.585313618787154, 18.139904173302071 ], [ 74.585317011724001, 18.139909211651894 ], [ 74.585320499882229, 18.13991419536681 ], [ 74.585324078770341, 18.139919121032182 ], [ 74.585327750184916, 18.139923987794258 ], [ 74.585331511430994, 18.139928794799459 ], [ 74.585335361610319, 18.139933540340415 ], [ 74.585339299824525, 18.139938221002481 ], [ 74.585343325175273, 18.1399428376393 ], [ 74.585347436764366, 18.139947387689912 ], [ 74.585351632795039, 18.139951872007959 ], [ 74.585355909674121, 18.139956286325141 ], [ 74.585360270096501, 18.139960629787751 ], [ 74.585364712265587, 18.139964902395803 ], [ 74.585369230791443, 18.139969100734678 ], [ 74.5853738283691, 18.139973227365296 ], [ 74.585378503201824, 18.139977277165762 ], [ 74.585383250798117, 18.139981250136 ], [ 74.58538807295453, 18.139985146276029 ], [ 74.585392966976215, 18.13998896217122 ], [ 74.585397931964778, 18.139992698675229 ], [ 74.585402966123638, 18.139996353227009 ], [ 74.585408065859511, 18.139999926680304 ], [ 74.585413232969032, 18.140003415620416 ], [ 74.585418462960604, 18.140006820047361 ], [ 74.585423756732567, 18.140010139107464 ], [ 74.585430053922721, 18.140013925123736 ], [ 74.585444516798788, 18.140022598387294 ], [ 74.585458816181486, 18.140031503848025 ], [ 74.585472947579234, 18.140040640652224 ], [ 74.585486907398717, 18.140050007092473 ], [ 74.585500689351832, 18.140059598900447 ], [ 74.585514289845207, 18.14006941266145 ], [ 74.585527706183996, 18.140079448375413 ], [ 74.585540932079937, 18.140089698359294 ], [ 74.585553964838056, 18.140100161759381 ], [ 74.585566799966841, 18.140110837721963 ], [ 74.585579434771319, 18.140121720271388 ], [ 74.585591864759891, 18.140132805992888 ], [ 74.585604085441048, 18.140144092325432 ], [ 74.585616093221446, 18.140155575000691 ], [ 74.585627885406169, 18.140167250603906 ], [ 74.58563945660535, 18.140179118281406 ], [ 74.58565080592065, 18.140191171203767 ], [ 74.585661927063853, 18.140203406810045 ], [ 74.58567281913669, 18.140215820831781 ], [ 74.585685550959184, 18.140230915365869 ], [ 74.585691037868955, 18.140237324694837 ], [ 74.585696761035621, 18.140243553046297 ], [ 74.585702710577735, 18.140249591883549 ], [ 74.585708883800393, 18.140255431816268 ], [ 74.585715271720389, 18.140261068576198 ], [ 74.585721865354543, 18.140266495333972 ], [ 74.585728656618102, 18.140271702699302 ], [ 74.585735640121143, 18.140276687257579 ], [ 74.585742805083811, 18.140281441325744 ], [ 74.585752441311882, 18.140287305160083 ], [ 74.585758350429828, 18.140290792387137 ], [ 74.585764195767368, 18.140294375224755 ], [ 74.585769971934639, 18.140298051111891 ], [ 74.585775678033343, 18.140301820902298 ], [ 74.58578131496175, 18.140305684595873 ], [ 74.585786878228291, 18.140309638777989 ], [ 74.585792366036387, 18.140313682594993 ], [ 74.585797779284263, 18.140317815193157 ], [ 74.585803112582127, 18.140322034011508 ], [ 74.585808366828218, 18.140326339903719 ], [ 74.585813541124224, 18.140330732016107 ], [ 74.585818630978665, 18.14033520522667 ], [ 74.585823638188046, 18.140339762950067 ], [ 74.585828558260843, 18.140344399210623 ], [ 74.585833392095395, 18.140349115715679 ], [ 74.585838136996728, 18.140353909904189 ], [ 74.585842790269893, 18.140358780922515 ], [ 74.585847352813218, 18.140363727063313 ], [ 74.585851821931769, 18.140368745765592 ], [ 74.585856196727207, 18.140373836175652 ], [ 74.585860476301207, 18.140378998293521 ], [ 74.585864659755501, 18.140384226997142 ], [ 74.585868742598478, 18.140389524847546 ], [ 74.585872728423354, 18.140394887576427 ], [ 74.585876610043712, 18.140400315183719 ], [ 74.585880391951065, 18.14040580425479 ], [ 74.58588407055214, 18.140411353935949 ], [ 74.585887645846995, 18.140416961666212 ], [ 74.585891115140626, 18.140422628299216 ], [ 74.585894476636383, 18.140428347859309 ], [ 74.585897733029313, 18.14043412376116 ], [ 74.585902242572033, 18.140442557123855 ], [ 74.5859188667947, 18.140461960088267 ], [ 74.585935851241771, 18.140481089023901 ], [ 74.585953189625045, 18.140499939662572 ], [ 74.585970876554697, 18.140518506028727 ], [ 74.585988908437372, 18.14053677958572 ], [ 74.586007278086626, 18.140554758626365 ], [ 74.586025981909145, 18.140572437175081 ], [ 74.586045011820133, 18.14058980840268 ], [ 74.586064364226303, 18.140606866333549 ], [ 74.586084030144491, 18.140623606699474 ], [ 74.586104005981483, 18.140640026085919 ], [ 74.586124286347314, 18.140656116809961 ], [ 74.586144862258905, 18.140671876310712 ], [ 74.586165730122971, 18.140687298612566 ], [ 74.586186882752969, 18.140702378593712 ], [ 74.586208312962384, 18.140717111985825 ], [ 74.586230015361338, 18.140731495374396 ], [ 74.586251982763287, 18.140745522783835 ], [ 74.586274207981745, 18.140759190799603 ], [ 74.586296684728453, 18.140772495153424 ], [ 74.586319406715262, 18.140785430723401 ], [ 74.586342364958952, 18.140797995802327 ], [ 74.586379157258079, 18.140817105920643 ], [ 74.586388343430158, 18.140821917169603 ], [ 74.586397343650972, 18.140827024639737 ], [ 74.586406147140778, 18.140832423209087 ], [ 74.586414744018015, 18.140838102633559 ], [ 74.586423125299632, 18.140844058644905 ], [ 74.586431276612529, 18.140850286121058 ], [ 74.58643919436345, 18.140856773110738 ], [ 74.586446863281012, 18.140863512784595 ], [ 74.586454274382135, 18.140870500020593 ], [ 74.586461421378502, 18.14087772286743 ], [ 74.586468294388766, 18.140885173642104 ], [ 74.586474885328002, 18.140892843807954 ], [ 74.586481184314778, 18.140900723121014 ], [ 74.586487186857482, 18.140908802190932 ], [ 74.586492883074712, 18.140917071627392 ], [ 74.586498267576516, 18.140925521186382 ], [ 74.58650333317641, 18.140934139770266 ], [ 74.58650807358616, 18.140942919696112 ], [ 74.586512483415888, 18.140951847305217 ], [ 74.586516554580754, 18.140960910646271 ], [ 74.586520287080788, 18.140970102036352 ], [ 74.586523673729388, 18.140979410377753 ], [ 74.586526709136749, 18.140988820304539 ], [ 74.586529392404472, 18.14099832328009 ], [ 74.586531718142766, 18.141007908206756 ], [ 74.586533683656612, 18.141017562279579 ], [ 74.586535287149374, 18.141027274400933 ], [ 74.58653652682446, 18.141037031765894 ], [ 74.586537401783573, 18.141046823276813 ], [ 74.586537787160822, 18.14105346391845 ], [ 74.586540124577198, 18.141061929690473 ], [ 74.58654262189367, 18.14107035704723 ], [ 74.586545277313647, 18.141078741720499 ], [ 74.586548088142166, 18.14108708285654 ], [ 74.586551052582621, 18.14109537789443 ], [ 74.586554173329915, 18.141103624273192 ], [ 74.586557447689131, 18.141111816017133 ], [ 74.586560872965293, 18.141119954833659 ], [ 74.586564452751702, 18.141128038161742 ], [ 74.586568180760153, 18.141136060025779 ], [ 74.586572058787226, 18.141144021279462 ], [ 74.586576085036313, 18.141151917654419 ], [ 74.586580257710835, 18.141159748297056 ], [ 74.586584576810708, 18.141167508939049 ], [ 74.586589039641055, 18.141175199580452 ], [ 74.586593647100145, 18.141182815099203 ], [ 74.586598393798099, 18.141190357202685 ], [ 74.586603282429863, 18.141197818208017 ], [ 74.586608307605573, 18.141205199822448 ], [ 74.586613472020147, 18.141212498631376 ], [ 74.586618772080328, 18.141219712927438 ], [ 74.586624205091155, 18.141226839296092 ], [ 74.586629771052642, 18.14123387517629 ], [ 74.586635467269872, 18.1412408222754 ], [ 74.586641291047854, 18.141247672910431 ], [ 74.586647243284929, 18.141254428788791 ], [ 74.58665332128615, 18.141261087349452 ], [ 74.586659519661595, 18.141267646031469 ], [ 74.586665842004564, 18.141274103127497 ], [ 74.586672284721786, 18.141280456076583 ], [ 74.586678843321693, 18.141286704025077 ], [ 74.586685518702552, 18.141292844412035 ], [ 74.58669230727115, 18.141298872969095 ], [ 74.586699207230865, 18.141304792257294 ], [ 74.586706215886707, 18.141310597154668 ], [ 74.586713333238677, 18.141316287661244 ], [ 74.586720554795249, 18.141321862069702 ], [ 74.586727879658085, 18.141327318672687 ], [ 74.586735305132223, 18.14133265490932 ], [ 74.586742829421041, 18.141337869072174 ], [ 74.586750448931284, 18.141342958600383 ], [ 74.586758162764639, 18.14134792605488 ], [ 74.586765968226146, 18.14135276631373 ], [ 74.586773862620831, 18.141357476815923 ], [ 74.58678184325386, 18.141362060976178 ], [ 74.586789909226781, 18.14136651281882 ], [ 74.58679805604811, 18.141370834051219 ], [ 74.586812757876032, 18.141378196024174 ], [ 74.58682186230142, 18.141382681159179 ], [ 74.586830881386874, 18.14138731397744 ], [ 74.586839813335743, 18.141392092771589 ], [ 74.586848653656446, 18.141397015834336 ], [ 74.586857402349011, 18.141402083165637 ], [ 74.586866053125206, 18.141407289643475 ], [ 74.586874606883327, 18.1414126378289 ], [ 74.586883060030146, 18.141418125160854 ], [ 74.586891408074109, 18.141423748224721 ], [ 74.586899650116848, 18.141429507020479 ], [ 74.586907785260053, 18.141435397279803 ], [ 74.586915808113844, 18.141441419856331 ], [ 74.586923716881614, 18.141447573042718 ], [ 74.5869315097667, 18.141453853424352 ], [ 74.586939184074168, 18.14146025758658 ], [ 74.586946738007398, 18.141466788090291 ], [ 74.586954168871415, 18.141473439813605 ], [ 74.586961473971314, 18.141480211049089 ], [ 74.586968652408757, 18.141487100943166 ], [ 74.586975699692147, 18.141494106081122 ], [ 74.586982617618162, 18.141501223901965 ], [ 74.58698939989857, 18.14150845440572 ], [ 74.58699604743164, 18.141515793324 ], [ 74.587002554827578, 18.141523238949546 ], [ 74.587008923882934, 18.141530788721319 ], [ 74.587015150106183, 18.141538442639309 ], [ 74.587021231700632, 18.141546194727901 ], [ 74.587027168666339, 18.141554046694388 ], [ 74.58703295830837, 18.141561993416783 ], [ 74.587038597931723, 18.141570032334119 ], [ 74.587044086638087, 18.141578160885391 ], [ 74.587049422630869, 18.141586377363257 ], [ 74.587054605011758, 18.141594680060411 ], [ 74.587059631085793, 18.141603067269529 ], [ 74.587064499954636, 18.141611532161246 ], [ 74.587069208923353, 18.141620075589273 ], [ 74.58707375709362, 18.141628694992626 ], [ 74.587078145363762, 18.141637386102957 ], [ 74.58708237014055, 18.141646148066624 ], [ 74.58708643142397, 18.141654975761622 ], [ 74.587090324722411, 18.14166387004164 ], [ 74.587094051832509, 18.141672824077396 ], [ 74.587097611855995, 18.141681838722516 ], [ 74.587101002996192, 18.141690909708664 ], [ 74.587104663630953, 18.14170132435439 ], [ 74.587106850130354, 18.14170622692059 ], [ 74.587109038426419, 18.141711136315923 ], [ 74.587112100783187, 18.141715610344807 ], [ 74.587115169428202, 18.14172009205657 ], [ 74.587119016912567, 18.14172400267007 ], [ 74.587122871583446, 18.141727920966424 ], [ 74.587128025218234, 18.141731887921292 ], [ 74.587133558840392, 18.141735794266221 ], [ 74.587139018800684, 18.141739787684351 ], [ 74.587144403302517, 18.141743871590261 ], [ 74.587149711447523, 18.141748040861994 ], [ 74.587154939642474, 18.141752297206853 ], [ 74.587160087887369, 18.141756637210221 ], [ 74.587165155283913, 18.141761060018425 ], [ 74.587170140035397, 18.141765565631424 ], [ 74.587175036752001, 18.141770149780978 ], [ 74.58717984992532, 18.141774814174351 ], [ 74.587184575063688, 18.141779555396941 ], [ 74.587189210370568, 18.141784372595016 ], [ 74.587193754947592, 18.141789266622304 ], [ 74.587198206998139, 18.141794232356808 ], [ 74.587202565623883, 18.141799269798518 ], [ 74.587206831723179, 18.141804377240121 ], [ 74.587210999007794, 18.141809552974287 ], [ 74.587215071070958, 18.141814796147351 ], [ 74.587219043421143, 18.141820104198356 ], [ 74.587222916058337, 18.141825476273567 ], [ 74.587226688084215, 18.141830909812093 ], [ 74.587230356803829, 18.141836404813873 ], [ 74.58723392401383, 18.141841957864258 ], [ 74.587237387019272, 18.141847568963264 ], [ 74.587240743125164, 18.14185323384261 ], [ 74.587243993229862, 18.141858954209567 ], [ 74.58724713733335, 18.141864725795866 ], [ 74.587250170944074, 18.141870547747832 ], [ 74.58725309765525, 18.141876418358155 ], [ 74.587255912975351, 18.14188233421217 ], [ 74.587258617802689, 18.141888295309897 ], [ 74.587261211238911, 18.141894300797652 ], [ 74.587263690589083, 18.141900346407159 ], [ 74.58726605764987, 18.141906431284735 ], [ 74.587268310624594, 18.141912552869403 ], [ 74.587270448614959, 18.141918711161178 ], [ 74.587272470722681, 18.141924901891791 ], [ 74.587275119854468, 18.141933667255667 ], [ 74.587282138391757, 18.141957204321393 ], [ 74.587289592611995, 18.141980625286447 ], [ 74.587297487006722, 18.142003920760608 ], [ 74.587305814389381, 18.142027085622061 ], [ 74.587314572963422, 18.142050113041496 ], [ 74.58732376003384, 18.142072992775198 ], [ 74.587333373804, 18.142095721408456 ], [ 74.587343410680674, 18.142118288697539 ], [ 74.587353868867211, 18.142140692081476 ], [ 74.587364742973719, 18.142162922170151 ], [ 74.587376031203561, 18.142184971280717 ], [ 74.587398293252932, 18.14222579486561 ], [ 74.5874016879864, 18.142231417049882 ], [ 74.58740539263863, 18.142236865941573 ], [ 74.58740940002312, 18.142242127028631 ], [ 74.587413693970177, 18.142247185798862 ], [ 74.587418268191598, 18.142252027740128 ], [ 74.587423103822772, 18.142256640901238 ], [ 74.587428193677169, 18.142261010770067 ], [ 74.58743351978849, 18.142265127102768 ], [ 74.587439069580327, 18.142268977948113 ], [ 74.587444826882987, 18.142272552208635 ], [ 74.587450777323426, 18.14227584134775 ], [ 74.587456902037033, 18.142278835121591 ], [ 74.587463185752426, 18.142281524993628 ], [ 74.587469613198309, 18.14228390584196 ], [ 74.587476800618873, 18.142286151812478 ], [ 74.587484794726635, 18.142289003025532 ], [ 74.587492734935381, 18.142291983994298 ], [ 74.587500617652026, 18.142295096426139 ], [ 74.587508441978144, 18.142298331784474 ], [ 74.587516204320494, 18.142301697752192 ], [ 74.587523901984184, 18.142305189207363 ], [ 74.587531534969159, 18.142308805296302 ], [ 74.58753909878385, 18.142312544311704 ], [ 74.587546590733311, 18.1423164053999 ], [ 74.587554010817556, 18.142320389414525 ], [ 74.587561355443299, 18.142324492087294 ], [ 74.587568621915651, 18.142328714271891 ], [ 74.587575808437933, 18.142333054260927 ], [ 74.58758291321351, 18.142337510347147 ], [ 74.587589932649138, 18.142342080823212 ], [ 74.587596867643128, 18.14234676568908 ], [ 74.587603712805617, 18.142351563237455 ], [ 74.587610468136518, 18.142356470053699 ], [ 74.587617130940984, 18.142361486991486 ], [ 74.58762369762573, 18.142366610636095 ], [ 74.587630169987364, 18.142371840987625 ], [ 74.587636541737666, 18.142377174631392 ], [ 74.587642814673274, 18.142382614128358 ], [ 74.587648984302675, 18.14238815094193 ], [ 74.587655048829134, 18.142393790194077 ], [ 74.587664207153452, 18.142402690412116 ], [ 74.588875637416393, 18.143584889047371 ], [ 74.58896266799772, 18.143682487708269 ], [ 74.589047863320985, 18.143781486299567 ], [ 74.589131196436639, 18.143881854941121 ], [ 74.589212641293528, 18.143983562045637 ], [ 74.589292172738894, 18.144086578586752 ], [ 74.589369768314839, 18.144190872123534 ], [ 74.589445402868492, 18.144296411068794 ], [ 74.589519053941984, 18.144403162981668 ], [ 74.589590699975787, 18.144511096275089 ], [ 74.589677278704571, 18.144647424300292 ], [ 74.589682282320709, 18.144653062625899 ], [ 74.589687178138988, 18.144658783754913 ], [ 74.58969196615945, 18.144664584272718 ], [ 74.589696646382095, 18.144670459057455 ], [ 74.589701215213637, 18.144676410670023 ], [ 74.589705672654063, 18.144682435695863 ], [ 74.589710016906793, 18.144688533281304 ], [ 74.589714246175134, 18.144694699158109 ], [ 74.58971836135747, 18.144700933326291 ], [ 74.58972235796216, 18.14470723237125 ], [ 74.589726235989218, 18.144713597146627 ], [ 74.589729993642081, 18.144720023384224 ], [ 74.589733632717284, 18.144726509376678 ], [ 74.589737148723302, 18.144733053416743 ], [ 74.589740544355095, 18.14473965294345 ], [ 74.589743813324404, 18.14474630710318 ], [ 74.589746959224527, 18.144753014188584 ], [ 74.589749977563883, 18.144759770785154 ], [ 74.58975287103739, 18.144766575185535 ], [ 74.589755636051862, 18.144773425682441 ], [ 74.589758272607213, 18.144780319714993 ], [ 74.589760779805175, 18.144787255575821 ], [ 74.589763156747424, 18.144794232411282 ], [ 74.589765404332269, 18.144801245099526 ], [ 74.589767519864765, 18.144808292786909 ], [ 74.589769502446586, 18.144815376327095 ], [ 74.589771353874383, 18.144822488037221 ], [ 74.589773069656559, 18.144829631331913 ], [ 74.589774654284739, 18.144836797674699 ], [ 74.589776104165594, 18.144843991333811 ], [ 74.589777416604221, 18.144851206333712 ], [ 74.589778598787134, 18.144858441820787 ], [ 74.589779641731198, 18.144865696087713 ], [ 74.589780550826262, 18.144872964866291 ], [ 74.589781323377409, 18.144880247302858 ], [ 74.589781960282949, 18.144887540836528 ], [ 74.589782459746218, 18.144894843759978 ], [ 74.589782821767287, 18.144902154365877 ], [ 74.589783048142749, 18.1449094692397 ], [ 74.58978313887259, 18.144916785820531 ], [ 74.589783091261879, 18.144924102401031 ], [ 74.589782907107249, 18.144931417273948 ], [ 74.589782587307013, 18.144938727024705 ], [ 74.589782130064521, 18.144946031653273 ], [ 74.589781535379828, 18.144953326891493 ], [ 74.589780805049472, 18.144960611031994 ], [ 74.589779939073537, 18.144967883221199 ], [ 74.589778938350335, 18.144975139190905 ], [ 74.589777799286566, 18.144982377233756 ], [ 74.589776527272093, 18.144989594788889 ], [ 74.589775119612042, 18.144996791002647 ], [ 74.589773577204724, 18.145003964167717 ], [ 74.589771902745042, 18.145011110015908 ], [ 74.589770092639725, 18.145018226839962 ], [ 74.589768151380397, 18.14502531293255 ], [ 74.589766076272099, 18.145032366586396 ], [ 74.589763870009762, 18.145039385240597 ], [ 74.589761534390007, 18.145046367187899 ], [ 74.589759066717917, 18.145053309013679 ], [ 74.589756470586792, 18.145060209864269 ], [ 74.589753745098164, 18.145067066325172 ], [ 74.589750721368944, 18.145074276194059 ], [ 74.589747879997716, 18.145082787014449 ], [ 74.589745197628261, 18.145091343931146 ], [ 74.589742676057242, 18.145099942675952 ], [ 74.589740316182997, 18.145108582395171 ], [ 74.589738118005499, 18.145117258820626 ], [ 74.589736082423073, 18.145125970244987 ], [ 74.589734210334015, 18.145134713253686 ], [ 74.589732500840014, 18.145143485285786 ], [ 74.589730955737735, 18.145152284634026 ], [ 74.58972957592546, 18.145161108737451 ], [ 74.589728363199811, 18.145169954181526 ], [ 74.589727313967572, 18.145178815844304 ], [ 74.589726430923662, 18.145187696286808 ], [ 74.589725714068067, 18.145196587826202 ], [ 74.589725164299139, 18.145205492169783 ], [ 74.589724779820159, 18.145214401634767 ], [ 74.5897245633262, 18.145223318782055 ], [ 74.589724512122189, 18.145232236782551 ], [ 74.589724628903184, 18.145241154782603 ], [ 74.589724910974212, 18.145250070221241 ], [ 74.589725361030148, 18.145258979683959 ], [ 74.589725978172766, 18.145267879756133 ], [ 74.589726758808737, 18.145276769584179 ], [ 74.589727708328013, 18.145285645753471 ], [ 74.589728823137264, 18.145294505703138 ], [ 74.589730103236533, 18.145303345164958 ], [ 74.589731547727524, 18.145312163285279 ], [ 74.589733156610194, 18.145320956649517 ], [ 74.589734929884571, 18.145329722696808 ], [ 74.589736865753991, 18.145338458866171 ], [ 74.589738966913458, 18.145347161743103 ], [ 74.589741228871333, 18.145355829620279 ], [ 74.589743653424279, 18.1453644599368 ], [ 74.58974623877566, 18.145373050131742 ], [ 74.589748983128871, 18.145381595936904 ], [ 74.589751888280503, 18.145390097352305 ], [ 74.589757735414679, 18.14540583935354 ], [ 74.5897580300621, 18.145416915349969 ], [ 74.589758118096967, 18.145427994760301 ], [ 74.589757998621067, 18.145439074169897 ], [ 74.589757671634288, 18.145450150164226 ], [ 74.589757138035012, 18.145461217621456 ], [ 74.589756398721534, 18.145472274834283 ], [ 74.589755450998894, 18.145483318388145 ], [ 74.589754297562081, 18.145494344014857 ], [ 74.589752938411038, 18.14550534915351 ], [ 74.589751374444134, 18.145516330389526 ], [ 74.589749603864718, 18.145527284308347 ], [ 74.589747630266046, 18.1455382057881 ], [ 74.589745451851471, 18.145549094828866 ], [ 74.589743070417668, 18.14555994716239 ], [ 74.589740485964569, 18.145570757666864 ], [ 74.589737699390582, 18.145581523781363 ], [ 74.589734711593934, 18.145592242944954 ], [ 74.589731525269627, 18.145602911743108 ], [ 74.589728138621012, 18.145613526761259 ], [ 74.589724556139643, 18.145624084584881 ], [ 74.589720774232305, 18.145634581799431 ], [ 74.589713711677561, 18.145652739580335 ], [ 74.589713658676942, 18.145660634044408 ], [ 74.589713163705227, 18.145668514849895 ], [ 74.589712228559023, 18.145676359802135 ], [ 74.589710855034951, 18.145684148413785 ], [ 74.589709044929634, 18.145691857636557 ], [ 74.589706807226264, 18.145699466983142 ], [ 74.589704142823138, 18.145706956819797 ], [ 74.589701064296662, 18.145714305805537 ], [ 74.58969757613842, 18.145721492599414 ], [ 74.589693690026493, 18.14572850098229 ], [ 74.589689416740697, 18.145735307052249 ], [ 74.589684767060788, 18.145741896297427 ], [ 74.589677392790634, 18.145766384658678 ], [ 74.589673779766542, 18.145786574941585 ], [ 74.589670545831495, 18.145806822415995 ], [ 74.589667690087225, 18.145827116838266 ], [ 74.589665213431985, 18.145847457354645 ], [ 74.589663118560722, 18.145867833721542 ], [ 74.589661404575168, 18.145888243377939 ], [ 74.589660073271929, 18.145908676933871 ], [ 74.589659123752682, 18.14592913097475 ], [ 74.589658556017412, 18.145949596964176 ], [ 74.589658371862797, 18.145970069780294 ], [ 74.589658570390455, 18.145990544301338 ], [ 74.589659150702147, 18.146011011990836 ], [ 74.589660114594437, 18.146031466019753 ], [ 74.589661461169058, 18.146051903827114 ], [ 74.589663188629345, 18.146072316876609 ], [ 74.589665297873623, 18.146092699192767 ], [ 74.58966778710527, 18.146113043946439 ], [ 74.589670657222598, 18.146133346015862 ], [ 74.589673906429013, 18.146153597718328 ], [ 74.589677532029498, 18.146173794785618 ], [ 74.589681535820688, 18.146193930388662 ], [ 74.589683344129384, 18.146202216647893 ], [ 74.589685916006033, 18.146213996844796 ], [ 74.589690669890516, 18.146233990739415 ], [ 74.589695795677514, 18.146253904389841 ], [ 74.589701294265382, 18.146273731820681 ], [ 74.589707162060819, 18.14629346705647 ], [ 74.589713397267204, 18.146313104975395 ], [ 74.589719998087915, 18.146332637894812 ], [ 74.589726965421235, 18.146352060692891 ], [ 74.589734292080692, 18.146371369101505 ], [ 74.589741978964582, 18.146390552877019 ], [ 74.58975371994535, 18.14641805277672 ], [ 74.589756458908667, 18.146424559193477 ], [ 74.589758952631897, 18.146431152680883 ], [ 74.589761200216714, 18.146437819580758 ], [ 74.589763195374971, 18.14644455903948 ], [ 74.589764938106612, 18.146451357398842 ], [ 74.589822694389483, 18.146717321233453 ], [ 74.590090236037298, 18.14658683625089 ], [ 74.590537753355662, 18.14656029586429 ], [ 74.591425550266095, 18.146435450739933 ], [ 74.591597548896928, 18.146437087160788 ], [ 74.592741742057498, 18.14633035185533 ], [ 74.593522843366699, 18.146237078345596 ], [ 74.593884665898514, 18.146313151925423 ], [ 74.59431813985401, 18.146404287035139 ], [ 74.59442805861049, 18.146410878816038 ], [ 74.596461592885476, 18.146255202772071 ], [ 74.596616765172698, 18.146243320141501 ], [ 74.598014002070684, 18.146231405071919 ], [ 74.598187199054095, 18.146237021151876 ], [ 74.599333444865053, 18.146274169736536 ], [ 74.600073498555673, 18.146298133890088 ], [ 74.601491366162477, 18.146253632079564 ], [ 74.601950471747983, 18.146149742690337 ], [ 74.603182167105388, 18.145870992186236 ], [ 74.603599263874969, 18.145776583944468 ], [ 74.604522707732528, 18.145612178863153 ], [ 74.604679826668985, 18.145584203358915 ], [ 74.604841024855148, 18.145555498841063 ], [ 74.604938332163343, 18.145538173349774 ], [ 74.604995611440799, 18.145527990269247 ], [ 74.605304569914793, 18.145473060184049 ], [ 74.605579623274991, 18.145424155081862 ], [ 74.605897759836225, 18.145367586825838 ], [ 74.607075467343421, 18.145158144036802 ], [ 74.607140623049276, 18.145153707656263 ], [ 74.607862247801847, 18.145104569420223 ], [ 74.610527419892435, 18.144805384420792 ], [ 74.612012725824258, 18.144638511391829 ], [ 74.613281976150418, 18.144491702296435 ], [ 74.615117395972632, 18.144279287767016 ], [ 74.6152659638459, 18.144262086781723 ], [ 74.615382881376746, 18.144248551355066 ], [ 74.615908424564026, 18.144512910272258 ], [ 74.61624697713674, 18.144683209098147 ], [ 74.616424333319912, 18.144752517367451 ], [ 74.617174067256045, 18.145045489642754 ], [ 74.61722075809125, 18.145063735410087 ], [ 74.617302220914482, 18.145119252076501 ], [ 74.617616165936582, 18.145333204701426 ], [ 74.617778166318303, 18.145443608711933 ], [ 74.617972250030377, 18.145577498012649 ], [ 74.618015944085798, 18.145607640057278 ], [ 74.618793091011156, 18.146143768079686 ], [ 74.618941824174414, 18.14622475609055 ], [ 74.619750216301952, 18.146664953281253 ], [ 74.62037357165066, 18.147004395876444 ], [ 74.620635556320124, 18.147147059327878 ], [ 74.621150451776344, 18.147553136280212 ], [ 74.62180709689288, 18.148071022274465 ], [ 74.621954891316662, 18.148187586894981 ], [ 74.622537457761553, 18.148647070227661 ], [ 74.623248431189808, 18.148908193232877 ], [ 74.623908510565627, 18.149115045050525 ], [ 74.623941504787723, 18.149125384988746 ], [ 74.625173450775065, 18.149404412852128 ], [ 74.625800340096092, 18.149546382058052 ], [ 74.626626497306702, 18.14973345730148 ], [ 74.626889656074241, 18.149756191767811 ], [ 74.62693743476926, 18.14976031987468 ], [ 74.627848020141869, 18.149810727841977 ], [ 74.627948010717844, 18.149816259298575 ], [ 74.628009337803931, 18.150079593136368 ], [ 74.628096032415385, 18.150451854935 ], [ 74.628038950767291, 18.150669799368892 ], [ 74.627892717615453, 18.151228174945583 ], [ 74.627873251123233, 18.151300553625216 ], [ 74.627784273892672, 18.151631372576411 ], [ 74.627580150608978, 18.152390394972464 ], [ 74.627565416441698, 18.152469443255001 ], [ 74.627492182186458, 18.152862339278538 ], [ 74.627470768146708, 18.152977226785413 ], [ 74.627403766402935, 18.153336729588851 ], [ 74.627387175417937, 18.153435511872662 ], [ 74.627460946865696, 18.154445589188605 ], [ 74.627470267785114, 18.154625762982914 ], [ 74.627497456195471, 18.155151278780394 ], [ 74.627520833952431, 18.155603004289812 ], [ 74.627563715930847, 18.156431342094436 ], [ 74.627577682038549, 18.156701036277802 ], [ 74.627650478814246, 18.157977300049499 ], [ 74.627639752929767, 18.158061689212591 ], [ 74.627583677394782, 18.158502893684503 ], [ 74.627534512599283, 18.159014815736704 ], [ 74.627528151628738, 18.159081067646984 ], [ 74.627286140999615, 18.159672404332447 ], [ 74.627132730308674, 18.160114816804931 ], [ 74.627131761026476, 18.160158050949473 ], [ 74.627129321202148, 18.160266764063859 ], [ 74.627121218398301, 18.16062813483672 ], [ 74.627092730125682, 18.161877803689336 ], [ 74.627092429190057, 18.161890996326232 ], [ 74.627079808758637, 18.161927527872919 ], [ 74.626987353251309, 18.162195184660302 ], [ 74.626974257611081, 18.162238572784123 ], [ 74.626813825687847, 18.16247361635395 ], [ 74.626468610310695, 18.162979387144087 ], [ 74.626464611909356, 18.162985244241995 ], [ 74.626463330911776, 18.162987118649848 ], [ 74.626209273874679, 18.163359344411511 ], [ 74.626146759215743, 18.163499741983493 ], [ 74.625970295059659, 18.1638960726428 ], [ 74.625896063674475, 18.164144384975167 ], [ 74.625786052391547, 18.164512402839126 ], [ 74.625586506922502, 18.165102329003723 ], [ 74.625564303263616, 18.165194803767637 ], [ 74.625408751887349, 18.165676658957537 ], [ 74.625380213309072, 18.165946139137297 ], [ 74.625301239717501, 18.166691966811658 ], [ 74.625300510285498, 18.166698858272333 ], [ 74.625290842616408, 18.16679015687042 ], [ 74.62528141659412, 18.166879191842092 ], [ 74.625110683689542, 18.167245132413701 ], [ 74.624964105584652, 18.167458933329552 ], [ 74.624951032402336, 18.16748179522628 ], [ 74.624614946603387, 18.168069475962159 ], [ 74.62404328031613, 18.169069141846272 ], [ 74.623992650368393, 18.169125273958603 ], [ 74.623964940935153, 18.169155992337977 ], [ 74.6234683540427, 18.1697065392075 ], [ 74.623199621228849, 18.170004471273067 ], [ 74.623073889428426, 18.170642647041849 ], [ 74.623077602165509, 18.170642577053396 ], [ 74.623082976785838, 18.171043087384685 ], [ 74.623083616386296, 18.171090806610092 ], [ 74.623096367971769, 18.172040172293368 ], [ 74.623037053111887, 18.172504348637524 ], [ 74.623029695909693, 18.172561930610037 ], [ 74.623016558946972, 18.172664734846602 ], [ 74.622968218804928, 18.173043065591724 ], [ 74.622726450720933, 18.173953407090448 ], [ 74.622518550021454, 18.17473630468033 ], [ 74.622422590186176, 18.175097684767231 ], [ 74.622392701440049, 18.175192760812749 ], [ 74.622376460798037, 18.175239641624511 ], [ 74.622346342083176, 18.175340226903629 ], [ 74.622319281233544, 18.175426310397402 ], [ 74.622315490343055, 18.175458421424459 ], [ 74.62229726083099, 18.175612807418375 ], [ 74.622294085286455, 18.175639706125601 ], [ 74.622230152187697, 18.175797691138563 ], [ 74.622195685626863, 18.175882860316293 ], [ 74.622188429036015, 18.175900791337995 ], [ 74.622185731395234, 18.175918043831533 ], [ 74.622128814138804, 18.176282028884824 ], [ 74.622091251085195, 18.176522253858721 ], [ 74.622023492959968, 18.176955620199848 ], [ 74.622020118887733, 18.176977190380317 ], [ 74.622181396125669, 18.177493567226705 ], [ 74.622190884131683, 18.177523945300045 ], [ 74.622361324185505, 18.178176589953683 ], [ 74.622529752013065, 18.17882154915689 ], [ 74.622538721691171, 18.1788558999387 ], [ 74.622568775727302, 18.178963363014578 ], [ 74.622906163185107, 18.179704704686664 ], [ 74.622988550374728, 18.179885728934504 ], [ 74.623010738762247, 18.179921039663526 ], [ 74.62352024702173, 18.180731906816519 ], [ 74.623542678852687, 18.180778796381698 ], [ 74.62368117481499, 18.18106829777442 ], [ 74.62388297056377, 18.181434043878124 ], [ 74.62461194533202, 18.182755367001203 ], [ 74.624700217385097, 18.182915377654879 ], [ 74.62473755585988, 18.182970661244013 ], [ 74.625053493345291, 18.183438435698545 ], [ 74.625061802761678, 18.18345074081919 ], [ 74.625322508230184, 18.18386732727387 ], [ 74.625359307715783, 18.184013004877507 ], [ 74.625365398293397, 18.184037114913689 ], [ 74.625369861123758, 18.18406395770123 ], [ 74.625374823417374, 18.184090720260127 ], [ 74.625380281581045, 18.184117392348959 ], [ 74.625386237411377, 18.184143967140219 ], [ 74.625392687315127, 18.184170436099397 ], [ 74.625399628597336, 18.184196790691999 ], [ 74.625407060359663, 18.184223024943936 ], [ 74.625414979907205, 18.184249127760392 ], [ 74.625423385443312, 18.184275093167273 ], [ 74.625432273374756, 18.184300914337026 ], [ 74.625441641904857, 18.184326580174858 ], [ 74.625451488338669, 18.184352086413575 ], [ 74.625461808184681, 18.184377421104937 ], [ 74.625472599646159, 18.184402580835219 ], [ 74.625483859129943, 18.184427555363047 ], [ 74.625495583042692, 18.184452337860986 ], [ 74.625507766892895, 18.18447692064796 ], [ 74.62552040798559, 18.184501296896507 ], [ 74.625533503625803, 18.184525458072226 ], [ 74.625547048423641, 18.184549398201057 ], [ 74.625561037887579, 18.184573107895076 ], [ 74.625575469322612, 18.184596581180333 ], [ 74.625590336440567, 18.184619811229204 ], [ 74.625605635648171, 18.184642790360837 ], [ 74.625621363352153, 18.184665511747699 ], [ 74.625637512366012, 18.184687969415748 ], [ 74.625654078198181, 18.184710154830576 ], [ 74.625671058153685, 18.184732062018192 ], [ 74.625688445046009, 18.184753685857956 ], [ 74.625706234383557, 18.184775016108603 ], [ 74.625731112327045, 18.184803603231913 ], [ 74.625803823762766, 18.184965168695886 ], [ 74.625983078086151, 18.185618784042671 ], [ 74.626054427675911, 18.185784417119116 ], [ 74.626184563017858, 18.186086524085354 ], [ 74.626265119440944, 18.186273537138039 ], [ 74.626332994347209, 18.186431111404485 ], [ 74.626340026359244, 18.186448864679861 ], [ 74.626527025058664, 18.186920995144053 ], [ 74.626721651353179, 18.187123715672271 ], [ 74.62717474361618, 18.187595676182827 ], [ 74.627231262918897, 18.187802009366923 ], [ 74.627239625335889, 18.188062002759345 ], [ 74.627289286899753, 18.188702811882148 ], [ 74.627259818565179, 18.188897770111549 ], [ 74.627300317313114, 18.18896491872724 ], [ 74.627296369217433, 18.189274883659667 ], [ 74.627295777227687, 18.189321279354527 ], [ 74.627380139812644, 18.18975147841779 ], [ 74.627463926577519, 18.190178762835345 ], [ 74.627543101391694, 18.190992640099637 ], [ 74.627545019294828, 18.1910494726427 ], [ 74.627564549567424, 18.191628108873402 ], [ 74.627570958148652, 18.191817940785032 ], [ 74.62619464121704, 18.191919318714081 ], [ 74.624435023035133, 18.192048802048053 ], [ 74.623317133444417, 18.192130990000575 ], [ 74.621589969597096, 18.192257865149298 ], [ 74.621053343894147, 18.192371752132605 ], [ 74.62087840328077, 18.192354841777732 ], [ 74.620710317711342, 18.192346162579067 ], [ 74.620784905727675, 18.191505408177488 ], [ 74.620337803430999, 18.190470493123343 ], [ 74.620142980405419, 18.190229113048424 ], [ 74.619921757690321, 18.18997351375107 ], [ 74.619776855841707, 18.190000539964359 ], [ 74.619266192348789, 18.190208344163345 ], [ 74.618595114898937, 18.190401989854234 ], [ 74.617201400295201, 18.190987971900295 ], [ 74.617048866359951, 18.191099812363362 ], [ 74.615768082563832, 18.191665149658096 ], [ 74.615001547436947, 18.192003459337872 ], [ 74.614967106028971, 18.192018657779389 ], [ 74.614911137393506, 18.192043358977667 ], [ 74.614995119092782, 18.192596891397315 ], [ 74.61499208997364, 18.192598408761462 ], [ 74.612587867693293, 18.193803281331981 ], [ 74.612569920252241, 18.193813766262483 ], [ 74.612336743655632, 18.193949989228035 ], [ 74.610661304802392, 18.194449713752494 ], [ 74.610683356645964, 18.194541004656781 ], [ 74.610946442649976, 18.195630331968012 ], [ 74.610887248164332, 18.195647840235576 ], [ 74.608874205359314, 18.196243127966031 ], [ 74.608872930649881, 18.196243504312243 ], [ 74.608611970059883, 18.194740066333296 ], [ 74.607218885175143, 18.195114384312866 ], [ 74.60709307342465, 18.195148184857423 ], [ 74.607275465563305, 18.196349139802049 ], [ 74.607421978091196, 18.197321673182987 ], [ 74.607559597297765, 18.198036180666975 ], [ 74.607540909644939, 18.198712427314959 ], [ 74.607507071006481, 18.199937270968594 ], [ 74.607532798756225, 18.201234002313399 ], [ 74.607547494296, 18.201974574292276 ], [ 74.607578629005417, 18.20354346209589 ], [ 74.607606713036134, 18.204958297608499 ], [ 74.60759042298676, 18.205072498858843 ], [ 74.607587544784607, 18.205092683988429 ], [ 74.607454459375248, 18.20602575513535 ], [ 74.60739147938898, 18.206467334961463 ], [ 74.607382666916052, 18.206529120378089 ], [ 74.6076769514099, 18.208771002929723 ], [ 74.607877317040717, 18.210297531968013 ], [ 74.607878053659277, 18.210303146839671 ], [ 74.608329811025769, 18.211490823803608 ], [ 74.608800741135354, 18.212729011308895 ], [ 74.608842104960928, 18.212837771870038 ], [ 74.608965176849793, 18.213223533957411 ], [ 74.609111003963122, 18.214685415328347 ], [ 74.608947074000199, 18.214823442921528 ], [ 74.605552331558343, 18.217681482148038 ], [ 74.605438239229059, 18.217777525635004 ], [ 74.604946436763825, 18.218191523082936 ], [ 74.604929419977395, 18.21820584803573 ], [ 74.604207505069013, 18.218852554260252 ], [ 74.60343941765332, 18.219154998965738 ], [ 74.602150760123735, 18.219662375915505 ], [ 74.60154622358192, 18.219900374633941 ], [ 74.600718932697404, 18.220226046234259 ], [ 74.600683902892925, 18.220239835162786 ], [ 74.5998604891372, 18.220563953169925 ], [ 74.599246239112205, 18.220805722119945 ], [ 74.598888006248259, 18.220946714246342 ], [ 74.598517012815705, 18.221092725199014 ], [ 74.598324772446588, 18.221168382168095 ], [ 74.597955604390705, 18.221313666802072 ], [ 74.597339985333235, 18.221555928753304 ], [ 74.597164912667523, 18.221624820808888 ], [ 74.597005089802053, 18.221687711802389 ], [ 74.596904887223687, 18.221781586632197 ], [ 74.596840867886641, 18.221747845011475 ], [ 74.596489516117757, 18.221579926936489 ], [ 74.596386052654921, 18.221524472996375 ], [ 74.595630292819848, 18.22111941636917 ], [ 74.595361208764729, 18.220975199869134 ], [ 74.595309967064296, 18.220945917290514 ], [ 74.594906169852493, 18.22071515916927 ], [ 74.594366946221726, 18.220407019008078 ], [ 74.594119746025214, 18.220264528093395 ], [ 74.593146948725959, 18.219703817066936 ], [ 74.592993856936914, 18.219644242902159 ], [ 74.592841851211062, 18.219585092796329 ], [ 74.592078756631693, 18.219288154200193 ], [ 74.591695165225616, 18.21913121376841 ], [ 74.591359151291883, 18.218993739957043 ], [ 74.590963228711871, 18.218840832724368 ], [ 74.590790044304882, 18.218773949047051 ], [ 74.590648105998426, 18.218739118054668 ], [ 74.590638962047151, 18.218726427182062 ], [ 74.59062960160189, 18.218713893312533 ], [ 74.590620028255898, 18.218701519006004 ], [ 74.590610243805841, 18.218689307675607 ], [ 74.590600251844933, 18.218677265294374 ], [ 74.590590055068134, 18.218665391862324 ], [ 74.590579656170405, 18.218653694205752 ], [ 74.590569058745018, 18.218642174884604 ], [ 74.590558267283484, 18.218630837311949 ], [ 74.590547283582509, 18.218619684047781 ], [ 74.590536111235323, 18.21860871935846 ], [ 74.590524752038547, 18.218597945803896 ], [ 74.590513214077049, 18.218587369357142 ], [ 74.59050149555415, 18.218576989164919 ], [ 74.590489603656465, 18.218566810346978 ], [ 74.590477541078783, 18.218556837169743 ], [ 74.590465308719573, 18.218547072193154 ], [ 74.590452915561912, 18.21853751627048 ], [ 74.590440361605815, 18.218528175374733 ], [ 74.590427652241175, 18.218519050359284 ], [ 74.590414790162939, 18.218510142930711 ], [ 74.590401778964377, 18.218501459062011 ], [ 74.590388624933652, 18.218492997899961 ], [ 74.59037532986747, 18.218484766270869 ], [ 74.590361899155639, 18.218476761614905 ], [ 74.590348337289782, 18.218468990758335 ], [ 74.590334646066552, 18.218461453701234 ], [ 74.5903208299775, 18.218454153003485 ], [ 74.59029707941967, 18.218442295768646 ], [ 74.590221013674679, 18.218403015685865 ], [ 74.58951169943478, 18.218036742182722 ], [ 74.588789028144902, 18.217663586995648 ], [ 74.588358279677962, 18.217450774309718 ], [ 74.588195054892523, 18.217370130808686 ], [ 74.588142507939978, 18.217366527367876 ], [ 74.58801363832427, 18.217357688996742 ], [ 74.587858590004544, 18.217347055304256 ], [ 74.587669521586676, 18.217334087864362 ], [ 74.587467461733183, 18.217177944350556 ], [ 74.587358267917125, 18.217084677140789 ], [ 74.586439760302056, 18.216300172691586 ], [ 74.586183391001455, 18.216070783924462 ], [ 74.585710810686692, 18.215707509974862 ], [ 74.585621478621533, 18.215619378830766 ], [ 74.585526436864498, 18.215525615872991 ], [ 74.585367904878098, 18.215355150670845 ], [ 74.584804520159452, 18.214749385696297 ], [ 74.584696064758589, 18.21463277509093 ], [ 74.584645039552115, 18.214616395090996 ], [ 74.58456209900028, 18.214589771187988 ], [ 74.584375164081209, 18.21448463399437 ], [ 74.58395867457277, 18.214166591293331 ], [ 74.583650662923105, 18.213931391260235 ], [ 74.583641260257025, 18.213924209835366 ], [ 74.583598160886325, 18.213861693198567 ], [ 74.583561211382047, 18.213808097008545 ], [ 74.58336932315251, 18.213665925802815 ], [ 74.581596330852662, 18.212352394797975 ], [ 74.581341654876354, 18.212124079420118 ], [ 74.580617752894554, 18.211001078242884 ], [ 74.58061020974111, 18.2109899398497 ], [ 74.580053011719812, 18.210167270308176 ], [ 74.580048997148836, 18.210166851325834 ], [ 74.579894165323068, 18.210150712396668 ], [ 74.579754488076176, 18.210136153823463 ], [ 74.579266876251779, 18.209517940268128 ], [ 74.57877180032564, 18.208890300332527 ], [ 74.578281079432017, 18.208268216752469 ], [ 74.578210860821216, 18.20817629559884 ], [ 74.577596854239673, 18.207372539812098 ], [ 74.57742099914131, 18.207142349946007 ], [ 74.575821410437385, 18.206588705856767 ], [ 74.574376130739736, 18.206170724720145 ], [ 74.573578945095349, 18.205663265791181 ], [ 74.573543979969529, 18.205603783250961 ], [ 74.573288357168906, 18.20516892904029 ], [ 74.572598145603507, 18.204554940722407 ], [ 74.572593752841769, 18.204551034076445 ], [ 74.572283705609664, 18.204380082814829 ], [ 74.571572716910097, 18.203988073356978 ], [ 74.571354098410964, 18.203867541205014 ], [ 74.570913779292965, 18.20364551589013 ], [ 74.57015616803011, 18.203263514674191 ], [ 74.569377238847252, 18.202870779054518 ], [ 74.569118675860693, 18.202754105881105 ], [ 74.568559261695611, 18.202501679829723 ], [ 74.568243090648224, 18.202359018098555 ], [ 74.568058476077539, 18.202275716209648 ], [ 74.567474607075482, 18.202074650907086 ], [ 74.566272043184412, 18.201660535783695 ], [ 74.566248784005069, 18.201405833070254 ], [ 74.566246937967193, 18.201390979354418 ], [ 74.566244872740342, 18.20137436172633 ] ] ], [ [ [ 73.859723175241228, 18.870714230165611 ], [ 73.861042768054261, 18.870561719134471 ], [ 73.861315614253783, 18.870428809726764 ], [ 73.861360111403087, 18.870407133883759 ], [ 73.861503651405684, 18.870337212695325 ], [ 73.861721891714112, 18.870230904925986 ], [ 73.861736343810378, 18.870223864944187 ], [ 73.861839889019905, 18.870173427316651 ], [ 73.861888710659002, 18.870067773120219 ], [ 73.862132372391599, 18.869540467631882 ], [ 73.862242757373721, 18.869123141197726 ], [ 73.862129580427691, 18.868238709187256 ], [ 73.861624191842125, 18.866617606030992 ], [ 73.86157045821507, 18.865618700614363 ], [ 73.861832328798499, 18.864829195201704 ], [ 73.862245437048202, 18.86427921562813 ], [ 73.863046596839382, 18.863682701578345 ], [ 73.863906217192664, 18.863203144828752 ], [ 73.865081220770804, 18.863168242665942 ], [ 73.866120906626151, 18.86339992138322 ], [ 73.867457692295389, 18.863558625722941 ], [ 73.867646531642833, 18.863764234904597 ], [ 73.870311992990921, 18.863440961842073 ], [ 73.870550555886012, 18.863001856718437 ], [ 73.870550995162148, 18.86274205367236 ], [ 73.870552859166352, 18.861628535595379 ], [ 73.870380117628798, 18.860779509073502 ], [ 73.870493281998421, 18.859960254221296 ], [ 73.87051848692866, 18.859777771244946 ], [ 73.870849358007376, 18.858713800682164 ], [ 73.870988330076784, 18.85771312759038 ], [ 73.871084166842849, 18.857575035151388 ], [ 73.872384232078232, 18.855701751781698 ], [ 73.872789501628773, 18.855250269199903 ], [ 73.873170549904302, 18.854825773063833 ], [ 73.874115361089224, 18.853919341995912 ], [ 73.874435034667897, 18.8533371130696 ], [ 73.87459108371084, 18.85305289403113 ], [ 73.874136627805242, 18.852474339734854 ], [ 73.874075973557254, 18.852388920953089 ], [ 73.874013353795448, 18.852300732421014 ], [ 73.873934268812789, 18.852195604244312 ], [ 73.873606648737052, 18.851760097178637 ], [ 73.873124700790513, 18.851123407337617 ], [ 73.873000516787329, 18.850959350706002 ], [ 73.872955721397375, 18.850896541265286 ], [ 73.872781959373668, 18.850652901758401 ], [ 73.872772272839939, 18.850639319179152 ], [ 73.87268021259132, 18.850510238289218 ], [ 73.872383838616145, 18.850297202235442 ], [ 73.871960049397686, 18.850008013251148 ], [ 73.870676803319384, 18.849757541597423 ], [ 73.869736604085134, 18.849415533374337 ], [ 73.869427977987826, 18.848951722124909 ], [ 73.869100185435599, 18.848245110784553 ], [ 73.869012479321157, 18.847235729228657 ], [ 73.868872205592893, 18.846500983312652 ], [ 73.868719723759938, 18.846191587235914 ], [ 73.86849580969222, 18.846026906869479 ], [ 73.867822836797103, 18.845696112285033 ], [ 73.867179880208923, 18.84512705528406 ], [ 73.867032944574532, 18.844372901073477 ], [ 73.866018556175916, 18.843913522265751 ], [ 73.865974663592851, 18.843907538787718 ], [ 73.865604228912375, 18.843695461845446 ], [ 73.865545655162578, 18.843648787589782 ], [ 73.865110834632461, 18.843696737098174 ], [ 73.864864295595993, 18.843618657608015 ], [ 73.864411211417845, 18.843475166896265 ], [ 73.863934503344339, 18.843365468628217 ], [ 73.863848068345987, 18.843281287309907 ], [ 73.863675524437795, 18.843113239960275 ], [ 73.863629513627245, 18.843096069897364 ], [ 73.863563853068214, 18.843070103957128 ], [ 73.863424838777973, 18.843026696738111 ], [ 73.863201504123623, 18.84293984060788 ], [ 73.863040482905575, 18.842866236924905 ], [ 73.863011794308676, 18.842861668947098 ], [ 73.862861118089413, 18.842837672821016 ], [ 73.862464714910743, 18.842780808152359 ], [ 73.862340495873269, 18.842779095053551 ], [ 73.862262390952566, 18.842766089104735 ], [ 73.86220079616848, 18.842732305769715 ], [ 73.861899370966455, 18.842595529825328 ], [ 73.860740528080257, 18.842747353837346 ], [ 73.86029760744124, 18.842521811217843 ], [ 73.860031079093062, 18.842386036608275 ], [ 73.859792907863479, 18.842223068163854 ], [ 73.859580527265663, 18.84207774667918 ], [ 73.85941363376061, 18.841940515356715 ], [ 73.859384262444081, 18.841895960956045 ], [ 73.859257236171359, 18.841703270646267 ], [ 73.858918449138343, 18.84115510182081 ], [ 73.858797734428791, 18.84096531658394 ], [ 73.858319899867936, 18.840846352233211 ], [ 73.85814063925632, 18.840783482896342 ], [ 73.857788475410459, 18.84068783300609 ], [ 73.856875012733994, 18.84064397032278 ], [ 73.856462598882032, 18.84059754092203 ], [ 73.8563828060269, 18.840618416342586 ], [ 73.856382926401139, 18.84061976133378 ], [ 73.855864647889547, 18.841050385803079 ], [ 73.855539946440231, 18.841194251816656 ], [ 73.853301799299757, 18.842091849409133 ], [ 73.852887709191407, 18.842235800398079 ], [ 73.852485342995848, 18.842376705936253 ], [ 73.852332439853029, 18.842430251659099 ], [ 73.852103513186051, 18.842510423131159 ], [ 73.851791507626615, 18.842534852892907 ], [ 73.851342897956883, 18.842641998631773 ], [ 73.85099836080775, 18.842718317866982 ], [ 73.850976960242733, 18.842740372214248 ], [ 73.850447450095118, 18.842734840986623 ], [ 73.84991344837114, 18.842702990939841 ], [ 73.849793688570699, 18.842674549233173 ], [ 73.849686595914122, 18.842649113736218 ], [ 73.849509448140068, 18.842607042881841 ], [ 73.849351251225286, 18.842562535417645 ], [ 73.848961034743979, 18.842452748985277 ], [ 73.848634236626779, 18.84235615295071 ], [ 73.848263490230892, 18.842246563624183 ], [ 73.848187357112252, 18.842224060319154 ], [ 73.848046248849116, 18.842143909114583 ], [ 73.848040620903873, 18.842140301816382 ], [ 73.847795246084004, 18.841983042073046 ], [ 73.847781871966035, 18.841973541343194 ], [ 73.847624487128272, 18.841917922742009 ], [ 73.847489593410259, 18.841901826331142 ], [ 73.847335703917267, 18.841799350148154 ], [ 73.847164980894149, 18.841685662597154 ], [ 73.846790066315364, 18.841663675275448 ], [ 73.846217923022721, 18.841630128068349 ], [ 73.845900606623331, 18.841539619695229 ], [ 73.845633205112705, 18.841463351785205 ], [ 73.844820844228224, 18.841169130662465 ], [ 73.84333800686683, 18.841905681886306 ], [ 73.843337111246498, 18.841906352676368 ], [ 73.843231893373883, 18.841985172616962 ], [ 73.842755777290165, 18.842404273713456 ], [ 73.842129242803665, 18.842577429618984 ], [ 73.841666570906469, 18.84269193273277 ], [ 73.841112482852708, 18.843356028338651 ], [ 73.841062450284639, 18.843415991681773 ], [ 73.840781739334773, 18.844082192836552 ], [ 73.840543480070281, 18.845084718950108 ], [ 73.840520285569653, 18.845116368757122 ], [ 73.840316563832872, 18.845394350010743 ], [ 73.840154072072707, 18.845563431420842 ], [ 73.840046414375777, 18.845675454286202 ], [ 73.840007048403407, 18.845764347679985 ], [ 73.839952149661471, 18.845888291318293 ], [ 73.83990635714153, 18.846259857285844 ], [ 73.839894747314801, 18.846354051086685 ], [ 73.839735831747774, 18.847643181235451 ], [ 73.839714142823553, 18.847828983633413 ], [ 73.839698859785628, 18.847973104833116 ], [ 73.839673559633979, 18.848294086805573 ], [ 73.839666357840358, 18.848385446782697 ], [ 73.839637850703099, 18.848980721311104 ], [ 73.839649854890254, 18.849317911826848 ], [ 73.839711852119592, 18.849501870119493 ], [ 73.83973348355164, 18.849529626307532 ], [ 73.839837891143844, 18.849916485830136 ], [ 73.839960564180714, 18.850196254620421 ], [ 73.84000731879631, 18.850292165185294 ], [ 73.840201091691313, 18.850387741592446 ], [ 73.840159064010749, 18.850609273765244 ], [ 73.840370265120569, 18.850944846608748 ], [ 73.84072614529677, 18.851216081776379 ], [ 73.84122729742748, 18.851438982413935 ], [ 73.841402169768912, 18.851469949219226 ], [ 73.841584224141002, 18.851502186111439 ], [ 73.841574532217422, 18.851710234635586 ], [ 73.841592371860642, 18.852198256635582 ], [ 73.841407053010784, 18.852531370294177 ], [ 73.841423885642584, 18.852755358191622 ], [ 73.84112385103262, 18.85281386786825 ], [ 73.841083099858082, 18.8528218139611 ], [ 73.841072232938103, 18.853092623584811 ], [ 73.841256416317421, 18.853681398417265 ], [ 73.841408196566135, 18.853653867347077 ], [ 73.841673847260282, 18.853441993996583 ], [ 73.841757012390971, 18.853375664290432 ], [ 73.841971575894902, 18.853315777615723 ], [ 73.842031770205438, 18.853298978398623 ], [ 73.842368460570569, 18.853220985836987 ], [ 73.842418231728871, 18.853209459056465 ], [ 73.84279714920055, 18.853969683348183 ], [ 73.843064244385687, 18.85433735660164 ], [ 73.843280886591188, 18.854672517335921 ], [ 73.84328961731741, 18.85467924257869 ], [ 73.8441353739709, 18.855330914010114 ], [ 73.844310445738301, 18.85546898789373 ], [ 73.845568058389958, 18.857134936205025 ], [ 73.846138676343301, 18.858113398053504 ], [ 73.846175634830686, 18.858136289421768 ], [ 73.846453395713183, 18.858957548346602 ], [ 73.847319156051398, 18.859485266254424 ], [ 73.848546674242755, 18.859787758066691 ], [ 73.849445441379459, 18.860141006225778 ], [ 73.849506365122053, 18.860156170044171 ], [ 73.850867241810562, 18.860967683952325 ], [ 73.85176471806821, 18.861598454746034 ], [ 73.851823280139882, 18.862034957212572 ], [ 73.85203158597956, 18.862733349785209 ], [ 73.85209677132984, 18.863070873940984 ], [ 73.852139805123514, 18.863337809406396 ], [ 73.852196823889557, 18.863590848391247 ], [ 73.852197735679539, 18.863593696117931 ], [ 73.852436742342348, 18.864340682907866 ], [ 73.852526441818426, 18.864522217349567 ], [ 73.852745209437899, 18.864452377863106 ], [ 73.853657850155855, 18.864238893678845 ], [ 73.8538668728511, 18.864202647779535 ], [ 73.854752850673108, 18.863966275258065 ], [ 73.854845529860953, 18.864076882379202 ], [ 73.855362421373755, 18.86462504433284 ], [ 73.855378973731177, 18.864642598971152 ], [ 73.855458513261411, 18.8648310440852 ], [ 73.855524535841511, 18.864982684767078 ], [ 73.855554270077405, 18.865050982023334 ], [ 73.855649179782148, 18.865311754809728 ], [ 73.855660918966251, 18.865329675751507 ], [ 73.855684859068603, 18.865409788679358 ], [ 73.8556952804242, 18.865444659773534 ], [ 73.855708012246723, 18.86547340364157 ], [ 73.855734129865297, 18.865545168083628 ], [ 73.85574080434786, 18.865562001776684 ], [ 73.855822383053749, 18.865767764912309 ], [ 73.855921052207947, 18.866016633258948 ], [ 73.855986257321149, 18.866285514909045 ], [ 73.856013992805529, 18.866399894737643 ], [ 73.856050812054093, 18.866546608795471 ], [ 73.856097380718396, 18.866659734619081 ], [ 73.856203086376212, 18.866904258731925 ], [ 73.856236810928621, 18.866989749176678 ], [ 73.856293487436531, 18.867133416140216 ], [ 73.856430417635295, 18.867395544915226 ], [ 73.856441750780903, 18.867417238998616 ], [ 73.856492229811693, 18.867549429103558 ], [ 73.85658447331663, 18.867759202019869 ], [ 73.85658619359036, 18.867769218117949 ], [ 73.856591640075933, 18.867800945250121 ], [ 73.856592904903877, 18.86780831600165 ], [ 73.856609936961647, 18.867850752857272 ], [ 73.856669699182547, 18.867999655362269 ], [ 73.856775429094867, 18.868237194408632 ], [ 73.856780854919194, 18.868249386590957 ], [ 73.856842267345272, 18.868384161021673 ], [ 73.8568824822256, 18.868472415051396 ], [ 73.856898156928978, 18.868507243006448 ], [ 73.856928452611953, 18.868574553627866 ], [ 73.856956905850254, 18.868619814979713 ], [ 73.857018321869617, 18.868740385768742 ], [ 73.857101412440102, 18.868875530422535 ], [ 73.857177906681514, 18.86906137305704 ], [ 73.85718108581932, 18.869067525645995 ], [ 73.857238913069082, 18.869179510715909 ], [ 73.857245678281501, 18.86919261322176 ], [ 73.857281896557112, 18.869328332987138 ], [ 73.857352574207042, 18.869571347791648 ], [ 73.857352856278041, 18.869572314284103 ], [ 73.857411718387013, 18.869788679250604 ], [ 73.857414131261876, 18.869797545978479 ], [ 73.857471143739701, 18.869981802275081 ], [ 73.85747362758147, 18.869989828307908 ], [ 73.857620524588299, 18.870492540089074 ], [ 73.857650269603994, 18.870581614989998 ], [ 73.857676965737596, 18.870661557951962 ], [ 73.857758480663122, 18.870905659712914 ], [ 73.857796828844286, 18.871020497105615 ], [ 73.857816945716735, 18.871015930744381 ], [ 73.857955885446785, 18.870984405677838 ], [ 73.857978749367419, 18.870979217093485 ], [ 73.858539676295436, 18.870851942871465 ], [ 73.858655661375039, 18.87082562591403 ], [ 73.858980474215471, 18.870791730074792 ], [ 73.859723175241228, 18.870714230165611 ] ] ] ] } }
]
}
